ISO-10303-21;
HEADER;
FILE_DESCRIPTION (( 'STEP AP214' ),
    '1' );
FILE_NAME ('1.NID062025-PJ27-00-489.STEP',
    '2025-10-04T04:16:53',
    ( '' ),
    ( '' ),
    'SwSTEP 2.0',
    'SolidWorks 2023',
    '' );
FILE_SCHEMA (( 'AUTOMOTIVE_DESIGN' ));
ENDSEC;

DATA;
#1 = CYLINDRICAL_SURFACE ( 'NONE', #373, 7.499999999999951150 ) ;
#2 = ADVANCED_FACE ( 'NONE', ( #3062 ), #1632, .F. ) ;
#3 = CIRCLE ( 'NONE', #1256, 3.400000000000014122 ) ;
#4 = LINE ( 'NONE', #2021, #2505 ) ;
#5 = FACE_OUTER_BOUND ( 'NONE', #2886, .T. ) ;
#6 = AXIS2_PLACEMENT_3D ( 'NONE', #267, #2051, #2611 ) ;
#7 = ORIENTED_EDGE ( 'NONE', *, *, #621, .T. ) ;
#8 = CARTESIAN_POINT ( 'NONE',  ( 801.0011170287428968, 107.5902013480662021, -925.9505027460023712 ) ) ;
#9 = DIRECTION ( 'NONE',  ( -0.000000000000000000, -1.000000000000000000, -0.000000000000000000 ) ) ;
#10 = LINE ( 'NONE', #2513, #640 ) ;
#11 = VERTEX_POINT ( 'NONE', #3147 ) ;
#12 = VERTEX_POINT ( 'NONE', #1719 ) ;
#13 = ORIENTED_EDGE ( 'NONE', *, *, #788, .F. ) ;
#14 = DIRECTION ( 'NONE',  ( -0.000000000000000000, -1.000000000000000000, -0.000000000000000000 ) ) ;
#15 = CLOSED_SHELL ( 'NONE', ( #2938, #171, #1299, #2311, #3060, #3635, #2606, #243, #532, #2102, #585, #1463, #2654, #2128, #2192, #1409, #1507, #1643, #3508, #1092, #1019, #3364, #2634, #1455, #2717, #1854, #999, #1440, #2511, #3151, #2124, #1550, #909, #1323, #3293, #560, #359, #2437, #151, #1280, #461, #2788, #1044, #2904, #3301, #93, #2787, #330, #1964, #486, #2080, #1505, #604, #2746, #2515, #1390, #21, #822, #3041, #3201, #905, #3152, #993, #39, #1941, #1087, #842, #2033, #2649, #2695, #2459, #769, #3085, #3613, #2198, #1638, #336, #913, #2670, #773, #1571, #1527, #1597, #2286, #3195, #2029, #125, #1207, #1804, #3544, #674, #2915, #1758, #3413, #2, #3218, #239, #375, #3545, #954, #3435, #2583, #2909, #1636, #3287, #312, #1049, #2349, #247, #1779, #1302, #1708, #2764, #358, #1484, #3434, #90, #1938 ) ) ;
#16 = EDGE_CURVE ( 'NONE', #3219, #1510, #1355, .T. ) ;
#17 = CARTESIAN_POINT ( 'NONE',  ( 801.0011170287428968, 92.59020134806620206, -829.4505027460021438 ) ) ;
#18 = ORIENTED_EDGE ( 'NONE', *, *, #1657, .F. ) ;
#19 = LINE ( 'NONE', #589, #917 ) ;
#20 = DIRECTION ( 'NONE',  ( 0.000000000000000000, -0.000000000000000000, 1.000000000000000000 ) ) ;
#21 = ADVANCED_FACE ( 'NONE', ( #1338 ), #2745, .T. ) ;
#22 = DIRECTION ( 'NONE',  ( 0.000000000000000000, 0.000000000000000000, -1.000000000000000000 ) ) ;
#23 = CARTESIAN_POINT ( 'NONE',  ( 973.5011170287428968, 107.5902013480662021, -935.4505027460022575 ) ) ;
#24 = VECTOR ( 'NONE', #1444, 1000.000000000000000 ) ;
#25 = DIRECTION ( 'NONE',  ( 0.000000000000000000, -0.000000000000000000, 1.000000000000000000 ) ) ;
#26 = ORIENTED_EDGE ( 'NONE', *, *, #2701, .T. ) ;
#27 = FACE_BOUND ( 'NONE', #676, .T. ) ;
#28 = AXIS2_PLACEMENT_3D ( 'NONE', #2367, #9, #654 ) ;
#29 = DIRECTION ( 'NONE',  ( 0.000000000000000000, 0.000000000000000000, -1.000000000000000000 ) ) ;
#30 = DIRECTION ( 'NONE',  ( 0.000000000000000000, 0.000000000000000000, -1.000000000000000000 ) ) ;
#31 = VECTOR ( 'NONE', #1131, 1000.000000000000000 ) ;
#32 = CARTESIAN_POINT ( 'NONE',  ( 383.5011170287429536, 101.1902013480661964, -499.9505027460023143 ) ) ;
#33 = VERTEX_POINT ( 'NONE', #2456 ) ;
#34 = ORIENTED_EDGE ( 'NONE', *, *, #1580, .T. ) ;
#35 = CARTESIAN_POINT ( 'NONE',  ( 394.5011170287428399, 107.5902013480662021, -285.4505027460022575 ) ) ;
#36 = DIRECTION ( 'NONE',  ( 0.000000000000000000, 0.000000000000000000, -1.000000000000000000 ) ) ;
#37 = VERTEX_POINT ( 'NONE', #3604 ) ;
#38 = FACE_OUTER_BOUND ( 'NONE', #211, .T. ) ;
#39 = ADVANCED_FACE ( 'NONE', ( #2183, #753 ), #78, .F. ) ;
#40 = LINE ( 'NONE', #3109, #1614 ) ;
#41 = DIRECTION ( 'NONE',  ( 0.000000000000000000, -0.000000000000000000, 1.000000000000000000 ) ) ;
#42 = DIRECTION ( 'NONE',  ( -0.000000000000000000, -1.000000000000000000, -0.000000000000000000 ) ) ;
#43 = PLANE ( 'NONE',  #966 ) ;
#44 = EDGE_CURVE ( 'NONE', #2943, #1124, #1776, .T. ) ;
#45 = AXIS2_PLACEMENT_3D ( 'NONE', #2229, #3379, #1050 ) ;
#46 = CARTESIAN_POINT ( 'NONE',  ( 439.5011170287429536, 92.59020134806620206, -760.4505027460022575 ) ) ;
#47 = DIRECTION ( 'NONE',  ( 0.000000000000000000, 0.000000000000000000, 1.000000000000000000 ) ) ;
#48 = CARTESIAN_POINT ( 'NONE',  ( 973.5011170287428968, 107.5902013480662021, -935.4505027460022575 ) ) ;
#49 = EDGE_CURVE ( 'NONE', #1579, #3219, #2948, .T. ) ;
#50 = ORIENTED_EDGE ( 'NONE', *, *, #3407, .T. ) ;
#51 = EDGE_LOOP ( 'NONE', ( #663, #787, #2283, #2656 ) ) ;
#52 = CARTESIAN_POINT ( 'NONE',  ( 474.5011170287428968, 107.5902013480662021, -935.4505027460022575 ) ) ;
#53 = DIRECTION ( 'NONE',  ( 0.000000000000000000, 0.000000000000000000, -1.000000000000000000 ) ) ;
#54 = ORIENTED_EDGE ( 'NONE', *, *, #3491, .F. ) ;
#55 = CARTESIAN_POINT ( 'NONE',  ( 330.5011170287429536, 107.5902013480662021, -510.4505027460022575 ) ) ;
#56 = AXIS2_PLACEMENT_3D ( 'NONE', #516, #806, #3342 ) ;
#57 = AXIS2_PLACEMENT_3D ( 'NONE', #313, #3146, #2343 ) ;
#58 = SURFACE_STYLE_FILL_AREA ( #3165 ) ;
#59 = LINE ( 'NONE', #2324, #2749 ) ;
#60 = LINE ( 'NONE', #296, #24 ) ;
#61 = AXIS2_PLACEMENT_3D ( 'NONE', #920, #2346, #2700 ) ;
#62 = ORIENTED_EDGE ( 'NONE', *, *, #2504, .T. ) ;
#63 = DIRECTION ( 'NONE',  ( -0.000000000000000000, -1.000000000000000000, -0.000000000000000000 ) ) ;
#64 = CARTESIAN_POINT ( 'NONE',  ( 941.0011170287428968, 92.59020134806620206, -933.4505027460022575 ) ) ;
#65 = EDGE_CURVE ( 'NONE', #1000, #770, #2175, .T. ) ;
#66 = AXIS2_PLACEMENT_3D ( 'NONE', #2928, #3236, #1498 ) ;
#67 = CARTESIAN_POINT ( 'NONE',  ( 383.5011170287429536, 92.59020134806620206, -667.9505027460024849 ) ) ;
#68 = APPLICATION_PROTOCOL_DEFINITION ( 'draft international standard', 'automotive_design', 1998, #2070 ) ;
#69 = EDGE_CURVE ( 'NONE', #1228, #2224, #1930, .T. ) ;
#70 = ORIENTED_EDGE ( 'NONE', *, *, #3534, .T. ) ;
#71 = LINE ( 'NONE', #1749, #1465 ) ;
#72 = DIRECTION ( 'NONE',  ( -0.000000000000000000, -1.000000000000000000, -0.000000000000000000 ) ) ;
#73 = VERTEX_POINT ( 'NONE', #1163 ) ;
#74 = FACE_OUTER_BOUND ( 'NONE', #983, .T. ) ;
#75 = ORIENTED_EDGE ( 'NONE', *, *, #2398, .T. ) ;
#76 = CARTESIAN_POINT ( 'NONE',  ( 377.8011170287428513, 92.59020134806620206, -877.1505027460023030 ) ) ;
#77 = DIRECTION ( 'NONE',  ( 0.000000000000000000, 0.000000000000000000, -1.000000000000000000 ) ) ;
#78 = PLANE ( 'NONE',  #3306 ) ;
#79 = ORIENTED_EDGE ( 'NONE', *, *, #1687, .T. ) ;
#80 = CARTESIAN_POINT ( 'NONE',  ( 591.0011170287428968, 101.1902013480661964, -824.9505027460023712 ) ) ;
#81 = CARTESIAN_POINT ( 'NONE',  ( 941.0011170287428968, 101.1902013480661964, -829.4505027460021438 ) ) ;
#82 = AXIS2_PLACEMENT_3D ( 'NONE', #2450, #2396, #2137 ) ;
#83 = DIRECTION ( 'NONE',  ( -0.000000000000000000, -1.000000000000000000, -0.000000000000000000 ) ) ;
#84 = AXIS2_PLACEMENT_3D ( 'NONE', #1696, #3375, #2522 ) ;
#85 = ORIENTED_EDGE ( 'NONE', *, *, #1874, .T. ) ;
#86 = AXIS2_PLACEMENT_3D ( 'NONE', #2353, #1151, #1453 ) ;
#87 = ORIENTED_EDGE ( 'NONE', *, *, #866, .F. ) ;
#88 = CARTESIAN_POINT ( 'NONE',  ( 733.7041216018069463, 92.59020134806620206, -930.4505027460022575 ) ) ;
#89 = EDGE_CURVE ( 'NONE', #484, #1741, #60, .T. ) ;
#90 = ADVANCED_FACE ( 'NONE', ( #2585, #1515 ), #43, .F. ) ;
#91 = ORIENTED_EDGE ( 'NONE', *, *, #156, .F. ) ;
#92 = LINE ( 'NONE', #1459, #2776 ) ;
#93 = ADVANCED_FACE ( 'NONE', ( #2662 ), #3479, .F. ) ;
#94 = DIRECTION ( 'NONE',  ( -0.000000000000000000, -1.000000000000000000, -0.000000000000000000 ) ) ;
#95 = CARTESIAN_POINT ( 'NONE',  ( 383.5011170287429536, 92.59020134806620206, -375.4505027460023143 ) ) ;
#96 = ORIENTED_EDGE ( 'NONE', *, *, #1386, .F. ) ;
#97 = CARTESIAN_POINT ( 'NONE',  ( 941.0011170287428968, 92.59020134806620206, -925.9505027460023712 ) ) ;
#98 = CARTESIAN_POINT ( 'NONE',  ( 394.5011170287428399, 107.5902013480662021, -285.4505027460022575 ) ) ;
#99 = DIRECTION ( 'NONE',  ( -0.000000000000000000, -1.000000000000000000, -0.000000000000000000 ) ) ;
#100 = AXIS2_PLACEMENT_3D ( 'NONE', #1820, #1969, #1068 ) ;
#101 = ORIENTED_EDGE ( 'NONE', *, *, #861, .T. ) ;
#102 = ORIENTED_EDGE ( 'NONE', *, *, #1683, .F. ) ;
#103 = CYLINDRICAL_SURFACE ( 'NONE', #2237, 4.499999999999948486 ) ;
#104 = CIRCLE ( 'NONE', #1361, 7.500000000000007105 ) ;
#105 = EDGE_CURVE ( 'NONE', #1731, #572, #879, .T. ) ;
#106 = ORIENTED_EDGE ( 'NONE', *, *, #1327, .T. ) ;
#107 = FACE_OUTER_BOUND ( 'NONE', #2858, .T. ) ;
#108 = DIRECTION ( 'NONE',  ( -0.000000000000000000, -1.000000000000000000, -0.000000000000000000 ) ) ;
#109 = EDGE_CURVE ( 'NONE', #1081, #3095, #3249, .T. ) ;
#110 = AXIS2_PLACEMENT_3D ( 'NONE', #2161, #2738, #2125 ) ;
#111 = CARTESIAN_POINT ( 'NONE',  ( 377.8011170287428513, 101.1902013480661964, -872.6505027460021893 ) ) ;
#112 = DIRECTION ( 'NONE',  ( -0.000000000000000000, -1.000000000000000000, -0.000000000000000000 ) ) ;
#113 = ORIENTED_EDGE ( 'NONE', *, *, #2674, .T. ) ;
#114 = CIRCLE ( 'NONE', #3706, 7.499999999999951150 ) ;
#115 = DIRECTION ( 'NONE',  ( 0.000000000000000000, 0.000000000000000000, -1.000000000000000000 ) ) ;
#116 = FACE_BOUND ( 'NONE', #500, .T. ) ;
#117 = CARTESIAN_POINT ( 'NONE',  ( 377.8011170287428513, 101.1902013480661964, -877.1505027460023030 ) ) ;
#118 = AXIS2_PLACEMENT_3D ( 'NONE', #2735, #2451, #3598 ) ;
#119 = ORIENTED_EDGE ( 'NONE', *, *, #3083, .T. ) ;
#120 = AXIS2_PLACEMENT_3D ( 'NONE', #1548, #2078, #2378 ) ;
#121 = ORIENTED_EDGE ( 'NONE', *, *, #462, .F. ) ;
#122 = DIRECTION ( 'NONE',  ( 0.000000000000000000, 0.000000000000000000, -1.000000000000000000 ) ) ;
#123 = ORIENTED_EDGE ( 'NONE', *, *, #1679, .F. ) ;
#124 = CARTESIAN_POINT ( 'NONE',  ( 494.5011170287429536, 92.59020134806620206, -760.4505027460022575 ) ) ;
#125 = ADVANCED_FACE ( 'NONE', ( #594 ), #918, .F. ) ;
#126 = DIRECTION ( 'NONE',  ( -0.000000000000000000, -1.000000000000000000, -0.000000000000000000 ) ) ;
#127 = DIRECTION ( 'NONE',  ( -0.000000000000000000, -1.000000000000000000, -0.000000000000000000 ) ) ;
#128 = CARTESIAN_POINT ( 'NONE',  ( 410.2549050041553755, 92.59020134806620206, -837.1967147705898924 ) ) ;
#129 = EDGE_CURVE ( 'NONE', #1171, #2431, #309, .T. ) ;
#130 = VERTEX_POINT ( 'NONE', #2325 ) ;
#131 = EDGE_CURVE ( 'NONE', #2706, #974, #1740, .T. ) ;
#132 = CARTESIAN_POINT ( 'NONE',  ( 437.5011170287429536, 107.5902013480662021, -245.4505027460023996 ) ) ;
#133 = DIRECTION ( 'NONE',  ( 0.000000000000000000, 0.000000000000000000, -1.000000000000000000 ) ) ;
#134 = CYLINDRICAL_SURFACE ( 'NONE', #943, 7.499999999999951150 ) ;
#135 = CARTESIAN_POINT ( 'NONE',  ( 733.7041216018069463, 92.59020134806620206, -817.4505027460022575 ) ) ;
#136 = ORIENTED_EDGE ( 'NONE', *, *, #2908, .F. ) ;
#137 = VECTOR ( 'NONE', #2692, 1000.000000000000000 ) ;
#138 = CARTESIAN_POINT ( 'NONE',  ( 941.0011170287428968, 101.1902013480661964, -918.4505027460023712 ) ) ;
#139 = AXIS2_PLACEMENT_3D ( 'NONE', #430, #2941, #979 ) ;
#140 = ORIENTED_EDGE ( 'NONE', *, *, #3268, .F. ) ;
#141 = DIRECTION ( 'NONE',  ( 0.000000000000000000, 1.000000000000000000, 0.000000000000000000 ) ) ;
#142 = VECTOR ( 'NONE', #3520, 1000.000000000000000 ) ;
#143 = DIRECTION ( 'NONE',  ( 0.000000000000000000, 0.000000000000000000, -1.000000000000000000 ) ) ;
#144 = DIRECTION ( 'NONE',  ( 0.000000000000000000, 0.000000000000000000, -1.000000000000000000 ) ) ;
#145 = CARTESIAN_POINT ( 'NONE',  ( 383.5011170287429536, 92.59020134806620206, -675.4505027460023712 ) ) ;
#146 = ORIENTED_EDGE ( 'NONE', *, *, #3641, .F. ) ;
#147 = CARTESIAN_POINT ( 'NONE',  ( 344.5011170287429536, 92.59020134806620206, -267.0505027460023371 ) ) ;
#148 = CIRCLE ( 'NONE', #2844, 7.500000000000007105 ) ;
#149 = CARTESIAN_POINT ( 'NONE',  ( 383.5011170287429536, 101.1902013480661964, -495.4505027460023143 ) ) ;
#150 = DIRECTION ( 'NONE',  ( -0.000000000000000000, -1.000000000000000000, -0.000000000000000000 ) ) ;
#151 = ADVANCED_FACE ( 'NONE', ( #1467, #935, #2643, #952, #2604, #1221, #1797, #900, #3517, #2046, #3184, #612, #1760, #2912, #333, #2965, #420, #453, #1888, #2698, #166 ), #2755, .F. ) ;
#152 = EDGE_CURVE ( 'NONE', #3264, #2945, #3372, .T. ) ;
#153 = ORIENTED_EDGE ( 'NONE', *, *, #1825, .F. ) ;
#154 = AXIS2_PLACEMENT_3D ( 'NONE', #253, #3087, #2482 ) ;
#155 = DIRECTION ( 'NONE',  ( 1.000000000000000000, -0.000000000000000000, -0.000000000000000000 ) ) ;
#156 = EDGE_CURVE ( 'NONE', #229, #414, #2405, .T. ) ;
#157 = ORIENTED_EDGE ( 'NONE', *, *, #2123, .T. ) ;
#158 = AXIS2_PLACEMENT_3D ( 'NONE', #2862, #291, #3194 ) ;
#159 = ORIENTED_EDGE ( 'NONE', *, *, #701, .F. ) ;
#160 = FACE_OUTER_BOUND ( 'NONE', #2037, .T. ) ;
#161 = AXIS2_PLACEMENT_3D ( 'NONE', #1457, #565, #2841 ) ;
#162 = DIRECTION ( 'NONE',  ( -0.000000000000000000, -1.000000000000000000, -0.000000000000000000 ) ) ;
#163 = ORIENTED_EDGE ( 'NONE', *, *, #608, .T. ) ;
#164 = DIRECTION ( 'NONE',  ( 0.000000000000000000, 0.000000000000000000, -1.000000000000000000 ) ) ;
#165 = FACE_OUTER_BOUND ( 'NONE', #1965, .T. ) ;
#166 = FACE_BOUND ( 'NONE', #212, .T. ) ;
#167 = CARTESIAN_POINT ( 'NONE',  ( 319.5011170287428968, 107.5902013480662021, -247.4505027460022291 ) ) ;
#168 = VECTOR ( 'NONE', #1488, 1000.000000000000000 ) ;
#169 = DIRECTION ( 'NONE',  ( -0.000000000000000000, -1.000000000000000000, -0.000000000000000000 ) ) ;
#170 = LINE ( 'NONE', #2435, #2027 ) ;
#171 = ADVANCED_FACE ( 'NONE', ( #742 ), #2467, .F. ) ;
#172 = DIRECTION ( 'NONE',  ( 0.000000000000000000, 0.000000000000000000, -1.000000000000000000 ) ) ;
#173 = UNCERTAINTY_MEASURE_WITH_UNIT (LENGTH_MEASURE( 1.000000000000000082E-05 ), #1717, 'distance_accuracy_value', 'NONE');
#174 = ORIENTED_EDGE ( 'NONE', *, *, #1088, .F. ) ;
#175 = CIRCLE ( 'NONE', #1549, 4.500000000000003553 ) ;
#176 = EDGE_CURVE ( 'NONE', #3292, #2956, #2829, .T. ) ;
#177 = VERTEX_POINT ( 'NONE', #128 ) ;
#178 = CIRCLE ( 'NONE', #2571, 4.499999999999948486 ) ;
#179 = ORIENTED_EDGE ( 'NONE', *, *, #2040, .T. ) ;
#180 = CARTESIAN_POINT ( 'NONE',  ( 330.5011170287429536, 92.59020134806620206, -510.4505027460022575 ) ) ;
#181 = DIRECTION ( 'NONE',  ( 0.000000000000000000, 0.000000000000000000, -1.000000000000000000 ) ) ;
#182 = ORIENTED_EDGE ( 'NONE', *, *, #3567, .T. ) ;
#183 = CARTESIAN_POINT ( 'NONE',  ( 321.5011170287428399, 107.5902013480662021, -245.4505027460022859 ) ) ;
#184 = ORIENTED_EDGE ( 'NONE', *, *, #1018, .T. ) ;
#185 = CARTESIAN_POINT ( 'NONE',  ( 364.5011170287428399, 92.59020134806620206, -281.4505027460022575 ) ) ;
#186 = DIRECTION ( 'NONE',  ( 0.7071067811865474617, 0.000000000000000000, 0.7071067811865474617 ) ) ;
#187 = CARTESIAN_POINT ( 'NONE',  ( 591.0011170287428968, 107.5902013480662021, -824.9505027460023712 ) ) ;
#188 = DIRECTION ( 'NONE',  ( -0.000000000000000000, -1.000000000000000000, -0.000000000000000000 ) ) ;
#189 = ORIENTED_EDGE ( 'NONE', *, *, #196, .T. ) ;
#190 = DIRECTION ( 'NONE',  ( -0.000000000000000000, -1.000000000000000000, -0.000000000000000000 ) ) ;
#191 = DIRECTION ( 'NONE',  ( 1.000000000000000000, 0.000000000000000000, -1.790682297782508959E-15 ) ) ;
#192 = VERTEX_POINT ( 'NONE', #1007 ) ;
#193 = AXIS2_PLACEMENT_3D ( 'NONE', #1314, #404, #436 ) ;
#194 = EDGE_LOOP ( 'NONE', ( #3234, #2296, #70, #2274 ) ) ;
#195 = CARTESIAN_POINT ( 'NONE',  ( 377.8011170287428513, 92.59020134806620206, -869.6505027460021893 ) ) ;
#196 = EDGE_CURVE ( 'NONE', #2945, #3264, #791, .T. ) ;
#197 = AXIS2_PLACEMENT_3D ( 'NONE', #1204, #2347, #635 ) ;
#198 = ORIENTED_EDGE ( 'NONE', *, *, #3407, .F. ) ;
#199 = DIRECTION ( 'NONE',  ( 0.000000000000000000, 0.000000000000000000, -1.000000000000000000 ) ) ;
#200 = VERTEX_POINT ( 'NONE', #1853 ) ;
#201 = AXIS2_PLACEMENT_3D ( 'NONE', #2186, #2839, #1693 ) ;
#202 = DIRECTION ( 'NONE',  ( 0.000000000000000000, 0.000000000000000000, -1.000000000000000000 ) ) ;
#203 = EDGE_CURVE ( 'NONE', #1054, #3169, #3502, .T. ) ;
#204 = CARTESIAN_POINT ( 'NONE',  ( 414.5011170287428399, 107.5902013480662021, -267.0505027460022802 ) ) ;
#205 = CARTESIAN_POINT ( 'NONE',  ( 474.5011170287428968, 107.5902013480662021, -935.4505027460022575 ) ) ;
#206 = DIRECTION ( 'NONE',  ( 0.000000000000000000, 1.000000000000000000, 0.000000000000000000 ) ) ;
#207 = ORIENTED_EDGE ( 'NONE', *, *, #16, .F. ) ;
#208 = CYLINDRICAL_SURFACE ( 'NONE', #2142, 7.499999999999951150 ) ;
#209 = ORIENTED_EDGE ( 'NONE', *, *, #3018, .T. ) ;
#210 = CIRCLE ( 'NONE', #1292, 4.499999999999948486 ) ;
#211 = EDGE_LOOP ( 'NONE', ( #2880, #1026, #1104, #3266 ) ) ;
#212 = EDGE_LOOP ( 'NONE', ( #678, #198 ) ) ;
#213 = DIRECTION ( 'NONE',  ( 1.000000000000000000, -0.000000000000000000, 0.000000000000000000 ) ) ;
#214 = COLOUR_RGB ( '',0.7921568627450980005, 0.8196078431372548767, 0.9333333333333333481 ) ;
#215 = VERTEX_POINT ( 'NONE', #1552 ) ;
#216 = CARTESIAN_POINT ( 'NONE',  ( 330.5011170287429536, 101.1902013480661964, -434.9505027460022006 ) ) ;
#217 = VERTEX_POINT ( 'NONE', #1871 ) ;
#218 = CARTESIAN_POINT ( 'NONE',  ( 321.5011170287428399, 107.5902013480662021, -245.4505027460022859 ) ) ;
#219 = LINE ( 'NONE', #1048, #834 ) ;
#220 = EDGE_CURVE ( 'NONE', #848, #3566, #1748, .T. ) ;
#221 = DIRECTION ( 'NONE',  ( 0.000000000000000000, 0.000000000000000000, 1.000000000000000000 ) ) ;
#222 = CIRCLE ( 'NONE', #2619, 7.499999999999951150 ) ;
#223 = CARTESIAN_POINT ( 'NONE',  ( 335.0011170287429536, 101.1902013480661964, -510.4505027460022575 ) ) ;
#224 = ORIENTED_EDGE ( 'NONE', *, *, #3660, .F. ) ;
#225 = DIRECTION ( 'NONE',  ( 0.7071067811865474617, -0.000000000000000000, 0.7071067811865474617 ) ) ;
#226 = EDGE_LOOP ( 'NONE', ( #1925, #2317, #2406, #1778 ) ) ;
#227 = ORIENTED_EDGE ( 'NONE', *, *, #3289, .F. ) ;
#228 = CIRCLE ( 'NONE', #1610, 4.499999999999948486 ) ;
#229 = VERTEX_POINT ( 'NONE', #2413 ) ;
#230 = VERTEX_POINT ( 'NONE', #1047 ) ;
#231 = DIRECTION ( 'NONE',  ( -0.000000000000000000, -1.000000000000000000, -0.000000000000000000 ) ) ;
#232 = VECTOR ( 'NONE', #1722, 1000.000000000000000 ) ;
#233 = ORIENTED_EDGE ( 'NONE', *, *, #3360, .T. ) ;
#234 = AXIS2_PLACEMENT_3D ( 'NONE', #1784, #1746, #618 ) ;
#235 = CARTESIAN_POINT ( 'NONE',  ( 439.5011170287428399, 107.5902013480662021, -247.4505027460023427 ) ) ;
#236 = ORIENTED_EDGE ( 'NONE', *, *, #861, .F. ) ;
#237 = FACE_OUTER_BOUND ( 'NONE', #2747, .T. ) ;
#238 = EDGE_CURVE ( 'NONE', #473, #619, #1153, .T. ) ;
#239 = ADVANCED_FACE ( 'NONE', ( #987 ), #2173, .F. ) ;
#240 = DIRECTION ( 'NONE',  ( 0.000000000000000000, 0.000000000000000000, -1.000000000000000000 ) ) ;
#241 = CARTESIAN_POINT ( 'NONE',  ( 499.5011170287429536, 92.59020134806620206, -815.4505027460022575 ) ) ;
#242 = DIRECTION ( 'NONE',  ( 1.000000000000000000, 0.000000000000000000, -1.790682297782508959E-15 ) ) ;
#243 = ADVANCED_FACE ( 'NONE', ( #2715 ), #2118, .F. ) ;
#244 = VERTEX_POINT ( 'NONE', #3015 ) ;
#245 = FACE_BOUND ( 'NONE', #3114, .T. ) ;
#246 = DIRECTION ( 'NONE',  ( 0.000000000000000000, 0.000000000000000000, 1.000000000000000000 ) ) ;
#247 = ADVANCED_FACE ( 'NONE', ( #1029 ), #965, .F. ) ;
#248 = CARTESIAN_POINT ( 'NONE',  ( 383.5011170287429536, 101.1902013480661964, -679.9505027460024849 ) ) ;
#249 = ORIENTED_EDGE ( 'NONE', *, *, #2555, .F. ) ;
#250 = VERTEX_POINT ( 'NONE', #3337 ) ;
#251 = CARTESIAN_POINT ( 'NONE',  ( 319.5011170287429536, 107.5902013480662021, -755.4505027460022575 ) ) ;
#252 = AXIS2_PLACEMENT_3D ( 'NONE', #95, #2870, #2305 ) ;
#253 = CARTESIAN_POINT ( 'NONE',  ( 383.5011170287429536, 101.1902013480661964, -675.4505027460023712 ) ) ;
#254 = ORIENTED_EDGE ( 'NONE', *, *, #3534, .F. ) ;
#255 = CARTESIAN_POINT ( 'NONE',  ( 383.5011170287429536, 92.59020134806620206, -682.9505027460023712 ) ) ;
#256 = CIRCLE ( 'NONE', #1691, 4.500000000000059508 ) ;
#257 = FACE_OUTER_BOUND ( 'NONE', #2300, .T. ) ;
#258 = DIRECTION ( 'NONE',  ( 0.000000000000000000, 0.000000000000000000, -1.000000000000000000 ) ) ;
#259 = VECTOR ( 'NONE', #1807, 1000.000000000000000 ) ;
#260 = CARTESIAN_POINT ( 'NONE',  ( 591.0011170287428968, 92.59020134806620206, -925.9505027460023712 ) ) ;
#261 = VERTEX_POINT ( 'NONE', #1816 ) ;
#262 = DIRECTION ( 'NONE',  ( -0.000000000000000000, -1.000000000000000000, -0.000000000000000000 ) ) ;
#263 = EDGE_CURVE ( 'NONE', #619, #802, #385, .T. ) ;
#264 = EDGE_CURVE ( 'NONE', #1902, #2315, #1365, .T. ) ;
#265 = DIRECTION ( 'NONE',  ( -0.000000000000000000, 1.000000000000000000, -0.000000000000000000 ) ) ;
#266 = ORIENTED_EDGE ( 'NONE', *, *, #3456, .T. ) ;
#267 = CARTESIAN_POINT ( 'NONE',  ( 0.000000000000000000, 0.000000000000000000, 0.000000000000000000 ) ) ;
#268 = ORIENTED_EDGE ( 'NONE', *, *, #2107, .F. ) ;
#269 = EDGE_CURVE ( 'NONE', #1438, #130, #2111, .T. ) ;
#270 = EDGE_LOOP ( 'NONE', ( #3514, #3634, #34, #1445 ) ) ;
#271 = DIRECTION ( 'NONE',  ( -0.000000000000000000, -1.000000000000000000, -0.000000000000000000 ) ) ;
#272 = CARTESIAN_POINT ( 'NONE',  ( 941.0011170287428968, 107.5902013480662021, -921.4505027460023712 ) ) ;
#273 = STYLED_ITEM ( 'NONE', ( #3515 ), #1531 ) ;
#274 = ORIENTED_EDGE ( 'NONE', *, *, #2418, .F. ) ;
#275 = DIRECTION ( 'NONE',  ( 0.000000000000000000, 0.000000000000000000, -1.000000000000000000 ) ) ;
#276 = CYLINDRICAL_SURFACE ( 'NONE', #2276, 4.000000000000003553 ) ;
#277 = FILL_AREA_STYLE_COLOUR ( '', #214 ) ;
#278 = LINE ( 'NONE', #2563, #1904 ) ;
#279 = VECTOR ( 'NONE', #1694, 1000.000000000000000 ) ;
#280 = VERTEX_POINT ( 'NONE', #2825 ) ;
#281 = DIRECTION ( 'NONE',  ( -0.000000000000000000, -1.000000000000000000, -0.000000000000000000 ) ) ;
#282 = DIRECTION ( 'NONE',  ( 0.000000000000000000, 1.000000000000000000, 0.000000000000000000 ) ) ;
#283 = AXIS2_PLACEMENT_3D ( 'NONE', #923, #939, #904 ) ;
#284 = DIRECTION ( 'NONE',  ( 0.000000000000000000, 1.000000000000000000, 0.000000000000000000 ) ) ;
#285 = ORIENTED_EDGE ( 'NONE', *, *, #1435, .T. ) ;
#286 = VECTOR ( 'NONE', #2828, 1000.000000000000000 ) ;
#287 = ORIENTED_EDGE ( 'NONE', *, *, #622, .T. ) ;
#288 = FACE_OUTER_BOUND ( 'NONE', #1761, .T. ) ;
#289 = EDGE_CURVE ( 'NONE', #3579, #2162, #1642, .T. ) ;
#290 = VECTOR ( 'NONE', #3299, 1000.000000000000000 ) ;
#291 = DIRECTION ( 'NONE',  ( -0.000000000000000000, -1.000000000000000000, -0.000000000000000000 ) ) ;
#292 = ORIENTED_EDGE ( 'NONE', *, *, #44, .F. ) ;
#293 = CARTESIAN_POINT ( 'NONE',  ( 410.2549050041553755, 107.5902013480662021, -844.6967147705897787 ) ) ;
#294 = DIRECTION ( 'NONE',  ( -0.000000000000000000, -1.000000000000000000, -0.000000000000000000 ) ) ;
#295 = CARTESIAN_POINT ( 'NONE',  ( 406.5011170287428968, 92.59020134806620206, -245.4505027460023427 ) ) ;
#296 = CARTESIAN_POINT ( 'NONE',  ( 424.5011170287428399, 92.59020134806620206, -735.4505027460023712 ) ) ;
#297 = ORIENTED_EDGE ( 'NONE', *, *, #1212, .F. ) ;
#298 = CARTESIAN_POINT ( 'NONE',  ( 383.5011170287429536, 92.59020134806620206, -367.9505027460023143 ) ) ;
#299 = LINE ( 'NONE', #1225, #142 ) ;
#300 = DIRECTION ( 'NONE',  ( -0.000000000000000000, -1.000000000000000000, -0.000000000000000000 ) ) ;
#301 =( NAMED_UNIT ( * ) PLANE_ANGLE_UNIT ( ) SI_UNIT ( $, .RADIAN. ) );
#302 = VERTEX_POINT ( 'NONE', #2266 ) ;
#303 = ORIENTED_EDGE ( 'NONE', *, *, #627, .T. ) ;
#304 = DIRECTION ( 'NONE',  ( 0.000000000000000000, 0.000000000000000000, 1.000000000000000000 ) ) ;
#305 = CARTESIAN_POINT ( 'NONE',  ( 383.5011170287429536, 92.59020134806620206, -555.4505027460023712 ) ) ;
#306 = EDGE_CURVE ( 'NONE', #2185, #2375, #2114, .T. ) ;
#307 = EDGE_LOOP ( 'NONE', ( #980, #3481 ) ) ;
#308 = CARTESIAN_POINT ( 'NONE',  ( 406.5011170287428968, 107.5902013480662021, -245.4505027460023427 ) ) ;
#309 = CIRCLE ( 'NONE', #1512, 7.499999999999951150 ) ;
#310 = DIRECTION ( 'NONE',  ( -0.000000000000000000, -1.000000000000000000, -0.000000000000000000 ) ) ;
#311 = CYLINDRICAL_SURFACE ( 'NONE', #2671, 7.500000000000062172 ) ;
#312 = ADVANCED_FACE ( 'NONE', ( #3357 ), #531, .F. ) ;
#313 = CARTESIAN_POINT ( 'NONE',  ( 733.7041216018069463, 107.5902013480662021, -824.9505027460022575 ) ) ;
#314 = AXIS2_PLACEMENT_3D ( 'NONE', #625, #1215, #3512 ) ;
#315 = DIRECTION ( 'NONE',  ( -0.000000000000000000, -0.000000000000000000, -1.000000000000000000 ) ) ;
#316 = ORIENTED_EDGE ( 'NONE', *, *, #3023, .T. ) ;
#317 = CARTESIAN_POINT ( 'NONE',  ( 733.7041216018069463, 92.59020134806620206, -933.4505027460022575 ) ) ;
#318 = VECTOR ( 'NONE', #3548, 1000.000000000000000 ) ;
#319 = AXIS2_PLACEMENT_3D ( 'NONE', #2388, #3571, #393 ) ;
#320 = PLANE ( 'NONE',  #487 ) ;
#321 = DIRECTION ( 'NONE',  ( -0.000000000000000000, -1.000000000000000000, -0.000000000000000000 ) ) ;
#322 = DIRECTION ( 'NONE',  ( -0.000000000000000000, -1.000000000000000000, -0.000000000000000000 ) ) ;
#323 = ORIENTED_EDGE ( 'NONE', *, *, #1593, .T. ) ;
#324 = ORIENTED_EDGE ( 'NONE', *, *, #1683, .T. ) ;
#325 = DIRECTION ( 'NONE',  ( -0.000000000000000000, -1.000000000000000000, -0.000000000000000000 ) ) ;
#326 = AXIS2_PLACEMENT_3D ( 'NONE', #388, #1837, #2682 ) ;
#327 = CARTESIAN_POINT ( 'NONE',  ( 410.2549050041553755, 92.59020134806620206, -844.6967147705897787 ) ) ;
#328 = VERTEX_POINT ( 'NONE', #550 ) ;
#329 = DIRECTION ( 'NONE',  ( -0.7071067811865474617, 0.000000000000000000, -0.7071067811865474617 ) ) ;
#330 = ADVANCED_FACE ( 'NONE', ( #237 ), #3417, .F. ) ;
#331 = LINE ( 'NONE', #1480, #2791 ) ;
#332 = CARTESIAN_POINT ( 'NONE',  ( 383.5011170287429536, 92.59020134806620206, -547.9505027460023712 ) ) ;
#333 = FACE_BOUND ( 'NONE', #928, .T. ) ;
#334 = AXIS2_PLACEMENT_3D ( 'NONE', #1270, #3298, #529 ) ;
#335 = ORIENTED_EDGE ( 'NONE', *, *, #1415, .T. ) ;
#336 = ADVANCED_FACE ( 'NONE', ( #1678 ), #761, .F. ) ;
#337 = CARTESIAN_POINT ( 'NONE',  ( 945.5011170287428968, 101.1902013480661964, -824.9505027460022575 ) ) ;
#338 = DIRECTION ( 'NONE',  ( 0.000000000000000000, 0.000000000000000000, -1.000000000000000000 ) ) ;
#339 = DIRECTION ( 'NONE',  ( 0.000000000000000000, -0.000000000000000000, 1.000000000000000000 ) ) ;
#340 = EDGE_LOOP ( 'NONE', ( #1808, #2335 ) ) ;
#341 = VECTOR ( 'NONE', #1416, 1000.000000000000000 ) ;
#342 = EDGE_LOOP ( 'NONE', ( #1583, #1651, #2877, #1376 ) ) ;
#343 = CARTESIAN_POINT ( 'NONE',  ( 330.5011170287429536, 107.5902013480662021, -430.4505027460022006 ) ) ;
#344 = DIRECTION ( 'NONE',  ( -0.000000000000000000, -1.000000000000000000, -0.000000000000000000 ) ) ;
#345 = VERTEX_POINT ( 'NONE', #255 ) ;
#346 = LINE ( 'NONE', #3473, #1633 ) ;
#347 = AXIS2_PLACEMENT_3D ( 'NONE', #223, #206, #2272 ) ;
#348 = CIRCLE ( 'NONE', #2937, 7.499999999999951150 ) ;
#349 = LINE ( 'NONE', #1199, #1706 ) ;
#350 = DIRECTION ( 'NONE',  ( -0.000000000000000000, -1.000000000000000000, -0.000000000000000000 ) ) ;
#351 = EDGE_CURVE ( 'NONE', #1731, #1264, #2541, .T. ) ;
#352 = CARTESIAN_POINT ( 'NONE',  ( 801.0011170287428968, 92.59020134806620206, -824.9505027460022575 ) ) ;
#353 = CARTESIAN_POINT ( 'NONE',  ( 442.1313810051711357, 101.1902013480661964, -805.3202387695739617 ) ) ;
#354 = DIRECTION ( 'NONE',  ( 0.000000000000000000, 0.000000000000000000, -1.000000000000000000 ) ) ;
#355 = AXIS2_PLACEMENT_3D ( 'NONE', #1849, #1290, #2995 ) ;
#356 = CARTESIAN_POINT ( 'NONE',  ( 388.0011170287429536, 101.1902013480661964, -675.4505027460023712 ) ) ;
#357 = EDGE_CURVE ( 'NONE', #1673, #1043, #3129, .T. ) ;
#358 = ADVANCED_FACE ( 'NONE', ( #1625, #1382 ), #1118, .F. ) ;
#359 = ADVANCED_FACE ( 'NONE', ( #2843 ), #1, .F. ) ;
#360 = EDGE_LOOP ( 'NONE', ( #2202, #1094, #782, #75 ) ) ;
#361 = PLANE ( 'NONE',  #3674 ) ;
#362 = VERTEX_POINT ( 'NONE', #1418 ) ;
#363 = CARTESIAN_POINT ( 'NONE',  ( 801.0011170287428968, 101.1902013480661964, -925.9505027460023712 ) ) ;
#364 = EDGE_LOOP ( 'NONE', ( #2572, #2387 ) ) ;
#365 = DIRECTION ( 'NONE',  ( 0.000000000000000000, 0.000000000000000000, -1.000000000000000000 ) ) ;
#366 = DIRECTION ( 'NONE',  ( 0.000000000000000000, 0.000000000000000000, -1.000000000000000000 ) ) ;
#367 = CARTESIAN_POINT ( 'NONE',  ( 394.5011170287428399, 107.5902013480662021, -285.4505027460022575 ) ) ;
#368 = VERTEX_POINT ( 'NONE', #2559 ) ;
#369 = CARTESIAN_POINT ( 'NONE',  ( 330.5011170287429536, 101.1902013480661964, -437.9505027460022006 ) ) ;
#370 = CARTESIAN_POINT ( 'NONE',  ( 377.8011170287428513, 92.59020134806620206, -884.6505027460023030 ) ) ;
#371 = AXIS2_PLACEMENT_3D ( 'NONE', #1834, #1569, #2733 ) ;
#372 = CARTESIAN_POINT ( 'NONE',  ( 941.0011170287428968, 101.1902013480661964, -824.9505027460022575 ) ) ;
#373 = AXIS2_PLACEMENT_3D ( 'NONE', #2484, #474, #275 ) ;
#374 = VERTEX_POINT ( 'NONE', #3053 ) ;
#375 = ADVANCED_FACE ( 'NONE', ( #2284 ), #3071, .F. ) ;
#376 = AXIS2_PLACEMENT_3D ( 'NONE', #1248, #2707, #2424 ) ;
#377 = ORIENTED_EDGE ( 'NONE', *, *, #3317, .F. ) ;
#378 = FACE_OUTER_BOUND ( 'NONE', #1900, .T. ) ;
#379 = EDGE_CURVE ( 'NONE', #3662, #3511, #2959, .T. ) ;
#380 = VERTEX_POINT ( 'NONE', #821 ) ;
#381 = CARTESIAN_POINT ( 'NONE',  ( 398.5011170287428399, 107.5902013480662021, -281.4505027460022575 ) ) ;
#382 = VERTEX_POINT ( 'NONE', #1966 ) ;
#383 = AXIS2_PLACEMENT_3D ( 'NONE', #710, #1240, #2160 ) ;
#384 = CARTESIAN_POINT ( 'NONE',  ( 442.1313810051711357, 92.59020134806620206, -812.8202387695739617 ) ) ;
#385 = LINE ( 'NONE', #2678, #3188 ) ;
#386 = ORIENTED_EDGE ( 'NONE', *, *, #1565, .F. ) ;
#387 = DIRECTION ( 'NONE',  ( 0.000000000000000000, 1.000000000000000000, 0.000000000000000000 ) ) ;
#388 = CARTESIAN_POINT ( 'NONE',  ( 383.5011170287429536, 92.59020134806620206, -495.4505027460023143 ) ) ;
#389 = DIRECTION ( 'NONE',  ( -0.000000000000000000, -1.000000000000000000, -0.000000000000000000 ) ) ;
#390 = AXIS2_PLACEMENT_3D ( 'NONE', #553, #2044, #3182 ) ;
#391 = ORIENTED_EDGE ( 'NONE', *, *, #2816, .T. ) ;
#392 = ORIENTED_EDGE ( 'NONE', *, *, #2240, .F. ) ;
#393 = DIRECTION ( 'NONE',  ( 0.000000000000000000, 0.000000000000000000, 1.000000000000000000 ) ) ;
#394 = AXIS2_PLACEMENT_3D ( 'NONE', #605, #3707, #1712 ) ;
#395 = VECTOR ( 'NONE', #1975, 1000.000000000000114 ) ;
#396 = EDGE_LOOP ( 'NONE', ( #2830, #818 ) ) ;
#397 = FACE_OUTER_BOUND ( 'NONE', #2815, .T. ) ;
#398 = EDGE_CURVE ( 'NONE', #1634, #3259, #429, .T. ) ;
#399 = CIRCLE ( 'NONE', #3217, 7.499999999999951150 ) ;
#400 = DIRECTION ( 'NONE',  ( -0.000000000000000000, -1.000000000000000000, -0.000000000000000000 ) ) ;
#401 = CARTESIAN_POINT ( 'NONE',  ( 330.5011170287429536, 92.59020134806620206, -430.4505027460022006 ) ) ;
#402 = CIRCLE ( 'NONE', #3702, 4.499999999999948486 ) ;
#403 = FACE_OUTER_BOUND ( 'NONE', #735, .T. ) ;
#404 = DIRECTION ( 'NONE',  ( -0.000000000000000000, -1.000000000000000000, -0.000000000000000000 ) ) ;
#405 = VERTEX_POINT ( 'NONE', #3181 ) ;
#406 = PLANE ( 'NONE',  #61 ) ;
#407 = FACE_OUTER_BOUND ( 'NONE', #1979, .T. ) ;
#408 = DIRECTION ( 'NONE',  ( 0.000000000000000000, 0.000000000000000000, -1.000000000000000000 ) ) ;
#409 = AXIS2_PLACEMENT_3D ( 'NONE', #1441, #1101, #2248 ) ;
#410 = AXIS2_PLACEMENT_3D ( 'NONE', #3465, #3488, #2592 ) ;
#411 = DIRECTION ( 'NONE',  ( 0.000000000000000000, 0.000000000000000000, 1.000000000000000000 ) ) ;
#412 = EDGE_LOOP ( 'NONE', ( #3452, #573, #1827, #2921 ) ) ;
#413 = DIRECTION ( 'NONE',  ( -0.000000000000000000, -1.000000000000000000, -0.000000000000000000 ) ) ;
#414 = VERTEX_POINT ( 'NONE', #2618 ) ;
#415 = CARTESIAN_POINT ( 'NONE',  ( 352.5011170287428399, 92.59020134806620206, -245.4505027460023427 ) ) ;
#416 = CARTESIAN_POINT ( 'NONE',  ( 335.0011170287429536, 101.1902013480661964, -670.4505027460022575 ) ) ;
#417 = EDGE_LOOP ( 'NONE', ( #3605, #2842, #1458, #1331 ) ) ;
#418 = EDGE_CURVE ( 'NONE', #3540, #2617, #1876, .T. ) ;
#419 = DIRECTION ( 'NONE',  ( 0.000000000000000000, 0.000000000000000000, -1.000000000000000000 ) ) ;
#420 = FACE_BOUND ( 'NONE', #3086, .T. ) ;
#421 = ORIENTED_EDGE ( 'NONE', *, *, #65, .T. ) ;
#422 = CARTESIAN_POINT ( 'NONE',  ( 383.5011170287429536, 107.5902013480662021, -375.4505027460023143 ) ) ;
#423 = EDGE_CURVE ( 'NONE', #3663, #796, #2043, .T. ) ;
#424 = CARTESIAN_POINT ( 'NONE',  ( 410.2549050041553755, 107.5902013480662021, -849.1967147705898924 ) ) ;
#425 = FACE_OUTER_BOUND ( 'NONE', #2751, .T. ) ;
#426 = ORIENTED_EDGE ( 'NONE', *, *, #2419, .T. ) ;
#427 = DIRECTION ( 'NONE',  ( 0.000000000000000000, 0.000000000000000000, -1.000000000000000000 ) ) ;
#428 = ORIENTED_EDGE ( 'NONE', *, *, #3289, .T. ) ;
#429 = CIRCLE ( 'NONE', #2056, 7.499999999999951150 ) ;
#430 = CARTESIAN_POINT ( 'NONE',  ( 383.5011170287429536, 92.59020134806620206, -495.4505027460023143 ) ) ;
#431 = ORIENTED_EDGE ( 'NONE', *, *, #2262, .T. ) ;
#432 = LINE ( 'NONE', #3541, #856 ) ;
#433 = CARTESIAN_POINT ( 'NONE',  ( 330.5011170287429536, 107.5902013480662021, -674.9505027460023712 ) ) ;
#434 = EDGE_LOOP ( 'NONE', ( #285, #1247, #874, #3492 ) ) ;
#435 = CARTESIAN_POINT ( 'NONE',  ( 733.7041216018069463, 101.1902013480661964, -817.4505027460022575 ) ) ;
#436 = DIRECTION ( 'NONE',  ( 0.000000000000000000, 0.000000000000000000, -1.000000000000000000 ) ) ;
#437 = ORIENTED_EDGE ( 'NONE', *, *, #3224, .T. ) ;
#438 = FACE_OUTER_BOUND ( 'NONE', #1605, .T. ) ;
#439 = LINE ( 'NONE', #687, #1281 ) ;
#440 = CARTESIAN_POINT ( 'NONE',  ( 801.0011170287428968, 101.1902013480661964, -829.4505027460021438 ) ) ;
#441 = EDGE_CURVE ( 'NONE', #1381, #2824, #1394, .T. ) ;
#442 = ORIENTED_EDGE ( 'NONE', *, *, #3037, .T. ) ;
#443 = CARTESIAN_POINT ( 'NONE',  ( 383.5011170287429536, 101.1902013480661964, -375.4505027460023143 ) ) ;
#444 = EDGE_LOOP ( 'NONE', ( #3026, #2579, #1684, #2119 ) ) ;
#445 = AXIS2_PLACEMENT_3D ( 'NONE', #3668, #3393, #3051 ) ;
#446 = CIRCLE ( 'NONE', #1483, 4.500000000000003553 ) ;
#447 = ORIENTED_EDGE ( 'NONE', *, *, #690, .T. ) ;
#448 = CARTESIAN_POINT ( 'NONE',  ( 330.5011170287429536, 101.1902013480661964, -510.4505027460022575 ) ) ;
#449 = DIRECTION ( 'NONE',  ( -0.000000000000000000, -1.000000000000000000, -0.000000000000000000 ) ) ;
#450 = ORIENTED_EDGE ( 'NONE', *, *, #3422, .T. ) ;
#451 = LINE ( 'NONE', #759, #1357 ) ;
#452 = LINE ( 'NONE', #964, #290 ) ;
#453 = FACE_BOUND ( 'NONE', #1202, .T. ) ;
#454 = VERTEX_POINT ( 'NONE', #2657 ) ;
#455 = PLANE ( 'NONE',  #3290 ) ;
#456 = AXIS2_PLACEMENT_3D ( 'NONE', #555, #2813, #3094 ) ;
#457 = PLANE ( 'NONE',  #2372 ) ;
#458 = CARTESIAN_POINT ( 'NONE',  ( 383.5011170287429536, 107.5902013480662021, -490.9505027460023143 ) ) ;
#459 = VECTOR ( 'NONE', #1028, 1000.000000000000000 ) ;
#460 = EDGE_LOOP ( 'NONE', ( #2672, #2026 ) ) ;
#461 = ADVANCED_FACE ( 'NONE', ( #568 ), #1791, .F. ) ;
#462 = EDGE_CURVE ( 'NONE', #3584, #862, #256, .T. ) ;
#463 = AXIS2_PLACEMENT_3D ( 'NONE', #1503, #2085, #2366 ) ;
#464 = FACE_OUTER_BOUND ( 'NONE', #1423, .T. ) ;
#465 = ORIENTED_EDGE ( 'NONE', *, *, #3010, .T. ) ;
#466 = AXIS2_PLACEMENT_3D ( 'NONE', #80, #3205, #3278 ) ;
#467 = ORIENTED_EDGE ( 'NONE', *, *, #883, .T. ) ;
#468 = EDGE_CURVE ( 'NONE', #1288, #1081, #92, .T. ) ;
#469 = ORIENTED_EDGE ( 'NONE', *, *, #1187, .F. ) ;
#470 = DIRECTION ( 'NONE',  ( 0.7071067811865474617, -0.000000000000000000, -0.7071067811865474617 ) ) ;
#471 = ORIENTED_EDGE ( 'NONE', *, *, #1573, .T. ) ;
#472 = CARTESIAN_POINT ( 'NONE',  ( 733.7041216018069463, 101.1902013480661964, -921.4505027460023712 ) ) ;
#473 = VERTEX_POINT ( 'NONE', #645 ) ;
#474 = DIRECTION ( 'NONE',  ( -0.000000000000000000, -1.000000000000000000, -0.000000000000000000 ) ) ;
#475 = VERTEX_POINT ( 'NONE', #2864 ) ;
#476 = CARTESIAN_POINT ( 'NONE',  ( 319.5011170287428968, 92.59020134806620206, -247.4505027460022291 ) ) ;
#477 = DIRECTION ( 'NONE',  ( 1.000000000000000000, 0.000000000000000000, -2.342242667985562806E-16 ) ) ;
#478 = DIRECTION ( 'NONE',  ( -0.000000000000000000, -1.000000000000000000, -0.000000000000000000 ) ) ;
#479 = ORIENTED_EDGE ( 'NONE', *, *, #814, .F. ) ;
#480 = DIRECTION ( 'NONE',  ( 0.000000000000000000, 0.000000000000000000, -1.000000000000000000 ) ) ;
#481 = EDGE_LOOP ( 'NONE', ( #3425, #1034, #499, #3432 ) ) ;
#482 = ORIENTED_EDGE ( 'NONE', *, *, #723, .F. ) ;
#483 = ORIENTED_EDGE ( 'NONE', *, *, #2359, .F. ) ;
#484 = VERTEX_POINT ( 'NONE', #1714 ) ;
#485 = CARTESIAN_POINT ( 'NONE',  ( 377.8011170287428513, 107.5902013480662021, -872.6505027460021893 ) ) ;
#486 = ADVANCED_FACE ( 'NONE', ( #2907 ), #2019, .F. ) ;
#487 = AXIS2_PLACEMENT_3D ( 'NONE', #2291, #1146, #3443 ) ;
#488 = AXIS2_PLACEMENT_3D ( 'NONE', #1755, #607, #855 ) ;
#489 = ORIENTED_EDGE ( 'NONE', *, *, #1957, .T. ) ;
#490 = FACE_OUTER_BOUND ( 'NONE', #3494, .T. ) ;
#491 = EDGE_LOOP ( 'NONE', ( #1727, #3526, #3005, #2920 ) ) ;
#492 = VECTOR ( 'NONE', #2145, 1000.000000000000000 ) ;
#493 = CARTESIAN_POINT ( 'NONE',  ( 941.0011170287428968, 92.59020134806620206, -925.9505027460023712 ) ) ;
#494 = DIRECTION ( 'NONE',  ( -0.000000000000000000, -1.000000000000000000, -0.000000000000000000 ) ) ;
#495 = CARTESIAN_POINT ( 'NONE',  ( 591.0011170287428968, 92.59020134806620206, -925.9505027460023712 ) ) ;
#496 = CARTESIAN_POINT ( 'NONE',  ( 410.2549050041553755, 101.1902013480661964, -840.1967147705897787 ) ) ;
#497 = VERTEX_POINT ( 'NONE', #912 ) ;
#498 = CARTESIAN_POINT ( 'NONE',  ( 383.5011170287429536, 92.59020134806620206, -502.9505027460023712 ) ) ;
#499 = ORIENTED_EDGE ( 'NONE', *, *, #3064, .T. ) ;
#500 = EDGE_LOOP ( 'NONE', ( #562, #1539 ) ) ;
#501 = EDGE_CURVE ( 'NONE', #2197, #345, #2001, .T. ) ;
#502 = ORIENTED_EDGE ( 'NONE', *, *, #2550, .T. ) ;
#503 = DIRECTION ( 'NONE',  ( -0.000000000000000000, -1.000000000000000000, -0.000000000000000000 ) ) ;
#504 = AXIS2_PLACEMENT_3D ( 'NONE', #3256, #1794, #365 ) ;
#505 = ORIENTED_EDGE ( 'NONE', *, *, #3110, .T. ) ;
#506 = DIRECTION ( 'NONE',  ( -0.000000000000000000, -0.000000000000000000, -1.000000000000000000 ) ) ;
#507 = EDGE_CURVE ( 'NONE', #2420, #177, #1514, .T. ) ;
#508 = EDGE_CURVE ( 'NONE', #718, #2849, #346, .T. ) ;
#509 = ORIENTED_EDGE ( 'NONE', *, *, #1372, .T. ) ;
#510 = DIRECTION ( 'NONE',  ( 0.000000000000000000, 0.000000000000000000, 1.000000000000000000 ) ) ;
#511 = AXIS2_PLACEMENT_3D ( 'NONE', #1982, #892, #2282 ) ;
#512 = DIRECTION ( 'NONE',  ( -0.000000000000000000, -1.000000000000000000, -0.000000000000000000 ) ) ;
#513 = CARTESIAN_POINT ( 'NONE',  ( 383.5011170287429536, 92.59020134806620206, -495.4505027460023143 ) ) ;
#514 = EDGE_CURVE ( 'NONE', #845, #1295, #3609, .T. ) ;
#515 = VECTOR ( 'NONE', #2292, 1000.000000000000000 ) ;
#516 = CARTESIAN_POINT ( 'NONE',  ( 383.5011170287429536, 101.1902013480661964, -495.4505027460023143 ) ) ;
#517 = ORIENTED_EDGE ( 'NONE', *, *, #1024, .T. ) ;
#518 = DIRECTION ( 'NONE',  ( -0.000000000000000000, -1.000000000000000000, -0.000000000000000000 ) ) ;
#519 = AXIS2_PLACEMENT_3D ( 'NONE', #1069, #786, #1699 ) ;
#520 = EDGE_LOOP ( 'NONE', ( #3025, #1868, #1283, #1771 ) ) ;
#521 = CARTESIAN_POINT ( 'NONE',  ( 398.5011170287428399, 92.59020134806620206, -253.4505027460023427 ) ) ;
#522 = AXIS2_PLACEMENT_3D ( 'NONE', #384, #1551, #2697 ) ;
#523 = EDGE_LOOP ( 'NONE', ( #2446, #236 ) ) ;
#524 = ORIENTED_EDGE ( 'NONE', *, *, #131, .F. ) ;
#525 = DIRECTION ( 'NONE',  ( 0.000000000000000000, 0.000000000000000000, -1.000000000000000000 ) ) ;
#526 = AXIS2_PLACEMENT_3D ( 'NONE', #3618, #3340, #3055 ) ;
#527 = ORIENTED_EDGE ( 'NONE', *, *, #2975, .T. ) ;
#528 = VECTOR ( 'NONE', #2445, 1000.000000000000000 ) ;
#529 = DIRECTION ( 'NONE',  ( 0.000000000000000000, -0.000000000000000000, 1.000000000000000000 ) ) ;
#530 = ORIENTED_EDGE ( 'NONE', *, *, #105, .F. ) ;
#531 = CYLINDRICAL_SURFACE ( 'NONE', #3007, 7.500000000000007105 ) ;
#532 = ADVANCED_FACE ( 'NONE', ( #74 ), #1156, .F. ) ;
#533 = EDGE_CURVE ( 'NONE', #280, #3404, #1750, .T. ) ;
#534 = DIRECTION ( 'NONE',  ( 0.000000000000000000, 0.000000000000000000, 1.000000000000000000 ) ) ;
#535 = FACE_OUTER_BOUND ( 'NONE', #1267, .T. ) ;
#536 = CARTESIAN_POINT ( 'NONE',  ( 319.5011170287429536, 107.5902013480662021, -780.4505027460023712 ) ) ;
#537 = ORIENTED_EDGE ( 'NONE', *, *, #2060, .T. ) ;
#538 = EDGE_CURVE ( 'NONE', #2501, #1823, #1511, .T. ) ;
#539 = DIRECTION ( 'NONE',  ( -0.000000000000000000, -1.000000000000000000, -0.000000000000000000 ) ) ;
#540 = LINE ( 'NONE', #2797, #1059 ) ;
#541 = CARTESIAN_POINT ( 'NONE',  ( 330.5011170287429536, 107.5902013480662021, -514.9505027460022575 ) ) ;
#542 = VERTEX_POINT ( 'NONE', #2887 ) ;
#543 = EDGE_LOOP ( 'NONE', ( #1915, #3339, #3255, #3148 ) ) ;
#544 = DIRECTION ( 'NONE',  ( -0.000000000000000000, -1.000000000000000000, -0.000000000000000000 ) ) ;
#545 = VERTEX_POINT ( 'NONE', #3433 ) ;
#546 = VECTOR ( 'NONE', #3171, 1000.000000000000000 ) ;
#547 = VECTOR ( 'NONE', #1909, 1000.000000000000000 ) ;
#548 = CARTESIAN_POINT ( 'NONE',  ( 330.5011170287429536, 92.59020134806620206, -422.9505027460022006 ) ) ;
#549 = VERTEX_POINT ( 'NONE', #1439 ) ;
#550 = CARTESIAN_POINT ( 'NONE',  ( 410.2549050041553755, 101.1902013480661964, -852.1967147705897787 ) ) ;
#551 = VECTOR ( 'NONE', #3198, 1000.000000000000000 ) ;
#552 = DIRECTION ( 'NONE',  ( -0.000000000000000000, -1.000000000000000000, -0.000000000000000000 ) ) ;
#553 = CARTESIAN_POINT ( 'NONE',  ( 383.5011170287429536, 101.1902013480661964, -495.4505027460023143 ) ) ;
#554 = AXIS2_PLACEMENT_3D ( 'NONE', #1058, #231, #1378 ) ;
#555 = CARTESIAN_POINT ( 'NONE',  ( 414.5011170287428399, 92.59020134806620206, -270.4505027460023143 ) ) ;
#556 = EDGE_CURVE ( 'NONE', #2552, #475, #19, .T. ) ;
#557 = EDGE_LOOP ( 'NONE', ( #2217, #274 ) ) ;
#558 = DIRECTION ( 'NONE',  ( -0.000000000000000000, -1.000000000000000000, -0.000000000000000000 ) ) ;
#559 = DIRECTION ( 'NONE',  ( 0.000000000000000000, 0.000000000000000000, -1.000000000000000000 ) ) ;
#560 = ADVANCED_FACE ( 'NONE', ( #38 ), #1176, .F. ) ;
#561 = EDGE_LOOP ( 'NONE', ( #3468, #3551, #1377, #931 ) ) ;
#562 = ORIENTED_EDGE ( 'NONE', *, *, #1986, .F. ) ;
#563 = VERTEX_POINT ( 'NONE', #2748 ) ;
#564 = CARTESIAN_POINT ( 'NONE',  ( 383.5011170287429536, 107.5902013480662021, -495.4505027460023143 ) ) ;
#565 = DIRECTION ( 'NONE',  ( -0.000000000000000000, -1.000000000000000000, -0.000000000000000000 ) ) ;
#566 = AXIS2_PLACEMENT_3D ( 'NONE', #513, #1665, #2812 ) ;
#567 = ORIENTED_EDGE ( 'NONE', *, *, #462, .T. ) ;
#568 = FACE_OUTER_BOUND ( 'NONE', #3561, .T. ) ;
#569 = FACE_OUTER_BOUND ( 'NONE', #1209, .T. ) ;
#570 =( NAMED_UNIT ( * ) PLANE_ANGLE_UNIT ( ) SI_UNIT ( $, .RADIAN. ) );
#571 = DIRECTION ( 'NONE',  ( -1.000000000000000000, 0.000000000000000000, 2.342242667985562806E-16 ) ) ;
#572 = VERTEX_POINT ( 'NONE', #2113 ) ;
#573 = ORIENTED_EDGE ( 'NONE', *, *, #2955, .F. ) ;
#574 = LINE ( 'NONE', #1685, #1427 ) ;
#575 = AXIS2_PLACEMENT_3D ( 'NONE', #3004, #2143, #2182 ) ;
#576 = CARTESIAN_POINT ( 'NONE',  ( 442.1313810051711357, 92.59020134806620206, -812.8202387695739617 ) ) ;
#577 = FACE_OUTER_BOUND ( 'NONE', #3344, .T. ) ;
#578 = EDGE_CURVE ( 'NONE', #1325, #2821, #432, .T. ) ;
#579 = CARTESIAN_POINT ( 'NONE',  ( 474.5011170287428968, 92.59020134806620206, -780.4505027460022575 ) ) ;
#580 = VERTEX_POINT ( 'NONE', #2376 ) ;
#581 = CIRCLE ( 'NONE', #1721, 4.499999999999948486 ) ;
#582 = VERTEX_POINT ( 'NONE', #1883 ) ;
#583 = DIRECTION ( 'NONE',  ( 0.000000000000000000, 0.000000000000000000, -1.000000000000000000 ) ) ;
#584 = AXIS2_PLACEMENT_3D ( 'NONE', #3478, #2930, #593 ) ;
#585 = ADVANCED_FACE ( 'NONE', ( #160 ), #1309, .F. ) ;
#586 = FACE_OUTER_BOUND ( 'NONE', #1615, .T. ) ;
#587 = CIRCLE ( 'NONE', #409, 7.500000000000007105 ) ;
#588 = VERTEX_POINT ( 'NONE', #3253 ) ;
#589 = CARTESIAN_POINT ( 'NONE',  ( 383.5011170287429536, 92.59020134806620206, -370.9505027460023143 ) ) ;
#590 = CIRCLE ( 'NONE', #355, 7.499999999999951150 ) ;
#591 = CARTESIAN_POINT ( 'NONE',  ( 801.0011170287428968, 101.1902013480661964, -824.9505027460022575 ) ) ;
#592 = LINE ( 'NONE', #1442, #1532 ) ;
#593 = DIRECTION ( 'NONE',  ( 0.000000000000000000, 0.000000000000000000, -1.000000000000000000 ) ) ;
#594 = FACE_OUTER_BOUND ( 'NONE', #3308, .T. ) ;
#595 = VERTEX_POINT ( 'NONE', #3527 ) ;
#596 = FACE_BOUND ( 'NONE', #911, .T. ) ;
#597 = DIRECTION ( 'NONE',  ( -0.000000000000000000, -1.000000000000000000, -0.000000000000000000 ) ) ;
#598 = CARTESIAN_POINT ( 'NONE',  ( 591.0011170287428968, 92.59020134806620206, -925.9505027460023712 ) ) ;
#599 = ORIENTED_EDGE ( 'NONE', *, *, #1916, .T. ) ;
#600 = CARTESIAN_POINT ( 'NONE',  ( 364.5011170287428399, 107.5902013480662021, -285.4505027460022575 ) ) ;
#601 = ORIENTED_EDGE ( 'NONE', *, *, #49, .F. ) ;
#602 = ORIENTED_EDGE ( 'NONE', *, *, #2972, .T. ) ;
#603 = DIRECTION ( 'NONE',  ( -1.092739197465705287E-16, 0.000000000000000000, 1.000000000000000000 ) ) ;
#604 = ADVANCED_FACE ( 'NONE', ( #107 ), #945, .F. ) ;
#605 = CARTESIAN_POINT ( 'NONE',  ( 383.5011170287429536, 92.59020134806620206, -375.4505027460023143 ) ) ;
#606 = ORIENTED_EDGE ( 'NONE', *, *, #1580, .F. ) ;
#607 = DIRECTION ( 'NONE',  ( -0.000000000000000000, -1.000000000000000000, -0.000000000000000000 ) ) ;
#608 = EDGE_CURVE ( 'NONE', #2315, #261, #970, .T. ) ;
#609 = AXIS2_PLACEMENT_3D ( 'NONE', #367, #2344, #3457 ) ;
#610 = DIRECTION ( 'NONE',  ( -0.000000000000000000, -1.000000000000000000, -0.000000000000000000 ) ) ;
#611 = VECTOR ( 'NONE', #1041, 1000.000000000000000 ) ;
#612 = FACE_BOUND ( 'NONE', #2042, .T. ) ;
#613 = ORIENTED_EDGE ( 'NONE', *, *, #2578, .F. ) ;
#614 = FACE_BOUND ( 'NONE', #340, .T. ) ;
#615 = CIRCLE ( 'NONE', #3380, 7.500000000000062172 ) ;
#616 = DIRECTION ( 'NONE',  ( -0.000000000000000000, -1.000000000000000000, -0.000000000000000000 ) ) ;
#617 = CYLINDRICAL_SURFACE ( 'NONE', #2268, 4.499999999999948486 ) ;
#618 = DIRECTION ( 'NONE',  ( 0.000000000000000000, 0.000000000000000000, 1.000000000000000000 ) ) ;
#619 = VERTEX_POINT ( 'NONE', #2150 ) ;
#620 = DIRECTION ( 'NONE',  ( 0.000000000000000000, -0.000000000000000000, 1.000000000000000000 ) ) ;
#621 = EDGE_CURVE ( 'NONE', #3683, #3367, #3552, .T. ) ;
#622 = EDGE_CURVE ( 'NONE', #261, #2315, #2655, .T. ) ;
#623 = CARTESIAN_POINT ( 'NONE',  ( 439.5011170287429536, 107.5902013480662021, -290.4505027460021438 ) ) ;
#624 = ORIENTED_EDGE ( 'NONE', *, *, #3513, .F. ) ;
#625 = CARTESIAN_POINT ( 'NONE',  ( 410.2549050041553755, 92.59020134806620206, -844.6967147705897787 ) ) ;
#626 = CIRCLE ( 'NONE', #100, 4.499999999999948486 ) ;
#627 = EDGE_CURVE ( 'NONE', #250, #2052, #1251, .T. ) ;
#628 = EDGE_CURVE ( 'NONE', #3240, #2706, #3294, .T. ) ;
#629 = FACE_OUTER_BOUND ( 'NONE', #2492, .T. ) ;
#630 = CYLINDRICAL_SURFACE ( 'NONE', #1071, 4.500000000000003553 ) ;
#631 = CARTESIAN_POINT ( 'NONE',  ( 595.5011170287428968, 101.1902013480661964, -824.9505027460023712 ) ) ;
#632 = AXIS2_PLACEMENT_3D ( 'NONE', #2823, #3631, #740 ) ;
#633 = ORIENTED_EDGE ( 'NONE', *, *, #2742, .F. ) ;
#634 = DIRECTION ( 'NONE',  ( 0.000000000000000000, 0.000000000000000000, -1.000000000000000000 ) ) ;
#635 = DIRECTION ( 'NONE',  ( 0.000000000000000000, 0.000000000000000000, -1.000000000000000000 ) ) ;
#636 = AXIS2_PLACEMENT_3D ( 'NONE', #1770, #3160, #1154 ) ;
#637 = DIRECTION ( 'NONE',  ( -0.000000000000000000, -0.000000000000000000, 1.000000000000000000 ) ) ;
#638 = DIRECTION ( 'NONE',  ( 0.000000000000000000, 0.000000000000000000, -1.000000000000000000 ) ) ;
#639 = ORIENTED_EDGE ( 'NONE', *, *, #1957, .F. ) ;
#640 = VECTOR ( 'NONE', #3659, 1000.000000000000114 ) ;
#641 = ORIENTED_EDGE ( 'NONE', *, *, #16, .T. ) ;
#642 = CARTESIAN_POINT ( 'NONE',  ( 383.5011170287429536, 92.59020134806620206, -502.9505027460023712 ) ) ;
#643 = AXIS2_PLACEMENT_3D ( 'NONE', #356, #2106, #339 ) ;
#644 = ORIENTED_EDGE ( 'NONE', *, *, #2716, .F. ) ;
#645 = CARTESIAN_POINT ( 'NONE',  ( 377.8011170287428513, 101.1902013480661964, -884.6505027460023030 ) ) ;
#646 = CIRCLE ( 'NONE', #3583, 7.499999999999951150 ) ;
#647 = AXIS2_PLACEMENT_3D ( 'NONE', #2304, #1219, #2661 ) ;
#648 = PLANE ( 'NONE',  #2867 ) ;
#649 = CARTESIAN_POINT ( 'NONE',  ( 360.5011170287428399, 92.59020134806620206, -281.4505027460022575 ) ) ;
#650 = EDGE_CURVE ( 'NONE', #37, #2699, #1157, .T. ) ;
#651 = CIRCLE ( 'NONE', #1132, 7.499999999999951150 ) ;
#652 = ORIENTED_EDGE ( 'NONE', *, *, #2127, .T. ) ;
#653 = DIRECTION ( 'NONE',  ( 0.7071067811865376918, 0.000000000000000000, -0.7071067811865573427 ) ) ;
#654 = DIRECTION ( 'NONE',  ( 0.000000000000000000, 0.000000000000000000, -1.000000000000000000 ) ) ;
#655 =( GEOMETRIC_REPRESENTATION_CONTEXT ( 3 ) GLOBAL_UNCERTAINTY_ASSIGNED_CONTEXT ( ( #2531 ) ) GLOBAL_UNIT_ASSIGNED_CONTEXT ( ( #3446, #301, #1705 ) ) REPRESENTATION_CONTEXT ( 'NONE', 'WORKASPACE' ) );
#656 = DIRECTION ( 'NONE',  ( 0.000000000000000000, 0.000000000000000000, -1.000000000000000000 ) ) ;
#657 = EDGE_CURVE ( 'NONE', #405, #11, #1847, .T. ) ;
#658 = ORIENTED_EDGE ( 'NONE', *, *, #2932, .F. ) ;
#659 = ORIENTED_EDGE ( 'NONE', *, *, #69, .T. ) ;
#660 = DIRECTION ( 'NONE',  ( 0.000000000000000000, 0.000000000000000000, -1.000000000000000000 ) ) ;
#661 = VERTEX_POINT ( 'NONE', #662 ) ;
#662 = CARTESIAN_POINT ( 'NONE',  ( 383.5011170287429536, 101.1902013480661964, -547.9505027460023712 ) ) ;
#663 = ORIENTED_EDGE ( 'NONE', *, *, #3529, .F. ) ;
#664 = CYLINDRICAL_SURFACE ( 'NONE', #1950, 4.500000000000003553 ) ;
#665 = DIRECTION ( 'NONE',  ( 0.000000000000000000, 0.000000000000000000, -1.000000000000000000 ) ) ;
#666 = DIRECTION ( 'NONE',  ( 0.7071067811865500152, 0.000000000000000000, 0.7071067811865451302 ) ) ;
#667 = VERTEX_POINT ( 'NONE', #3593 ) ;
#668 = DIRECTION ( 'NONE',  ( 0.000000000000000000, 0.000000000000000000, -1.000000000000000000 ) ) ;
#669 = CARTESIAN_POINT ( 'NONE',  ( 410.2549050041553755, 101.1902013480661964, -844.6967147705897787 ) ) ;
#670 = AXIS2_PLACEMENT_3D ( 'NONE', #2364, #2065, #3203 ) ;
#671 = EDGE_CURVE ( 'NONE', #192, #3095, #1809, .T. ) ;
#672 = DIRECTION ( 'NONE',  ( 0.000000000000000000, 0.000000000000000000, -1.000000000000000000 ) ) ;
#673 = AXIS2_PLACEMENT_3D ( 'NONE', #55, #1479, #2599 ) ;
#674 = ADVANCED_FACE ( 'NONE', ( #1602, #397 ), #736, .F. ) ;
#675 = AXIS2_PLACEMENT_3D ( 'NONE', #3084, #503, #2519 ) ;
#676 = EDGE_LOOP ( 'NONE', ( #136, #3099 ) ) ;
#677 = DIRECTION ( 'NONE',  ( 0.000000000000000000, 0.000000000000000000, -1.000000000000000000 ) ) ;
#678 = ORIENTED_EDGE ( 'NONE', *, *, #507, .F. ) ;
#679 = DIRECTION ( 'NONE',  ( 0.000000000000000000, 0.000000000000000000, -1.000000000000000000 ) ) ;
#680 = DIRECTION ( 'NONE',  ( 0.000000000000000000, 0.000000000000000000, 1.000000000000000000 ) ) ;
#681 = ORIENTED_EDGE ( 'NONE', *, *, #1752, .T. ) ;
#682 = CARTESIAN_POINT ( 'NONE',  ( 330.5011170287429536, 101.1902013480661964, -677.9505027460022575 ) ) ;
#683 = DIRECTION ( 'NONE',  ( -0.000000000000000000, -1.000000000000000000, -0.000000000000000000 ) ) ;
#684 = DIRECTION ( 'NONE',  ( 0.000000000000000000, 0.000000000000000000, -1.000000000000000000 ) ) ;
#685 = ORIENTED_EDGE ( 'NONE', *, *, #1728, .F. ) ;
#686 = FACE_OUTER_BOUND ( 'NONE', #561, .T. ) ;
#687 = CARTESIAN_POINT ( 'NONE',  ( 383.5011170287429536, 92.59020134806620206, -499.9505027460023143 ) ) ;
#688 = CARTESIAN_POINT ( 'NONE',  ( 591.0011170287428968, 101.1902013480661964, -925.9505027460023712 ) ) ;
#689 = CIRCLE ( 'NONE', #817, 3.400000000000014122 ) ;
#690 = EDGE_CURVE ( 'NONE', #760, #1485, #1289, .T. ) ;
#691 = ORIENTED_EDGE ( 'NONE', *, *, #3090, .F. ) ;
#692 = VECTOR ( 'NONE', #1345, 1000.000000000000000 ) ;
#693 = CARTESIAN_POINT ( 'NONE',  ( 801.0011170287428968, 101.1902013480661964, -824.9505027460022575 ) ) ;
#694 = ORIENTED_EDGE ( 'NONE', *, *, #3368, .T. ) ;
#695 = CARTESIAN_POINT ( 'NONE',  ( 383.5011170287429536, 101.1902013480661964, -487.9505027460023143 ) ) ;
#696 = AXIS2_PLACEMENT_3D ( 'NONE', #3030, #1330, #3612 ) ;
#697 = EDGE_CURVE ( 'NONE', #374, #1362, #1220, .T. ) ;
#698 = EDGE_CURVE ( 'NONE', #1265, #497, #2471, .T. ) ;
#699 = ORIENTED_EDGE ( 'NONE', *, *, #3360, .F. ) ;
#700 = DIRECTION ( 'NONE',  ( 0.000000000000000000, 0.000000000000000000, -1.000000000000000000 ) ) ;
#701 = EDGE_CURVE ( 'NONE', #368, #2428, #981, .T. ) ;
#702 = DIRECTION ( 'NONE',  ( -0.000000000000000000, -1.000000000000000000, -0.000000000000000000 ) ) ;
#703 = ORIENTED_EDGE ( 'NONE', *, *, #109, .T. ) ;
#704 = FACE_OUTER_BOUND ( 'NONE', #1062, .T. ) ;
#705 = DIRECTION ( 'NONE',  ( 0.000000000000000000, 0.000000000000000000, 1.000000000000000000 ) ) ;
#706 = CARTESIAN_POINT ( 'NONE',  ( 344.5011170287429536, 92.59020134806620206, -270.4505027460023712 ) ) ;
#707 = ORIENTED_EDGE ( 'NONE', *, *, #2510, .T. ) ;
#708 = CIRCLE ( 'NONE', #2032, 4.500000000000003553 ) ;
#709 = FACE_BOUND ( 'NONE', #3017, .T. ) ;
#710 = CARTESIAN_POINT ( 'NONE',  ( 801.0011170287428968, 92.59020134806620206, -824.9505027460022575 ) ) ;
#711 = LINE ( 'NONE', #3036, #765 ) ;
#712 = AXIS2_PLACEMENT_3D ( 'NONE', #97, #1818, #2967 ) ;
#713 = ORIENTED_EDGE ( 'NONE', *, *, #1753, .F. ) ;
#714 = VECTOR ( 'NONE', #2312, 1000.000000000000114 ) ;
#715 = CARTESIAN_POINT ( 'NONE',  ( 591.0011170287428968, 92.59020134806620206, -817.4505027460023712 ) ) ;
#716 = ORIENTED_EDGE ( 'NONE', *, *, #1114, .F. ) ;
#717 = CARTESIAN_POINT ( 'NONE',  ( 330.5011170287429536, 101.1902013480661964, -425.9505027460022006 ) ) ;
#718 = VERTEX_POINT ( 'NONE', #485 ) ;
#719 = EDGE_LOOP ( 'NONE', ( #1099, #2570 ) ) ;
#720 = CARTESIAN_POINT ( 'NONE',  ( 442.1313810051711357, 101.1902013480661964, -812.8202387695739617 ) ) ;
#721 = FACE_OUTER_BOUND ( 'NONE', #226, .T. ) ;
#722 = ORIENTED_EDGE ( 'NONE', *, *, #2888, .F. ) ;
#723 = EDGE_CURVE ( 'NONE', #130, #1438, #1815, .T. ) ;
#724 = DIRECTION ( 'NONE',  ( -0.000000000000000000, -1.000000000000000000, -0.000000000000000000 ) ) ;
#725 = DIRECTION ( 'NONE',  ( -0.000000000000000000, -1.000000000000000000, -0.000000000000000000 ) ) ;
#726 = ORIENTED_EDGE ( 'NONE', *, *, #1936, .T. ) ;
#727 = CARTESIAN_POINT ( 'NONE',  ( 406.5011170287428968, 107.5902013480662021, -245.4505027460023427 ) ) ;
#728 = DIRECTION ( 'NONE',  ( -0.000000000000000000, -1.000000000000000000, -0.000000000000000000 ) ) ;
#729 = DIRECTION ( 'NONE',  ( -0.000000000000000000, -1.000000000000000000, -0.000000000000000000 ) ) ;
#730 = FACE_OUTER_BOUND ( 'NONE', #1754, .T. ) ;
#731 = ORIENTED_EDGE ( 'NONE', *, *, #533, .T. ) ;
#732 = AXIS2_PLACEMENT_3D ( 'NONE', #2321, #3143, #329 ) ;
#733 = ORIENTED_EDGE ( 'NONE', *, *, #264, .T. ) ;
#734 = CIRCLE ( 'NONE', #976, 7.500000000000007105 ) ;
#735 = EDGE_LOOP ( 'NONE', ( #2940, #2351, #3626, #1830 ) ) ;
#736 = PLANE ( 'NONE',  #1340 ) ;
#737 = PRODUCT_RELATED_PRODUCT_CATEGORY ( 'part', '', ( #1798 ) ) ;
#738 = FACE_OUTER_BOUND ( 'NONE', #2091, .T. ) ;
#739 = ORIENTED_EDGE ( 'NONE', *, *, #2354, .F. ) ;
#740 = DIRECTION ( 'NONE',  ( 0.000000000000000000, 0.000000000000000000, 1.000000000000000000 ) ) ;
#741 = CARTESIAN_POINT ( 'NONE',  ( 733.7041216018069463, 107.5902013480662021, -925.9505027460023712 ) ) ;
#742 = FACE_OUTER_BOUND ( 'NONE', #1805, .T. ) ;
#743 = EDGE_CURVE ( 'NONE', #1634, #229, #1078, .T. ) ;
#744 = ORIENTED_EDGE ( 'NONE', *, *, #3594, .F. ) ;
#745 = EDGE_CURVE ( 'NONE', #382, #563, #2295, .T. ) ;
#746 = DIRECTION ( 'NONE',  ( -0.000000000000000000, -1.000000000000000000, -0.000000000000000000 ) ) ;
#747 = PLANE ( 'NONE',  #3263 ) ;
#748 = DIRECTION ( 'NONE',  ( -0.000000000000000000, -1.000000000000000000, -0.000000000000000000 ) ) ;
#749 = ORIENTED_EDGE ( 'NONE', *, *, #1107, .F. ) ;
#750 = EDGE_CURVE ( 'NONE', #1381, #2307, #1903, .T. ) ;
#751 = AXIS2_PLACEMENT_3D ( 'NONE', #1928, #1084, #221 ) ;
#752 = CARTESIAN_POINT ( 'NONE',  ( 364.5011170287428399, 107.5902013480662021, -281.4505027460022575 ) ) ;
#753 = FACE_OUTER_BOUND ( 'NONE', #396, .T. ) ;
#754 = ORIENTED_EDGE ( 'NONE', *, *, #65, .F. ) ;
#755 = ORIENTED_EDGE ( 'NONE', *, *, #1970, .F. ) ;
#756 = LINE ( 'NONE', #2243, #2298 ) ;
#757 = CIRCLE ( 'NONE', #2493, 4.500000000000003553 ) ;
#758 = VERTEX_POINT ( 'NONE', #3370 ) ;
#759 = CARTESIAN_POINT ( 'NONE',  ( 398.5011170287428399, 92.59020134806620206, -253.4505027460023427 ) ) ;
#760 = VERTEX_POINT ( 'NONE', #1922 ) ;
#761 = CYLINDRICAL_SURFACE ( 'NONE', #2652, 7.499999999999951150 ) ;
#762 = AXIS2_PLACEMENT_3D ( 'NONE', #1186, #1471, #1744 ) ;
#763 = ORIENTED_EDGE ( 'NONE', *, *, #3131, .T. ) ;
#764 = CARTESIAN_POINT ( 'NONE',  ( 330.5011170287429536, 101.1902013480661964, -662.9505027460022575 ) ) ;
#765 = VECTOR ( 'NONE', #150, 1000.000000000000000 ) ;
#766 = DIRECTION ( 'NONE',  ( -0.000000000000000000, -1.000000000000000000, -0.000000000000000000 ) ) ;
#767 = DIRECTION ( 'NONE',  ( 0.000000000000000000, 0.000000000000000000, -1.000000000000000000 ) ) ;
#768 = EDGE_CURVE ( 'NONE', #545, #230, #1576, .T. ) ;
#769 = ADVANCED_FACE ( 'NONE', ( #1326 ), #1343, .F. ) ;
#770 = VERTEX_POINT ( 'NONE', #2461 ) ;
#771 = VECTOR ( 'NONE', #494, 1000.000000000000000 ) ;
#772 = CARTESIAN_POINT ( 'NONE',  ( 377.8011170287428513, 101.1902013480661964, -877.1505027460023030 ) ) ;
#773 = ADVANCED_FACE ( 'NONE', ( #1095 ), #3047, .F. ) ;
#774 = ORIENTED_EDGE ( 'NONE', *, *, #2674, .F. ) ;
#775 = ORIENTED_EDGE ( 'NONE', *, *, #1188, .T. ) ;
#776 = AXIS2_PLACEMENT_3D ( 'NONE', #2730, #1566, #143 ) ;
#777 = ORIENTED_EDGE ( 'NONE', *, *, #351, .T. ) ;
#778 = ORIENTED_EDGE ( 'NONE', *, *, #745, .F. ) ;
#779 = DIRECTION ( 'NONE',  ( 0.000000000000000000, 1.000000000000000000, 0.000000000000000000 ) ) ;
#780 = ORIENTED_EDGE ( 'NONE', *, *, #3090, .T. ) ;
#781 = DIRECTION ( 'NONE',  ( 0.000000000000000000, 0.000000000000000000, 1.000000000000000000 ) ) ;
#782 = ORIENTED_EDGE ( 'NONE', *, *, #1137, .T. ) ;
#783 = DIRECTION ( 'NONE',  ( -0.000000000000000000, -1.000000000000000000, -0.000000000000000000 ) ) ;
#784 = CARTESIAN_POINT ( 'NONE',  ( 352.5011170287428399, 92.59020134806620206, -245.4505027460023427 ) ) ;
#785 = DIRECTION ( 'NONE',  ( -0.000000000000000000, -1.000000000000000000, -0.000000000000000000 ) ) ;
#786 = DIRECTION ( 'NONE',  ( -0.000000000000000000, -1.000000000000000000, -0.000000000000000000 ) ) ;
#787 = ORIENTED_EDGE ( 'NONE', *, *, #1702, .T. ) ;
#788 = EDGE_CURVE ( 'NONE', #3367, #3683, #1282, .T. ) ;
#789 = CARTESIAN_POINT ( 'NONE',  ( 383.5011170287429536, 107.5902013480662021, -670.9505027460023712 ) ) ;
#790 = ORIENTED_EDGE ( 'NONE', *, *, #514, .F. ) ;
#791 = CIRCLE ( 'NONE', #852, 3.400000000000014122 ) ;
#792 = EDGE_CURVE ( 'NONE', #1741, #2694, #756, .T. ) ;
#793 = EDGE_CURVE ( 'NONE', #230, #545, #615, .T. ) ;
#794 = ORIENTED_EDGE ( 'NONE', *, *, #2573, .T. ) ;
#795 = VECTOR ( 'NONE', #2926, 1000.000000000000000 ) ;
#796 = VERTEX_POINT ( 'NONE', #2205 ) ;
#797 = DIRECTION ( 'NONE',  ( 0.000000000000000000, 0.000000000000000000, -1.000000000000000000 ) ) ;
#798 = CIRCLE ( 'NONE', #197, 7.499999999999951150 ) ;
#799 = AXIS2_PLACEMENT_3D ( 'NONE', #2336, #3449, #2297 ) ;
#800 = ORIENTED_EDGE ( 'NONE', *, *, #1618, .T. ) ;
#801 = FACE_OUTER_BOUND ( 'NONE', #2565, .T. ) ;
#802 = VERTEX_POINT ( 'NONE', #195 ) ;
#803 = DIRECTION ( 'NONE',  ( -0.000000000000000000, -1.000000000000000000, -0.000000000000000000 ) ) ;
#804 = CARTESIAN_POINT ( 'NONE',  ( 941.0011170287428968, 92.59020134806620206, -918.4505027460023712 ) ) ;
#805 = CYLINDRICAL_SURFACE ( 'NONE', #2848, 4.499999999999948486 ) ;
#806 = DIRECTION ( 'NONE',  ( -0.000000000000000000, -1.000000000000000000, -0.000000000000000000 ) ) ;
#807 = EDGE_LOOP ( 'NONE', ( #827, #3523, #1600, #1882 ) ) ;
#808 = LINE ( 'NONE', #2010, #515 ) ;
#809 = ORIENTED_EDGE ( 'NONE', *, *, #3564, .F. ) ;
#810 = PLANE ( 'NONE',  #2509 ) ;
#811 = CIRCLE ( 'NONE', #751, 4.500000000000059508 ) ;
#812 = ORIENTED_EDGE ( 'NONE', *, *, #816, .T. ) ;
#813 = ORIENTED_EDGE ( 'NONE', *, *, #3385, .T. ) ;
#814 = EDGE_CURVE ( 'NONE', #1417, #244, #734, .T. ) ;
#815 = CARTESIAN_POINT ( 'NONE',  ( 330.5011170287429536, 101.1902013480661964, -510.4505027460022575 ) ) ;
#816 = EDGE_CURVE ( 'NONE', #2307, #1983, #2180, .T. ) ;
#817 = AXIS2_PLACEMENT_3D ( 'NONE', #858, #898, #1757 ) ;
#818 = ORIENTED_EDGE ( 'NONE', *, *, #2854, .T. ) ;
#819 = DIRECTION ( 'NONE',  ( -0.000000000000000000, -1.000000000000000000, -0.000000000000000000 ) ) ;
#820 = ORIENTED_EDGE ( 'NONE', *, *, #3010, .F. ) ;
#821 = CARTESIAN_POINT ( 'NONE',  ( 383.5011170287429536, 101.1902013480661964, -559.9505027460023712 ) ) ;
#822 = ADVANCED_FACE ( 'NONE', ( #1960 ), #3351, .F. ) ;
#823 = CIRCLE ( 'NONE', #161, 4.000000000000003553 ) ;
#824 = FACE_BOUND ( 'NONE', #719, .T. ) ;
#825 = CARTESIAN_POINT ( 'NONE',  ( 321.5011170287428399, 92.59020134806620206, -245.4505027460022859 ) ) ;
#826 = DIRECTION ( 'NONE',  ( 0.000000000000000000, 0.000000000000000000, 1.000000000000000000 ) ) ;
#827 = ORIENTED_EDGE ( 'NONE', *, *, #263, .F. ) ;
#828 = DIRECTION ( 'NONE',  ( -0.000000000000000000, -1.000000000000000000, -0.000000000000000000 ) ) ;
#829 = CARTESIAN_POINT ( 'NONE',  ( 330.5011170287429536, 92.59020134806620206, -430.4505027460022006 ) ) ;
#830 = ORIENTED_EDGE ( 'NONE', *, *, #1229, .T. ) ;
#831 = DIRECTION ( 'NONE',  ( 0.000000000000000000, 0.000000000000000000, -1.000000000000000000 ) ) ;
#832 = ORIENTED_EDGE ( 'NONE', *, *, #2350, .F. ) ;
#833 = PLANE ( 'NONE',  #2778 ) ;
#834 = VECTOR ( 'NONE', #1316, 1000.000000000000000 ) ;
#835 = ORIENTED_EDGE ( 'NONE', *, *, #3196, .T. ) ;
#836 = EDGE_CURVE ( 'NONE', #3658, #2676, #2714, .T. ) ;
#837 = EDGE_CURVE ( 'NONE', #1090, #1060, #3076, .T. ) ;
#838 = CARTESIAN_POINT ( 'NONE',  ( 406.5011170287428968, 107.5902013480662021, -245.4505027460023427 ) ) ;
#839 = ORIENTED_EDGE ( 'NONE', *, *, #1165, .F. ) ;
#840 = CARTESIAN_POINT ( 'NONE',  ( 330.5011170287429536, 92.59020134806620206, -674.9505027460023712 ) ) ;
#841 = DIRECTION ( 'NONE',  ( 0.000000000000000000, 0.000000000000000000, -1.000000000000000000 ) ) ;
#842 = ADVANCED_FACE ( 'NONE', ( #3410, #2261 ), #833, .F. ) ;
#843 = PLANE ( 'NONE',  #3689 ) ;
#844 = DIRECTION ( 'NONE',  ( -0.7071067811865474617, 0.000000000000000000, -0.7071067811865474617 ) ) ;
#845 = VERTEX_POINT ( 'NONE', #2038 ) ;
#846 = LINE ( 'NONE', #2831, #946 ) ;
#847 = CYLINDRICAL_SURFACE ( 'NONE', #1246, 4.499999999999948486 ) ;
#848 = VERTEX_POINT ( 'NONE', #52 ) ;
#849 = EDGE_LOOP ( 'NONE', ( #936, #2986, #50, #3387 ) ) ;
#850 = CARTESIAN_POINT ( 'NONE',  ( 410.2549050041553755, 101.1902013480661964, -849.1967147705898924 ) ) ;
#851 = VERTEX_POINT ( 'NONE', #3140 ) ;
#852 = AXIS2_PLACEMENT_3D ( 'NONE', #3032, #2191, #3597 ) ;
#853 = DIRECTION ( 'NONE',  ( 0.000000000000000000, 0.000000000000000000, -1.000000000000000000 ) ) ;
#854 = VERTEX_POINT ( 'NONE', #2882 ) ;
#855 = DIRECTION ( 'NONE',  ( 0.000000000000000000, 0.000000000000000000, -1.000000000000000000 ) ) ;
#856 = VECTOR ( 'NONE', #3270, 1000.000000000000000 ) ;
#857 = LINE ( 'NONE', #2002, #2690 ) ;
#858 = CARTESIAN_POINT ( 'NONE',  ( 344.5011170287429536, 107.5902013480662021, -270.4505027460023712 ) ) ;
#859 = CIRCLE ( 'NONE', #2660, 7.500000000000007105 ) ;
#860 = LINE ( 'NONE', #2363, #1667 ) ;
#861 = EDGE_CURVE ( 'NONE', #1812, #1541, #2532, .T. ) ;
#862 = VERTEX_POINT ( 'NONE', #2903 ) ;
#863 = CARTESIAN_POINT ( 'NONE',  ( 801.0011170287428968, 101.1902013480661964, -824.9505027460022575 ) ) ;
#864 = CARTESIAN_POINT ( 'NONE',  ( 383.5011170287429536, 107.5902013480662021, -555.4505027460023712 ) ) ;
#865 = CARTESIAN_POINT ( 'NONE',  ( 360.5011170287428399, 107.5902013480662021, -281.4505027460022575 ) ) ;
#866 = EDGE_CURVE ( 'NONE', #3046, #1650, #1768, .T. ) ;
#867 = VERTEX_POINT ( 'NONE', #642 ) ;
#868 = DIRECTION ( 'NONE',  ( -0.000000000000000000, -1.000000000000000000, -0.000000000000000000 ) ) ;
#869 = EDGE_LOOP ( 'NONE', ( #809, #3246 ) ) ;
#870 = ORIENTED_EDGE ( 'NONE', *, *, #1985, .F. ) ;
#871 = LINE ( 'NONE', #3704, #31 ) ;
#872 = DIRECTION ( 'NONE',  ( -0.000000000000000000, -1.000000000000000000, -0.000000000000000000 ) ) ;
#873 = AXIS2_PLACEMENT_3D ( 'NONE', #1350, #1627, #2213 ) ;
#874 = ORIENTED_EDGE ( 'NONE', *, *, #2932, .T. ) ;
#875 = DIRECTION ( 'NONE',  ( -0.000000000000000000, -1.000000000000000000, -0.000000000000000000 ) ) ;
#876 = CARTESIAN_POINT ( 'NONE',  ( 330.5011170287429536, 92.59020134806620206, -665.9505027460022575 ) ) ;
#877 = FACE_BOUND ( 'NONE', #557, .T. ) ;
#878 = PLANE ( 'NONE',  #3349 ) ;
#879 = LINE ( 'NONE', #2892, #2589 ) ;
#880 = ORIENTED_EDGE ( 'NONE', *, *, #2152, .F. ) ;
#881 = DIRECTION ( 'NONE',  ( 0.000000000000000000, 1.000000000000000000, 0.000000000000000000 ) ) ;
#882 = LINE ( 'NONE', #2328, #546 ) ;
#883 = EDGE_CURVE ( 'NONE', #3566, #3197, #1172, .T. ) ;
#884 = DIRECTION ( 'NONE',  ( 0.000000000000000000, 0.000000000000000000, -1.000000000000000000 ) ) ;
#885 = AXIS2_PLACEMENT_3D ( 'NONE', #1521, #300, #884 ) ;
#886 = CARTESIAN_POINT ( 'NONE',  ( 733.7041216018069463, 101.1902013480661964, -824.9505027460022575 ) ) ;
#887 = ORIENTED_EDGE ( 'NONE', *, *, #2334, .T. ) ;
#888 = EDGE_CURVE ( 'NONE', #588, #3464, #1161, .T. ) ;
#889 = ORIENTED_EDGE ( 'NONE', *, *, #1573, .F. ) ;
#890 = CARTESIAN_POINT ( 'NONE',  ( 591.0011170287428968, 101.1902013480661964, -824.9505027460023712 ) ) ;
#891 = AXIS2_PLACEMENT_3D ( 'NONE', #8, #881, #3696 ) ;
#892 = DIRECTION ( 'NONE',  ( -0.000000000000000000, -1.000000000000000000, -0.000000000000000000 ) ) ;
#893 = VECTOR ( 'NONE', #1716, 1000.000000000000000 ) ;
#894 = ORIENTED_EDGE ( 'NONE', *, *, #3178, .F. ) ;
#895 = CARTESIAN_POINT ( 'NONE',  ( 733.7041216018069463, 92.59020134806620206, -824.9505027460022575 ) ) ;
#896 = CIRCLE ( 'NONE', #234, 4.500000000000003553 ) ;
#897 = FACE_OUTER_BOUND ( 'NONE', #1468, .T. ) ;
#898 = DIRECTION ( 'NONE',  ( -0.000000000000000000, 1.000000000000000000, -0.000000000000000000 ) ) ;
#899 = DIRECTION ( 'NONE',  ( 0.000000000000000000, -0.000000000000000000, 1.000000000000000000 ) ) ;
#900 = FACE_BOUND ( 'NONE', #1921, .T. ) ;
#901 = ORIENTED_EDGE ( 'NONE', *, *, #263, .T. ) ;
#902 = FACE_BOUND ( 'NONE', #2320, .T. ) ;
#903 = CYLINDRICAL_SURFACE ( 'NONE', #2362, 4.499999999999948486 ) ;
#904 = DIRECTION ( 'NONE',  ( 0.000000000000000000, 0.000000000000000000, -1.000000000000000000 ) ) ;
#905 = ADVANCED_FACE ( 'NONE', ( #288 ), #1413, .F. ) ;
#906 = ORIENTED_EDGE ( 'NONE', *, *, #507, .T. ) ;
#907 = DIRECTION ( 'NONE',  ( 0.000000000000000000, 1.000000000000000000, 0.000000000000000000 ) ) ;
#908 = EDGE_CURVE ( 'NONE', #3663, #1288, #1491, .T. ) ;
#909 = ADVANCED_FACE ( 'NONE', ( #2316 ), #2554, .F. ) ;
#910 = CYLINDRICAL_SURFACE ( 'NONE', #511, 4.499999999999948486 ) ;
#911 = EDGE_LOOP ( 'NONE', ( #3650, #2954 ) ) ;
#912 = CARTESIAN_POINT ( 'NONE',  ( 330.5011170287429536, 101.1902013480661964, -514.9505027460021438 ) ) ;
#913 = ADVANCED_FACE ( 'NONE', ( #2636 ), #1211, .F. ) ;
#914 = AXIS2_PLACEMENT_3D ( 'NONE', #1400, #783, #2502 ) ;
#915 = DIRECTION ( 'NONE',  ( -0.000000000000000000, -1.000000000000000000, -0.000000000000000000 ) ) ;
#916 = CARTESIAN_POINT ( 'NONE',  ( 801.0011170287428968, 107.5902013480662021, -930.4505027460022575 ) ) ;
#917 = VECTOR ( 'NONE', #2301, 1000.000000000000000 ) ;
#918 = CYLINDRICAL_SURFACE ( 'NONE', #670, 4.500000000000059508 ) ;
#919 = ORIENTED_EDGE ( 'NONE', *, *, #3390, .T. ) ;
#920 = CARTESIAN_POINT ( 'NONE',  ( 364.5011170287428399, 107.5902013480662021, -281.4505027460022575 ) ) ;
#921 = AXIS2_PLACEMENT_3D ( 'NONE', #2575, #325, #3509 ) ;
#922 = LINE ( 'NONE', #2609, #2236 ) ;
#923 = CARTESIAN_POINT ( 'NONE',  ( 330.5011170287429536, 92.59020134806620206, -670.4505027460022575 ) ) ;
#924 = DIRECTION ( 'NONE',  ( -0.000000000000000000, -1.000000000000000000, -0.000000000000000000 ) ) ;
#925 = ORIENTED_EDGE ( 'NONE', *, *, #1088, .T. ) ;
#926 = DIRECTION ( 'NONE',  ( -0.000000000000000000, -1.000000000000000000, -0.000000000000000000 ) ) ;
#927 = EDGE_CURVE ( 'NONE', #302, #261, #71, .T. ) ;
#928 = EDGE_LOOP ( 'NONE', ( #3022, #2893 ) ) ;
#929 = DIRECTION ( 'NONE',  ( -0.000000000000000000, -1.000000000000000000, -0.000000000000000000 ) ) ;
#930 = CARTESIAN_POINT ( 'NONE',  ( 383.5011170287429536, 92.59020134806620206, -555.4505027460023712 ) ) ;
#931 = ORIENTED_EDGE ( 'NONE', *, *, #89, .F. ) ;
#932 = CIRCLE ( 'NONE', #1589, 4.499999999999948486 ) ;
#933 = EDGE_CURVE ( 'NONE', #1329, #2501, #3506, .T. ) ;
#934 = CYLINDRICAL_SURFACE ( 'NONE', #647, 7.499999999999951150 ) ;
#935 = FACE_BOUND ( 'NONE', #2423, .T. ) ;
#936 = ORIENTED_EDGE ( 'NONE', *, *, #1206, .F. ) ;
#937 = CARTESIAN_POINT ( 'NONE',  ( 941.0011170287428968, 107.5902013480662021, -930.4505027460022575 ) ) ;
#938 = LINE ( 'NONE', #1743, #1814 ) ;
#939 = DIRECTION ( 'NONE',  ( -0.000000000000000000, -1.000000000000000000, -0.000000000000000000 ) ) ;
#940 = ORIENTED_EDGE ( 'NONE', *, *, #2630, .F. ) ;
#941 = EDGE_LOOP ( 'NONE', ( #3124, #2190, #1709, #2546 ) ) ;
#942 = CARTESIAN_POINT ( 'NONE',  ( 394.5011170287428399, 92.59020134806620206, -285.4505027460022575 ) ) ;
#943 = AXIS2_PLACEMENT_3D ( 'NONE', #2417, #3565, #991 ) ;
#944 = ORIENTED_EDGE ( 'NONE', *, *, #2741, .F. ) ;
#945 = CYLINDRICAL_SURFACE ( 'NONE', #2832, 55.00000000000004974 ) ;
#946 = VECTOR ( 'NONE', #2894, 1000.000000000000000 ) ;
#947 = EDGE_CURVE ( 'NONE', #12, #3106, #3254, .T. ) ;
#948 = FACE_OUTER_BOUND ( 'NONE', #417, .T. ) ;
#949 = ORIENTED_EDGE ( 'NONE', *, *, #698, .F. ) ;
#950 = VECTOR ( 'NONE', #746, 1000.000000000000000 ) ;
#951 = CARTESIAN_POINT ( 'NONE',  ( 973.5011170287428968, 107.5902013480662021, -935.4505027460022575 ) ) ;
#952 = FACE_BOUND ( 'NONE', #961, .T. ) ;
#953 = ORIENTED_EDGE ( 'NONE', *, *, #768, .T. ) ;
#954 = ADVANCED_FACE ( 'NONE', ( #2055 ), #3193, .F. ) ;
#955 = CARTESIAN_POINT ( 'NONE',  ( 330.5011170287429536, 92.59020134806620206, -502.9505027460021438 ) ) ;
#956 = CARTESIAN_POINT ( 'NONE',  ( 494.5011170287429536, 92.59020134806620206, -815.4505027460022575 ) ) ;
#957 = PRODUCT_DEFINITION_FORMATION_WITH_SPECIFIED_SOURCE ( 'ANY', '', #1798, .NOT_KNOWN. ) ;
#958 = DIRECTION ( 'NONE',  ( 0.000000000000000000, 0.000000000000000000, 1.000000000000000000 ) ) ;
#959 = ORIENTED_EDGE ( 'NONE', *, *, #2219, .T. ) ;
#960 = DIRECTION ( 'NONE',  ( -0.7071067811865474617, 0.000000000000000000, 0.7071067811865474617 ) ) ;
#961 = EDGE_LOOP ( 'NONE', ( #1959, #633 ) ) ;
#962 = DIRECTION ( 'NONE',  ( -0.000000000000000000, -1.000000000000000000, -0.000000000000000000 ) ) ;
#963 = CYLINDRICAL_SURFACE ( 'NONE', #1553, 4.499999999999948486 ) ;
#964 = CARTESIAN_POINT ( 'NONE',  ( 330.5011170287429536, 92.59020134806620206, -425.9505027460022006 ) ) ;
#965 = CYLINDRICAL_SURFACE ( 'NONE', #1630, 7.499999999999951150 ) ;
#966 = AXIS2_PLACEMENT_3D ( 'NONE', #2083, #1201, #1482 ) ;
#967 = ORIENTED_EDGE ( 'NONE', *, *, #972, .F. ) ;
#968 = DIRECTION ( 'NONE',  ( -0.7071067811865475727, 0.000000000000000000, -0.7071067811865475727 ) ) ;
#969 = CARTESIAN_POINT ( 'NONE',  ( 352.5011170287428399, 107.5902013480662021, -245.4505027460023427 ) ) ;
#970 = CIRCLE ( 'NONE', #2898, 4.499999999999948486 ) ;
#971 = DIRECTION ( 'NONE',  ( -0.000000000000000000, -1.000000000000000000, -0.000000000000000000 ) ) ;
#972 = EDGE_CURVE ( 'NONE', #3091, #3371, #1475, .T. ) ;
#973 = AXIS2_PLACEMENT_3D ( 'NONE', #2096, #2133, #2994 ) ;
#974 = VERTEX_POINT ( 'NONE', #2072 ) ;
#975 = CYLINDRICAL_SURFACE ( 'NONE', #575, 7.499999999999951150 ) ;
#976 = AXIS2_PLACEMENT_3D ( 'NONE', #2480, #3628, #1940 ) ;
#977 = EDGE_CURVE ( 'NONE', #200, #130, #871, .T. ) ;
#978 = ORIENTED_EDGE ( 'NONE', *, *, #1991, .F. ) ;
#979 = DIRECTION ( 'NONE',  ( 0.000000000000000000, 0.000000000000000000, -1.000000000000000000 ) ) ;
#980 = ORIENTED_EDGE ( 'NONE', *, *, #441, .T. ) ;
#981 = LINE ( 'NONE', #3102, #1093 ) ;
#982 = CARTESIAN_POINT ( 'NONE',  ( 941.0011170287428968, 92.59020134806620206, -921.4505027460023712 ) ) ;
#983 = EDGE_LOOP ( 'NONE', ( #749, #316, #2863, #87 ) ) ;
#984 = CARTESIAN_POINT ( 'NONE',  ( 973.5011170287428968, 92.59020134806620206, -815.4505027460023712 ) ) ;
#985 = AXIS2_PLACEMENT_3D ( 'NONE', #2984, #1875, #3020 ) ;
#986 = DIRECTION ( 'NONE',  ( -0.000000000000000000, -1.000000000000000000, -0.000000000000000000 ) ) ;
#987 = FACE_OUTER_BOUND ( 'NONE', #3329, .T. ) ;
#988 = EDGE_LOOP ( 'NONE', ( #3273, #3132 ) ) ;
#989 = DIRECTION ( 'NONE',  ( 0.000000000000000000, 0.000000000000000000, -1.000000000000000000 ) ) ;
#990 = LINE ( 'NONE', #1032, #2607 ) ;
#991 = DIRECTION ( 'NONE',  ( 0.000000000000000000, 0.000000000000000000, -1.000000000000000000 ) ) ;
#992 = CIRCLE ( 'NONE', #1174, 3.400000000000014122 ) ;
#993 = ADVANCED_FACE ( 'NONE', ( #2596 ), #2281, .F. ) ;
#994 = VERTEX_POINT ( 'NONE', #850 ) ;
#995 = DIRECTION ( 'NONE',  ( -0.000000000000000000, -1.000000000000000000, -0.000000000000000000 ) ) ;
#996 = ORIENTED_EDGE ( 'NONE', *, *, #1752, .F. ) ;
#997 = CARTESIAN_POINT ( 'NONE',  ( 330.5011170287429536, 92.59020134806620206, -434.9505027460022006 ) ) ;
#998 = VECTOR ( 'NONE', #2017, 1000.000000000000000 ) ;
#999 = ADVANCED_FACE ( 'NONE', ( #2990 ), #2688, .F. ) ;
#1000 = VERTEX_POINT ( 'NONE', #3267 ) ;
#1001 = CARTESIAN_POINT ( 'NONE',  ( 442.1313810051711357, 101.1902013480661964, -812.8202387695739617 ) ) ;
#1002 = CIRCLE ( 'NONE', #1901, 7.500000000000007105 ) ;
#1003 = CARTESIAN_POINT ( 'NONE',  ( 352.5011170287428399, 107.5902013480662021, -245.4505027460023427 ) ) ;
#1004 = CARTESIAN_POINT ( 'NONE',  ( 733.7041216018069463, 107.5902013480662021, -820.4505027460022575 ) ) ;
#1005 = VECTOR ( 'NONE', #242, 1000.000000000000000 ) ;
#1006 = FACE_OUTER_BOUND ( 'NONE', #1933, .T. ) ;
#1007 = CARTESIAN_POINT ( 'NONE',  ( 398.5011170287428399, 107.5902013480662021, -281.4505027460022575 ) ) ;
#1008 = ORIENTED_EDGE ( 'NONE', *, *, #2219, .F. ) ;
#1009 = AXIS2_PLACEMENT_3D ( 'NONE', #2064, #2642, #571 ) ;
#1010 = CARTESIAN_POINT ( 'NONE',  ( 319.5011170287428968, 107.5902013480662021, -247.4505027460022291 ) ) ;
#1011 = CARTESIAN_POINT ( 'NONE',  ( 319.5011170287428968, 107.5902013480662021, -247.4505027460022291 ) ) ;
#1012 = DIRECTION ( 'NONE',  ( -0.000000000000000000, -1.000000000000000000, -0.000000000000000000 ) ) ;
#1013 = VECTOR ( 'NONE', #2212, 1000.000000000000000 ) ;
#1014 = ORIENTED_EDGE ( 'NONE', *, *, #1022, .F. ) ;
#1015 = VECTOR ( 'NONE', #1328, 1000.000000000000000 ) ;
#1016 = DIRECTION ( 'NONE',  ( -0.000000000000000000, -1.000000000000000000, -0.000000000000000000 ) ) ;
#1017 = VERTEX_POINT ( 'NONE', #695 ) ;
#1018 = EDGE_CURVE ( 'NONE', #217, #2397, #1096, .T. ) ;
#1019 = ADVANCED_FACE ( 'NONE', ( #3524 ), #1863, .F. ) ;
#1020 = ORIENTED_EDGE ( 'NONE', *, *, #2267, .T. ) ;
#1021 = ORIENTED_EDGE ( 'NONE', *, *, #2631, .T. ) ;
#1022 = EDGE_CURVE ( 'NONE', #362, #3347, #2412, .T. ) ;
#1023 = DIRECTION ( 'NONE',  ( 0.000000000000000000, -0.000000000000000000, 1.000000000000000000 ) ) ;
#1024 = EDGE_CURVE ( 'NONE', #2694, #2066, #2404, .T. ) ;
#1025 = FACE_OUTER_BOUND ( 'NONE', #3248, .T. ) ;
#1026 = ORIENTED_EDGE ( 'NONE', *, *, #3487, .T. ) ;
#1027 = CYLINDRICAL_SURFACE ( 'NONE', #696, 4.499999999999948486 ) ;
#1028 = DIRECTION ( 'NONE',  ( -0.000000000000000000, -1.000000000000000000, -0.000000000000000000 ) ) ;
#1029 = FACE_OUTER_BOUND ( 'NONE', #2802, .T. ) ;
#1030 = EDGE_CURVE ( 'NONE', #595, #867, #2901, .T. ) ;
#1031 = LINE ( 'NONE', #3322, #771 ) ;
#1032 = CARTESIAN_POINT ( 'NONE',  ( 801.0011170287428968, 92.59020134806620206, -820.4505027460022575 ) ) ;
#1033 = DIRECTION ( 'NONE',  ( 0.000000000000000000, 0.000000000000000000, -1.000000000000000000 ) ) ;
#1034 = ORIENTED_EDGE ( 'NONE', *, *, #2600, .T. ) ;
#1035 = AXIS2_PLACEMENT_3D ( 'NONE', #1258, #1272, #1534 ) ;
#1036 = LINE ( 'NONE', #2356, #3338 ) ;
#1037 = EDGE_LOOP ( 'NONE', ( #3315, #1817 ) ) ;
#1038 = AXIS2_PLACEMENT_3D ( 'NONE', #1529, #2961, #3312 ) ;
#1039 = AXIS2_PLACEMENT_3D ( 'NONE', #3006, #1266, #1844 ) ;
#1040 = ORIENTED_EDGE ( 'NONE', *, *, #501, .F. ) ;
#1041 = DIRECTION ( 'NONE',  ( -0.000000000000000000, -1.000000000000000000, -0.000000000000000000 ) ) ;
#1042 = CARTESIAN_POINT ( 'NONE',  ( 591.0011170287428968, 92.59020134806620206, -832.4505027460022575 ) ) ;
#1043 = VERTEX_POINT ( 'NONE', #717 ) ;
#1044 = ADVANCED_FACE ( 'NONE', ( #2110 ), #361, .F. ) ;
#1045 = FACE_OUTER_BOUND ( 'NONE', #270, .T. ) ;
#1046 = EDGE_LOOP ( 'NONE', ( #1395, #1148, #1175, #2820 ) ) ;
#1047 = CARTESIAN_POINT ( 'NONE',  ( 330.5011170287429536, 101.1902013480661964, -502.9505027460021438 ) ) ;
#1048 = CARTESIAN_POINT ( 'NONE',  ( 330.5011170287429536, 92.59020134806620206, -662.9505027460022575 ) ) ;
#1049 = ADVANCED_FACE ( 'NONE', ( #378 ), #2131, .F. ) ;
#1050 = DIRECTION ( 'NONE',  ( 0.000000000000000000, 0.000000000000000000, -1.000000000000000000 ) ) ;
#1051 = DIRECTION ( 'NONE',  ( 0.000000000000000000, 0.000000000000000000, -1.000000000000000000 ) ) ;
#1052 = ORIENTED_EDGE ( 'NONE', *, *, #1322, .T. ) ;
#1053 = DIRECTION ( 'NONE',  ( -0.000000000000000000, -1.000000000000000000, -0.000000000000000000 ) ) ;
#1054 = VERTEX_POINT ( 'NONE', #1561 ) ;
#1055 = ORIENTED_EDGE ( 'NONE', *, *, #3572, .T. ) ;
#1056 = ORIENTED_EDGE ( 'NONE', *, *, #3136, .F. ) ;
#1057 = ORIENTED_EDGE ( 'NONE', *, *, #3422, .F. ) ;
#1058 = CARTESIAN_POINT ( 'NONE',  ( 733.7041216018069463, 92.59020134806620206, -824.9505027460022575 ) ) ;
#1059 = VECTOR ( 'NONE', #225, 1000.000000000000114 ) ;
#1060 = VERTEX_POINT ( 'NONE', #138 ) ;
#1061 = LINE ( 'NONE', #2539, #692 ) ;
#1062 = EDGE_LOOP ( 'NONE', ( #2838, #887 ) ) ;
#1063 = DIRECTION ( 'NONE',  ( 0.000000000000000000, 0.000000000000000000, -1.000000000000000000 ) ) ;
#1064 = VECTOR ( 'NONE', #99, 1000.000000000000000 ) ;
#1065 = EDGE_CURVE ( 'NONE', #2260, #1133, #1824, .T. ) ;
#1066 = CARTESIAN_POINT ( 'NONE',  ( 494.5011170287429536, 107.5902013480662021, -815.4505027460022575 ) ) ;
#1067 = CIRCLE ( 'NONE', #2865, 4.499999999999948486 ) ;
#1068 = DIRECTION ( 'NONE',  ( 0.000000000000000000, 0.000000000000000000, 1.000000000000000000 ) ) ;
#1069 = CARTESIAN_POINT ( 'NONE',  ( 941.0011170287428968, 92.59020134806620206, -824.9505027460022575 ) ) ;
#1070 = EDGE_CURVE ( 'NONE', #1541, #1673, #1230, .T. ) ;
#1071 = AXIS2_PLACEMENT_3D ( 'NONE', #1775, #350, #77 ) ;
#1072 = ORIENTED_EDGE ( 'NONE', *, *, #3572, .F. ) ;
#1073 = AXIS2_PLACEMENT_3D ( 'NONE', #337, #2934, #1486 ) ;
#1074 = CARTESIAN_POINT ( 'NONE',  ( 330.5011170287429536, 92.59020134806620206, -670.4505027460022575 ) ) ;
#1075 = DIRECTION ( 'NONE',  ( 0.000000000000000000, 0.000000000000000000, -1.000000000000000000 ) ) ;
#1076 = CIRCLE ( 'NONE', #2039, 155.0000000000000284 ) ;
#1077 = VERTEX_POINT ( 'NONE', #2371 ) ;
#1078 = LINE ( 'NONE', #1621, #611 ) ;
#1079 = EDGE_LOOP ( 'NONE', ( #2436, #3703, #3392, #763 ) ) ;
#1080 = CARTESIAN_POINT ( 'NONE',  ( 330.5011170287429536, 92.59020134806620206, -437.9505027460022006 ) ) ;
#1081 = VERTEX_POINT ( 'NONE', #942 ) ;
#1082 = DIRECTION ( 'NONE',  ( -0.000000000000000000, -1.000000000000000000, -0.000000000000000000 ) ) ;
#1083 = FACE_BOUND ( 'NONE', #1144, .T. ) ;
#1084 = DIRECTION ( 'NONE',  ( 0.000000000000000000, 1.000000000000000000, 0.000000000000000000 ) ) ;
#1085 = DIRECTION ( 'NONE',  ( -1.000000000000000000, 0.000000000000000000, 0.000000000000000000 ) ) ;
#1086 = ORIENTED_EDGE ( 'NONE', *, *, #3178, .T. ) ;
#1087 = ADVANCED_FACE ( 'NONE', ( #2092 ), #103, .F. ) ;
#1088 = EDGE_CURVE ( 'NONE', #1944, #1138, #2971, .T. ) ;
#1089 = CARTESIAN_POINT ( 'NONE',  ( 330.5011170287429536, 101.1902013480661964, -674.9505027460023712 ) ) ;
#1090 = VERTEX_POINT ( 'NONE', #2957 ) ;
#1091 = ORIENTED_EDGE ( 'NONE', *, *, #2834, .T. ) ;
#1092 = ADVANCED_FACE ( 'NONE', ( #3187 ), #903, .F. ) ;
#1093 = VECTOR ( 'NONE', #1396, 1000.000000000000000 ) ;
#1094 = ORIENTED_EDGE ( 'NONE', *, *, #306, .T. ) ;
#1095 = FACE_OUTER_BOUND ( 'NONE', #2084, .T. ) ;
#1096 = CIRCLE ( 'NONE', #319, 4.499999999999948486 ) ;
#1097 = ORIENTED_EDGE ( 'NONE', *, *, #3037, .F. ) ;
#1098 = DIRECTION ( 'NONE',  ( -0.000000000000000000, -1.000000000000000000, -0.000000000000000000 ) ) ;
#1099 = ORIENTED_EDGE ( 'NONE', *, *, #2504, .F. ) ;
#1100 = DIRECTION ( 'NONE',  ( 0.000000000000000000, 0.000000000000000000, -1.000000000000000000 ) ) ;
#1101 = DIRECTION ( 'NONE',  ( -0.000000000000000000, -1.000000000000000000, -0.000000000000000000 ) ) ;
#1102 = CARTESIAN_POINT ( 'NONE',  ( 330.5011170287429536, 92.59020134806620206, -510.4505027460022575 ) ) ;
#1103 = CARTESIAN_POINT ( 'NONE',  ( 941.0011170287428968, 92.59020134806620206, -918.4505027460023712 ) ) ;
#1104 = ORIENTED_EDGE ( 'NONE', *, *, #3686, .T. ) ;
#1105 = DIRECTION ( 'NONE',  ( 0.000000000000000000, 0.000000000000000000, -1.000000000000000000 ) ) ;
#1106 = DIRECTION ( 'NONE',  ( 0.000000000000000000, 0.000000000000000000, 1.000000000000000000 ) ) ;
#1107 = EDGE_CURVE ( 'NONE', #2164, #3046, #859, .T. ) ;
#1108 = DIRECTION ( 'NONE',  ( -0.000000000000000000, -1.000000000000000000, -0.000000000000000000 ) ) ;
#1109 = AXIS2_PLACEMENT_3D ( 'NONE', #3335, #2225, #3652 ) ;
#1110 = ORIENTED_EDGE ( 'NONE', *, *, #1593, .F. ) ;
#1111 = ORIENTED_EDGE ( 'NONE', *, *, #357, .T. ) ;
#1112 = DIRECTION ( 'NONE',  ( 0.000000000000000000, 0.000000000000000000, -1.000000000000000000 ) ) ;
#1113 = AXIS2_PLACEMENT_3D ( 'NONE', #2770, #2189, #199 ) ;
#1114 = EDGE_CURVE ( 'NONE', #200, #1077, #2063, .T. ) ;
#1115 = VECTOR ( 'NONE', #1581, 1000.000000000000000 ) ;
#1116 = DIRECTION ( 'NONE',  ( -0.000000000000000000, -1.000000000000000000, -0.000000000000000000 ) ) ;
#1117 = ORIENTED_EDGE ( 'NONE', *, *, #1963, .F. ) ;
#1118 = PLANE ( 'NONE',  #84 ) ;
#1119 = AXIS2_PLACEMENT_3D ( 'NONE', #1649, #3383, #1426 ) ;
#1120 = CARTESIAN_POINT ( 'NONE',  ( 410.2549050041553755, 92.59020134806620206, -844.6967147705897787 ) ) ;
#1121 = FACE_OUTER_BOUND ( 'NONE', #2576, .T. ) ;
#1122 = AXIS2_PLACEMENT_3D ( 'NONE', #2385, #2897, #2348 ) ;
#1123 = CARTESIAN_POINT ( 'NONE',  ( 801.0011170287428968, 92.59020134806620206, -824.9505027460022575 ) ) ;
#1124 = VERTEX_POINT ( 'NONE', #1487 ) ;
#1125 = AXIS2_PLACEMENT_3D ( 'NONE', #1686, #265, #1408 ) ;
#1126 = FACE_BOUND ( 'NONE', #1324, .T. ) ;
#1127 = FACE_OUTER_BOUND ( 'NONE', #1908, .T. ) ;
#1128 = AXIS2_PLACEMENT_3D ( 'NONE', #2677, #94, #3031 ) ;
#1129 = EDGE_LOOP ( 'NONE', ( #1474, #3366, #3223, #1040 ) ) ;
#1130 = ORIENTED_EDGE ( 'NONE', *, *, #2354, .T. ) ;
#1131 = DIRECTION ( 'NONE',  ( -0.000000000000000000, -1.000000000000000000, -0.000000000000000000 ) ) ;
#1132 = AXIS2_PLACEMENT_3D ( 'NONE', #1780, #2982, #989 ) ;
#1133 = VERTEX_POINT ( 'NONE', #2567 ) ;
#1134 = VECTOR ( 'NONE', #400, 1000.000000000000000 ) ;
#1135 = DIRECTION ( 'NONE',  ( -0.000000000000000000, -1.000000000000000000, -0.000000000000000000 ) ) ;
#1136 = EDGE_CURVE ( 'NONE', #1617, #2943, #2951, .T. ) ;
#1137 = EDGE_CURVE ( 'NONE', #2375, #380, #882, .T. ) ;
#1138 = VERTEX_POINT ( 'NONE', #2916 ) ;
#1139 = DIRECTION ( 'NONE',  ( -0.000000000000000000, -1.000000000000000000, -0.000000000000000000 ) ) ;
#1140 = CARTESIAN_POINT ( 'NONE',  ( 591.0011170287428968, 92.59020134806620206, -824.9505027460023712 ) ) ;
#1141 = CARTESIAN_POINT ( 'NONE',  ( 330.5011170287429536, 107.5902013480662021, -434.9505027460022006 ) ) ;
#1142 = EDGE_CURVE ( 'NONE', #563, #588, #299, .T. ) ;
#1143 = CARTESIAN_POINT ( 'NONE',  ( 805.5011170287427831, 101.1902013480661964, -824.9505027460022575 ) ) ;
#1144 = EDGE_LOOP ( 'NONE', ( #1582, #1562 ) ) ;
#1145 = LINE ( 'NONE', #46, #1547 ) ;
#1146 = DIRECTION ( 'NONE',  ( 0.000000000000000000, 1.000000000000000000, 0.000000000000000000 ) ) ;
#1147 = CARTESIAN_POINT ( 'NONE',  ( 330.5011170287429536, 101.1902013480661964, -422.9505027460022006 ) ) ;
#1148 = ORIENTED_EDGE ( 'NONE', *, *, #837, .F. ) ;
#1149 = VERTEX_POINT ( 'NONE', #2049 ) ;
#1150 = ORIENTED_EDGE ( 'NONE', *, *, #152, .T. ) ;
#1151 = DIRECTION ( 'NONE',  ( -0.000000000000000000, -1.000000000000000000, -0.000000000000000000 ) ) ;
#1152 = EDGE_LOOP ( 'NONE', ( #707, #1856, #3070, #691, #613, #102, #1155, #3283, #755, #2479, #524, #1919, #3614, #224, #2906, #146, #292, #3555, #2960, #2976, #1341, #157 ) ) ;
#1153 = CIRCLE ( 'NONE', #3310, 7.500000000000062172 ) ;
#1154 = DIRECTION ( 'NONE',  ( 0.000000000000000000, 0.000000000000000000, 1.000000000000000000 ) ) ;
#1155 = ORIENTED_EDGE ( 'NONE', *, *, #3550, .F. ) ;
#1156 = CYLINDRICAL_SURFACE ( 'NONE', #2528, 7.500000000000007105 ) ;
#1157 = CIRCLE ( 'NONE', #1038, 4.499999999999948486 ) ;
#1158 = EDGE_CURVE ( 'NONE', #2593, #1054, #3461, .T. ) ;
#1159 = EDGE_CURVE ( 'NONE', #3353, #3175, #1447, .T. ) ;
#1160 = CARTESIAN_POINT ( 'NONE',  ( 591.0011170287428968, 107.5902013480662021, -921.4505027460023712 ) ) ;
#1161 = CIRCLE ( 'NONE', #3320, 4.499999999999948486 ) ;
#1162 = FACE_OUTER_BOUND ( 'NONE', #520, .T. ) ;
#1163 = CARTESIAN_POINT ( 'NONE',  ( 344.5011170287429536, 107.5902013480662021, -273.8505027460023484 ) ) ;
#1164 = VERTEX_POINT ( 'NONE', #3227 ) ;
#1165 = EDGE_CURVE ( 'NONE', #2824, #1381, #1518, .T. ) ;
#1166 = FACE_BOUND ( 'NONE', #3690, .T. ) ;
#1167 = DIRECTION ( 'NONE',  ( -0.000000000000000000, 1.000000000000000000, -0.000000000000000000 ) ) ;
#1168 = LINE ( 'NONE', #2050, #1421 ) ;
#1169 = CARTESIAN_POINT ( 'NONE',  ( 330.5011170287429536, 92.59020134806620206, -502.9505027460021438 ) ) ;
#1170 = ORIENTED_EDGE ( 'NONE', *, *, #1386, .T. ) ;
#1171 = VERTEX_POINT ( 'NONE', #2309 ) ;
#1172 = LINE ( 'NONE', #1787, #2121 ) ;
#1173 = FACE_OUTER_BOUND ( 'NONE', #194, .T. ) ;
#1174 = AXIS2_PLACEMENT_3D ( 'NONE', #2620, #2929, #2342 ) ;
#1175 = ORIENTED_EDGE ( 'NONE', *, *, #1180, .T. ) ;
#1176 = CYLINDRICAL_SURFACE ( 'NONE', #1454, 4.499999999999948486 ) ;
#1177 = DIRECTION ( 'NONE',  ( 0.000000000000000000, 0.000000000000000000, -1.000000000000000000 ) ) ;
#1178 = DIRECTION ( 'NONE',  ( -0.000000000000000000, -1.000000000000000000, -0.000000000000000000 ) ) ;
#1179 = CARTESIAN_POINT ( 'NONE',  ( 439.5011170287428399, 107.5902013480662021, -750.4505027460024849 ) ) ;
#1180 = EDGE_CURVE ( 'NONE', #1090, #3625, #2030, .T. ) ;
#1181 = DIRECTION ( 'NONE',  ( 0.000000000000000000, 0.000000000000000000, -1.000000000000000000 ) ) ;
#1182 = ORIENTED_EDGE ( 'NONE', *, *, #423, .F. ) ;
#1183 = FACE_BOUND ( 'NONE', #1231, .T. ) ;
#1184 = VECTOR ( 'NONE', #3569, 1000.000000000000000 ) ;
#1185 = CARTESIAN_POINT ( 'NONE',  ( 973.5011170287428968, 92.59020134806620206, -815.4505027460023712 ) ) ;
#1186 = CARTESIAN_POINT ( 'NONE',  ( 442.1313810051711357, 107.5902013480662021, -812.8202387695739617 ) ) ;
#1187 = EDGE_CURVE ( 'NONE', #994, #2598, #1339, .T. ) ;
#1188 = EDGE_CURVE ( 'NONE', #1554, #3584, #922, .T. ) ;
#1189 = VECTOR ( 'NONE', #637, 1000.000000000000000 ) ;
#1190 = EDGE_CURVE ( 'NONE', #328, #2420, #938, .T. ) ;
#1191 = VERTEX_POINT ( 'NONE', #370 ) ;
#1192 = CARTESIAN_POINT ( 'NONE',  ( 439.5011170287429536, 107.5902013480662021, -290.4505027460021438 ) ) ;
#1193 = VECTOR ( 'NONE', #42, 1000.000000000000000 ) ;
#1194 = DIRECTION ( 'NONE',  ( 0.000000000000000000, 0.000000000000000000, -1.000000000000000000 ) ) ;
#1195 = CIRCLE ( 'NONE', #3589, 7.500000000000062172 ) ;
#1196 = ORIENTED_EDGE ( 'NONE', *, *, #3414, .F. ) ;
#1197 = CARTESIAN_POINT ( 'NONE',  ( 383.5011170287429536, 101.1902013480661964, -675.4505027460023712 ) ) ;
#1198 = CYLINDRICAL_SURFACE ( 'NONE', #3591, 4.499999999999948486 ) ;
#1199 = CARTESIAN_POINT ( 'NONE',  ( 360.5011170287428399, 107.5902013480662021, -281.4505027460022575 ) ) ;
#1200 = FACE_OUTER_BOUND ( 'NONE', #2047, .T. ) ;
#1201 = DIRECTION ( 'NONE',  ( 0.000000000000000000, 1.000000000000000000, 0.000000000000000000 ) ) ;
#1202 = EDGE_LOOP ( 'NONE', ( #3054, #2856 ) ) ;
#1203 = DIRECTION ( 'NONE',  ( 0.000000000000000000, 0.000000000000000000, -1.000000000000000000 ) ) ;
#1204 = CARTESIAN_POINT ( 'NONE',  ( 410.2549050041553755, 101.1902013480661964, -844.6967147705897787 ) ) ;
#1205 = DIRECTION ( 'NONE',  ( 0.000000000000000000, 0.000000000000000000, -1.000000000000000000 ) ) ;
#1206 = EDGE_CURVE ( 'NONE', #454, #328, #798, .T. ) ;
#1207 = ADVANCED_FACE ( 'NONE', ( #1781, #2895 ), #320, .F. ) ;
#1208 = DIRECTION ( 'NONE',  ( 0.000000000000000000, 0.000000000000000000, -1.000000000000000000 ) ) ;
#1209 = EDGE_LOOP ( 'NONE', ( #2289, #3384 ) ) ;
#1210 = ORIENTED_EDGE ( 'NONE', *, *, #1273, .F. ) ;
#1211 = CYLINDRICAL_SURFACE ( 'NONE', #1819, 4.499999999999948486 ) ;
#1212 = EDGE_CURVE ( 'NONE', #1554, #2130, #2594, .T. ) ;
#1213 = DIRECTION ( 'NONE',  ( -0.7071067811865500152, 0.000000000000000000, -0.7071067811865451302 ) ) ;
#1214 = EDGE_LOOP ( 'NONE', ( #3466, #959, #733, #163 ) ) ;
#1215 = DIRECTION ( 'NONE',  ( -0.000000000000000000, -1.000000000000000000, -0.000000000000000000 ) ) ;
#1216 = VECTOR ( 'NONE', #1082, 1000.000000000000000 ) ;
#1217 = EDGE_LOOP ( 'NONE', ( #184, #2109, #1846, #744 ) ) ;
#1218 = DIRECTION ( 'NONE',  ( -0.000000000000000000, -1.000000000000000000, -0.000000000000000000 ) ) ;
#1219 = DIRECTION ( 'NONE',  ( -0.000000000000000000, -1.000000000000000000, -0.000000000000000000 ) ) ;
#1220 = CIRCLE ( 'NONE', #3313, 55.00000000000004974 ) ;
#1221 = FACE_BOUND ( 'NONE', #2204, .T. ) ;
#1222 = ORIENTED_EDGE ( 'NONE', *, *, #3059, .F. ) ;
#1223 = LINE ( 'NONE', #1555, #3480 ) ;
#1224 = AXIS2_PLACEMENT_3D ( 'NONE', #2538, #3685, #1112 ) ;
#1225 = CARTESIAN_POINT ( 'NONE',  ( 591.0011170287428968, 92.59020134806620206, -829.4505027460022575 ) ) ;
#1226 = CARTESIAN_POINT ( 'NONE',  ( 941.0011170287428968, 101.1902013480661964, -925.9505027460023712 ) ) ;
#1227 = VERTEX_POINT ( 'NONE', #1763 ) ;
#1228 = VERTEX_POINT ( 'NONE', #81 ) ;
#1229 = EDGE_CURVE ( 'NONE', #2375, #2185, #3554, .T. ) ;
#1230 = LINE ( 'NONE', #997, #2061 ) ;
#1231 = EDGE_LOOP ( 'NONE', ( #2058, #268 ) ) ;
#1232 = PRODUCT_DEFINITION_SHAPE ( 'NONE', 'NONE',  #1407 ) ;
#1233 = CARTESIAN_POINT ( 'NONE',  ( 383.5011170287429536, 92.59020134806620206, -490.9505027460023143 ) ) ;
#1234 = EDGE_CURVE ( 'NONE', #2694, #3328, #3581, .T. ) ;
#1235 = AXIS2_PLACEMENT_3D ( 'NONE', #2868, #2602, #41 ) ;
#1236 = CARTESIAN_POINT ( 'NONE',  ( 330.5011170287429536, 92.59020134806620206, -510.4505027460022575 ) ) ;
#1237 = CARTESIAN_POINT ( 'NONE',  ( 941.0011170287428968, 101.1902013480661964, -824.9505027460022575 ) ) ;
#1238 = ORIENTED_EDGE ( 'NONE', *, *, #1796, .F. ) ;
#1239 = LINE ( 'NONE', #2104, #2094 ) ;
#1240 = DIRECTION ( 'NONE',  ( -0.000000000000000000, -1.000000000000000000, -0.000000000000000000 ) ) ;
#1241 = AXIS2_PLACEMENT_3D ( 'NONE', #2724, #2761, #1213 ) ;
#1242 = FACE_BOUND ( 'NONE', #2256, .T. ) ;
#1243 = EDGE_LOOP ( 'NONE', ( #2516, #639 ) ) ;
#1244 = AXIS2_PLACEMENT_3D ( 'NONE', #3024, #72, #2743 ) ;
#1245 = ORIENTED_EDGE ( 'NONE', *, *, #2165, .T. ) ;
#1246 = AXIS2_PLACEMENT_3D ( 'NONE', #1704, #3135, #2851 ) ;
#1247 = ORIENTED_EDGE ( 'NONE', *, *, #3414, .T. ) ;
#1248 = CARTESIAN_POINT ( 'NONE',  ( 801.0011170287428968, 92.59020134806620206, -925.9505027460023712 ) ) ;
#1249 = EDGE_CURVE ( 'NONE', #1329, #3666, #439, .T. ) ;
#1250 = ORIENTED_EDGE ( 'NONE', *, *, #1657, .T. ) ;
#1251 = LINE ( 'NONE', #3235, #2591 ) ;
#1252 = CIRCLE ( 'NONE', #2273, 4.499999999999948486 ) ;
#1253 = CARTESIAN_POINT ( 'NONE',  ( 591.0011170287428968, 101.1902013480661964, -820.4505027460023712 ) ) ;
#1254 = ORIENTED_EDGE ( 'NONE', *, *, #129, .F. ) ;
#1255 = EDGE_CURVE ( 'NONE', #3666, #1823, #3378, .T. ) ;
#1256 = AXIS2_PLACEMENT_3D ( 'NONE', #1401, #2866, #534 ) ;
#1257 = CARTESIAN_POINT ( 'NONE',  ( 321.5011170287428399, 107.5902013480662021, -245.4505027460022859 ) ) ;
#1258 = CARTESIAN_POINT ( 'NONE',  ( 474.5011170287428968, 107.5902013480662021, -780.4505027460022575 ) ) ;
#1259 = VECTOR ( 'NONE', #3163, 1000.000000000000000 ) ;
#1260 = ORIENTED_EDGE ( 'NONE', *, *, #1229, .F. ) ;
#1261 = DIRECTION ( 'NONE',  ( -0.000000000000000000, -1.000000000000000000, -0.000000000000000000 ) ) ;
#1262 = CARTESIAN_POINT ( 'NONE',  ( 439.5011170287429536, 107.5902013480662021, -760.4505027460022575 ) ) ;
#1263 = DIRECTION ( 'NONE',  ( -0.000000000000000000, -1.000000000000000000, -0.000000000000000000 ) ) ;
#1264 = VERTEX_POINT ( 'NONE', #969 ) ;
#1265 = VERTEX_POINT ( 'NONE', #1537 ) ;
#1266 = DIRECTION ( 'NONE',  ( 0.000000000000000000, 1.000000000000000000, 0.000000000000000000 ) ) ;
#1267 = EDGE_LOOP ( 'NONE', ( #2783, #505, #2207, #774 ) ) ;
#1268 = DIRECTION ( 'NONE',  ( 0.000000000000000000, 0.000000000000000000, 1.000000000000000000 ) ) ;
#1269 = ORIENTED_EDGE ( 'NONE', *, *, #1018, .F. ) ;
#1270 = CARTESIAN_POINT ( 'NONE',  ( 945.5011170287428968, 101.1902013480661964, -925.9505027460023712 ) ) ;
#1271 = DIRECTION ( 'NONE',  ( 0.000000000000000000, 0.000000000000000000, -1.000000000000000000 ) ) ;
#1272 = DIRECTION ( 'NONE',  ( 0.000000000000000000, 1.000000000000000000, 0.000000000000000000 ) ) ;
#1273 = EDGE_CURVE ( 'NONE', #3197, #3215, #2452, .T. ) ;
#1274 = AXIS2_PLACEMENT_3D ( 'NONE', #3167, #3498, #2931 ) ;
#1275 = ORIENTED_EDGE ( 'NONE', *, *, #1845, .F. ) ;
#1276 = DIRECTION ( 'NONE',  ( 0.7071067811865376918, 0.000000000000000000, -0.7071067811865573427 ) ) ;
#1277 = DIRECTION ( 'NONE',  ( 0.000000000000000000, 0.000000000000000000, 1.000000000000000000 ) ) ;
#1278 = VECTOR ( 'NONE', #962, 1000.000000000000000 ) ;
#1279 = CARTESIAN_POINT ( 'NONE',  ( 941.0011170287428968, 92.59020134806620206, -832.4505027460021438 ) ) ;
#1280 = ADVANCED_FACE ( 'NONE', ( #407 ), #1520, .F. ) ;
#1281 = VECTOR ( 'NONE', #3304, 1000.000000000000000 ) ;
#1282 = CIRCLE ( 'NONE', #2473, 4.499999999999948486 ) ;
#1283 = ORIENTED_EDGE ( 'NONE', *, *, #2240, .T. ) ;
#1284 = ORIENTED_EDGE ( 'NONE', *, *, #2952, .F. ) ;
#1285 = CARTESIAN_POINT ( 'NONE',  ( 439.5011170287428399, 107.5902013480662021, -247.4505027460023427 ) ) ;
#1286 = ORIENTED_EDGE ( 'NONE', *, *, #508, .T. ) ;
#1287 = DIRECTION ( 'NONE',  ( -0.000000000000000000, -1.000000000000000000, -0.000000000000000000 ) ) ;
#1288 = VERTEX_POINT ( 'NONE', #98 ) ;
#1289 = LINE ( 'NONE', #3574, #137 ) ;
#1290 = DIRECTION ( 'NONE',  ( -0.000000000000000000, -1.000000000000000000, -0.000000000000000000 ) ) ;
#1291 = EDGE_LOOP ( 'NONE', ( #2725, #3528, #489, #1336 ) ) ;
#1292 = AXIS2_PLACEMENT_3D ( 'NONE', #2736, #3324, #1556 ) ;
#1293 = LINE ( 'NONE', #951, #3105 ) ;
#1294 = DIRECTION ( 'NONE',  ( -0.000000000000000000, -1.000000000000000000, -0.000000000000000000 ) ) ;
#1295 = VERTEX_POINT ( 'NONE', #424 ) ;
#1296 = CIRCLE ( 'NONE', #1109, 7.500000000000062172 ) ;
#1297 = CARTESIAN_POINT ( 'NONE',  ( 360.5011170287428399, 107.5902013480662021, -253.4505027460023427 ) ) ;
#1298 = DIRECTION ( 'NONE',  ( 0.000000000000000000, -0.000000000000000000, 1.000000000000000000 ) ) ;
#1299 = ADVANCED_FACE ( 'NONE', ( #1575 ), #1591, .F. ) ;
#1300 = CARTESIAN_POINT ( 'NONE',  ( 801.0011170287428968, 92.59020134806620206, -832.4505027460021438 ) ) ;
#1301 = VERTEX_POINT ( 'NONE', #3599 ) ;
#1302 = ADVANCED_FACE ( 'NONE', ( #116, #2400 ), #747, .F. ) ;
#1303 = EDGE_CURVE ( 'NONE', #758, #2442, #990, .T. ) ;
#1304 = PLANE ( 'NONE',  #1119 ) ;
#1305 = ORIENTED_EDGE ( 'NONE', *, *, #3529, .T. ) ;
#1306 = ORIENTED_EDGE ( 'NONE', *, *, #176, .F. ) ;
#1307 = EDGE_CURVE ( 'NONE', #2598, #994, #2542, .T. ) ;
#1308 = ORIENTED_EDGE ( 'NONE', *, *, #1845, .T. ) ;
#1309 = CYLINDRICAL_SURFACE ( 'NONE', #3504, 7.500000000000062172 ) ;
#1310 = CARTESIAN_POINT ( 'NONE',  ( 319.5011170287429536, 107.5902013480662021, -780.4505027460023712 ) ) ;
#1311 = ORIENTED_EDGE ( 'NONE', *, *, #2631, .F. ) ;
#1312 = AXIS2_PLACEMENT_3D ( 'NONE', #3003, #389, #1051 ) ;
#1313 = PLANE ( 'NONE',  #3415 ) ;
#1314 = CARTESIAN_POINT ( 'NONE',  ( 733.7041216018069463, 92.59020134806620206, -925.9505027460023712 ) ) ;
#1315 = AXIS2_PLACEMENT_3D ( 'NONE', #1568, #986, #665 ) ;
#1316 = DIRECTION ( 'NONE',  ( -0.000000000000000000, -1.000000000000000000, -0.000000000000000000 ) ) ;
#1317 = CYLINDRICAL_SURFACE ( 'NONE', #383, 4.499999999999948486 ) ;
#1318 = DIRECTION ( 'NONE',  ( -0.000000000000000000, -1.000000000000000000, -0.000000000000000000 ) ) ;
#1319 = CIRCLE ( 'NONE', #410, 7.500000000000062172 ) ;
#1320 = LINE ( 'NONE', #1595, #1773 ) ;
#1321 = CARTESIAN_POINT ( 'NONE',  ( 474.5011170287428968, 107.5902013480662021, -780.4505027460022575 ) ) ;
#1322 = EDGE_CURVE ( 'NONE', #3046, #2164, #148, .T. ) ;
#1323 = ADVANCED_FACE ( 'NONE', ( #2665 ), #1317, .F. ) ;
#1324 = EDGE_LOOP ( 'NONE', ( #996, #3286 ) ) ;
#1325 = VERTEX_POINT ( 'NONE', #2433 ) ;
#1326 = FACE_OUTER_BOUND ( 'NONE', #1473, .T. ) ;
#1327 = EDGE_CURVE ( 'NONE', #1629, #760, #2007, .T. ) ;
#1328 = DIRECTION ( 'NONE',  ( -0.000000000000000000, -1.000000000000000000, -0.000000000000000000 ) ) ;
#1329 = VERTEX_POINT ( 'NONE', #2384 ) ;
#1330 = DIRECTION ( 'NONE',  ( -0.000000000000000000, -1.000000000000000000, -0.000000000000000000 ) ) ;
#1331 = ORIENTED_EDGE ( 'NONE', *, *, #1158, .F. ) ;
#1332 = DIRECTION ( 'NONE',  ( 0.000000000000000000, 1.000000000000000000, 0.000000000000000000 ) ) ;
#1333 = CARTESIAN_POINT ( 'NONE',  ( 424.5011170287428399, 92.59020134806620206, -735.4505027460023712 ) ) ;
#1334 = DIRECTION ( 'NONE',  ( 0.000000000000000000, 1.000000000000000000, 0.000000000000000000 ) ) ;
#1335 = DIRECTION ( 'NONE',  ( 0.000000000000000000, 0.000000000000000000, -1.000000000000000000 ) ) ;
#1336 = ORIENTED_EDGE ( 'NONE', *, *, #657, .F. ) ;
#1337 = CARTESIAN_POINT ( 'NONE',  ( 494.5011170287429536, 107.5902013480662021, -815.4505027460022575 ) ) ;
#1338 = FACE_OUTER_BOUND ( 'NONE', #2221, .T. ) ;
#1339 = CIRCLE ( 'NONE', #28, 4.500000000000059508 ) ;
#1340 = AXIS2_PLACEMENT_3D ( 'NONE', #1546, #141, #1023 ) ;
#1341 = ORIENTED_EDGE ( 'NONE', *, *, #2972, .F. ) ;
#1342 = EDGE_LOOP ( 'NONE', ( #2184, #1942 ) ) ;
#1343 = CYLINDRICAL_SURFACE ( 'NONE', #201, 4.499999999999948486 ) ;
#1344 = ORIENTED_EDGE ( 'NONE', *, *, #105, .T. ) ;
#1345 = DIRECTION ( 'NONE',  ( 0.000000000000000000, 0.000000000000000000, -1.000000000000000000 ) ) ;
#1346 = EDGE_CURVE ( 'NONE', #497, #1265, #210, .T. ) ;
#1347 = ORIENTED_EDGE ( 'NONE', *, *, #3038, .F. ) ;
#1348 = DIRECTION ( 'NONE',  ( -0.000000000000000000, -1.000000000000000000, -0.000000000000000000 ) ) ;
#1349 = DIRECTION ( 'NONE',  ( -0.000000000000000000, 1.000000000000000000, -0.000000000000000000 ) ) ;
#1350 = CARTESIAN_POINT ( 'NONE',  ( 414.5011170287428399, 107.5902013480662021, -270.4505027460023143 ) ) ;
#1351 = CARTESIAN_POINT ( 'NONE',  ( 406.5011170287427831, 107.5902013480662021, -323.4505027460023143 ) ) ;
#1352 = ORIENTED_EDGE ( 'NONE', *, *, #2510, .F. ) ;
#1353 = VECTOR ( 'NONE', #3693, 1000.000000000000000 ) ;
#1354 = DIRECTION ( 'NONE',  ( -0.000000000000000000, -1.000000000000000000, -0.000000000000000000 ) ) ;
#1355 = LINE ( 'NONE', #1598, #2460 ) ;
#1356 = EDGE_LOOP ( 'NONE', ( #1456, #303, #465, #254 ) ) ;
#1357 = VECTOR ( 'NONE', #1906, 1000.000000000000114 ) ;
#1358 = ORIENTED_EDGE ( 'NONE', *, *, #1936, .F. ) ;
#1359 = CARTESIAN_POINT ( 'NONE',  ( 801.0011170287428968, 101.1902013480661964, -925.9505027460023712 ) ) ;
#1360 = EDGE_CURVE ( 'NONE', #368, #1325, #3391, .T. ) ;
#1361 = AXIS2_PLACEMENT_3D ( 'NONE', #443, #2455, #172 ) ;
#1362 = VERTEX_POINT ( 'NONE', #956 ) ;
#1363 = LINE ( 'NONE', #2170, #1890 ) ;
#1364 = ORIENTED_EDGE ( 'NONE', *, *, #3156, .T. ) ;
#1365 = LINE ( 'NONE', #2808, #3606 ) ;
#1366 = AXIS2_PLACEMENT_3D ( 'NONE', #372, #1012, #408 ) ;
#1367 = EDGE_CURVE ( 'NONE', #549, #2956, #2105, .T. ) ;
#1368 = FACE_OUTER_BOUND ( 'NONE', #3333, .T. ) ;
#1369 = DIRECTION ( 'NONE',  ( 0.000000000000000000, 0.000000000000000000, 1.000000000000000000 ) ) ;
#1370 = LINE ( 'NONE', #1351, #3282 ) ;
#1371 = VECTOR ( 'NONE', #3133, 1000.000000000000000 ) ;
#1372 = EDGE_CURVE ( 'NONE', #2397, #217, #626, .T. ) ;
#1373 = AXIS2_PLACEMENT_3D ( 'NONE', #1120, #310, #841 ) ;
#1374 = DIRECTION ( 'NONE',  ( 0.000000000000000000, 0.000000000000000000, -1.000000000000000000 ) ) ;
#1375 = ORIENTED_EDGE ( 'NONE', *, *, #1618, .F. ) ;
#1376 = ORIENTED_EDGE ( 'NONE', *, *, #1065, .F. ) ;
#1377 = ORIENTED_EDGE ( 'NONE', *, *, #792, .F. ) ;
#1378 = DIRECTION ( 'NONE',  ( 0.000000000000000000, 0.000000000000000000, -1.000000000000000000 ) ) ;
#1379 = EDGE_LOOP ( 'NONE', ( #13, #1835 ) ) ;
#1380 = LINE ( 'NONE', #3318, #2257 ) ;
#1381 = VERTEX_POINT ( 'NONE', #3619 ) ;
#1382 = FACE_OUTER_BOUND ( 'NONE', #364, .T. ) ;
#1383 = FACE_OUTER_BOUND ( 'NONE', #360, .T. ) ;
#1384 = FACE_OUTER_BOUND ( 'NONE', #2586, .T. ) ;
#1385 = FACE_BOUND ( 'NONE', #2006, .T. ) ;
#1386 = EDGE_CURVE ( 'NONE', #1325, #368, #2918, .T. ) ;
#1387 = ORIENTED_EDGE ( 'NONE', *, *, #3363, .F. ) ;
#1388 = CARTESIAN_POINT ( 'NONE',  ( 330.5011170287429536, 92.59020134806620206, -422.9505027460022006 ) ) ;
#1389 = FACE_OUTER_BOUND ( 'NONE', #1528, .T. ) ;
#1390 = ADVANCED_FACE ( 'NONE', ( #3075 ), #457, .F. ) ;
#1391 = AXIS2_PLACEMENT_3D ( 'NONE', #1984, #3396, #2790 ) ;
#1392 = LINE ( 'NONE', #521, #3172 ) ;
#1393 = ORIENTED_EDGE ( 'NONE', *, *, #418, .T. ) ;
#1394 = CIRCLE ( 'NONE', #488, 7.499999999999951150 ) ;
#1395 = ORIENTED_EDGE ( 'NONE', *, *, #2600, .F. ) ;
#1396 = DIRECTION ( 'NONE',  ( -0.000000000000000000, -1.000000000000000000, -0.000000000000000000 ) ) ;
#1397 = AXIS2_PLACEMENT_3D ( 'NONE', #3430, #3159, #583 ) ;
#1398 = DIRECTION ( 'NONE',  ( 0.000000000000000000, 0.000000000000000000, 1.000000000000000000 ) ) ;
#1399 = ORIENTED_EDGE ( 'NONE', *, *, #264, .F. ) ;
#1400 = CARTESIAN_POINT ( 'NONE',  ( 591.0011170287428968, 92.59020134806620206, -925.9505027460023712 ) ) ;
#1401 = CARTESIAN_POINT ( 'NONE',  ( 414.5011170287428399, 92.59020134806620206, -270.4505027460023143 ) ) ;
#1402 = CARTESIAN_POINT ( 'NONE',  ( 801.0011170287428968, 92.59020134806620206, -918.4505027460023712 ) ) ;
#1403 = CARTESIAN_POINT ( 'NONE',  ( 591.0011170287428968, 101.1902013480661964, -832.4505027460022575 ) ) ;
#1404 = VERTEX_POINT ( 'NONE', #2758 ) ;
#1405 = AXIS2_PLACEMENT_3D ( 'NONE', #1262, #2416, #1277 ) ;
#1406 = LINE ( 'NONE', #298, #232 ) ;
#1407 = PRODUCT_DEFINITION ( 'UNKNOWN', '', #957, #1596 ) ;
#1408 = DIRECTION ( 'NONE',  ( 0.000000000000000000, 0.000000000000000000, 1.000000000000000000 ) ) ;
#1409 = ADVANCED_FACE ( 'NONE', ( #1384 ), #3637, .F. ) ;
#1410 = EDGE_CURVE ( 'NONE', #1362, #1617, #3056, .T. ) ;
#1411 = AXIS2_PLACEMENT_3D ( 'NONE', #1676, #1640, #781 ) ;
#1412 = ORIENTED_EDGE ( 'NONE', *, *, #836, .T. ) ;
#1413 = PLANE ( 'NONE',  #1935 ) ;
#1414 = AXIS2_PLACEMENT_3D ( 'NONE', #1659, #1924, #1398 ) ;
#1415 = EDGE_CURVE ( 'NONE', #1579, #2014, #3111, .T. ) ;
#1416 = DIRECTION ( 'NONE',  ( 0.000000000000000000, 1.000000000000000000, 0.000000000000000000 ) ) ;
#1417 = VERTEX_POINT ( 'NONE', #3359 ) ;
#1418 = CARTESIAN_POINT ( 'NONE',  ( 591.0011170287428968, 107.5902013480662021, -930.4505027460022575 ) ) ;
#1419 = CIRCLE ( 'NONE', #3403, 4.500000000000059508 ) ;
#1420 = SURFACE_SIDE_STYLE ('',( #58 ) ) ;
#1421 = VECTOR ( 'NONE', #3536, 1000.000000000000000 ) ;
#1422 = LINE ( 'NONE', #3057, #1424 ) ;
#1423 = EDGE_LOOP ( 'NONE', ( #3607, #2238, #2481, #812 ) ) ;
#1424 = VECTOR ( 'NONE', #2196, 1000.000000000000000 ) ;
#1425 = DIRECTION ( 'NONE',  ( -0.000000000000000000, -0.000000000000000000, -1.000000000000000000 ) ) ;
#1426 = DIRECTION ( 'NONE',  ( -0.7071067811865376918, 0.000000000000000000, 0.7071067811865574537 ) ) ;
#1427 = VECTOR ( 'NONE', #262, 1000.000000000000000 ) ;
#1428 = EDGE_LOOP ( 'NONE', ( #1110, #2613 ) ) ;
#1429 = LINE ( 'NONE', #1472, #714 ) ;
#1430 = CIRCLE ( 'NONE', #2568, 7.500000000000007105 ) ;
#1431 = ORIENTED_EDGE ( 'NONE', *, *, #131, .T. ) ;
#1432 = ORIENTED_EDGE ( 'NONE', *, *, #2060, .F. ) ;
#1433 = EDGE_CURVE ( 'NONE', #563, #382, #932, .T. ) ;
#1434 = DIRECTION ( 'NONE',  ( 0.000000000000000000, 1.000000000000000000, 0.000000000000000000 ) ) ;
#1435 = EDGE_CURVE ( 'NONE', #3579, #2369, #811, .T. ) ;
#1436 = CIRCLE ( 'NONE', #2875, 4.499999999999948486 ) ;
#1437 = CARTESIAN_POINT ( 'NONE',  ( 330.5011170287429536, 107.5902013480662021, -425.9505027460022006 ) ) ;
#1438 = VERTEX_POINT ( 'NONE', #2827 ) ;
#1439 = CARTESIAN_POINT ( 'NONE',  ( 733.7041216018069463, 101.1902013480661964, -933.4505027460022575 ) ) ;
#1440 = ADVANCED_FACE ( 'NONE', ( #2470 ), #3398, .F. ) ;
#1441 = CARTESIAN_POINT ( 'NONE',  ( 383.5011170287429536, 92.59020134806620206, -375.4505027460023143 ) ) ;
#1442 = CARTESIAN_POINT ( 'NONE',  ( 383.5011170287429536, 92.59020134806620206, -487.9505027460023143 ) ) ;
#1443 = DIRECTION ( 'NONE',  ( 0.000000000000000000, -0.000000000000000000, 1.000000000000000000 ) ) ;
#1444 = DIRECTION ( 'NONE',  ( -0.000000000000000000, 1.000000000000000000, -0.000000000000000000 ) ) ;
#1445 = ORIENTED_EDGE ( 'NONE', *, *, #1986, .T. ) ;
#1446 = FACE_BOUND ( 'NONE', #523, .T. ) ;
#1447 = LINE ( 'NONE', #2068, #2116 ) ;
#1448 = LINE ( 'NONE', #2917, #1064 ) ;
#1449 = PRODUCT_CONTEXT ( 'NONE', #2070, 'mechanical' ) ;
#1450 = ORIENTED_EDGE ( 'NONE', *, *, #1303, .F. ) ;
#1451 = ORIENTED_EDGE ( 'NONE', *, *, #176, .T. ) ;
#1452 = VECTOR ( 'NONE', #666, 1000.000000000000114 ) ;
#1453 = DIRECTION ( 'NONE',  ( 0.000000000000000000, 0.000000000000000000, -1.000000000000000000 ) ) ;
#1454 = AXIS2_PLACEMENT_3D ( 'NONE', #895, #2709, #2728 ) ;
#1455 = ADVANCED_FACE ( 'NONE', ( #535 ), #805, .F. ) ;
#1456 = ORIENTED_EDGE ( 'NONE', *, *, #2854, .F. ) ;
#1457 = CARTESIAN_POINT ( 'NONE',  ( 364.5011170287428399, 92.59020134806620206, -281.4505027460022575 ) ) ;
#1458 = ORIENTED_EDGE ( 'NONE', *, *, #1753, .T. ) ;
#1459 = CARTESIAN_POINT ( 'NONE',  ( 394.5011170287428399, 107.5902013480662021, -285.4505027460022575 ) ) ;
#1460 = VECTOR ( 'NONE', #926, 1000.000000000000000 ) ;
#1461 = DIRECTION ( 'NONE',  ( -0.000000000000000000, -1.000000000000000000, -0.000000000000000000 ) ) ;
#1462 = EDGE_CURVE ( 'NONE', #572, #3240, #2544, .T. ) ;
#1463 = ADVANCED_FACE ( 'NONE', ( #2195 ), #3673, .F. ) ;
#1464 = CARTESIAN_POINT ( 'NONE',  ( 437.5011170287429536, 107.5902013480662021, -245.4505027460023996 ) ) ;
#1465 = VECTOR ( 'NONE', #2859, 1000.000000000000000 ) ;
#1466 = DIRECTION ( 'NONE',  ( 0.000000000000000000, 0.000000000000000000, -1.000000000000000000 ) ) ;
#1467 = FACE_BOUND ( 'NONE', #1243, .T. ) ;
#1468 = EDGE_LOOP ( 'NONE', ( #1653, #1889, #3647, #1973 ) ) ;
#1469 = FACE_BOUND ( 'NONE', #1955, .T. ) ;
#1470 = DIRECTION ( 'NONE',  ( -0.000000000000000000, -1.000000000000000000, -0.000000000000000000 ) ) ;
#1471 = DIRECTION ( 'NONE',  ( 0.000000000000000000, 1.000000000000000000, 0.000000000000000000 ) ) ;
#1472 = CARTESIAN_POINT ( 'NONE',  ( 319.5011170287428968, 92.59020134806620206, -247.4505027460022291 ) ) ;
#1473 = EDGE_LOOP ( 'NONE', ( #2345, #509, #2226, #659 ) ) ;
#1474 = ORIENTED_EDGE ( 'NONE', *, *, #3567, .F. ) ;
#1475 = LINE ( 'NONE', #2615, #1460 ) ;
#1476 = DIRECTION ( 'NONE',  ( -0.000000000000000000, -1.000000000000000000, -0.000000000000000000 ) ) ;
#1477 =( GEOMETRIC_REPRESENTATION_CONTEXT ( 3 ) GLOBAL_UNCERTAINTY_ASSIGNED_CONTEXT ( ( #173 ) ) GLOBAL_UNIT_ASSIGNED_CONTEXT ( ( #1717, #570, #2003 ) ) REPRESENTATION_CONTEXT ( 'NONE', 'WORKASPACE' ) );
#1478 = ORIENTED_EDGE ( 'NONE', *, *, #1158, .T. ) ;
#1479 = DIRECTION ( 'NONE',  ( 0.000000000000000000, 1.000000000000000000, 0.000000000000000000 ) ) ;
#1480 = CARTESIAN_POINT ( 'NONE',  ( 383.5011170287429536, 92.59020134806620206, -379.9505027460023143 ) ) ;
#1481 = FACE_BOUND ( 'NONE', #1379, .T. ) ;
#1482 = DIRECTION ( 'NONE',  ( 0.000000000000000000, -0.000000000000000000, 1.000000000000000000 ) ) ;
#1483 = AXIS2_PLACEMENT_3D ( 'NONE', #3355, #2753, #1886 ) ;
#1484 = ADVANCED_FACE ( 'NONE', ( #1645 ), #3093, .F. ) ;
#1485 = VERTEX_POINT ( 'NONE', #1912 ) ;
#1486 = DIRECTION ( 'NONE',  ( 0.000000000000000000, -0.000000000000000000, 1.000000000000000000 ) ) ;
#1487 = CARTESIAN_POINT ( 'NONE',  ( 474.5011170287428968, 92.59020134806620206, -935.4505027460022575 ) ) ;
#1488 = DIRECTION ( 'NONE',  ( -0.000000000000000000, -1.000000000000000000, -0.000000000000000000 ) ) ;
#1489 = EDGE_CURVE ( 'NONE', #280, #3658, #2250, .T. ) ;
#1490 = ORIENTED_EDGE ( 'NONE', *, *, #2053, .T. ) ;
#1491 = LINE ( 'NONE', #35, #2658 ) ;
#1492 = CIRCLE ( 'NONE', #1128, 7.499999999999951150 ) ;
#1493 = CARTESIAN_POINT ( 'NONE',  ( 733.7041216018069463, 92.59020134806620206, -921.4505027460023712 ) ) ;
#1494 = VECTOR ( 'NONE', #558, 1000.000000000000000 ) ;
#1495 = ORIENTED_EDGE ( 'NONE', *, *, #2040, .F. ) ;
#1496 = DIRECTION ( 'NONE',  ( 0.000000000000000000, 1.000000000000000000, 0.000000000000000000 ) ) ;
#1497 = AXIS2_PLACEMENT_3D ( 'NONE', #2899, #322, #1208 ) ;
#1498 = DIRECTION ( 'NONE',  ( 0.000000000000000000, 0.000000000000000000, 1.000000000000000000 ) ) ;
#1499 = CARTESIAN_POINT ( 'NONE',  ( 733.7041216018069463, 92.59020134806620206, -925.9505027460023712 ) ) ;
#1500 = FACE_OUTER_BOUND ( 'NONE', #2514, .T. ) ;
#1501 = DIRECTION ( 'NONE',  ( 0.000000000000000000, 0.000000000000000000, -1.000000000000000000 ) ) ;
#1502 = ORIENTED_EDGE ( 'NONE', *, *, #3487, .F. ) ;
#1503 = CARTESIAN_POINT ( 'NONE',  ( 442.1313810051711357, 107.5902013480662021, -812.8202387695739617 ) ) ;
#1504 = CARTESIAN_POINT ( 'NONE',  ( 383.5011170287429536, 107.5902013480662021, -675.4505027460023712 ) ) ;
#1505 = ADVANCED_FACE ( 'NONE', ( #1121 ), #843, .F. ) ;
#1506 = DIRECTION ( 'NONE',  ( 0.000000000000000000, 0.000000000000000000, -1.000000000000000000 ) ) ;
#1507 = ADVANCED_FACE ( 'NONE', ( #1612 ), #311, .F. ) ;
#1508 = EDGE_LOOP ( 'NONE', ( #1393, #3139, #2458, #2280 ) ) ;
#1509 = CARTESIAN_POINT ( 'NONE',  ( 352.5011170287428399, 107.5902013480662021, -245.4505027460023427 ) ) ;
#1510 = VERTEX_POINT ( 'NONE', #1464 ) ;
#1511 = LINE ( 'NONE', #1233, #1996 ) ;
#1512 = AXIS2_PLACEMENT_3D ( 'NONE', #352, #3531, #1501 ) ;
#1513 = LINE ( 'NONE', #23, #3646 ) ;
#1514 = CIRCLE ( 'NONE', #314, 7.499999999999951150 ) ;
#1515 = FACE_OUTER_BOUND ( 'NONE', #2773, .T. ) ;
#1516 = EDGE_LOOP ( 'NONE', ( #1713, #2785, #2494, #2685 ) ) ;
#1517 = DIRECTION ( 'NONE',  ( -0.000000000000000000, -1.000000000000000000, -0.000000000000000000 ) ) ;
#1518 = CIRCLE ( 'NONE', #3615, 7.499999999999951150 ) ;
#1519 = VECTOR ( 'NONE', #1287, 1000.000000000000000 ) ;
#1520 = PLANE ( 'NONE',  #1405 ) ;
#1521 = CARTESIAN_POINT ( 'NONE',  ( 383.5011170287429536, 92.59020134806620206, -495.4505027460023143 ) ) ;
#1522 = AXIS2_PLACEMENT_3D ( 'NONE', #2874, #2087, #29 ) ;
#1523 = ORIENTED_EDGE ( 'NONE', *, *, #2881, .T. ) ;
#1524 = EDGE_LOOP ( 'NONE', ( #2852, #1305, #502, #967 ) ) ;
#1525 = DIRECTION ( 'NONE',  ( -0.000000000000000000, -1.000000000000000000, -0.000000000000000000 ) ) ;
#1526 = EDGE_CURVE ( 'NONE', #854, #2431, #2303, .T. ) ;
#1527 = ADVANCED_FACE ( 'NONE', ( #877, #2022 ), #3127, .F. ) ;
#1528 = EDGE_LOOP ( 'NONE', ( #2766, #2409, #835, #3185 ) ) ;
#1529 = CARTESIAN_POINT ( 'NONE',  ( 801.0011170287428968, 107.5902013480662021, -925.9505027460023712 ) ) ;
#1530 = EDGE_CURVE ( 'NONE', #1823, #3666, #2013, .T. ) ;
#1531 = MANIFOLD_SOLID_BREP ( 'CBORE for M8 Hex Socket Head Cap Screw6', #15 ) ;
#1532 = VECTOR ( 'NONE', #2323, 1000.000000000000000 ) ;
#1533 = CARTESIAN_POINT ( 'NONE',  ( 383.5011170287429536, 101.1902013480661964, -555.4505027460023712 ) ) ;
#1534 = DIRECTION ( 'NONE',  ( 0.000000000000000000, 0.000000000000000000, 1.000000000000000000 ) ) ;
#1535 = ORIENTED_EDGE ( 'NONE', *, *, #508, .F. ) ;
#1536 = CARTESIAN_POINT ( 'NONE',  ( 383.5011170287429536, 101.1902013480661964, -675.4505027460023712 ) ) ;
#1537 = CARTESIAN_POINT ( 'NONE',  ( 330.5011170287429536, 101.1902013480661964, -505.9505027460022006 ) ) ;
#1538 = CARTESIAN_POINT ( 'NONE',  ( 591.0011170287428968, 92.59020134806620206, -824.9505027460023712 ) ) ;
#1539 = ORIENTED_EDGE ( 'NONE', *, *, #2975, .F. ) ;
#1540 = CIRCLE ( 'NONE', #2980, 7.500000000000062172 ) ;
#1541 = VERTEX_POINT ( 'NONE', #1141 ) ;
#1542 = CARTESIAN_POINT ( 'NONE',  ( 499.5011170287429536, 107.5902013480662021, -815.4505027460022575 ) ) ;
#1543 = CIRCLE ( 'NONE', #519, 7.499999999999951150 ) ;
#1544 = EDGE_CURVE ( 'NONE', #2112, #974, #349, .T. ) ;
#1545 = EDGE_LOOP ( 'NONE', ( #703, #3630, #2704, #3687 ) ) ;
#1546 = CARTESIAN_POINT ( 'NONE',  ( 446.6313810051711357, 101.1902013480661964, -812.8202387695739617 ) ) ;
#1547 = VECTOR ( 'NONE', #1425, 1000.000000000000000 ) ;
#1548 = CARTESIAN_POINT ( 'NONE',  ( 330.5011170287429536, 92.59020134806620206, -510.4505027460022575 ) ) ;
#1549 = AXIS2_PLACEMENT_3D ( 'NONE', #422, #1873, #1574 ) ;
#1550 = ADVANCED_FACE ( 'NONE', ( #3437 ), #2846, .F. ) ;
#1551 = DIRECTION ( 'NONE',  ( -0.000000000000000000, -1.000000000000000000, -0.000000000000000000 ) ) ;
#1552 = CARTESIAN_POINT ( 'NONE',  ( 733.7041216018069463, 101.1902013480661964, -918.4505027460023712 ) ) ;
#1553 = AXIS2_PLACEMENT_3D ( 'NONE', #930, #108, #3199 ) ;
#1554 = VERTEX_POINT ( 'NONE', #1774 ) ;
#1555 = CARTESIAN_POINT ( 'NONE',  ( 801.0011170287428968, 92.59020134806620206, -921.4505027460023712 ) ) ;
#1556 = DIRECTION ( 'NONE',  ( 0.000000000000000000, 0.000000000000000000, -1.000000000000000000 ) ) ;
#1557 = CARTESIAN_POINT ( 'NONE',  ( 941.0011170287428968, 107.5902013480662021, -820.4505027460022575 ) ) ;
#1558 = ORIENTED_EDGE ( 'NONE', *, *, #514, .T. ) ;
#1559 = CARTESIAN_POINT ( 'NONE',  ( 398.5011170287428399, 92.59020134806620206, -253.4505027460023427 ) ) ;
#1560 = ORIENTED_EDGE ( 'NONE', *, *, #501, .T. ) ;
#1561 = CARTESIAN_POINT ( 'NONE',  ( 442.1313810051711357, 92.59020134806620206, -820.3202387695740754 ) ) ;
#1562 = ORIENTED_EDGE ( 'NONE', *, *, #379, .F. ) ;
#1563 = AXIS2_PLACEMENT_3D ( 'NONE', #2781, #2762, #1952 ) ;
#1564 = CARTESIAN_POINT ( 'NONE',  ( 383.5011170287429536, 92.59020134806620206, -562.9505027460024849 ) ) ;
#1565 = EDGE_CURVE ( 'NONE', #1017, #595, #592, .T. ) ;
#1566 = DIRECTION ( 'NONE',  ( -0.000000000000000000, -1.000000000000000000, -0.000000000000000000 ) ) ;
#1567 = ORIENTED_EDGE ( 'NONE', *, *, #1894, .T. ) ;
#1568 = CARTESIAN_POINT ( 'NONE',  ( 383.5011170287429536, 92.59020134806620206, -675.4505027460023712 ) ) ;
#1569 = DIRECTION ( 'NONE',  ( -0.000000000000000000, -1.000000000000000000, -0.000000000000000000 ) ) ;
#1570 = AXIS2_PLACEMENT_3D ( 'NONE', #1926, #2227, #510 ) ;
#1571 = ADVANCED_FACE ( 'NONE', ( #3477 ), #2287, .F. ) ;
#1572 = ORIENTED_EDGE ( 'NONE', *, *, #2374, .T. ) ;
#1573 = EDGE_CURVE ( 'NONE', #3252, #73, #689, .T. ) ;
#1574 = DIRECTION ( 'NONE',  ( 0.000000000000000000, 0.000000000000000000, 1.000000000000000000 ) ) ;
#1575 = FACE_OUTER_BOUND ( 'NONE', #2490, .T. ) ;
#1576 = CIRCLE ( 'NONE', #3616, 7.500000000000062172 ) ;
#1577 = LINE ( 'NONE', #2141, #3411 ) ;
#1578 = AXIS2_PLACEMENT_3D ( 'NONE', #343, #3469, #3212 ) ;
#1579 = VERTEX_POINT ( 'NONE', #2910 ) ;
#1580 = EDGE_CURVE ( 'NONE', #2949, #2789, #331, .T. ) ;
#1581 = DIRECTION ( 'NONE',  ( -0.000000000000000000, 1.000000000000000000, -0.000000000000000000 ) ) ;
#1582 = ORIENTED_EDGE ( 'NONE', *, *, #1803, .F. ) ;
#1583 = ORIENTED_EDGE ( 'NONE', *, *, #2908, .T. ) ;
#1584 = DIRECTION ( 'NONE',  ( -0.000000000000000000, -1.000000000000000000, -0.000000000000000000 ) ) ;
#1585 = DIRECTION ( 'NONE',  ( 0.000000000000000000, 1.000000000000000000, 0.000000000000000000 ) ) ;
#1586 = ORIENTED_EDGE ( 'NONE', *, *, #3705, .T. ) ;
#1587 = CARTESIAN_POINT ( 'NONE',  ( 941.0011170287428968, 92.59020134806620206, -817.4505027460022575 ) ) ;
#1588 = DIRECTION ( 'NONE',  ( -0.000000000000000000, -1.000000000000000000, -0.000000000000000000 ) ) ;
#1589 = AXIS2_PLACEMENT_3D ( 'NONE', #187, #1334, #3656 ) ;
#1590 = PLANE ( 'NONE',  #3537 ) ;
#1591 = CYLINDRICAL_SURFACE ( 'NONE', #326, 7.500000000000062172 ) ;
#1592 = DIRECTION ( 'NONE',  ( -0.000000000000000000, -1.000000000000000000, -0.000000000000000000 ) ) ;
#1593 = EDGE_CURVE ( 'NONE', #3311, #3175, #992, .T. ) ;
#1594 = CIRCLE ( 'NONE', #636, 4.499999999999948486 ) ;
#1595 = CARTESIAN_POINT ( 'NONE',  ( 330.5011170287429536, 92.59020134806620206, -514.9505027460021438 ) ) ;
#1596 = PRODUCT_DEFINITION_CONTEXT ( 'detailed design', #3418, 'design' ) ;
#1597 = ADVANCED_FACE ( 'NONE', ( #629 ), #3558, .F. ) ;
#1598 = CARTESIAN_POINT ( 'NONE',  ( 406.5011170287428968, 107.5902013480662021, -245.4505027460023427 ) ) ;
#1599 = VECTOR ( 'NONE', #3096, 1000.000000000000000 ) ;
#1600 = ORIENTED_EDGE ( 'NONE', *, *, #3513, .T. ) ;
#1601 = ORIENTED_EDGE ( 'NONE', *, *, #908, .F. ) ;
#1602 = FACE_BOUND ( 'NONE', #2595, .T. ) ;
#1603 = AXIS2_PLACEMENT_3D ( 'NONE', #1538, #2703, #3582 ) ;
#1604 = DIRECTION ( 'NONE',  ( -0.000000000000000000, -1.000000000000000000, -0.000000000000000000 ) ) ;
#1605 = EDGE_LOOP ( 'NONE', ( #839, #919, #2158, #1850 ) ) ;
#1606 = FACE_OUTER_BOUND ( 'NONE', #1937, .T. ) ;
#1607 = CARTESIAN_POINT ( 'NONE',  ( 383.5011170287429536, 101.1902013480661964, -379.9505027460023143 ) ) ;
#1608 = DIRECTION ( 'NONE',  ( 0.000000000000000000, 0.000000000000000000, -1.000000000000000000 ) ) ;
#1609 = ORIENTED_EDGE ( 'NONE', *, *, #1234, .T. ) ;
#1610 = AXIS2_PLACEMENT_3D ( 'NONE', #2395, #2732, #144 ) ;
#1611 = DIRECTION ( 'NONE',  ( -0.000000000000000000, -1.000000000000000000, -0.000000000000000000 ) ) ;
#1612 = FACE_OUTER_BOUND ( 'NONE', #3388, .T. ) ;
#1613 = DIRECTION ( 'NONE',  ( 0.000000000000000000, 1.000000000000000000, 0.000000000000000000 ) ) ;
#1614 = VECTOR ( 'NONE', #3672, 1000.000000000000000 ) ;
#1615 = EDGE_LOOP ( 'NONE', ( #2079, #18, #2483, #85 ) ) ;
#1616 = DIRECTION ( 'NONE',  ( 0.000000000000000000, 0.000000000000000000, -1.000000000000000000 ) ) ;
#1617 = VERTEX_POINT ( 'NONE', #984 ) ;
#1618 = EDGE_CURVE ( 'NONE', #2676, #3658, #2729, .T. ) ;
#1619 = EDGE_LOOP ( 'NONE', ( #644, #2476 ) ) ;
#1620 = ORIENTED_EDGE ( 'NONE', *, *, #1544, .F. ) ;
#1621 = CARTESIAN_POINT ( 'NONE',  ( 330.5011170287429536, 92.59020134806620206, -677.9505027460022575 ) ) ;
#1622 = ORIENTED_EDGE ( 'NONE', *, *, #2622, .T. ) ;
#1623 = CYLINDRICAL_SURFACE ( 'NONE', #1113, 7.500000000000007105 ) ;
#1624 = ORIENTED_EDGE ( 'NONE', *, *, #1255, .T. ) ;
#1625 = FACE_BOUND ( 'NONE', #460, .T. ) ;
#1626 = CYLINDRICAL_SURFACE ( 'NONE', #2810, 3.400000000000014122 ) ;
#1627 = DIRECTION ( 'NONE',  ( -0.000000000000000000, 1.000000000000000000, -0.000000000000000000 ) ) ;
#1628 = DIRECTION ( 'NONE',  ( 0.000000000000000000, 0.000000000000000000, -1.000000000000000000 ) ) ;
#1629 = VERTEX_POINT ( 'NONE', #1004 ) ;
#1630 = AXIS2_PLACEMENT_3D ( 'NONE', #3543, #3617, #2156 ) ;
#1631 = CYLINDRICAL_SURFACE ( 'NONE', #2020, 4.500000000000003553 ) ;
#1632 = CYLINDRICAL_SURFACE ( 'NONE', #1563, 7.500000000000062172 ) ;
#1633 = VECTOR ( 'NONE', #3453, 1000.000000000000000 ) ;
#1634 = VERTEX_POINT ( 'NONE', #682 ) ;
#1635 = EDGE_LOOP ( 'NONE', ( #3063, #3374 ) ) ;
#1636 = ADVANCED_FACE ( 'NONE', ( #2099 ), #664, .F. ) ;
#1637 = DIRECTION ( 'NONE',  ( -0.000000000000000000, -1.000000000000000000, -0.000000000000000000 ) ) ;
#1638 = ADVANCED_FACE ( 'NONE', ( #2696, #704 ), #2135, .F. ) ;
#1639 = ORIENTED_EDGE ( 'NONE', *, *, #289, .T. ) ;
#1640 = DIRECTION ( 'NONE',  ( 0.000000000000000000, 1.000000000000000000, 0.000000000000000000 ) ) ;
#1641 = ORIENTED_EDGE ( 'NONE', *, *, #49, .T. ) ;
#1642 = LINE ( 'NONE', #840, #1216 ) ;
#1643 = ADVANCED_FACE ( 'NONE', ( #801 ), #2786, .F. ) ;
#1644 = FACE_OUTER_BOUND ( 'NONE', #1342, .T. ) ;
#1645 = FACE_OUTER_BOUND ( 'NONE', #2454, .T. ) ;
#1646 = CARTESIAN_POINT ( 'NONE',  ( 733.7041216018069463, 101.1902013480661964, -820.4505027460022575 ) ) ;
#1647 = VERTEX_POINT ( 'NONE', #472 ) ;
#1648 = VECTOR ( 'NONE', #1947, 1000.000000000000000 ) ;
#1649 = CARTESIAN_POINT ( 'NONE',  ( 437.5011170287429536, 107.5902013480662021, -245.4505027460023996 ) ) ;
#1650 = VERTEX_POINT ( 'NONE', #1080 ) ;
#1651 = ORIENTED_EDGE ( 'NONE', *, *, #1825, .T. ) ;
#1652 = CIRCLE ( 'NONE', #158, 7.500000000000062172 ) ;
#1653 = ORIENTED_EDGE ( 'NONE', *, *, #3568, .F. ) ;
#1654 = DIRECTION ( 'NONE',  ( -0.000000000000000000, -1.000000000000000000, -0.000000000000000000 ) ) ;
#1655 = AXIS2_PLACEMENT_3D ( 'NONE', #2833, #282, #246 ) ;
#1656 = ORIENTED_EDGE ( 'NONE', *, *, #1433, .F. ) ;
#1657 = EDGE_CURVE ( 'NONE', #405, #661, #1296, .T. ) ;
#1658 = EDGE_CURVE ( 'NONE', #2197, #1997, #1769, .T. ) ;
#1659 = CARTESIAN_POINT ( 'NONE',  ( 941.0011170287428968, 107.5902013480662021, -925.9505027460023712 ) ) ;
#1660 = ORIENTED_EDGE ( 'NONE', *, *, #2239, .T. ) ;
#1661 = DIRECTION ( 'NONE',  ( -0.000000000000000000, -1.000000000000000000, -0.000000000000000000 ) ) ;
#1662 = DIRECTION ( 'NONE',  ( 0.000000000000000000, 0.000000000000000000, -1.000000000000000000 ) ) ;
#1663 = EDGE_CURVE ( 'NONE', #2837, #2260, #3208, .T. ) ;
#1664 = CIRCLE ( 'NONE', #56, 7.500000000000062172 ) ;
#1665 = DIRECTION ( 'NONE',  ( -0.000000000000000000, -1.000000000000000000, -0.000000000000000000 ) ) ;
#1666 = LINE ( 'NONE', #1989, #1005 ) ;
#1667 = VECTOR ( 'NONE', #2004, 1000.000000000000000 ) ;
#1668 = ORIENTED_EDGE ( 'NONE', *, *, #2555, .T. ) ;
#1669 = AXIS2_PLACEMENT_3D ( 'NONE', #3001, #3358, #2228 ) ;
#1670 = CARTESIAN_POINT ( 'NONE',  ( 733.7041216018069463, 92.59020134806620206, -824.9505027460022575 ) ) ;
#1671 = AXIS2_PLACEMENT_3D ( 'NONE', #1793, #2393, #680 ) ;
#1672 = LINE ( 'NONE', #1003, #3484 ) ;
#1673 = VERTEX_POINT ( 'NONE', #216 ) ;
#1674 = ORIENTED_EDGE ( 'NONE', *, *, #1303, .T. ) ;
#1675 = CARTESIAN_POINT ( 'NONE',  ( 801.0011170287428968, 92.59020134806620206, -925.9505027460023712 ) ) ;
#1676 = CARTESIAN_POINT ( 'NONE',  ( 733.7041216018069463, 107.5902013480662021, -925.9505027460023712 ) ) ;
#1677 = ORIENTED_EDGE ( 'NONE', *, *, #2419, .F. ) ;
#1678 = FACE_OUTER_BOUND ( 'NONE', #1046, .T. ) ;
#1679 = EDGE_CURVE ( 'NONE', #3291, #2112, #1363, .T. ) ;
#1680 = DIRECTION ( 'NONE',  ( 0.000000000000000000, 0.000000000000000000, -1.000000000000000000 ) ) ;
#1681 = DIRECTION ( 'NONE',  ( -0.000000000000000000, -1.000000000000000000, -0.000000000000000000 ) ) ;
#1682 = CARTESIAN_POINT ( 'NONE',  ( 330.5011170287429536, 107.5902013480662021, -505.9505027460022006 ) ) ;
#1683 = EDGE_CURVE ( 'NONE', #2014, #2691, #451, .T. ) ;
#1684 = ORIENTED_EDGE ( 'NONE', *, *, #743, .T. ) ;
#1685 = CARTESIAN_POINT ( 'NONE',  ( 941.0011170287428968, 92.59020134806620206, -820.4505027460022575 ) ) ;
#1686 = CARTESIAN_POINT ( 'NONE',  ( 344.5011170287429536, 107.5902013480662021, -270.4505027460023712 ) ) ;
#1687 = EDGE_CURVE ( 'NONE', #758, #33, #3334, .T. ) ;
#1688 = AXIS2_PLACEMENT_3D ( 'NONE', #3300, #725, #2999 ) ;
#1689 = FACE_OUTER_BOUND ( 'NONE', #1214, .T. ) ;
#1690 = ORIENTED_EDGE ( 'NONE', *, *, #220, .T. ) ;
#1691 = AXIS2_PLACEMENT_3D ( 'NONE', #1197, #2580, #2340 ) ;
#1692 = ORIENTED_EDGE ( 'NONE', *, *, #3681, .T. ) ;
#1693 = DIRECTION ( 'NONE',  ( 0.000000000000000000, 0.000000000000000000, -1.000000000000000000 ) ) ;
#1694 = DIRECTION ( 'NONE',  ( -0.000000000000000000, -1.000000000000000000, -0.000000000000000000 ) ) ;
#1695 = ORIENTED_EDGE ( 'NONE', *, *, #2529, .F. ) ;
#1696 = CARTESIAN_POINT ( 'NONE',  ( 388.0011170287429536, 101.1902013480661964, -495.4505027460023143 ) ) ;
#1697 = CARTESIAN_POINT ( 'NONE',  ( 733.7041216018069463, 92.59020134806620206, -817.4505027460022575 ) ) ;
#1698 = DIRECTION ( 'NONE',  ( -0.000000000000000000, -1.000000000000000000, -0.000000000000000000 ) ) ;
#1699 = DIRECTION ( 'NONE',  ( 0.000000000000000000, 0.000000000000000000, -1.000000000000000000 ) ) ;
#1700 = ORIENTED_EDGE ( 'NONE', *, *, #1187, .T. ) ;
#1701 = CYLINDRICAL_SURFACE ( 'NONE', #3708, 7.500000000000062172 ) ;
#1702 = EDGE_CURVE ( 'NONE', #1843, #3091, #1953, .T. ) ;
#1703 = EDGE_CURVE ( 'NONE', #661, #405, #1711, .T. ) ;
#1704 = CARTESIAN_POINT ( 'NONE',  ( 941.0011170287428968, 92.59020134806620206, -925.9505027460023712 ) ) ;
#1705 =( NAMED_UNIT ( * ) SI_UNIT ( $, .STERADIAN. ) SOLID_ANGLE_UNIT ( ) );
#1706 = VECTOR ( 'NONE', #1178, 1000.000000000000000 ) ;
#1707 = ORIENTED_EDGE ( 'NONE', *, *, #1544, .T. ) ;
#1708 = ADVANCED_FACE ( 'NONE', ( #1606 ), #1623, .F. ) ;
#1709 = ORIENTED_EDGE ( 'NONE', *, *, #2809, .T. ) ;
#1710 = CARTESIAN_POINT ( 'NONE',  ( 801.0011170287428968, 92.59020134806620206, -925.9505027460023712 ) ) ;
#1711 = CIRCLE ( 'NONE', #445, 7.500000000000062172 ) ;
#1712 = DIRECTION ( 'NONE',  ( 0.000000000000000000, 0.000000000000000000, -1.000000000000000000 ) ) ;
#1713 = ORIENTED_EDGE ( 'NONE', *, *, #2440, .F. ) ;
#1714 = CARTESIAN_POINT ( 'NONE',  ( 424.5011170287428399, 92.59020134806620206, -735.4505027460023712 ) ) ;
#1715 = CIRCLE ( 'NONE', #1899, 4.499999999999948486 ) ;
#1716 = DIRECTION ( 'NONE',  ( -0.000000000000000000, -1.000000000000000000, -0.000000000000000000 ) ) ;
#1717 =( LENGTH_UNIT ( ) NAMED_UNIT ( * ) SI_UNIT ( .MILLI., .METRE. ) );
#1718 = CARTESIAN_POINT ( 'NONE',  ( 377.8011170287428513, 101.1902013480661964, -881.6505027460021893 ) ) ;
#1719 = CARTESIAN_POINT ( 'NONE',  ( 330.5011170287429536, 92.59020134806620206, -517.9505027460022575 ) ) ;
#1720 = ORIENTED_EDGE ( 'NONE', *, *, #1065, .T. ) ;
#1721 = AXIS2_PLACEMENT_3D ( 'NONE', #3325, #2721, #2472 ) ;
#1722 = DIRECTION ( 'NONE',  ( -0.000000000000000000, -1.000000000000000000, -0.000000000000000000 ) ) ;
#1723 = DIRECTION ( 'NONE',  ( 0.000000000000000000, 0.000000000000000000, -1.000000000000000000 ) ) ;
#1724 = CARTESIAN_POINT ( 'NONE',  ( 319.5011170287429536, 92.59020134806620206, -755.4505027460022575 ) ) ;
#1725 = CIRCLE ( 'NONE', #57, 4.499999999999948486 ) ;
#1726 = EDGE_CURVE ( 'NONE', #1138, #2203, #1061, .T. ) ;
#1727 = ORIENTED_EDGE ( 'NONE', *, *, #44, .T. ) ;
#1728 = EDGE_CURVE ( 'NONE', #1404, #1227, #2806, .T. ) ;
#1729 = CARTESIAN_POINT ( 'NONE',  ( 801.0011170287428968, 101.1902013480661964, -921.4505027460023712 ) ) ;
#1730 = CIRCLE ( 'NONE', #1669, 3.400000000000014122 ) ;
#1731 = VERTEX_POINT ( 'NONE', #183 ) ;
#1732 = DIRECTION ( 'NONE',  ( -0.7071067811865475727, 0.000000000000000000, 0.7071067811865475727 ) ) ;
#1733 = EDGE_CURVE ( 'NONE', #661, #2668, #1380, .T. ) ;
#1734 = LINE ( 'NONE', #2057, #1896 ) ;
#1735 = EDGE_LOOP ( 'NONE', ( #2496, #442, #694, #3065 ) ) ;
#1736 = DIRECTION ( 'NONE',  ( -0.000000000000000000, -1.000000000000000000, -0.000000000000000000 ) ) ;
#1737 = CARTESIAN_POINT ( 'NONE',  ( 941.0011170287428968, 101.1902013480661964, -930.4505027460022575 ) ) ;
#1738 = CARTESIAN_POINT ( 'NONE',  ( 801.0011170287428968, 92.59020134806620206, -832.4505027460021438 ) ) ;
#1739 = CARTESIAN_POINT ( 'NONE',  ( 733.7041216018069463, 92.59020134806620206, -925.9505027460023712 ) ) ;
#1740 = LINE ( 'NONE', #649, #3667 ) ;
#1741 = VERTEX_POINT ( 'NONE', #2245 ) ;
#1742 = FACE_BOUND ( 'NONE', #2900, .T. ) ;
#1743 = CARTESIAN_POINT ( 'NONE',  ( 410.2549050041553755, 92.59020134806620206, -852.1967147705897787 ) ) ;
#1744 = DIRECTION ( 'NONE',  ( 0.000000000000000000, 0.000000000000000000, 1.000000000000000000 ) ) ;
#1745 = EDGE_LOOP ( 'NONE', ( #1056, #1008 ) ) ;
#1746 = DIRECTION ( 'NONE',  ( 0.000000000000000000, 1.000000000000000000, 0.000000000000000000 ) ) ;
#1747 = ORIENTED_EDGE ( 'NONE', *, *, #3110, .F. ) ;
#1748 = CIRCLE ( 'NONE', #1035, 155.0000000000000284 ) ;
#1749 = CARTESIAN_POINT ( 'NONE',  ( 442.1313810051711357, 92.59020134806620206, -808.3202387695740754 ) ) ;
#1750 = CIRCLE ( 'NONE', #2117, 7.499999999999951150 ) ;
#1751 = LINE ( 'NONE', #623, #341 ) ;
#1752 = EDGE_CURVE ( 'NONE', #2949, #2552, #446, .T. ) ;
#1753 = EDGE_CURVE ( 'NONE', #3169, #1054, #2318, .T. ) ;
#1754 = EDGE_LOOP ( 'NONE', ( #780, #2253, #2246, #26 ) ) ;
#1755 = CARTESIAN_POINT ( 'NONE',  ( 733.7041216018069463, 101.1902013480661964, -824.9505027460022575 ) ) ;
#1756 = AXIS2_PLACEMENT_3D ( 'NONE', #149, #169, #133 ) ;
#1757 = DIRECTION ( 'NONE',  ( 0.000000000000000000, 0.000000000000000000, 1.000000000000000000 ) ) ;
#1758 = ADVANCED_FACE ( 'NONE', ( #490 ), #1027, .F. ) ;
#1759 = CARTESIAN_POINT ( 'NONE',  ( 383.5011170287429536, 92.59020134806620206, -675.4505027460023712 ) ) ;
#1760 = FACE_BOUND ( 'NONE', #1790, .T. ) ;
#1761 = EDGE_LOOP ( 'NONE', ( #3664, #2402, #1695, #1238 ) ) ;
#1762 = CARTESIAN_POINT ( 'NONE',  ( 330.5011170287429536, 92.59020134806620206, -430.4505027460022006 ) ) ;
#1763 = CARTESIAN_POINT ( 'NONE',  ( 439.5011170287428399, 107.5902013480662021, -290.4505027460021438 ) ) ;
#1764 = DIRECTION ( 'NONE',  ( -0.000000000000000000, 1.000000000000000000, -0.000000000000000000 ) ) ;
#1765 = DIRECTION ( 'NONE',  ( 0.000000000000000000, 0.000000000000000000, 1.000000000000000000 ) ) ;
#1766 = AXIS2_PLACEMENT_3D ( 'NONE', #3035, #3535, #2702 ) ;
#1767 = EDGE_LOOP ( 'NONE', ( #1881, #2884, #207, #1308 ) ) ;
#1768 = LINE ( 'NONE', #2922, #3078 ) ;
#1769 = CIRCLE ( 'NONE', #154, 7.499999999999951150 ) ;
#1770 = CARTESIAN_POINT ( 'NONE',  ( 377.8011170287428513, 107.5902013480662021, -877.1505027460023030 ) ) ;
#1771 = ORIENTED_EDGE ( 'NONE', *, *, #743, .F. ) ;
#1772 = CARTESIAN_POINT ( 'NONE',  ( 364.5011170287428399, 107.5902013480662021, -285.4505027460022575 ) ) ;
#1773 = VECTOR ( 'NONE', #1016, 1000.000000000000000 ) ;
#1774 = CARTESIAN_POINT ( 'NONE',  ( 383.5011170287429536, 107.5902013480662021, -679.9505027460024849 ) ) ;
#1775 = CARTESIAN_POINT ( 'NONE',  ( 383.5011170287429536, 92.59020134806620206, -495.4505027460023143 ) ) ;
#1776 = LINE ( 'NONE', #3239, #3602 ) ;
#1777 = AXIS2_PLACEMENT_3D ( 'NONE', #305, #1116, #36 ) ;
#1778 = ORIENTED_EDGE ( 'NONE', *, *, #3564, .T. ) ;
#1779 = ADVANCED_FACE ( 'NONE', ( #1045 ), #3688, .F. ) ;
#1780 = CARTESIAN_POINT ( 'NONE',  ( 941.0011170287428968, 92.59020134806620206, -925.9505027460023712 ) ) ;
#1781 = FACE_BOUND ( 'NONE', #3302, .T. ) ;
#1782 = FACE_OUTER_BOUND ( 'NONE', #543, .T. ) ;
#1783 = CIRCLE ( 'NONE', #3470, 7.500000000000062172 ) ;
#1784 = CARTESIAN_POINT ( 'NONE',  ( 330.5011170287429536, 107.5902013480662021, -430.4505027460022006 ) ) ;
#1785 = CIRCLE ( 'NONE', #3644, 7.499999999999951150 ) ;
#1786 = ORIENTED_EDGE ( 'NONE', *, *, #628, .T. ) ;
#1787 = CARTESIAN_POINT ( 'NONE',  ( 319.5011170287429536, 107.5902013480662021, -755.4505027460022575 ) ) ;
#1788 = CIRCLE ( 'NONE', #584, 4.499999999999948486 ) ;
#1789 = VECTOR ( 'NONE', #1611, 1000.000000000000000 ) ;
#1790 = EDGE_LOOP ( 'NONE', ( #2708, #1306 ) ) ;
#1791 = PLANE ( 'NONE',  #732 ) ;
#1792 = AXIS2_PLACEMENT_3D ( 'NONE', #886, #924, #638 ) ;
#1793 = CARTESIAN_POINT ( 'NONE',  ( 383.5011170287429536, 107.5902013480662021, -675.4505027460023712 ) ) ;
#1794 = DIRECTION ( 'NONE',  ( -0.000000000000000000, -1.000000000000000000, -0.000000000000000000 ) ) ;
#1795 = FACE_OUTER_BOUND ( 'NONE', #3269, .T. ) ;
#1796 = EDGE_CURVE ( 'NONE', #1806, #1227, #1751, .T. ) ;
#1797 = FACE_BOUND ( 'NONE', #3499, .T. ) ;
#1798 = PRODUCT ( '1.NID062025-PJ27-00-489', '1.NID062025-PJ27-00-489', '', ( #1449 ) ) ;
#1799 = ORIENTED_EDGE ( 'NONE', *, *, #3660, .T. ) ;
#1800 = CYLINDRICAL_SURFACE ( 'NONE', #712, 4.499999999999948486 ) ;
#1801 = DIRECTION ( 'NONE',  ( -0.000000000000000000, -1.000000000000000000, -0.000000000000000000 ) ) ;
#1802 = CARTESIAN_POINT ( 'NONE',  ( 330.5011170287429536, 107.5902013480662021, -665.9505027460022575 ) ) ;
#1803 = EDGE_CURVE ( 'NONE', #3511, #3662, #2796, .T. ) ;
#1804 = ADVANCED_FACE ( 'NONE', ( #3179 ), #2905, .F. ) ;
#1805 = EDGE_LOOP ( 'NONE', ( #830, #2533, #1091, #3348 ) ) ;
#1806 = VERTEX_POINT ( 'NONE', #2338 ) ;
#1807 = DIRECTION ( 'NONE',  ( 1.000000000000000000, -0.000000000000000000, -0.000000000000000000 ) ) ;
#1808 = ORIENTED_EDGE ( 'NONE', *, *, #3016, .F. ) ;
#1809 = LINE ( 'NONE', #381, #1278 ) ;
#1810 = AXIS2_PLACEMENT_3D ( 'NONE', #145, #1294, #2430 ) ;
#1811 = CARTESIAN_POINT ( 'NONE',  ( 733.7041216018069463, 101.1902013480661964, -925.9505027460023712 ) ) ;
#1812 = VERTEX_POINT ( 'NONE', #1437 ) ;
#1813 = CARTESIAN_POINT ( 'NONE',  ( 591.0011170287428968, 101.1902013480661964, -824.9505027460023712 ) ) ;
#1814 = VECTOR ( 'NONE', #1801, 1000.000000000000000 ) ;
#1815 = CIRCLE ( 'NONE', #2232, 7.499999999999951150 ) ;
#1816 = CARTESIAN_POINT ( 'NONE',  ( 442.1313810051711357, 101.1902013480661964, -808.3202387695739617 ) ) ;
#1817 = ORIENTED_EDGE ( 'NONE', *, *, #2146, .F. ) ;
#1818 = DIRECTION ( 'NONE',  ( -0.000000000000000000, -1.000000000000000000, -0.000000000000000000 ) ) ;
#1819 = AXIS2_PLACEMENT_3D ( 'NONE', #1710, #3177, #3490 ) ;
#1820 = CARTESIAN_POINT ( 'NONE',  ( 941.0011170287428968, 107.5902013480662021, -824.9505027460022575 ) ) ;
#1821 = CARTESIAN_POINT ( 'NONE',  ( 733.7041216018069463, 92.59020134806620206, -925.9505027460023712 ) ) ;
#1822 = EDGE_CURVE ( 'NONE', #3625, #3350, #1958, .T. ) ;
#1823 = VERTEX_POINT ( 'NONE', #3122 ) ;
#1824 = LINE ( 'NONE', #88, #1519 ) ;
#1825 = EDGE_CURVE ( 'NONE', #2837, #1647, #2264, .T. ) ;
#1826 = VECTOR ( 'NONE', #2968, 1000.000000000000000 ) ;
#1827 = ORIENTED_EDGE ( 'NONE', *, *, #1526, .T. ) ;
#1828 = DIRECTION ( 'NONE',  ( -0.000000000000000000, -1.000000000000000000, -0.000000000000000000 ) ) ;
#1829 = CARTESIAN_POINT ( 'NONE',  ( 733.7041216018069463, 92.59020134806620206, -820.4505027460022575 ) ) ;
#1830 = ORIENTED_EDGE ( 'NONE', *, *, #947, .T. ) ;
#1831 = AXIS2_PLACEMENT_3D ( 'NONE', #2641, #915, #22 ) ;
#1832 = DIRECTION ( 'NONE',  ( -0.000000000000000000, -1.000000000000000000, -0.000000000000000000 ) ) ;
#1833 = CARTESIAN_POINT ( 'NONE',  ( 360.5011170287428399, 107.5902013480662021, -281.4505027460022575 ) ) ;
#1834 = CARTESIAN_POINT ( 'NONE',  ( 383.5011170287429536, 92.59020134806620206, -555.4505027460023712 ) ) ;
#1835 = ORIENTED_EDGE ( 'NONE', *, *, #621, .F. ) ;
#1836 = DIRECTION ( 'NONE',  ( -0.000000000000000000, -1.000000000000000000, -0.000000000000000000 ) ) ;
#1837 = DIRECTION ( 'NONE',  ( -0.000000000000000000, -1.000000000000000000, -0.000000000000000000 ) ) ;
#1838 = DIRECTION ( 'NONE',  ( 1.290957005378089322E-16, 0.000000000000000000, 1.000000000000000000 ) ) ;
#1839 = ORIENTED_EDGE ( 'NONE', *, *, #556, .T. ) ;
#1840 = AXIS2_PLACEMENT_3D ( 'NONE', #3285, #1053, #3603 ) ;
#1841 = DIRECTION ( 'NONE',  ( 0.000000000000000000, 1.000000000000000000, 0.000000000000000000 ) ) ;
#1842 = CIRCLE ( 'NONE', #1312, 7.499999999999951150 ) ;
#1843 = VERTEX_POINT ( 'NONE', #272 ) ;
#1844 = DIRECTION ( 'NONE',  ( 0.000000000000000000, 0.000000000000000000, 1.000000000000000000 ) ) ;
#1845 = EDGE_CURVE ( 'NONE', #3219, #2691, #1999, .T. ) ;
#1846 = ORIENTED_EDGE ( 'NONE', *, *, #2373, .T. ) ;
#1847 = LINE ( 'NONE', #1564, #3134 ) ;
#1848 = EDGE_CURVE ( 'NONE', #974, #796, #823, .T. ) ;
#1849 = CARTESIAN_POINT ( 'NONE',  ( 941.0011170287428968, 92.59020134806620206, -824.9505027460022575 ) ) ;
#1850 = ORIENTED_EDGE ( 'NONE', *, *, #750, .F. ) ;
#1851 = CIRCLE ( 'NONE', #3231, 7.499999999999951150 ) ;
#1852 = DIRECTION ( 'NONE',  ( -0.000000000000000000, -1.000000000000000000, -0.000000000000000000 ) ) ;
#1853 = CARTESIAN_POINT ( 'NONE',  ( 591.0011170287428968, 101.1902013480661964, -918.4505027460023712 ) ) ;
#1854 = ADVANCED_FACE ( 'NONE', ( #2557 ), #910, .F. ) ;
#1855 = VECTOR ( 'NONE', #1108, 1000.000000000000000 ) ;
#1856 = ORIENTED_EDGE ( 'NONE', *, *, #2086, .T. ) ;
#1857 = DIRECTION ( 'NONE',  ( 0.000000000000000000, -0.000000000000000000, 1.000000000000000000 ) ) ;
#1858 = DIRECTION ( 'NONE',  ( -0.000000000000000000, -1.000000000000000000, -0.000000000000000000 ) ) ;
#1859 = CARTESIAN_POINT ( 'NONE',  ( 383.5011170287429536, 107.5902013480662021, -559.9505027460024849 ) ) ;
#1860 = VERTEX_POINT ( 'NONE', #548 ) ;
#1861 = CARTESIAN_POINT ( 'NONE',  ( 801.0011170287428968, 107.5902013480662021, -824.9505027460022575 ) ) ;
#1862 = ORIENTED_EDGE ( 'NONE', *, *, #1159, .F. ) ;
#1863 = CYLINDRICAL_SURFACE ( 'NONE', #3014, 7.499999999999951150 ) ;
#1864 = ORIENTED_EDGE ( 'NONE', *, *, #3641, .T. ) ;
#1865 = ORIENTED_EDGE ( 'NONE', *, *, #2622, .F. ) ;
#1866 = DIRECTION ( 'NONE',  ( -0.000000000000000000, -1.000000000000000000, -0.000000000000000000 ) ) ;
#1867 = CYLINDRICAL_SURFACE ( 'NONE', #2390, 7.499999999999951150 ) ;
#1868 = ORIENTED_EDGE ( 'NONE', *, *, #3247, .T. ) ;
#1869 = EDGE_CURVE ( 'NONE', #1741, #582, #1734, .T. ) ;
#1870 = DIRECTION ( 'NONE',  ( -1.790682297782512114E-15, 0.000000000000000000, -1.000000000000000000 ) ) ;
#1871 = CARTESIAN_POINT ( 'NONE',  ( 941.0011170287428968, 107.5902013480662021, -829.4505027460021438 ) ) ;
#1872 = ORIENTED_EDGE ( 'NONE', *, *, #723, .T. ) ;
#1873 = DIRECTION ( 'NONE',  ( 0.000000000000000000, 1.000000000000000000, 0.000000000000000000 ) ) ;
#1874 = EDGE_CURVE ( 'NONE', #11, #2668, #1652, .T. ) ;
#1875 = DIRECTION ( 'NONE',  ( 0.000000000000000000, 1.000000000000000000, 0.000000000000000000 ) ) ;
#1876 = CIRCLE ( 'NONE', #673, 4.499999999999948486 ) ;
#1877 = DIRECTION ( 'NONE',  ( 0.000000000000000000, 0.000000000000000000, -1.000000000000000000 ) ) ;
#1878 = AXIS2_PLACEMENT_3D ( 'NONE', #2653, #413, #677 ) ;
#1879 = ORIENTED_EDGE ( 'NONE', *, *, #1142, .F. ) ;
#1880 = DIRECTION ( 'NONE',  ( -0.000000000000000000, -1.000000000000000000, -0.000000000000000000 ) ) ;
#1881 = ORIENTED_EDGE ( 'NONE', *, *, #2578, .T. ) ;
#1882 = ORIENTED_EDGE ( 'NONE', *, *, #3316, .T. ) ;
#1883 = CARTESIAN_POINT ( 'NONE',  ( 424.5011170287428968, 107.5902013480662021, -305.4505027460023712 ) ) ;
#1884 = CYLINDRICAL_SURFACE ( 'NONE', #3651, 4.500000000000003553 ) ;
#1885 = EDGE_LOOP ( 'NONE', ( #153, #2765, #1720, #2188 ) ) ;
#1886 = DIRECTION ( 'NONE',  ( 0.000000000000000000, 0.000000000000000000, 1.000000000000000000 ) ) ;
#1887 = CYLINDRICAL_SURFACE ( 'NONE', #522, 7.500000000000062172 ) ;
#1888 = FACE_OUTER_BOUND ( 'NONE', #1152, .T. ) ;
#1889 = ORIENTED_EDGE ( 'NONE', *, *, #3588, .T. ) ;
#1890 = VECTOR ( 'NONE', #506, 1000.000000000000000 ) ;
#1891 = FACE_OUTER_BOUND ( 'NONE', #3428, .T. ) ;
#1892 = DIRECTION ( 'NONE',  ( 0.000000000000000000, 0.000000000000000000, 1.000000000000000000 ) ) ;
#1893 = DIRECTION ( 'NONE',  ( 0.000000000000000000, 0.000000000000000000, -1.000000000000000000 ) ) ;
#1894 = EDGE_CURVE ( 'NONE', #33, #2403, #2577, .T. ) ;
#1895 = EDGE_LOOP ( 'NONE', ( #483, #658 ) ) ;
#1896 = VECTOR ( 'NONE', #3431, 1000.000000000000000 ) ;
#1897 = DIRECTION ( 'NONE',  ( -0.000000000000000000, -1.000000000000000000, -0.000000000000000000 ) ) ;
#1898 = ORIENTED_EDGE ( 'NONE', *, *, #220, .F. ) ;
#1899 = AXIS2_PLACEMENT_3D ( 'NONE', #693, #190, #1616 ) ;
#1900 = EDGE_LOOP ( 'NONE', ( #1284, #2739, #775, #567 ) ) ;
#1901 = AXIS2_PLACEMENT_3D ( 'NONE', #3485, #3173, #30 ) ;
#1902 = VERTEX_POINT ( 'NONE', #2597 ) ;
#1903 = LINE ( 'NONE', #2784, #3190 ) ;
#1904 = VECTOR ( 'NONE', #1971, 1000.000000000000000 ) ;
#1905 = EDGE_LOOP ( 'NONE', ( #1450, #79, #1567, #2126 ) ) ;
#1906 = DIRECTION ( 'NONE',  ( 0.7071067811865500152, 0.000000000000000000, 0.7071067811865451302 ) ) ;
#1907 = VECTOR ( 'NONE', #724, 1000.000000000000000 ) ;
#1908 = EDGE_LOOP ( 'NONE', ( #1692, #2391, #1586, #3440 ) ) ;
#1909 = DIRECTION ( 'NONE',  ( 1.000000000000000000, 0.000000000000000000, -1.790682297782512114E-15 ) ) ;
#1910 = ORIENTED_EDGE ( 'NONE', *, *, #888, .F. ) ;
#1911 = LINE ( 'NONE', #167, #3168 ) ;
#1912 = CARTESIAN_POINT ( 'NONE',  ( 733.7041216018069463, 101.1902013480661964, -829.4505027460021438 ) ) ;
#1913 = DIRECTION ( 'NONE',  ( -0.000000000000000000, -1.000000000000000000, -0.000000000000000000 ) ) ;
#1914 = CIRCLE ( 'NONE', #2279, 7.499999999999951150 ) ;
#1915 = ORIENTED_EDGE ( 'NONE', *, *, #933, .T. ) ;
#1916 = EDGE_CURVE ( 'NONE', #580, #718, #1594, .T. ) ;
#1917 = LINE ( 'NONE', #2637, #3638 ) ;
#1918 = ORIENTED_EDGE ( 'NONE', *, *, #788, .T. ) ;
#1919 = ORIENTED_EDGE ( 'NONE', *, *, #628, .F. ) ;
#1920 = EDGE_CURVE ( 'NONE', #549, #215, #2923, .T. ) ;
#1921 = EDGE_LOOP ( 'NONE', ( #1150, #189 ) ) ;
#1922 = CARTESIAN_POINT ( 'NONE',  ( 733.7041216018069463, 107.5902013480662021, -829.4505027460021438 ) ) ;
#1923 = ORIENTED_EDGE ( 'NONE', *, *, #1030, .T. ) ;
#1924 = DIRECTION ( 'NONE',  ( 0.000000000000000000, 1.000000000000000000, 0.000000000000000000 ) ) ;
#1925 = ORIENTED_EDGE ( 'NONE', *, *, #578, .F. ) ;
#1926 = CARTESIAN_POINT ( 'NONE',  ( 383.5011170287429536, 107.5902013480662021, -555.4505027460023712 ) ) ;
#1927 = CARTESIAN_POINT ( 'NONE',  ( 335.0011170287429536, 101.1902013480661964, -430.4505027460022006 ) ) ;
#1928 = CARTESIAN_POINT ( 'NONE',  ( 330.5011170287429536, 107.5902013480662021, -670.4505027460022575 ) ) ;
#1929 = PLANE ( 'NONE',  #347 ) ;
#1930 = CIRCLE ( 'NONE', #2054, 4.499999999999948486 ) ;
#1931 = AXIS2_PLACEMENT_3D ( 'NONE', #1001, #2426, #700 ) ;
#1932 = DIRECTION ( 'NONE',  ( -0.000000000000000000, -1.000000000000000000, -0.000000000000000000 ) ) ;
#1933 = EDGE_LOOP ( 'NONE', ( #1347, #3590, #1478, #2357 ) ) ;
#1934 = AXIS2_PLACEMENT_3D ( 'NONE', #864, #2009, #1892 ) ;
#1935 = AXIS2_PLACEMENT_3D ( 'NONE', #1192, #1732, #907 ) ;
#1936 = EDGE_CURVE ( 'NONE', #328, #454, #2675, .T. ) ;
#1937 = EDGE_LOOP ( 'NONE', ( #1097, #479, #3176, #421 ) ) ;
#1938 = ADVANCED_FACE ( 'NONE', ( #586 ), #2885, .F. ) ;
#1939 = EDGE_LOOP ( 'NONE', ( #3573, #2095, #2518, #1624 ) ) ;
#1940 = DIRECTION ( 'NONE',  ( 0.000000000000000000, 0.000000000000000000, -1.000000000000000000 ) ) ;
#1941 = ADVANCED_FACE ( 'NONE', ( #1173 ), #2319, .F. ) ;
#1942 = ORIENTED_EDGE ( 'NONE', *, *, #1114, .T. ) ;
#1943 = CARTESIAN_POINT ( 'NONE',  ( 377.8011170287428513, 92.59020134806620206, -877.1505027460023030 ) ) ;
#1944 = VERTEX_POINT ( 'NONE', #1337 ) ;
#1945 = CARTESIAN_POINT ( 'NONE',  ( 330.5011170287429536, 101.1902013480661964, -670.4505027460022575 ) ) ;
#1946 = CARTESIAN_POINT ( 'NONE',  ( 377.8011170287428513, 92.59020134806620206, -877.1505027460023030 ) ) ;
#1947 = DIRECTION ( 'NONE',  ( 1.000000000000000000, 0.000000000000000000, -1.790682297782512114E-15 ) ) ;
#1948 = DIRECTION ( 'NONE',  ( 0.000000000000000000, 0.000000000000000000, -1.000000000000000000 ) ) ;
#1949 = ORIENTED_EDGE ( 'NONE', *, *, #608, .F. ) ;
#1950 = AXIS2_PLACEMENT_3D ( 'NONE', #401, #1832, #2977 ) ;
#1951 = DIRECTION ( 'NONE',  ( 0.000000000000000000, 1.000000000000000000, 0.000000000000000000 ) ) ;
#1952 = DIRECTION ( 'NONE',  ( 0.000000000000000000, 0.000000000000000000, -1.000000000000000000 ) ) ;
#1953 = CIRCLE ( 'NONE', #1414, 4.499999999999948486 ) ;
#1954 = DIRECTION ( 'NONE',  ( 0.000000000000000000, -0.000000000000000000, 1.000000000000000000 ) ) ;
#1955 = EDGE_LOOP ( 'NONE', ( #1269, #2800 ) ) ;
#1956 = EDGE_CURVE ( 'NONE', #3540, #497, #1320, .T. ) ;
#1957 = EDGE_CURVE ( 'NONE', #2668, #11, #3033, .T. ) ;
#1958 = CIRCLE ( 'NONE', #2377, 7.499999999999951150 ) ;
#1959 = ORIENTED_EDGE ( 'NONE', *, *, #2855, .F. ) ;
#1960 = FACE_OUTER_BOUND ( 'NONE', #3627, .T. ) ;
#1961 = EDGE_LOOP ( 'NONE', ( #2394, #101, #2879, #1111 ) ) ;
#1962 = DIRECTION ( 'NONE',  ( 0.000000000000000000, 0.000000000000000000, -1.000000000000000000 ) ) ;
#1963 = EDGE_CURVE ( 'NONE', #851, #582, #2988, .T. ) ;
#1964 = ADVANCED_FACE ( 'NONE', ( #2438 ), #2200, .F. ) ;
#1965 = EDGE_LOOP ( 'NONE', ( #1431, #1620, #123, #431 ) ) ;
#1966 = CARTESIAN_POINT ( 'NONE',  ( 591.0011170287428968, 107.5902013480662021, -820.4505027460023712 ) ) ;
#1967 = ORIENTED_EDGE ( 'NONE', *, *, #793, .T. ) ;
#1968 = PLANE ( 'NONE',  #2942 ) ;
#1969 = DIRECTION ( 'NONE',  ( 0.000000000000000000, 1.000000000000000000, 0.000000000000000000 ) ) ;
#1970 = EDGE_CURVE ( 'NONE', #796, #1081, #1036, .T. ) ;
#1971 = DIRECTION ( 'NONE',  ( -0.000000000000000000, -1.000000000000000000, -0.000000000000000000 ) ) ;
#1972 = AXIS2_PLACEMENT_3D ( 'NONE', #1257, #1870, #2136 ) ;
#1973 = ORIENTED_EDGE ( 'NONE', *, *, #1346, .T. ) ;
#1974 = FACE_OUTER_BOUND ( 'NONE', #1291, .T. ) ;
#1975 = DIRECTION ( 'NONE',  ( -0.7071067811865474617, -0.000000000000000000, 0.7071067811865474617 ) ) ;
#1976 = ORIENTED_EDGE ( 'NONE', *, *, #2262, .F. ) ;
#1977 = CIRCLE ( 'NONE', #1671, 4.500000000000059508 ) ;
#1978 = CARTESIAN_POINT ( 'NONE',  ( 383.5011170287429536, 92.59020134806620206, -375.4505027460023143 ) ) ;
#1979 = EDGE_LOOP ( 'NONE', ( #3012, #3538, #685, #3142 ) ) ;
#1980 = ORIENTED_EDGE ( 'NONE', *, *, #3705, .F. ) ;
#1981 = CARTESIAN_POINT ( 'NONE',  ( 738.2041216018069463, 101.1902013480661964, -824.9505027460022575 ) ) ;
#1982 = CARTESIAN_POINT ( 'NONE',  ( 733.7041216018069463, 92.59020134806620206, -925.9505027460023712 ) ) ;
#1983 = VERTEX_POINT ( 'NONE', #135 ) ;
#1984 = CARTESIAN_POINT ( 'NONE',  ( 398.5011170287428399, 107.5902013480662021, -253.4505027460023427 ) ) ;
#1985 = EDGE_CURVE ( 'NONE', #580, #2712, #1917, .T. ) ;
#1986 = EDGE_CURVE ( 'NONE', #2789, #475, #2799, .T. ) ;
#1987 = CARTESIAN_POINT ( 'NONE',  ( 382.3011170287428513, 101.1902013480661964, -877.1505027460023030 ) ) ;
#1988 = DIRECTION ( 'NONE',  ( 0.000000000000000000, 0.000000000000000000, 1.000000000000000000 ) ) ;
#1989 = CARTESIAN_POINT ( 'NONE',  ( 406.5011170287428968, 92.59020134806620206, -245.4505027460023427 ) ) ;
#1990 = EDGE_LOOP ( 'NONE', ( #3362, #2169 ) ) ;
#1991 = EDGE_CURVE ( 'NONE', #2403, #2442, #1715, .T. ) ;
#1992 = DIRECTION ( 'NONE',  ( 0.000000000000000000, 0.000000000000000000, -1.000000000000000000 ) ) ;
#1993 = CARTESIAN_POINT ( 'NONE',  ( 383.5011170287429536, 107.5902013480662021, -495.4505027460023143 ) ) ;
#1994 = AXIS2_PLACEMENT_3D ( 'NONE', #3125, #1139, #3691 ) ;
#1995 = ORIENTED_EDGE ( 'NONE', *, *, #351, .F. ) ;
#1996 = VECTOR ( 'NONE', #3162, 1000.000000000000000 ) ;
#1997 = VERTEX_POINT ( 'NONE', #3061 ) ;
#1998 = DIRECTION ( 'NONE',  ( 0.000000000000000000, 0.000000000000000000, -1.000000000000000000 ) ) ;
#1999 = LINE ( 'NONE', #838, #998 ) ;
#2000 = ORIENTED_EDGE ( 'NONE', *, *, #1970, .T. ) ;
#2001 = LINE ( 'NONE', #2059, #551 ) ;
#2002 = CARTESIAN_POINT ( 'NONE',  ( 383.5011170287429536, 92.59020134806620206, -382.9505027460023143 ) ) ;
#2003 =( NAMED_UNIT ( * ) SI_UNIT ( $, .STERADIAN. ) SOLID_ANGLE_UNIT ( ) );
#2004 = DIRECTION ( 'NONE',  ( -0.000000000000000000, -1.000000000000000000, -0.000000000000000000 ) ) ;
#2005 = EDGE_CURVE ( 'NONE', #244, #1417, #104, .T. ) ;
#2006 = EDGE_LOOP ( 'NONE', ( #3416, #949 ) ) ;
#2007 = CIRCLE ( 'NONE', #985, 4.499999999999948486 ) ;
#2008 = CARTESIAN_POINT ( 'NONE',  ( 801.0011170287428968, 92.59020134806620206, -933.4505027460022575 ) ) ;
#2009 = DIRECTION ( 'NONE',  ( 0.000000000000000000, 1.000000000000000000, 0.000000000000000000 ) ) ;
#2010 = CARTESIAN_POINT ( 'NONE',  ( 398.5011170287428399, 107.5902013480662021, -253.4505027460023427 ) ) ;
#2011 = EDGE_CURVE ( 'NONE', #1404, #667, #2129, .T. ) ;
#2012 = ORIENTED_EDGE ( 'NONE', *, *, #1985, .T. ) ;
#2013 = CIRCLE ( 'NONE', #390, 4.500000000000003553 ) ;
#2014 = VERTEX_POINT ( 'NONE', #1559 ) ;
#2015 = ORIENTED_EDGE ( 'NONE', *, *, #3196, .F. ) ;
#2016 = DIRECTION ( 'NONE',  ( 1.000000000000000000, -0.000000000000000000, -0.000000000000000000 ) ) ;
#2017 = DIRECTION ( 'NONE',  ( -0.000000000000000000, -1.000000000000000000, -0.000000000000000000 ) ) ;
#2018 = ORIENTED_EDGE ( 'NONE', *, *, #1726, .F. ) ;
#2019 = PLANE ( 'NONE',  #2178 ) ;
#2020 = AXIS2_PLACEMENT_3D ( 'NONE', #829, #3679, #1374 ) ;
#2021 = CARTESIAN_POINT ( 'NONE',  ( 801.0011170287428968, 92.59020134806620206, -930.4505027460022575 ) ) ;
#2022 = FACE_OUTER_BOUND ( 'NONE', #3522, .T. ) ;
#2023 = AXIS2_PLACEMENT_3D ( 'NONE', #1226, #3521, #1205 ) ;
#2024 = FACE_OUTER_BOUND ( 'NONE', #3079, .T. ) ;
#2025 = DIRECTION ( 'NONE',  ( -1.000000000000000000, -0.000000000000000000, -0.000000000000000000 ) ) ;
#2026 = ORIENTED_EDGE ( 'NONE', *, *, #1530, .F. ) ;
#2027 = VECTOR ( 'NONE', #1318, 1000.000000000000000 ) ;
#2028 = FACE_BOUND ( 'NONE', #2535, .T. ) ;
#2029 = ADVANCED_FACE ( 'NONE', ( #3510 ), #2421, .F. ) ;
#2030 = LINE ( 'NONE', #64, #2958 ) ;
#2031 = CARTESIAN_POINT ( 'NONE',  ( 442.1313810051711357, 101.1902013480661964, -817.3202387695739617 ) ) ;
#2032 = AXIS2_PLACEMENT_3D ( 'NONE', #2048, #539, #1105 ) ;
#2033 = ADVANCED_FACE ( 'NONE', ( #464 ), #975, .F. ) ;
#2034 = CARTESIAN_POINT ( 'NONE',  ( 591.0011170287428968, 92.59020134806620206, -832.4505027460022575 ) ) ;
#2035 = AXIS2_PLACEMENT_3D ( 'NONE', #2543, #294, #1680 ) ;
#2036 = ORIENTED_EDGE ( 'NONE', *, *, #2127, .F. ) ;
#2037 = EDGE_LOOP ( 'NONE', ( #3653, #2574, #3611, #1387 ) ) ;
#2038 = CARTESIAN_POINT ( 'NONE',  ( 410.2549050041553755, 107.5902013480662021, -840.1967147705897787 ) ) ;
#2039 = AXIS2_PLACEMENT_3D ( 'NONE', #579, #284, #1765 ) ;
#2040 = EDGE_CURVE ( 'NONE', #1295, #845, #3697, .T. ) ;
#2041 = DIRECTION ( 'NONE',  ( 0.000000000000000000, 0.000000000000000000, -1.000000000000000000 ) ) ;
#2042 = EDGE_LOOP ( 'NONE', ( #3448, #482 ) ) ;
#2043 = LINE ( 'NONE', #1772, #795 ) ;
#2044 = DIRECTION ( 'NONE',  ( -0.000000000000000000, -1.000000000000000000, -0.000000000000000000 ) ) ;
#2045 = CARTESIAN_POINT ( 'NONE',  ( 801.0011170287428968, 92.59020134806620206, -933.4505027460022575 ) ) ;
#2046 = FACE_BOUND ( 'NONE', #2996, .T. ) ;
#2047 = EDGE_LOOP ( 'NONE', ( #739, #1086, #1451, #3119 ) ) ;
#2048 = CARTESIAN_POINT ( 'NONE',  ( 383.5011170287429536, 101.1902013480661964, -375.4505027460023143 ) ) ;
#2049 = CARTESIAN_POINT ( 'NONE',  ( 319.5011170287429536, 92.59020134806620206, -780.4505027460023712 ) ) ;
#2050 = CARTESIAN_POINT ( 'NONE',  ( 344.5011170287429536, 107.5902013480662021, -273.8505027460023484 ) ) ;
#2051 = DIRECTION ( 'NONE',  ( 0.000000000000000000, 0.000000000000000000, 1.000000000000000000 ) ) ;
#2052 = VERTEX_POINT ( 'NONE', #715 ) ;
#2053 = EDGE_CURVE ( 'NONE', #33, #758, #3214, .T. ) ;
#2054 = AXIS2_PLACEMENT_3D ( 'NONE', #1237, #2381, #1181 ) ;
#2055 = FACE_OUTER_BOUND ( 'NONE', #444, .T. ) ;
#2056 = AXIS2_PLACEMENT_3D ( 'NONE', #1945, #3633, #1063 ) ;
#2057 = CARTESIAN_POINT ( 'NONE',  ( 424.5011170287428399, 107.5902013480662021, -735.4505027460023712 ) ) ;
#2058 = ORIENTED_EDGE ( 'NONE', *, *, #1435, .F. ) ;
#2059 = CARTESIAN_POINT ( 'NONE',  ( 383.5011170287429536, 92.59020134806620206, -682.9505027460023712 ) ) ;
#2060 = EDGE_CURVE ( 'NONE', #2112, #3663, #2679, .T. ) ;
#2061 = VECTOR ( 'NONE', #3288, 1000.000000000000000 ) ;
#2062 = DIRECTION ( 'NONE',  ( 0.000000000000000000, 0.000000000000000000, -1.000000000000000000 ) ) ;
#2063 = CIRCLE ( 'NONE', #1522, 7.499999999999951150 ) ;
#2064 = CARTESIAN_POINT ( 'NONE',  ( 499.5011170287429536, 107.5902013480662021, -815.4505027460022575 ) ) ;
#2065 = DIRECTION ( 'NONE',  ( -0.000000000000000000, -1.000000000000000000, -0.000000000000000000 ) ) ;
#2066 = VERTEX_POINT ( 'NONE', #3345 ) ;
#2067 = LINE ( 'NONE', #132, #2564 ) ;
#2068 = CARTESIAN_POINT ( 'NONE',  ( 414.5011170287428399, 107.5902013480662021, -273.8505027460022916 ) ) ;
#2069 = CARTESIAN_POINT ( 'NONE',  ( 941.0011170287428968, 101.1902013480661964, -820.4505027460022575 ) ) ;
#2070 = APPLICATION_CONTEXT ( 'automotive_design' ) ;
#2071 = ORIENTED_EDGE ( 'NONE', *, *, #423, .T. ) ;
#2072 = CARTESIAN_POINT ( 'NONE',  ( 360.5011170287428399, 92.59020134806620206, -281.4505027460022575 ) ) ;
#2073 = AXIS2_PLACEMENT_3D ( 'NONE', #3421, #785, #2488 ) ;
#2074 = EDGE_CURVE ( 'NONE', #2849, #2712, #2927, .T. ) ;
#2075 = ORIENTED_EDGE ( 'NONE', *, *, #1433, .T. ) ;
#2076 = DIRECTION ( 'NONE',  ( 0.000000000000000000, 0.000000000000000000, -1.000000000000000000 ) ) ;
#2077 = VECTOR ( 'NONE', #2208, 1000.000000000000000 ) ;
#2078 = DIRECTION ( 'NONE',  ( -0.000000000000000000, -1.000000000000000000, -0.000000000000000000 ) ) ;
#2079 = ORIENTED_EDGE ( 'NONE', *, *, #1733, .F. ) ;
#2080 = ADVANCED_FACE ( 'NONE', ( #730 ), #1304, .F. ) ;
#2081 = EDGE_CURVE ( 'NONE', #192, #1579, #808, .T. ) ;
#2082 = CYLINDRICAL_SURFACE ( 'NONE', #3284, 7.499999999999951150 ) ;
#2083 = CARTESIAN_POINT ( 'NONE',  ( 388.0011170287429536, 101.1902013480661964, -555.4505027460023712 ) ) ;
#2084 = EDGE_LOOP ( 'NONE', ( #3336, #3101, #209, #800 ) ) ;
#2085 = DIRECTION ( 'NONE',  ( 0.000000000000000000, 1.000000000000000000, 0.000000000000000000 ) ) ;
#2086 = EDGE_CURVE ( 'NONE', #851, #1806, #540, .T. ) ;
#2087 = DIRECTION ( 'NONE',  ( -0.000000000000000000, -1.000000000000000000, -0.000000000000000000 ) ) ;
#2088 = CARTESIAN_POINT ( 'NONE',  ( 360.5011170287428399, 107.5902013480662021, -253.4505027460023427 ) ) ;
#2089 = CIRCLE ( 'NONE', #2626, 4.499999999999948486 ) ;
#2090 = AXIS2_PLACEMENT_3D ( 'NONE', #3530, #3257, #419 ) ;
#2091 = EDGE_LOOP ( 'NONE', ( #681, #1839, #527, #606 ) ) ;
#2092 = FACE_OUTER_BOUND ( 'NONE', #2651, .T. ) ;
#2093 = AXIS2_PLACEMENT_3D ( 'NONE', #1236, #1852, #3577 ) ;
#2094 = VECTOR ( 'NONE', #2399, 1000.000000000000000 ) ;
#2095 = ORIENTED_EDGE ( 'NONE', *, *, #2146, .T. ) ;
#2096 = CARTESIAN_POINT ( 'NONE',  ( 801.0011170287428968, 101.1902013480661964, -925.9505027460023712 ) ) ;
#2097 = CIRCLE ( 'NONE', #120, 7.500000000000062172 ) ;
#2098 = ORIENTED_EDGE ( 'NONE', *, *, #3686, .F. ) ;
#2099 = FACE_OUTER_BOUND ( 'NONE', #1961, .T. ) ;
#2100 = DIRECTION ( 'NONE',  ( 0.000000000000000000, 1.000000000000000000, 0.000000000000000000 ) ) ;
#2101 = DIRECTION ( 'NONE',  ( 0.000000000000000000, 1.000000000000000000, 0.000000000000000000 ) ) ;
#2102 = ADVANCED_FACE ( 'NONE', ( #1127 ), #1631, .F. ) ;
#2103 = EDGE_LOOP ( 'NONE', ( #3161, #2098 ) ) ;
#2104 = CARTESIAN_POINT ( 'NONE',  ( 591.0011170287428968, 92.59020134806620206, -921.4505027460023712 ) ) ;
#2105 = LINE ( 'NONE', #3242, #2249 ) ;
#2106 = DIRECTION ( 'NONE',  ( 0.000000000000000000, 1.000000000000000000, 0.000000000000000000 ) ) ;
#2107 = EDGE_CURVE ( 'NONE', #2369, #3579, #1419, .T. ) ;
#2108 = ORIENTED_EDGE ( 'NONE', *, *, #2462, .F. ) ;
#2109 = ORIENTED_EDGE ( 'NONE', *, *, #2997, .T. ) ;
#2110 = FACE_OUTER_BOUND ( 'NONE', #3601, .T. ) ;
#2111 = CIRCLE ( 'NONE', #914, 7.499999999999951150 ) ;
#2112 = VERTEX_POINT ( 'NONE', #865 ) ;
#2113 = CARTESIAN_POINT ( 'NONE',  ( 321.5011170287428399, 92.59020134806620206, -245.4505027460022859 ) ) ;
#2114 = CIRCLE ( 'NONE', #1570, 4.499999999999948486 ) ;
#2115 = FACE_OUTER_BOUND ( 'NONE', #3356, .T. ) ;
#2116 = VECTOR ( 'NONE', #1167, 1000.000000000000000 ) ;
#2117 = AXIS2_PLACEMENT_3D ( 'NONE', #363, #875, #3216 ) ;
#2118 = CYLINDRICAL_SURFACE ( 'NONE', #1810, 4.500000000000059508 ) ;
#2119 = ORIENTED_EDGE ( 'NONE', *, *, #156, .T. ) ;
#2120 = CARTESIAN_POINT ( 'NONE',  ( 442.1313810051711357, 92.59020134806620206, -805.3202387695739617 ) ) ;
#2121 = VECTOR ( 'NONE', #603, 1000.000000000000000 ) ;
#2122 = DIRECTION ( 'NONE',  ( 0.000000000000000000, 0.000000000000000000, -1.000000000000000000 ) ) ;
#2123 = EDGE_CURVE ( 'NONE', #2066, #484, #3153, .T. ) ;
#2124 = ADVANCED_FACE ( 'NONE', ( #2277 ), #208, .F. ) ;
#2125 = DIRECTION ( 'NONE',  ( 0.000000000000000000, 0.000000000000000000, -1.000000000000000000 ) ) ;
#2126 = ORIENTED_EDGE ( 'NONE', *, *, #1991, .T. ) ;
#2127 = EDGE_CURVE ( 'NONE', #1264, #3291, #10, .T. ) ;
#2128 = ADVANCED_FACE ( 'NONE', ( #2491 ), #3643, .F. ) ;
#2129 = LINE ( 'NONE', #1285, #1184 ) ;
#2130 = VERTEX_POINT ( 'NONE', #789 ) ;
#2131 = CYLINDRICAL_SURFACE ( 'NONE', #1878, 4.500000000000059508 ) ;
#2132 = ORIENTED_EDGE ( 'NONE', *, *, #2529, .T. ) ;
#2133 = DIRECTION ( 'NONE',  ( -0.000000000000000000, -1.000000000000000000, -0.000000000000000000 ) ) ;
#2134 = LINE ( 'NONE', #1042, #2992 ) ;
#2135 = PLANE ( 'NONE',  #334 ) ;
#2136 = DIRECTION ( 'NONE',  ( -1.000000000000000000, 0.000000000000000000, 1.790682297782512114E-15 ) ) ;
#2137 = DIRECTION ( 'NONE',  ( 0.000000000000000000, 0.000000000000000000, 1.000000000000000000 ) ) ;
#2138 = ORIENTED_EDGE ( 'NONE', *, *, #2883, .T. ) ;
#2139 = CYLINDRICAL_SURFACE ( 'NONE', #2689, 7.500000000000007105 ) ;
#2140 = DIRECTION ( 'NONE',  ( -0.000000000000000000, -1.000000000000000000, -0.000000000000000000 ) ) ;
#2141 = CARTESIAN_POINT ( 'NONE',  ( 439.5011170287429536, 92.59020134806620206, -760.4505027460022575 ) ) ;
#2142 = AXIS2_PLACEMENT_3D ( 'NONE', #3365, #1354, #559 ) ;
#2143 = DIRECTION ( 'NONE',  ( -0.000000000000000000, -1.000000000000000000, -0.000000000000000000 ) ) ;
#2144 = ORIENTED_EDGE ( 'NONE', *, *, #129, .T. ) ;
#2145 = DIRECTION ( 'NONE',  ( 0.000000000000000000, -1.000000000000000000, 0.000000000000000000 ) ) ;
#2146 = EDGE_CURVE ( 'NONE', #2501, #1329, #757, .T. ) ;
#2147 = EDGE_CURVE ( 'NONE', #3091, #1843, #2857, .T. ) ;
#2148 = CIRCLE ( 'NONE', #456, 3.400000000000014122 ) ;
#2149 = ORIENTED_EDGE ( 'NONE', *, *, #2306, .T. ) ;
#2150 = CARTESIAN_POINT ( 'NONE',  ( 377.8011170287428513, 101.1902013480661964, -869.6505027460021893 ) ) ;
#2151 = VECTOR ( 'NONE', #3274, 1000.000000000000000 ) ;
#2152 = EDGE_CURVE ( 'NONE', #3081, #867, #3116, .T. ) ;
#2153 = CARTESIAN_POINT ( 'NONE',  ( 941.0011170287428968, 92.59020134806620206, -829.4505027460021438 ) ) ;
#2154 = CIRCLE ( 'NONE', #466, 7.499999999999951150 ) ;
#2155 = CARTESIAN_POINT ( 'NONE',  ( 801.0011170287428968, 92.59020134806620206, -817.4505027460022575 ) ) ;
#2156 = DIRECTION ( 'NONE',  ( 0.000000000000000000, 0.000000000000000000, -1.000000000000000000 ) ) ;
#2157 = CIRCLE ( 'NONE', #3050, 4.499999999999948486 ) ;
#2158 = ORIENTED_EDGE ( 'NONE', *, *, #2171, .T. ) ;
#2159 = FACE_OUTER_BOUND ( 'NONE', #2801, .T. ) ;
#2160 = DIRECTION ( 'NONE',  ( 0.000000000000000000, 0.000000000000000000, -1.000000000000000000 ) ) ;
#2161 = CARTESIAN_POINT ( 'NONE',  ( 733.7041216018069463, 101.1902013480661964, -925.9505027460023712 ) ) ;
#2162 = VERTEX_POINT ( 'NONE', #1089 ) ;
#2163 = DIRECTION ( 'NONE',  ( -0.000000000000000000, -1.000000000000000000, -0.000000000000000000 ) ) ;
#2164 = VERTEX_POINT ( 'NONE', #1147 ) ;
#2165 = EDGE_CURVE ( 'NONE', #3120, #2593, #1540, .T. ) ;
#2166 = ORIENTED_EDGE ( 'NONE', *, *, #1107, .T. ) ;
#2167 = DIRECTION ( 'NONE',  ( -0.000000000000000000, -1.000000000000000000, -0.000000000000000000 ) ) ;
#2168 = CARTESIAN_POINT ( 'NONE',  ( 941.0011170287428968, 92.59020134806620206, -824.9505027460022575 ) ) ;
#2169 = ORIENTED_EDGE ( 'NONE', *, *, #2373, .F. ) ;
#2170 = CARTESIAN_POINT ( 'NONE',  ( 360.5011170287428399, 107.5902013480662021, -281.4505027460022575 ) ) ;
#2171 = EDGE_CURVE ( 'NONE', #1983, #2307, #222, .T. ) ;
#2172 = PLANE ( 'NONE',  #1972 ) ;
#2173 = CYLINDRICAL_SURFACE ( 'NONE', #82, 3.400000000000014122 ) ;
#2174 = VECTOR ( 'NONE', #354, 1000.000000000000000 ) ;
#2175 = CIRCLE ( 'NONE', #252, 7.500000000000007105 ) ;
#2176 = CARTESIAN_POINT ( 'NONE',  ( 414.5011170287428399, 107.5902013480662021, -270.4505027460023143 ) ) ;
#2177 = DIRECTION ( 'NONE',  ( -0.000000000000000000, -1.000000000000000000, -0.000000000000000000 ) ) ;
#2178 = AXIS2_PLACEMENT_3D ( 'NONE', #308, #2944, #3495 ) ;
#2179 = CARTESIAN_POINT ( 'NONE',  ( 801.0011170287428968, 101.1902013480661964, -824.9505027460022575 ) ) ;
#2180 = CIRCLE ( 'NONE', #554, 7.499999999999951150 ) ;
#2181 = ORIENTED_EDGE ( 'NONE', *, *, #2074, .T. ) ;
#2182 = DIRECTION ( 'NONE',  ( 0.000000000000000000, 0.000000000000000000, -1.000000000000000000 ) ) ;
#2183 = FACE_BOUND ( 'NONE', #2760, .T. ) ;
#2184 = ORIENTED_EDGE ( 'NONE', *, *, #2468, .T. ) ;
#2185 = VERTEX_POINT ( 'NONE', #2255 ) ;
#2186 = CARTESIAN_POINT ( 'NONE',  ( 941.0011170287428968, 92.59020134806620206, -824.9505027460022575 ) ) ;
#2187 = CARTESIAN_POINT ( 'NONE',  ( 442.1313810051711357, 92.59020134806620206, -812.8202387695739617 ) ) ;
#2188 = ORIENTED_EDGE ( 'NONE', *, *, #3463, .T. ) ;
#2189 = DIRECTION ( 'NONE',  ( -0.000000000000000000, -1.000000000000000000, -0.000000000000000000 ) ) ;
#2190 = ORIENTED_EDGE ( 'NONE', *, *, #2468, .F. ) ;
#2191 = DIRECTION ( 'NONE',  ( 0.000000000000000000, 1.000000000000000000, 0.000000000000000000 ) ) ;
#2192 = ADVANCED_FACE ( 'NONE', ( #1389 ), #3402, .F. ) ;
#2193 = VECTOR ( 'NONE', #2524, 1000.000000000000000 ) ;
#2194 = DIRECTION ( 'NONE',  ( 1.290957005378089322E-16, 0.000000000000000000, 1.000000000000000000 ) ) ;
#2195 = FACE_OUTER_BOUND ( 'NONE', #1508, .T. ) ;
#2196 = DIRECTION ( 'NONE',  ( -0.000000000000000000, 1.000000000000000000, -0.000000000000000000 ) ) ;
#2197 = VERTEX_POINT ( 'NONE', #3698 ) ;
#2198 = ADVANCED_FACE ( 'NONE', ( #3427 ), #847, .F. ) ;
#2199 = AXIS2_PLACEMENT_3D ( 'NONE', #3493, #1135, #53 ) ;
#2200 = PLANE ( 'NONE',  #1241 ) ;
#2201 = ORIENTED_EDGE ( 'NONE', *, *, #622, .F. ) ;
#2202 = ORIENTED_EDGE ( 'NONE', *, *, #2329, .F. ) ;
#2203 = VERTEX_POINT ( 'NONE', #48 ) ;
#2204 = EDGE_LOOP ( 'NONE', ( #3330, #2638 ) ) ;
#2205 = CARTESIAN_POINT ( 'NONE',  ( 364.5011170287428399, 92.59020134806620206, -285.4505027460022575 ) ) ;
#2206 = AXIS2_PLACEMENT_3D ( 'NONE', #3399, #3381, #826 ) ;
#2207 = ORIENTED_EDGE ( 'NONE', *, *, #379, .T. ) ;
#2208 = DIRECTION ( 'NONE',  ( 0.000000000000000000, 0.000000000000000000, -1.000000000000000000 ) ) ;
#2209 = AXIS2_PLACEMENT_3D ( 'NONE', #1123, #3423, #366 ) ;
#2210 = EDGE_LOOP ( 'NONE', ( #233, #1668 ) ) ;
#2211 = CARTESIAN_POINT ( 'NONE',  ( 330.5011170287429536, 92.59020134806620206, -430.4505027460022006 ) ) ;
#2212 = DIRECTION ( 'NONE',  ( -0.000000000000000000, 1.000000000000000000, -0.000000000000000000 ) ) ;
#2213 = DIRECTION ( 'NONE',  ( 0.000000000000000000, 0.000000000000000000, 1.000000000000000000 ) ) ;
#2214 = CARTESIAN_POINT ( 'NONE',  ( 973.5011170287428968, 107.5902013480662021, -815.4505027460023712 ) ) ;
#2215 = EDGE_CURVE ( 'NONE', #1860, #1650, #1002, .T. ) ;
#2216 = VECTOR ( 'NONE', #1604, 1000.000000000000000 ) ;
#2217 = ORIENTED_EDGE ( 'NONE', *, *, #3463, .F. ) ;
#2218 = CARTESIAN_POINT ( 'NONE',  ( 330.5011170287429536, 107.5902013480662021, -670.4505027460022575 ) ) ;
#2219 = EDGE_CURVE ( 'NONE', #302, #1902, #2556, .T. ) ;
#2220 = VERTEX_POINT ( 'NONE', #2368 ) ;
#2221 = EDGE_LOOP ( 'NONE', ( #1864, #1311, #1898, #3043 ) ) ;
#2222 = ORIENTED_EDGE ( 'NONE', *, *, #3486, .F. ) ;
#2223 = DIRECTION ( 'NONE',  ( 0.000000000000000000, 0.000000000000000000, 1.000000000000000000 ) ) ;
#2224 = VERTEX_POINT ( 'NONE', #2069 ) ;
#2225 = DIRECTION ( 'NONE',  ( -0.000000000000000000, -1.000000000000000000, -0.000000000000000000 ) ) ;
#2226 = ORIENTED_EDGE ( 'NONE', *, *, #3594, .T. ) ;
#2227 = DIRECTION ( 'NONE',  ( 0.000000000000000000, 1.000000000000000000, 0.000000000000000000 ) ) ;
#2228 = DIRECTION ( 'NONE',  ( 0.000000000000000000, 0.000000000000000000, 1.000000000000000000 ) ) ;
#2229 = CARTESIAN_POINT ( 'NONE',  ( 801.0011170287428968, 92.59020134806620206, -925.9505027460023712 ) ) ;
#2230 = CARTESIAN_POINT ( 'NONE',  ( 383.5011170287429536, 92.59020134806620206, -675.4505027460023712 ) ) ;
#2231 = ORIENTED_EDGE ( 'NONE', *, *, #1136, .T. ) ;
#2232 = AXIS2_PLACEMENT_3D ( 'NONE', #3648, #3608, #3389 ) ;
#2233 = EDGE_CURVE ( 'NONE', #2945, #73, #1168, .T. ) ;
#2234 = DIRECTION ( 'NONE',  ( 0.000000000000000000, 0.000000000000000000, -1.000000000000000000 ) ) ;
#2235 = EDGE_LOOP ( 'NONE', ( #2763, #182 ) ) ;
#2236 = VECTOR ( 'NONE', #3206, 1000.000000000000000 ) ;
#2237 = AXIS2_PLACEMENT_3D ( 'NONE', #2669, #3233, #660 ) ;
#2238 = ORIENTED_EDGE ( 'NONE', *, *, #441, .F. ) ;
#2239 = EDGE_CURVE ( 'NONE', #2593, #3120, #1783, .T. ) ;
#2240 = EDGE_CURVE ( 'NONE', #414, #229, #2740, .T. ) ;
#2241 = ORIENTED_EDGE ( 'NONE', *, *, #3550, .T. ) ;
#2242 = ORIENTED_EDGE ( 'NONE', *, *, #3295, .T. ) ;
#2243 = CARTESIAN_POINT ( 'NONE',  ( 167.5011170287428115, 107.5902013480662021, -478.4505027460022575 ) ) ;
#2244 = VERTEX_POINT ( 'NONE', #67 ) ;
#2245 = CARTESIAN_POINT ( 'NONE',  ( 424.5011170287428399, 107.5902013480662021, -735.4505027460023712 ) ) ;
#2246 = ORIENTED_EDGE ( 'NONE', *, *, #3083, .F. ) ;
#2247 = DIRECTION ( 'NONE',  ( 0.000000000000000000, 0.000000000000000000, -1.000000000000000000 ) ) ;
#2248 = DIRECTION ( 'NONE',  ( 0.000000000000000000, 0.000000000000000000, -1.000000000000000000 ) ) ;
#2249 = VECTOR ( 'NONE', #1858, 1000.000000000000000 ) ;
#2250 = LINE ( 'NONE', #1402, #1353 ) ;
#2251 = FACE_OUTER_BOUND ( 'NONE', #1129, .T. ) ;
#2252 = AXIS2_PLACEMENT_3D ( 'NONE', #1102, #1681, #258 ) ;
#2253 = ORIENTED_EDGE ( 'NONE', *, *, #2011, .F. ) ;
#2254 = CARTESIAN_POINT ( 'NONE',  ( 442.1313810051711357, 92.59020134806620206, -805.3202387695739617 ) ) ;
#2255 = CARTESIAN_POINT ( 'NONE',  ( 383.5011170287429536, 107.5902013480662021, -550.9505027460023712 ) ) ;
#2256 = EDGE_LOOP ( 'NONE', ( #121, #3570 ) ) ;
#2257 = VECTOR ( 'NONE', #1098, 1000.000000000000000 ) ;
#2258 = DIRECTION ( 'NONE',  ( -0.000000000000000000, -1.000000000000000000, -0.000000000000000000 ) ) ;
#2259 = ORIENTED_EDGE ( 'NONE', *, *, #927, .T. ) ;
#2260 = VERTEX_POINT ( 'NONE', #2330 ) ;
#2261 = FACE_OUTER_BOUND ( 'NONE', #307, .T. ) ;
#2262 = EDGE_CURVE ( 'NONE', #3291, #2706, #2666, .T. ) ;
#2263 = AXIS2_PLACEMENT_3D ( 'NONE', #1861, #3586, #3307 ) ;
#2264 = LINE ( 'NONE', #1493, #3271 ) ;
#2265 = ORIENTED_EDGE ( 'NONE', *, *, #3343, .F. ) ;
#2266 = CARTESIAN_POINT ( 'NONE',  ( 442.1313810051711357, 107.5902013480662021, -808.3202387695739617 ) ) ;
#2267 = EDGE_CURVE ( 'NONE', #1149, #3215, #3207, .T. ) ;
#2268 = AXIS2_PLACEMENT_3D ( 'NONE', #598, #3228, #2876 ) ;
#2269 = CARTESIAN_POINT ( 'NONE',  ( 439.5011170287429536, 107.5902013480662021, -760.4505027460022575 ) ) ;
#2270 = AXIS2_PLACEMENT_3D ( 'NONE', #3021, #971, #1877 ) ;
#2271 = DIRECTION ( 'NONE',  ( -1.000000000000000000, 0.000000000000000000, 0.000000000000000000 ) ) ;
#2272 = DIRECTION ( 'NONE',  ( 0.000000000000000000, -0.000000000000000000, 1.000000000000000000 ) ) ;
#2273 = AXIS2_PLACEMENT_3D ( 'NONE', #741, #2100, #3542 ) ;
#2274 = ORIENTED_EDGE ( 'NONE', *, *, #3317, .T. ) ;
#2275 = FACE_BOUND ( 'NONE', #2779, .T. ) ;
#2276 = AXIS2_PLACEMENT_3D ( 'NONE', #3126, #512, #1177 ) ;
#2277 = FACE_OUTER_BOUND ( 'NONE', #3237, .T. ) ;
#2278 = EDGE_LOOP ( 'NONE', ( #754, #2769 ) ) ;
#2279 = AXIS2_PLACEMENT_3D ( 'NONE', #2836, #2711, #181 ) ;
#2280 = ORIENTED_EDGE ( 'NONE', *, *, #1956, .F. ) ;
#2281 = CYLINDRICAL_SURFACE ( 'NONE', #1397, 4.499999999999948486 ) ;
#2282 = DIRECTION ( 'NONE',  ( 0.000000000000000000, 0.000000000000000000, -1.000000000000000000 ) ) ;
#2283 = ORIENTED_EDGE ( 'NONE', *, *, #972, .T. ) ;
#2284 = FACE_OUTER_BOUND ( 'NONE', #3369, .T. ) ;
#2285 = DIRECTION ( 'NONE',  ( 0.000000000000000000, 0.000000000000000000, -1.000000000000000000 ) ) ;
#2286 = ADVANCED_FACE ( 'NONE', ( #577 ), #617, .F. ) ;
#2287 = CYLINDRICAL_SURFACE ( 'NONE', #2313, 4.499999999999948486 ) ;
#2288 = DIRECTION ( 'NONE',  ( 0.000000000000000000, 1.000000000000000000, 0.000000000000000000 ) ) ;
#2289 = ORIENTED_EDGE ( 'NONE', *, *, #238, .T. ) ;
#2290 = LINE ( 'NONE', #2008, #2987 ) ;
#2291 = CARTESIAN_POINT ( 'NONE',  ( 414.7549050041554324, 101.1902013480661964, -844.6967147705897787 ) ) ;
#2292 = DIRECTION ( 'NONE',  ( -0.000000000000000000, -0.000000000000000000, 1.000000000000000000 ) ) ;
#2293 = ORIENTED_EDGE ( 'NONE', *, *, #306, .F. ) ;
#2294 = LINE ( 'NONE', #1169, #3424 ) ;
#2295 = CIRCLE ( 'NONE', #2710, 4.499999999999948486 ) ;
#2296 = ORIENTED_EDGE ( 'NONE', *, *, #3130, .F. ) ;
#2297 = DIRECTION ( 'NONE',  ( 0.000000000000000000, 0.000000000000000000, -1.000000000000000000 ) ) ;
#2298 = VECTOR ( 'NONE', #470, 1000.000000000000114 ) ;
#2299 = CARTESIAN_POINT ( 'NONE',  ( 941.0011170287428968, 92.59020134806620206, -925.9505027460023712 ) ) ;
#2300 = EDGE_LOOP ( 'NONE', ( #179, #3505, #3309, #2993 ) ) ;
#2301 = DIRECTION ( 'NONE',  ( -0.000000000000000000, -1.000000000000000000, -0.000000000000000000 ) ) ;
#2302 = LINE ( 'NONE', #1697, #893 ) ;
#2303 = LINE ( 'NONE', #1738, #3629 ) ;
#2304 = CARTESIAN_POINT ( 'NONE',  ( 330.5011170287429536, 92.59020134806620206, -670.4505027460022575 ) ) ;
#2305 = DIRECTION ( 'NONE',  ( 0.000000000000000000, 0.000000000000000000, -1.000000000000000000 ) ) ;
#2306 = EDGE_CURVE ( 'NONE', #3175, #3311, #3100, .T. ) ;
#2307 = VERTEX_POINT ( 'NONE', #3462 ) ;
#2308 = DIRECTION ( 'NONE',  ( -0.000000000000000000, -1.000000000000000000, -0.000000000000000000 ) ) ;
#2309 = CARTESIAN_POINT ( 'NONE',  ( 801.0011170287428968, 92.59020134806620206, -817.4505027460022575 ) ) ;
#2310 = CARTESIAN_POINT ( 'NONE',  ( 414.5011170287428399, 107.5902013480662021, -270.4505027460023143 ) ) ;
#2311 = ADVANCED_FACE ( 'NONE', ( #1782 ), #2936, .F. ) ;
#2312 = DIRECTION ( 'NONE',  ( 0.7071067811865474617, 0.000000000000000000, 0.7071067811865474617 ) ) ;
#2313 = AXIS2_PLACEMENT_3D ( 'NONE', #1499, #1218, #2582 ) ;
#2314 = ORIENTED_EDGE ( 'NONE', *, *, #1489, .T. ) ;
#2315 = VERTEX_POINT ( 'NONE', #2031 ) ;
#2316 = FACE_OUTER_BOUND ( 'NONE', #2365, .T. ) ;
#2317 = ORIENTED_EDGE ( 'NONE', *, *, #1360, .F. ) ;
#2318 = CIRCLE ( 'NONE', #3213, 7.500000000000062172 ) ;
#2319 = CYLINDRICAL_SURFACE ( 'NONE', #2734, 7.499999999999951150 ) ;
#2320 = EDGE_LOOP ( 'NONE', ( #944, #3232 ) ) ;
#2321 = CARTESIAN_POINT ( 'NONE',  ( 319.5011170287428968, 107.5902013480662021, -247.4505027460022291 ) ) ;
#2322 = DIRECTION ( 'NONE',  ( -0.000000000000000000, -1.000000000000000000, -0.000000000000000000 ) ) ;
#2323 = DIRECTION ( 'NONE',  ( -0.000000000000000000, -1.000000000000000000, -0.000000000000000000 ) ) ;
#2324 = CARTESIAN_POINT ( 'NONE',  ( 437.5011170287429536, 107.5902013480662021, -245.4505027460023996 ) ) ;
#2325 = CARTESIAN_POINT ( 'NONE',  ( 591.0011170287428968, 92.59020134806620206, -918.4505027460023712 ) ) ;
#2326 = ORIENTED_EDGE ( 'NONE', *, *, #2081, .F. ) ;
#2327 = FACE_BOUND ( 'NONE', #1635, .T. ) ;
#2328 = CARTESIAN_POINT ( 'NONE',  ( 383.5011170287429536, 92.59020134806620206, -559.9505027460023712 ) ) ;
#2329 = EDGE_CURVE ( 'NONE', #2185, #3557, #1448, .T. ) ;
#2330 = CARTESIAN_POINT ( 'NONE',  ( 733.7041216018069463, 107.5902013480662021, -930.4505027460022575 ) ) ;
#2331 = CIRCLE ( 'NONE', #3164, 4.500000000000059508 ) ;
#2332 = SHAPE_DEFINITION_REPRESENTATION ( #1232, #3280 ) ;
#2333 = VECTOR ( 'NONE', #653, 1000.000000000000114 ) ;
#2334 = EDGE_CURVE ( 'NONE', #1060, #1090, #3642, .T. ) ;
#2335 = ORIENTED_EDGE ( 'NONE', *, *, #650, .F. ) ;
#2336 = CARTESIAN_POINT ( 'NONE',  ( 801.0011170287428968, 92.59020134806620206, -824.9505027460022575 ) ) ;
#2337 = CIRCLE ( 'NONE', #1497, 4.500000000000003553 ) ;
#2338 = CARTESIAN_POINT ( 'NONE',  ( 439.5011170287429536, 92.59020134806620206, -290.4505027460021438 ) ) ;
#2339 = ORIENTED_EDGE ( 'NONE', *, *, #883, .F. ) ;
#2340 = DIRECTION ( 'NONE',  ( 0.000000000000000000, 0.000000000000000000, -1.000000000000000000 ) ) ;
#2341 = CARTESIAN_POINT ( 'NONE',  ( 330.5011170287429536, 92.59020134806620206, -510.4505027460022575 ) ) ;
#2342 = DIRECTION ( 'NONE',  ( 0.000000000000000000, 0.000000000000000000, 1.000000000000000000 ) ) ;
#2343 = DIRECTION ( 'NONE',  ( 0.000000000000000000, 0.000000000000000000, 1.000000000000000000 ) ) ;
#2344 = DIRECTION ( 'NONE',  ( 0.000000000000000000, 0.000000000000000000, -1.000000000000000000 ) ) ;
#2345 = ORIENTED_EDGE ( 'NONE', *, *, #2997, .F. ) ;
#2346 = DIRECTION ( 'NONE',  ( 0.000000000000000000, 1.000000000000000000, 0.000000000000000000 ) ) ;
#2347 = DIRECTION ( 'NONE',  ( -0.000000000000000000, -1.000000000000000000, -0.000000000000000000 ) ) ;
#2348 = DIRECTION ( 'NONE',  ( 0.000000000000000000, 0.000000000000000000, -1.000000000000000000 ) ) ;
#2349 = ADVANCED_FACE ( 'NONE', ( #1242, #2629 ), #2590, .F. ) ;
#2350 = EDGE_CURVE ( 'NONE', #1017, #3081, #2744, .T. ) ;
#2351 = ORIENTED_EDGE ( 'NONE', *, *, #768, .F. ) ;
#2352 = AXIS2_PLACEMENT_3D ( 'NONE', #706, #2979, #3275 ) ;
#2353 = CARTESIAN_POINT ( 'NONE',  ( 330.5011170287429536, 92.59020134806620206, -510.4505027460022575 ) ) ;
#2354 = EDGE_CURVE ( 'NONE', #215, #549, #399, .T. ) ;
#2355 = VECTOR ( 'NONE', #3009, 1000.000000000000114 ) ;
#2356 = CARTESIAN_POINT ( 'NONE',  ( 394.5011170287428399, 92.59020134806620206, -285.4505027460022575 ) ) ;
#2357 = ORIENTED_EDGE ( 'NONE', *, *, #203, .T. ) ;
#2358 = CARTESIAN_POINT ( 'NONE',  ( 330.5011170287429536, 92.59020134806620206, -430.4505027460022006 ) ) ;
#2359 = EDGE_CURVE ( 'NONE', #2162, #1164, #3699, .T. ) ;
#2360 = ORIENTED_EDGE ( 'NONE', *, *, #671, .T. ) ;
#2361 = DIRECTION ( 'NONE',  ( -0.000000000000000000, -1.000000000000000000, -0.000000000000000000 ) ) ;
#2362 = AXIS2_PLACEMENT_3D ( 'NONE', #576, #1470, #1723 ) ;
#2363 = CARTESIAN_POINT ( 'NONE',  ( 474.5011170287428968, 107.5902013480662021, -935.4505027460022575 ) ) ;
#2364 = CARTESIAN_POINT ( 'NONE',  ( 410.2549050041553755, 92.59020134806620206, -844.6967147705897787 ) ) ;
#2365 = EDGE_LOOP ( 'NONE', ( #3621, #391, #2144, #3684 ) ) ;
#2366 = DIRECTION ( 'NONE',  ( 0.000000000000000000, 0.000000000000000000, 1.000000000000000000 ) ) ;
#2367 = CARTESIAN_POINT ( 'NONE',  ( 410.2549050041553755, 101.1902013480661964, -844.6967147705897787 ) ) ;
#2368 = CARTESIAN_POINT ( 'NONE',  ( 414.5011170287428399, 92.59020134806620206, -267.0505027460022802 ) ) ;
#2369 = VERTEX_POINT ( 'NONE', #1802 ) ;
#2370 = EDGE_LOOP ( 'NONE', ( #2000, #2549, #1601, #2071 ) ) ;
#2371 = CARTESIAN_POINT ( 'NONE',  ( 591.0011170287428968, 101.1902013480661964, -933.4505027460022575 ) ) ;
#2372 = AXIS2_PLACEMENT_3D ( 'NONE', #205, #1369, #2793 ) ;
#2373 = EDGE_CURVE ( 'NONE', #2224, #1228, #2983, .T. ) ;
#2374 = EDGE_CURVE ( 'NONE', #3404, #280, #1842, .T. ) ;
#2375 = VERTEX_POINT ( 'NONE', #1859 ) ;
#2376 = CARTESIAN_POINT ( 'NONE',  ( 377.8011170287428513, 107.5902013480662021, -881.6505027460023030 ) ) ;
#2377 = AXIS2_PLACEMENT_3D ( 'NONE', #2299, #2616, #853 ) ;
#2378 = DIRECTION ( 'NONE',  ( 0.000000000000000000, 0.000000000000000000, -1.000000000000000000 ) ) ;
#2379 = EDGE_CURVE ( 'NONE', #667, #1806, #1577, .T. ) ;
#2380 = CYLINDRICAL_SURFACE ( 'NONE', #2090, 4.000000000000003553 ) ;
#2381 = DIRECTION ( 'NONE',  ( -0.000000000000000000, -1.000000000000000000, -0.000000000000000000 ) ) ;
#2382 = ORIENTED_EDGE ( 'NONE', *, *, #1367, .T. ) ;
#2383 = FACE_OUTER_BOUND ( 'NONE', #2726, .T. ) ;
#2384 = CARTESIAN_POINT ( 'NONE',  ( 383.5011170287429536, 107.5902013480662021, -499.9505027460023143 ) ) ;
#2385 = CARTESIAN_POINT ( 'NONE',  ( 383.5011170287429536, 101.1902013480661964, -495.4505027460023143 ) ) ;
#2386 = CIRCLE ( 'NONE', #2686, 4.499999999999948486 ) ;
#2387 = ORIENTED_EDGE ( 'NONE', *, *, #2350, .T. ) ;
#2388 = CARTESIAN_POINT ( 'NONE',  ( 941.0011170287428968, 107.5902013480662021, -824.9505027460022575 ) ) ;
#2389 = AXIS2_PLACEMENT_3D ( 'NONE', #2950, #968, #387 ) ;
#2390 = AXIS2_PLACEMENT_3D ( 'NONE', #2168, #2258, #831 ) ;
#2391 = ORIENTED_EDGE ( 'NONE', *, *, #2768, .T. ) ;
#2392 = DIRECTION ( 'NONE',  ( -0.000000000000000000, -1.000000000000000000, -0.000000000000000000 ) ) ;
#2393 = DIRECTION ( 'NONE',  ( 0.000000000000000000, 1.000000000000000000, 0.000000000000000000 ) ) ;
#2394 = ORIENTED_EDGE ( 'NONE', *, *, #2768, .F. ) ;
#2395 = CARTESIAN_POINT ( 'NONE',  ( 733.7041216018069463, 101.1902013480661964, -824.9505027460022575 ) ) ;
#2396 = DIRECTION ( 'NONE',  ( -0.000000000000000000, 1.000000000000000000, -0.000000000000000000 ) ) ;
#2397 = VERTEX_POINT ( 'NONE', #1557 ) ;
#2398 = EDGE_CURVE ( 'NONE', #380, #3557, #581, .T. ) ;
#2399 = DIRECTION ( 'NONE',  ( -0.000000000000000000, -1.000000000000000000, -0.000000000000000000 ) ) ;
#2400 = FACE_OUTER_BOUND ( 'NONE', #3230, .T. ) ;
#2401 = CARTESIAN_POINT ( 'NONE',  ( 591.0011170287428968, 107.5902013480662021, -925.9505027460023712 ) ) ;
#2402 = ORIENTED_EDGE ( 'NONE', *, *, #1963, .T. ) ;
#2403 = VERTEX_POINT ( 'NONE', #440 ) ;
#2404 = LINE ( 'NONE', #3553, #492 ) ;
#2405 = CIRCLE ( 'NONE', #3439, 7.499999999999951150 ) ;
#2406 = ORIENTED_EDGE ( 'NONE', *, *, #701, .T. ) ;
#2407 = DIRECTION ( 'NONE',  ( -0.000000000000000000, -1.000000000000000000, -0.000000000000000000 ) ) ;
#2408 = LINE ( 'NONE', #3610, #1015 ) ;
#2409 = ORIENTED_EDGE ( 'NONE', *, *, #2233, .T. ) ;
#2410 = LINE ( 'NONE', #2155, #1907 ) ;
#2411 = VECTOR ( 'NONE', #597, 1000.000000000000000 ) ;
#2412 = CIRCLE ( 'NONE', #1039, 4.499999999999948486 ) ;
#2413 = CARTESIAN_POINT ( 'NONE',  ( 330.5011170287429536, 92.59020134806620206, -677.9505027460022575 ) ) ;
#2414 = EDGE_LOOP ( 'NONE', ( #3058, #713 ) ) ;
#2415 = FACE_BOUND ( 'NONE', #1990, .T. ) ;
#2416 = DIRECTION ( 'NONE',  ( -1.000000000000000000, 0.000000000000000000, 0.000000000000000000 ) ) ;
#2417 = CARTESIAN_POINT ( 'NONE',  ( 941.0011170287428968, 92.59020134806620206, -925.9505027460023712 ) ) ;
#2418 = EDGE_CURVE ( 'NONE', #1647, #1133, #3225, .T. ) ;
#2419 = EDGE_CURVE ( 'NONE', #1138, #1617, #711, .T. ) ;
#2420 = VERTEX_POINT ( 'NONE', #2453 ) ;
#2421 = CYLINDRICAL_SURFACE ( 'NONE', #1840, 7.499999999999951150 ) ;
#2422 = EDGE_CURVE ( 'NONE', #2956, #3292, #1785, .T. ) ;
#2423 = EDGE_LOOP ( 'NONE', ( #2981, #3000 ) ) ;
#2424 = DIRECTION ( 'NONE',  ( 0.000000000000000000, 0.000000000000000000, -1.000000000000000000 ) ) ;
#2425 = EDGE_LOOP ( 'NONE', ( #953, #1967 ) ) ;
#2426 = DIRECTION ( 'NONE',  ( -0.000000000000000000, -1.000000000000000000, -0.000000000000000000 ) ) ;
#2427 = CARTESIAN_POINT ( 'NONE',  ( 330.5011170287429536, 107.5902013480662021, -510.4505027460022575 ) ) ;
#2428 = VERTEX_POINT ( 'NONE', #1279 ) ;
#2429 = LINE ( 'NONE', #2713, #2151 ) ;
#2430 = DIRECTION ( 'NONE',  ( 0.000000000000000000, 0.000000000000000000, -1.000000000000000000 ) ) ;
#2431 = VERTEX_POINT ( 'NONE', #1300 ) ;
#2432 = LINE ( 'NONE', #2774, #950 ) ;
#2433 = CARTESIAN_POINT ( 'NONE',  ( 941.0011170287428968, 101.1902013480661964, -817.4505027460022575 ) ) ;
#2434 = AXIS2_PLACEMENT_3D ( 'NONE', #327, #1476, #3141 ) ;
#2435 = CARTESIAN_POINT ( 'NONE',  ( 591.0011170287428968, 92.59020134806620206, -820.4505027460023712 ) ) ;
#2436 = ORIENTED_EDGE ( 'NONE', *, *, #3023, .F. ) ;
#2437 = ADVANCED_FACE ( 'NONE', ( #425 ), #2969, .F. ) ;
#2438 = FACE_OUTER_BOUND ( 'NONE', #2754, .T. ) ;
#2439 = EDGE_LOOP ( 'NONE', ( #3700, #1170 ) ) ;
#2440 = EDGE_CURVE ( 'NONE', #382, #3464, #170, .T. ) ;
#2441 = CIRCLE ( 'NONE', #2206, 4.499999999999948486 ) ;
#2442 = VERTEX_POINT ( 'NONE', #3262 ) ;
#2443 = EDGE_LOOP ( 'NONE', ( #297, #2222 ) ) ;
#2444 = DIRECTION ( 'NONE',  ( -0.000000000000000000, -1.000000000000000000, -0.000000000000000000 ) ) ;
#2445 = DIRECTION ( 'NONE',  ( -0.000000000000000000, -1.000000000000000000, -0.000000000000000000 ) ) ;
#2446 = ORIENTED_EDGE ( 'NONE', *, *, #3681, .F. ) ;
#2447 = AXIS2_PLACEMENT_3D ( 'NONE', #1946, #3092, #2826 ) ;
#2448 = CARTESIAN_POINT ( 'NONE',  ( 733.7041216018069463, 92.59020134806620206, -925.9505027460023712 ) ) ;
#2449 = CARTESIAN_POINT ( 'NONE',  ( 591.0011170287428968, 92.59020134806620206, -933.4505027460022575 ) ) ;
#2450 = CARTESIAN_POINT ( 'NONE',  ( 344.5011170287429536, 107.5902013480662021, -270.4505027460023712 ) ) ;
#2451 = DIRECTION ( 'NONE',  ( -0.000000000000000000, -1.000000000000000000, -0.000000000000000000 ) ) ;
#2452 = LINE ( 'NONE', #1011, #1826 ) ;
#2453 = CARTESIAN_POINT ( 'NONE',  ( 410.2549050041553755, 92.59020134806620206, -852.1967147705897787 ) ) ;
#2454 = EDGE_LOOP ( 'NONE', ( #386, #3450, #2520, #3088 ) ) ;
#2455 = DIRECTION ( 'NONE',  ( -0.000000000000000000, -1.000000000000000000, -0.000000000000000000 ) ) ;
#2456 = CARTESIAN_POINT ( 'NONE',  ( 801.0011170287428968, 107.5902013480662021, -829.4505027460021438 ) ) ;
#2457 = ORIENTED_EDGE ( 'NONE', *, *, #3295, .F. ) ;
#2458 = ORIENTED_EDGE ( 'NONE', *, *, #698, .T. ) ;
#2459 = ADVANCED_FACE ( 'NONE', ( #3600 ), #3305, .F. ) ;
#2460 = VECTOR ( 'NONE', #191, 1000.000000000000000 ) ;
#2461 = CARTESIAN_POINT ( 'NONE',  ( 383.5011170287429536, 92.59020134806620206, -367.9505027460023143 ) ) ;
#2462 = EDGE_CURVE ( 'NONE', #3328, #1944, #3474, .T. ) ;
#2463 = LINE ( 'NONE', #3011, #528 ) ;
#2464 = ORIENTED_EDGE ( 'NONE', *, *, #3018, .F. ) ;
#2465 = DIRECTION ( 'NONE',  ( -0.000000000000000000, -1.000000000000000000, -0.000000000000000000 ) ) ;
#2466 = EDGE_LOOP ( 'NONE', ( #1014, #2771 ) ) ;
#2467 = CYLINDRICAL_SURFACE ( 'NONE', #371, 4.499999999999948486 ) ;
#2468 = EDGE_CURVE ( 'NONE', #1077, #200, #646, .T. ) ;
#2469 = CARTESIAN_POINT ( 'NONE',  ( 733.7041216018069463, 92.59020134806620206, -918.4505027460023712 ) ) ;
#2470 = FACE_OUTER_BOUND ( 'NONE', #3155, .T. ) ;
#2471 = CIRCLE ( 'NONE', #3376, 4.499999999999948486 ) ;
#2472 = DIRECTION ( 'NONE',  ( 0.000000000000000000, 0.000000000000000000, -1.000000000000000000 ) ) ;
#2473 = AXIS2_PLACEMENT_3D ( 'NONE', #1359, #2497, #3331 ) ;
#2474 = ORIENTED_EDGE ( 'NONE', *, *, #2462, .T. ) ;
#2475 = DIRECTION ( 'NONE',  ( 0.000000000000000000, 0.000000000000000000, 1.000000000000000000 ) ) ;
#2476 = ORIENTED_EDGE ( 'NONE', *, *, #2550, .F. ) ;
#2477 = ORIENTED_EDGE ( 'NONE', *, *, #398, .T. ) ;
#2478 = ORIENTED_EDGE ( 'NONE', *, *, #1894, .F. ) ;
#2479 = ORIENTED_EDGE ( 'NONE', *, *, #1848, .F. ) ;
#2480 = CARTESIAN_POINT ( 'NONE',  ( 383.5011170287429536, 101.1902013480661964, -375.4505027460023143 ) ) ;
#2481 = ORIENTED_EDGE ( 'NONE', *, *, #750, .T. ) ;
#2482 = DIRECTION ( 'NONE',  ( 0.000000000000000000, 0.000000000000000000, -1.000000000000000000 ) ) ;
#2483 = ORIENTED_EDGE ( 'NONE', *, *, #657, .T. ) ;
#2484 = CARTESIAN_POINT ( 'NONE',  ( 591.0011170287428968, 92.59020134806620206, -824.9505027460023712 ) ) ;
#2485 = MECHANICAL_DESIGN_GEOMETRIC_PRESENTATION_REPRESENTATION (  '', ( #273 ), #1477 ) ;
#2486 = DIRECTION ( 'NONE',  ( 0.000000000000000000, 0.000000000000000000, 1.000000000000000000 ) ) ;
#2487 = EDGE_CURVE ( 'NONE', #3676, #854, #2498, .T. ) ;
#2488 = DIRECTION ( 'NONE',  ( 0.000000000000000000, 0.000000000000000000, -1.000000000000000000 ) ) ;
#2489 = PLANE ( 'NONE',  #3103 ) ;
#2490 = EDGE_LOOP ( 'NONE', ( #832, #3459, #1923, #880 ) ) ;
#2491 = FACE_OUTER_BOUND ( 'NONE', #434, .T. ) ;
#2492 = EDGE_LOOP ( 'NONE', ( #894, #3326, #2382, #2680 ) ) ;
#2493 = AXIS2_PLACEMENT_3D ( 'NONE', #1993, #1951, #2530 ) ;
#2494 = ORIENTED_EDGE ( 'NONE', *, *, #1142, .T. ) ;
#2495 = AXIS2_PLACEMENT_3D ( 'NONE', #2647, #83, #656 ) ;
#2496 = ORIENTED_EDGE ( 'NONE', *, *, #2005, .F. ) ;
#2497 = DIRECTION ( 'NONE',  ( -0.000000000000000000, -1.000000000000000000, -0.000000000000000000 ) ) ;
#2498 = CIRCLE ( 'NONE', #3220, 7.499999999999951150 ) ;
#2499 = ORIENTED_EDGE ( 'NONE', *, *, #1415, .F. ) ;
#2500 = AXIS2_PLACEMENT_3D ( 'NONE', #3401, #3170, #1992 ) ;
#2501 = VERTEX_POINT ( 'NONE', #458 ) ;
#2502 = DIRECTION ( 'NONE',  ( 0.000000000000000000, 0.000000000000000000, -1.000000000000000000 ) ) ;
#2503 = EDGE_CURVE ( 'NONE', #3347, #362, #1067, .T. ) ;
#2504 = EDGE_CURVE ( 'NONE', #2712, #2849, #402, .T. ) ;
#2505 = VECTOR ( 'NONE', #3397, 1000.000000000000000 ) ;
#2506 = CYLINDRICAL_SURFACE ( 'NONE', #118, 7.499999999999951150 ) ;
#2507 = CARTESIAN_POINT ( 'NONE',  ( 398.5011170287428399, 107.5902013480662021, -253.4505027460023427 ) ) ;
#2508 = DIRECTION ( 'NONE',  ( -0.000000000000000000, -1.000000000000000000, -0.000000000000000000 ) ) ;
#2509 = AXIS2_PLACEMENT_3D ( 'NONE', #416, #3028, #1954 ) ;
#2510 = EDGE_CURVE ( 'NONE', #484, #851, #3243, .T. ) ;
#2511 = ADVANCED_FACE ( 'NONE', ( #2985 ), #134, .F. ) ;
#2512 = ORIENTED_EDGE ( 'NONE', *, *, #2860, .T. ) ;
#2513 = CARTESIAN_POINT ( 'NONE',  ( 352.5011170287428399, 107.5902013480662021, -245.4505027460023427 ) ) ;
#2514 = EDGE_LOOP ( 'NONE', ( #3382, #1677, #174, #437 ) ) ;
#2515 = ADVANCED_FACE ( 'NONE', ( #2525 ), #2489, .F. ) ;
#2516 = ORIENTED_EDGE ( 'NONE', *, *, #1874, .F. ) ;
#2517 = ORIENTED_EDGE ( 'NONE', *, *, #2888, .T. ) ;
#2518 = ORIENTED_EDGE ( 'NONE', *, *, #1249, .T. ) ;
#2519 = DIRECTION ( 'NONE',  ( 0.000000000000000000, 0.000000000000000000, -1.000000000000000000 ) ) ;
#2520 = ORIENTED_EDGE ( 'NONE', *, *, #2152, .T. ) ;
#2521 = ORIENTED_EDGE ( 'NONE', *, *, #578, .T. ) ;
#2522 = DIRECTION ( 'NONE',  ( 0.000000000000000000, -0.000000000000000000, 1.000000000000000000 ) ) ;
#2523 = DIRECTION ( 'NONE',  ( -0.000000000000000000, -1.000000000000000000, -0.000000000000000000 ) ) ;
#2524 = DIRECTION ( 'NONE',  ( -0.000000000000000000, -1.000000000000000000, -0.000000000000000000 ) ) ;
#2525 = FACE_OUTER_BOUND ( 'NONE', #3518, .T. ) ;
#2526 = VERTEX_POINT ( 'NONE', #1646 ) ;
#2527 = DIRECTION ( 'NONE',  ( 0.000000000000000000, 0.000000000000000000, -1.000000000000000000 ) ) ;
#2528 = AXIS2_PLACEMENT_3D ( 'NONE', #2358, #929, #2076 ) ;
#2529 = EDGE_CURVE ( 'NONE', #1227, #582, #1370, .T. ) ;
#2530 = DIRECTION ( 'NONE',  ( 0.000000000000000000, 0.000000000000000000, 1.000000000000000000 ) ) ;
#2531 = UNCERTAINTY_MEASURE_WITH_UNIT (LENGTH_MEASURE( 1.000000000000000082E-05 ), #3446, 'distance_accuracy_value', 'NONE');
#2532 = CIRCLE ( 'NONE', #1578, 4.500000000000003553 ) ;
#2533 = ORIENTED_EDGE ( 'NONE', *, *, #2329, .T. ) ;
#2534 = DIRECTION ( 'NONE',  ( -0.000000000000000000, -0.000000000000000000, 1.000000000000000000 ) ) ;
#2535 = EDGE_LOOP ( 'NONE', ( #3158, #1865 ) ) ;
#2536 = EDGE_CURVE ( 'NONE', #3081, #1017, #1664, .T. ) ;
#2537 = ORIENTED_EDGE ( 'NONE', *, *, #3316, .F. ) ;
#2538 = CARTESIAN_POINT ( 'NONE',  ( 941.0011170287428968, 101.1902013480661964, -925.9505027460023712 ) ) ;
#2539 = CARTESIAN_POINT ( 'NONE',  ( 973.5011170287428968, 107.5902013480662021, -815.4505027460023712 ) ) ;
#2540 = ORIENTED_EDGE ( 'NONE', *, *, #814, .T. ) ;
#2541 = LINE ( 'NONE', #218, #547 ) ;
#2542 = CIRCLE ( 'NONE', #3624, 4.500000000000059508 ) ;
#2543 = CARTESIAN_POINT ( 'NONE',  ( 410.2549050041553755, 92.59020134806620206, -844.6967147705897787 ) ) ;
#2544 = LINE ( 'NONE', #825, #1648 ) ;
#2545 = FACE_OUTER_BOUND ( 'NONE', #1905, .T. ) ;
#2546 = ORIENTED_EDGE ( 'NONE', *, *, #269, .T. ) ;
#2547 = FACE_BOUND ( 'NONE', #2443, .T. ) ;
#2548 = DIRECTION ( 'NONE',  ( 0.000000000000000000, 0.000000000000000000, -1.000000000000000000 ) ) ;
#2549 = ORIENTED_EDGE ( 'NONE', *, *, #468, .F. ) ;
#2550 = EDGE_CURVE ( 'NONE', #1301, #3371, #2089, .T. ) ;
#2551 = AXIS2_PLACEMENT_3D ( 'NONE', #2924, #344, #1194 ) ;
#2552 = VERTEX_POINT ( 'NONE', #3657 ) ;
#2553 = EDGE_LOOP ( 'NONE', ( #940, #1358, #3587, #906 ) ) ;
#2554 = CYLINDRICAL_SURFACE ( 'NONE', #799, 7.499999999999951150 ) ;
#2555 = EDGE_CURVE ( 'NONE', #3353, #2220, #2148, .T. ) ;
#2556 = CIRCLE ( 'NONE', #762, 4.499999999999948486 ) ;
#2557 = FACE_OUTER_BOUND ( 'NONE', #342, .T. ) ;
#2558 = ORIENTED_EDGE ( 'NONE', *, *, #1869, .T. ) ;
#2559 = CARTESIAN_POINT ( 'NONE',  ( 941.0011170287428968, 101.1902013480661964, -832.4505027460021438 ) ) ;
#2560 = VECTOR ( 'NONE', #1913, 1000.000000000000000 ) ;
#2561 = CARTESIAN_POINT ( 'NONE',  ( 801.0011170287428968, 92.59020134806620206, -824.9505027460022575 ) ) ;
#2562 = AXIS2_PLACEMENT_3D ( 'NONE', #1813, #127, #1271 ) ;
#2563 = CARTESIAN_POINT ( 'NONE',  ( 410.2549050041553755, 92.59020134806620206, -837.1967147705898924 ) ) ;
#2564 = VECTOR ( 'NONE', #1276, 1000.000000000000114 ) ;
#2565 = EDGE_LOOP ( 'NONE', ( #599, #1286, #2181, #870 ) ) ;
#2566 = CARTESIAN_POINT ( 'NONE',  ( 973.5011170287428968, 92.59020134806620206, -935.4505027460022575 ) ) ;
#2567 = CARTESIAN_POINT ( 'NONE',  ( 733.7041216018069463, 101.1902013480661964, -930.4505027460022575 ) ) ;
#2568 = AXIS2_PLACEMENT_3D ( 'NONE', #1762, #1517, #668 ) ;
#2569 = DIRECTION ( 'NONE',  ( 0.000000000000000000, 1.000000000000000000, 0.000000000000000000 ) ) ;
#2570 = ORIENTED_EDGE ( 'NONE', *, *, #2074, .F. ) ;
#2571 = AXIS2_PLACEMENT_3D ( 'NONE', #2427, #1585, #3575 ) ;
#2572 = ORIENTED_EDGE ( 'NONE', *, *, #2536, .T. ) ;
#2573 = EDGE_CURVE ( 'NONE', #2821, #2428, #1543, .T. ) ;
#2574 = ORIENTED_EDGE ( 'NONE', *, *, #3680, .T. ) ;
#2575 = CARTESIAN_POINT ( 'NONE',  ( 330.5011170287429536, 92.59020134806620206, -670.4505027460022575 ) ) ;
#2576 = EDGE_LOOP ( 'NONE', ( #3204, #517, #602, #2457 ) ) ;
#2577 = LINE ( 'NONE', #17, #279 ) ;
#2578 = EDGE_CURVE ( 'NONE', #2691, #542, #1666, .T. ) ;
#2579 = ORIENTED_EDGE ( 'NONE', *, *, #398, .F. ) ;
#2580 = DIRECTION ( 'NONE',  ( -0.000000000000000000, -1.000000000000000000, -0.000000000000000000 ) ) ;
#2581 = DIRECTION ( 'NONE',  ( 0.000000000000000000, 1.000000000000000000, 0.000000000000000000 ) ) ;
#2582 = DIRECTION ( 'NONE',  ( 0.000000000000000000, 0.000000000000000000, -1.000000000000000000 ) ) ;
#2583 = ADVANCED_FACE ( 'NONE', ( #1385, #3675 ), #1929, .F. ) ;
#2584 = CARTESIAN_POINT ( 'NONE',  ( 360.5011170287428399, 92.59020134806620206, -253.4505027460023427 ) ) ;
#2585 = FACE_BOUND ( 'NONE', #988, .T. ) ;
#2586 = EDGE_LOOP ( 'NONE', ( #249, #3277, #2149, #227 ) ) ;
#2587 = FACE_BOUND ( 'NONE', #1745, .T. ) ;
#2588 = CARTESIAN_POINT ( 'NONE',  ( 330.5011170287429536, 101.1902013480661964, -430.4505027460022006 ) ) ;
#2589 = VECTOR ( 'NONE', #3222, 1000.000000000000000 ) ;
#2590 = PLANE ( 'NONE',  #643 ) ;
#2591 = VECTOR ( 'NONE', #2392, 1000.000000000000000 ) ;
#2592 = DIRECTION ( 'NONE',  ( 0.000000000000000000, 0.000000000000000000, -1.000000000000000000 ) ) ;
#2593 = VERTEX_POINT ( 'NONE', #3077 ) ;
#2594 = CIRCLE ( 'NONE', #3074, 4.500000000000059508 ) ;
#2595 = EDGE_LOOP ( 'NONE', ( #1949, #2201 ) ) ;
#2596 = FACE_OUTER_BOUND ( 'NONE', #1516, .T. ) ;
#2597 = CARTESIAN_POINT ( 'NONE',  ( 442.1313810051711357, 107.5902013480662021, -817.3202387695740754 ) ) ;
#2598 = VERTEX_POINT ( 'NONE', #496 ) ;
#2599 = DIRECTION ( 'NONE',  ( 0.000000000000000000, 0.000000000000000000, 1.000000000000000000 ) ) ;
#2600 = EDGE_CURVE ( 'NONE', #1060, #3350, #2847, .T. ) ;
#2601 = DIRECTION ( 'NONE',  ( -0.000000000000000000, -1.000000000000000000, -0.000000000000000000 ) ) ;
#2602 = DIRECTION ( 'NONE',  ( 0.000000000000000000, 1.000000000000000000, 0.000000000000000000 ) ) ;
#2603 = DIRECTION ( 'NONE',  ( 0.000000000000000000, 1.000000000000000000, 0.000000000000000000 ) ) ;
#2604 = FACE_BOUND ( 'NONE', #3640, .T. ) ;
#2605 = ORIENTED_EDGE ( 'NONE', *, *, #2107, .T. ) ;
#2606 = ADVANCED_FACE ( 'NONE', ( #2251 ), #2794, .F. ) ;
#2607 = VECTOR ( 'NONE', #728, 1000.000000000000000 ) ;
#2608 = CARTESIAN_POINT ( 'NONE',  ( 344.5011170287429536, 92.59020134806620206, -273.8505027460023484 ) ) ;
#2609 = CARTESIAN_POINT ( 'NONE',  ( 383.5011170287429536, 92.59020134806620206, -679.9505027460024849 ) ) ;
#2610 = CARTESIAN_POINT ( 'NONE',  ( 733.7041216018069463, 101.1902013480661964, -925.9505027460023712 ) ) ;
#2611 = DIRECTION ( 'NONE',  ( 1.000000000000000000, 0.000000000000000000, 0.000000000000000000 ) ) ;
#2612 = AXIS2_PLACEMENT_3D ( 'NONE', #2448, #2946, #164 ) ;
#2613 = ORIENTED_EDGE ( 'NONE', *, *, #2306, .F. ) ;
#2614 = ORIENTED_EDGE ( 'NONE', *, *, #2233, .F. ) ;
#2615 = CARTESIAN_POINT ( 'NONE',  ( 941.0011170287428968, 92.59020134806620206, -930.4505027460022575 ) ) ;
#2616 = DIRECTION ( 'NONE',  ( -0.000000000000000000, -1.000000000000000000, -0.000000000000000000 ) ) ;
#2617 = VERTEX_POINT ( 'NONE', #1682 ) ;
#2618 = CARTESIAN_POINT ( 'NONE',  ( 330.5011170287429536, 92.59020134806620206, -662.9505027460022575 ) ) ;
#2619 = AXIS2_PLACEMENT_3D ( 'NONE', #1670, #2818, #2548 ) ;
#2620 = CARTESIAN_POINT ( 'NONE',  ( 414.5011170287428399, 107.5902013480662021, -270.4505027460023143 ) ) ;
#2621 = LINE ( 'NONE', #2891, #1193 ) ;
#2622 = EDGE_CURVE ( 'NONE', #718, #580, #2441, .T. ) ;
#2623 = EDGE_CURVE ( 'NONE', #3264, #3252, #1422, .T. ) ;
#2624 = CARTESIAN_POINT ( 'NONE',  ( 398.5011170287428399, 107.5902013480662021, -253.4505027460023427 ) ) ;
#2625 = ORIENTED_EDGE ( 'NONE', *, *, #3136, .T. ) ;
#2626 = AXIS2_PLACEMENT_3D ( 'NONE', #3128, #3639, #1948 ) ;
#2627 = CARTESIAN_POINT ( 'NONE',  ( 437.5011170287429536, 92.59020134806620206, -245.4505027460023996 ) ) ;
#2628 = CARTESIAN_POINT ( 'NONE',  ( 442.1313810051711357, 92.59020134806620206, -820.3202387695740754 ) ) ;
#2629 = FACE_OUTER_BOUND ( 'NONE', #2235, .T. ) ;
#2630 = EDGE_CURVE ( 'NONE', #454, #177, #278, .T. ) ;
#2631 = EDGE_CURVE ( 'NONE', #3566, #1149, #3112, .T. ) ;
#2632 = AXIS2_PLACEMENT_3D ( 'NONE', #863, #281, #3115 ) ;
#2633 = AXIS2_PLACEMENT_3D ( 'NONE', #1927, #3655, #1857 ) ;
#2634 = ADVANCED_FACE ( 'NONE', ( #5 ), #2777, .F. ) ;
#2635 = VERTEX_POINT ( 'NONE', #1403 ) ;
#2636 = FACE_OUTER_BOUND ( 'NONE', #2731, .T. ) ;
#2637 = CARTESIAN_POINT ( 'NONE',  ( 377.8011170287428513, 92.59020134806620206, -881.6505027460021893 ) ) ;
#2638 = ORIENTED_EDGE ( 'NONE', *, *, #3441, .F. ) ;
#2639 = DIRECTION ( 'NONE',  ( 0.000000000000000000, 0.000000000000000000, 1.000000000000000000 ) ) ;
#2640 = LINE ( 'NONE', #1829, #1134 ) ;
#2641 = CARTESIAN_POINT ( 'NONE',  ( 941.0011170287428968, 92.59020134806620206, -824.9505027460022575 ) ) ;
#2642 = DIRECTION ( 'NONE',  ( -2.342242667985562806E-16, 0.000000000000000000, -1.000000000000000000 ) ) ;
#2643 = FACE_BOUND ( 'NONE', #2278, .T. ) ;
#2644 = ORIENTED_EDGE ( 'NONE', *, *, #650, .T. ) ;
#2645 = LINE ( 'NONE', #2627, #2333 ) ;
#2646 = DIRECTION ( 'NONE',  ( 0.000000000000000000, 1.000000000000000000, 0.000000000000000000 ) ) ;
#2647 = CARTESIAN_POINT ( 'NONE',  ( 330.5011170287429536, 101.1902013480661964, -670.4505027460022575 ) ) ;
#2648 = EDGE_LOOP ( 'NONE', ( #1375, #2970 ) ) ;
#2649 = ADVANCED_FACE ( 'NONE', ( #2545 ), #3694, .F. ) ;
#2650 = EDGE_CURVE ( 'NONE', #2203, #2943, #1513, .T. ) ;
#2651 = EDGE_LOOP ( 'NONE', ( #1502, #106, #447, #1523 ) ) ;
#2652 = AXIS2_PLACEMENT_3D ( 'NONE', #493, #1661, #3089 ) ;
#2653 = CARTESIAN_POINT ( 'NONE',  ( 383.5011170287429536, 92.59020134806620206, -675.4505027460023712 ) ) ;
#2654 = ADVANCED_FACE ( 'NONE', ( #1162 ), #934, .F. ) ;
#2655 = CIRCLE ( 'NONE', #1931, 4.499999999999948486 ) ;
#2656 = ORIENTED_EDGE ( 'NONE', *, *, #2716, .T. ) ;
#2657 = CARTESIAN_POINT ( 'NONE',  ( 410.2549050041553755, 101.1902013480661964, -837.1967147705898924 ) ) ;
#2658 = VECTOR ( 'NONE', #2016, 1000.000000000000000 ) ;
#2659 = LINE ( 'NONE', #2693, #2814 ) ;
#2660 = AXIS2_PLACEMENT_3D ( 'NONE', #2588, #3501, #338 ) ;
#2661 = DIRECTION ( 'NONE',  ( 0.000000000000000000, 0.000000000000000000, -1.000000000000000000 ) ) ;
#2662 = FACE_OUTER_BOUND ( 'NONE', #2370, .T. ) ;
#2663 = ORIENTED_EDGE ( 'NONE', *, *, #3588, .F. ) ;
#2664 = CARTESIAN_POINT ( 'NONE',  ( 383.5011170287429536, 101.1902013480661964, -502.9505027460023712 ) ) ;
#2665 = FACE_OUTER_BOUND ( 'NONE', #3066, .T. ) ;
#2666 = LINE ( 'NONE', #2088, #168 ) ;
#2667 = ORIENTED_EDGE ( 'NONE', *, *, #1703, .T. ) ;
#2668 = VERTEX_POINT ( 'NONE', #332 ) ;
#2669 = CARTESIAN_POINT ( 'NONE',  ( 733.7041216018069463, 92.59020134806620206, -824.9505027460022575 ) ) ;
#2670 = ADVANCED_FACE ( 'NONE', ( #1481, #2024 ), #648, .F. ) ;
#2671 = AXIS2_PLACEMENT_3D ( 'NONE', #76, #2361, #2890 ) ;
#2672 = ORIENTED_EDGE ( 'NONE', *, *, #1255, .F. ) ;
#2673 = DIRECTION ( 'NONE',  ( 0.000000000000000000, 0.000000000000000000, -1.000000000000000000 ) ) ;
#2674 = EDGE_CURVE ( 'NONE', #362, #3511, #2621, .T. ) ;
#2675 = CIRCLE ( 'NONE', #2551, 7.499999999999951150 ) ;
#2676 = VERTEX_POINT ( 'NONE', #2045 ) ;
#2677 = CARTESIAN_POINT ( 'NONE',  ( 591.0011170287428968, 101.1902013480661964, -824.9505027460023712 ) ) ;
#2678 = CARTESIAN_POINT ( 'NONE',  ( 377.8011170287428513, 92.59020134806620206, -869.6505027460021893 ) ) ;
#2679 = CIRCLE ( 'NONE', #3467, 4.000000000000003553 ) ;
#2680 = ORIENTED_EDGE ( 'NONE', *, *, #2422, .T. ) ;
#2681 = DIRECTION ( 'NONE',  ( -0.000000000000000000, -1.000000000000000000, -0.000000000000000000 ) ) ;
#2682 = DIRECTION ( 'NONE',  ( 0.000000000000000000, 0.000000000000000000, -1.000000000000000000 ) ) ;
#2683 = DIRECTION ( 'NONE',  ( 0.000000000000000000, 0.000000000000000000, 1.000000000000000000 ) ) ;
#2684 = AXIS2_PLACEMENT_3D ( 'NONE', #3620, #1263, #2683 ) ;
#2685 = ORIENTED_EDGE ( 'NONE', *, *, #888, .T. ) ;
#2686 = AXIS2_PLACEMENT_3D ( 'NONE', #1533, #683, #3319 ) ;
#2687 = EDGE_LOOP ( 'NONE', ( #978, #1057 ) ) ;
#2688 = CYLINDRICAL_SURFACE ( 'NONE', #376, 7.499999999999951150 ) ;
#2689 = AXIS2_PLACEMENT_3D ( 'NONE', #3241, #1261, #634 ) ;
#2690 = VECTOR ( 'NONE', #3144, 1000.000000000000000 ) ;
#2691 = VERTEX_POINT ( 'NONE', #295 ) ;
#2692 = DIRECTION ( 'NONE',  ( -0.000000000000000000, -1.000000000000000000, -0.000000000000000000 ) ) ;
#2693 = CARTESIAN_POINT ( 'NONE',  ( 410.2549050041553755, 92.59020134806620206, -840.1967147705897787 ) ) ;
#2694 = VERTEX_POINT ( 'NONE', #1179 ) ;
#2695 = ADVANCED_FACE ( 'NONE', ( #3516, #1795 ), #878, .F. ) ;
#2696 = FACE_BOUND ( 'NONE', #1619, .T. ) ;
#2697 = DIRECTION ( 'NONE',  ( 0.000000000000000000, 0.000000000000000000, -1.000000000000000000 ) ) ;
#2698 = FACE_BOUND ( 'NONE', #2902, .T. ) ;
#2699 = VERTEX_POINT ( 'NONE', #916 ) ;
#2700 = DIRECTION ( 'NONE',  ( 0.000000000000000000, -0.000000000000000000, 1.000000000000000000 ) ) ;
#2701 = EDGE_CURVE ( 'NONE', #1510, #542, #59, .T. ) ;
#2702 = DIRECTION ( 'NONE',  ( 0.000000000000000000, 0.000000000000000000, -1.000000000000000000 ) ) ;
#2703 = DIRECTION ( 'NONE',  ( -0.000000000000000000, -1.000000000000000000, -0.000000000000000000 ) ) ;
#2704 = ORIENTED_EDGE ( 'NONE', *, *, #3456, .F. ) ;
#2705 = CARTESIAN_POINT ( 'NONE',  ( 410.2549050041553755, 107.5902013480662021, -844.6967147705897787 ) ) ;
#2706 = VERTEX_POINT ( 'NONE', #2584 ) ;
#2707 = DIRECTION ( 'NONE',  ( -0.000000000000000000, -1.000000000000000000, -0.000000000000000000 ) ) ;
#2708 = ORIENTED_EDGE ( 'NONE', *, *, #2422, .F. ) ;
#2709 = DIRECTION ( 'NONE',  ( -0.000000000000000000, -1.000000000000000000, -0.000000000000000000 ) ) ;
#2710 = AXIS2_PLACEMENT_3D ( 'NONE', #2822, #779, #2223 ) ;
#2711 = DIRECTION ( 'NONE',  ( -0.000000000000000000, -1.000000000000000000, -0.000000000000000000 ) ) ;
#2712 = VERTEX_POINT ( 'NONE', #1718 ) ;
#2713 = CARTESIAN_POINT ( 'NONE',  ( 410.2549050041553755, 92.59020134806620206, -849.1967147705898924 ) ) ;
#2714 = CIRCLE ( 'NONE', #675, 7.499999999999951150 ) ;
#2715 = FACE_OUTER_BOUND ( 'NONE', #2966, .T. ) ;
#2716 = EDGE_CURVE ( 'NONE', #3371, #1301, #1788, .T. ) ;
#2717 = ADVANCED_FACE ( 'NONE', ( #1200 ), #2082, .F. ) ;
#2718 = EDGE_LOOP ( 'NONE', ( #726, #3039 ) ) ;
#2719 = CARTESIAN_POINT ( 'NONE',  ( 344.5011170287429536, 107.5902013480662021, -267.0505027460023371 ) ) ;
#2720 = CARTESIAN_POINT ( 'NONE',  ( 439.5011170287428399, 107.5902013480662021, -247.4505027460023427 ) ) ;
#2721 = DIRECTION ( 'NONE',  ( -0.000000000000000000, -1.000000000000000000, -0.000000000000000000 ) ) ;
#2722 = EDGE_CURVE ( 'NONE', #3259, #1634, #348, .T. ) ;
#2723 = ORIENTED_EDGE ( 'NONE', *, *, #1462, .T. ) ;
#2724 = CARTESIAN_POINT ( 'NONE',  ( 398.5011170287428399, 107.5902013480662021, -253.4505027460023427 ) ) ;
#2725 = ORIENTED_EDGE ( 'NONE', *, *, #1703, .F. ) ;
#2726 = EDGE_LOOP ( 'NONE', ( #3138, #2132, #3507, #2782, #1609, #2474, #925, #3576, #2138, #1690, #467, #3297, #777, #652, #3695, #537, #3082, #266, #3104, #1641, #641, #119 ) ) ;
#2727 = ORIENTED_EDGE ( 'NONE', *, *, #1188, .F. ) ;
#2728 = DIRECTION ( 'NONE',  ( 0.000000000000000000, 0.000000000000000000, -1.000000000000000000 ) ) ;
#2729 = CIRCLE ( 'NONE', #504, 7.499999999999951150 ) ;
#2730 = CARTESIAN_POINT ( 'NONE',  ( 442.1313810051711357, 92.59020134806620206, -812.8202387695739617 ) ) ;
#2731 = EDGE_LOOP ( 'NONE', ( #1222, #2644, #813, #1918 ) ) ;
#2732 = DIRECTION ( 'NONE',  ( -0.000000000000000000, -1.000000000000000000, -0.000000000000000000 ) ) ;
#2733 = DIRECTION ( 'NONE',  ( 0.000000000000000000, 0.000000000000000000, -1.000000000000000000 ) ) ;
#2734 = AXIS2_PLACEMENT_3D ( 'NONE', #3471, #3265, #3040 ) ;
#2735 = CARTESIAN_POINT ( 'NONE',  ( 733.7041216018069463, 92.59020134806620206, -824.9505027460022575 ) ) ;
#2736 = CARTESIAN_POINT ( 'NONE',  ( 330.5011170287429536, 101.1902013480661964, -510.4505027460022575 ) ) ;
#2737 = EDGE_CURVE ( 'NONE', #848, #1124, #860, .T. ) ;
#2738 = DIRECTION ( 'NONE',  ( -0.000000000000000000, -1.000000000000000000, -0.000000000000000000 ) ) ;
#2739 = ORIENTED_EDGE ( 'NONE', *, *, #3486, .T. ) ;
#2740 = CIRCLE ( 'NONE', #283, 7.499999999999951150 ) ;
#2741 = EDGE_CURVE ( 'NONE', #760, #1629, #1725, .T. ) ;
#2742 = EDGE_CURVE ( 'NONE', #2244, #345, #114, .T. ) ;
#2743 = DIRECTION ( 'NONE',  ( 0.000000000000000000, 0.000000000000000000, -1.000000000000000000 ) ) ;
#2744 = CIRCLE ( 'NONE', #1122, 7.500000000000062172 ) ;
#2745 = CYLINDRICAL_SURFACE ( 'NONE', #3123, 155.0000000000000284 ) ;
#2746 = ADVANCED_FACE ( 'NONE', ( #1500 ), #3497, .F. ) ;
#2747 = EDGE_LOOP ( 'NONE', ( #2241, #2499, #2326, #2360 ) ) ;
#2748 = CARTESIAN_POINT ( 'NONE',  ( 591.0011170287428968, 107.5902013480662021, -829.4505027460022575 ) ) ;
#2749 = VECTOR ( 'NONE', #3166, 1000.000000000000000 ) ;
#2750 = CARTESIAN_POINT ( 'NONE',  ( 383.5011170287429536, 101.1902013480661964, -550.9505027460023712 ) ) ;
#2751 = EDGE_LOOP ( 'NONE', ( #2075, #3049, #2517, #1879 ) ) ;
#2752 = AXIS2_PLACEMENT_3D ( 'NONE', #1140, #2601, #1662 ) ;
#2753 = DIRECTION ( 'NONE',  ( 0.000000000000000000, 1.000000000000000000, 0.000000000000000000 ) ) ;
#2754 = EDGE_LOOP ( 'NONE', ( #324, #1275, #601, #335 ) ) ;
#2755 = PLANE ( 'NONE',  #2896 ) ;
#2756 = CIRCLE ( 'NONE', #66, 4.000000000000003553 ) ;
#2757 = DIRECTION ( 'NONE',  ( 0.000000000000000000, 1.000000000000000000, 0.000000000000000000 ) ) ;
#2758 = CARTESIAN_POINT ( 'NONE',  ( 439.5011170287428399, 107.5902013480662021, -247.4505027460023427 ) ) ;
#2759 = DIRECTION ( 'NONE',  ( 0.000000000000000000, 0.000000000000000000, 1.000000000000000000 ) ) ;
#2760 = EDGE_LOOP ( 'NONE', ( #1910, #722 ) ) ;
#2761 = DIRECTION ( 'NONE',  ( 0.7071067811865451302, 0.000000000000000000, -0.7071067811865500152 ) ) ;
#2762 = DIRECTION ( 'NONE',  ( -0.000000000000000000, -1.000000000000000000, -0.000000000000000000 ) ) ;
#2763 = ORIENTED_EDGE ( 'NONE', *, *, #1658, .T. ) ;
#2764 = ADVANCED_FACE ( 'NONE', ( #3202 ), #630, .F. ) ;
#2765 = ORIENTED_EDGE ( 'NONE', *, *, #1663, .T. ) ;
#2766 = ORIENTED_EDGE ( 'NONE', *, *, #196, .F. ) ;
#2767 = DIRECTION ( 'NONE',  ( 0.000000000000000000, 0.000000000000000000, -1.000000000000000000 ) ) ;
#2768 = EDGE_CURVE ( 'NONE', #1812, #1043, #452, .T. ) ;
#2769 = ORIENTED_EDGE ( 'NONE', *, *, #3368, .F. ) ;
#2770 = CARTESIAN_POINT ( 'NONE',  ( 383.5011170287429536, 92.59020134806620206, -375.4505027460023143 ) ) ;
#2771 = ORIENTED_EDGE ( 'NONE', *, *, #2503, .F. ) ;
#2772 = CARTESIAN_POINT ( 'NONE',  ( 330.5011170287429536, 92.59020134806620206, -670.4505027460022575 ) ) ;
#2773 = EDGE_LOOP ( 'NONE', ( #1250, #2667 ) ) ;
#2774 = CARTESIAN_POINT ( 'NONE',  ( 733.7041216018069463, 92.59020134806620206, -918.4505027460023712 ) ) ;
#2775 = DIRECTION ( 'NONE',  ( 0.000000000000000000, 0.000000000000000000, -1.000000000000000000 ) ) ;
#2776 = VECTOR ( 'NONE', #1736, 1000.000000000000000 ) ;
#2777 = CYLINDRICAL_SURFACE ( 'NONE', #3346, 7.499999999999951150 ) ;
#2778 = AXIS2_PLACEMENT_3D ( 'NONE', #1981, #3121, #620 ) ;
#2779 = EDGE_LOOP ( 'NONE', ( #889, #2015 ) ) ;
#2780 = CARTESIAN_POINT ( 'NONE',  ( 424.5011170287428399, 92.59020134806620206, -735.4505027460023712 ) ) ;
#2781 = CARTESIAN_POINT ( 'NONE',  ( 377.8011170287428513, 92.59020134806620206, -877.1505027460023030 ) ) ;
#2782 = ORIENTED_EDGE ( 'NONE', *, *, #792, .T. ) ;
#2783 = ORIENTED_EDGE ( 'NONE', *, *, #1022, .T. ) ;
#2784 = CARTESIAN_POINT ( 'NONE',  ( 733.7041216018069463, 92.59020134806620206, -832.4505027460021438 ) ) ;
#2785 = ORIENTED_EDGE ( 'NONE', *, *, #745, .T. ) ;
#2786 = CYLINDRICAL_SURFACE ( 'NONE', #3394, 4.499999999999948486 ) ;
#2787 = ADVANCED_FACE ( 'NONE', ( #3559 ), #2380, .F. ) ;
#2788 = ADVANCED_FACE ( 'NONE', ( #2115 ), #2172, .F. ) ;
#2789 = VERTEX_POINT ( 'NONE', #1607 ) ;
#2790 = DIRECTION ( 'NONE',  ( 0.000000000000000000, 0.000000000000000000, -1.000000000000000000 ) ) ;
#2791 = VECTOR ( 'NONE', #3200, 1000.000000000000000 ) ;
#2792 = LINE ( 'NONE', #1066, #1789 ) ;
#2793 = DIRECTION ( 'NONE',  ( 1.000000000000000000, 0.000000000000000000, -0.000000000000000000 ) ) ;
#2794 = CYLINDRICAL_SURFACE ( 'NONE', #3042, 7.499999999999951150 ) ;
#2795 = ORIENTED_EDGE ( 'NONE', *, *, #3268, .T. ) ;
#2796 = CIRCLE ( 'NONE', #2199, 4.499999999999948486 ) ;
#2797 = CARTESIAN_POINT ( 'NONE',  ( 439.5011170287429536, 92.59020134806620206, -290.4505027460021438 ) ) ;
#2798 = ORIENTED_EDGE ( 'NONE', *, *, #2503, .T. ) ;
#2799 = CIRCLE ( 'NONE', #1244, 4.500000000000003553 ) ;
#2800 = ORIENTED_EDGE ( 'NONE', *, *, #1372, .F. ) ;
#2801 = EDGE_LOOP ( 'NONE', ( #2558, #1117, #1352, #3632 ) ) ;
#2802 = EDGE_LOOP ( 'NONE', ( #3409, #3180, #1560, #3117 ) ) ;
#2803 = DIRECTION ( 'NONE',  ( -0.000000000000000000, -1.000000000000000000, -0.000000000000000000 ) ) ;
#2804 = VECTOR ( 'NONE', #1838, 1000.000000000000000 ) ;
#2805 = ORIENTED_EDGE ( 'NONE', *, *, #3224, .F. ) ;
#2806 = LINE ( 'NONE', #235, #2077 ) ;
#2807 = ORIENTED_EDGE ( 'NONE', *, *, #1848, .T. ) ;
#2808 = CARTESIAN_POINT ( 'NONE',  ( 442.1313810051711357, 92.59020134806620206, -817.3202387695739617 ) ) ;
#2809 = EDGE_CURVE ( 'NONE', #1077, #1438, #2964, .T. ) ;
#2810 = AXIS2_PLACEMENT_3D ( 'NONE', #2176, #1349, #2486 ) ;
#2811 = LINE ( 'NONE', #3377, #3352 ) ;
#2812 = DIRECTION ( 'NONE',  ( 0.000000000000000000, 0.000000000000000000, -1.000000000000000000 ) ) ;
#2813 = DIRECTION ( 'NONE',  ( 0.000000000000000000, 1.000000000000000000, 0.000000000000000000 ) ) ;
#2814 = VECTOR ( 'NONE', #126, 1000.000000000000000 ) ;
#2815 = EDGE_LOOP ( 'NONE', ( #1660, #1245 ) ) ;
#2816 = EDGE_CURVE ( 'NONE', #3676, #1171, #2410, .T. ) ;
#2817 = CARTESIAN_POINT ( 'NONE',  ( 383.5011170287429536, 107.5902013480662021, -379.9505027460023143 ) ) ;
#2818 = DIRECTION ( 'NONE',  ( -0.000000000000000000, -1.000000000000000000, -0.000000000000000000 ) ) ;
#2819 = DIRECTION ( 'NONE',  ( -0.000000000000000000, -1.000000000000000000, -0.000000000000000000 ) ) ;
#2820 = ORIENTED_EDGE ( 'NONE', *, *, #1822, .T. ) ;
#2821 = VERTEX_POINT ( 'NONE', #1587 ) ;
#2822 = CARTESIAN_POINT ( 'NONE',  ( 591.0011170287428968, 107.5902013480662021, -824.9505027460023712 ) ) ;
#2823 = CARTESIAN_POINT ( 'NONE',  ( 801.0011170287428968, 107.5902013480662021, -824.9505027460022575 ) ) ;
#2824 = VERTEX_POINT ( 'NONE', #435 ) ;
#2825 = CARTESIAN_POINT ( 'NONE',  ( 801.0011170287428968, 101.1902013480661964, -918.4505027460023712 ) ) ;
#2826 = DIRECTION ( 'NONE',  ( 0.000000000000000000, 0.000000000000000000, -1.000000000000000000 ) ) ;
#2827 = CARTESIAN_POINT ( 'NONE',  ( 591.0011170287428968, 92.59020134806620206, -933.4505027460022575 ) ) ;
#2828 = DIRECTION ( 'NONE',  ( -0.000000000000000000, -1.000000000000000000, -0.000000000000000000 ) ) ;
#2829 = CIRCLE ( 'NONE', #193, 7.499999999999951150 ) ;
#2830 = ORIENTED_EDGE ( 'NONE', *, *, #3130, .T. ) ;
#2831 = CARTESIAN_POINT ( 'NONE',  ( 383.5011170287429536, 92.59020134806620206, -670.9505027460023712 ) ) ;
#2832 = AXIS2_PLACEMENT_3D ( 'NONE', #3027, #2444, #2974 ) ;
#2833 = CARTESIAN_POINT ( 'NONE',  ( 941.0011170287428968, 107.5902013480662021, -925.9505027460023712 ) ) ;
#2834 = EDGE_CURVE ( 'NONE', #3557, #380, #2386, .T. ) ;
#2835 = AXIS2_PLACEMENT_3D ( 'NONE', #1675, #1637, #797 ) ;
#2836 = CARTESIAN_POINT ( 'NONE',  ( 383.5011170287429536, 101.1902013480661964, -675.4505027460023712 ) ) ;
#2837 = VERTEX_POINT ( 'NONE', #2998 ) ;
#2838 = ORIENTED_EDGE ( 'NONE', *, *, #837, .T. ) ;
#2839 = DIRECTION ( 'NONE',  ( -0.000000000000000000, -1.000000000000000000, -0.000000000000000000 ) ) ;
#2840 = ORIENTED_EDGE ( 'NONE', *, *, #2955, .T. ) ;
#2841 = DIRECTION ( 'NONE',  ( 0.000000000000000000, 0.000000000000000000, 1.000000000000000000 ) ) ;
#2842 = ORIENTED_EDGE ( 'NONE', *, *, #3038, .T. ) ;
#2843 = FACE_OUTER_BOUND ( 'NONE', #1356, .T. ) ;
#2844 = AXIS2_PLACEMENT_3D ( 'NONE', #3261, #2140, #3279 ) ;
#2845 = CYLINDRICAL_SURFACE ( 'NONE', #2035, 4.500000000000059508 ) ;
#2846 = CYLINDRICAL_SURFACE ( 'NONE', #1831, 4.499999999999948486 ) ;
#2847 = LINE ( 'NONE', #1103, #2560 ) ;
#2848 = AXIS2_PLACEMENT_3D ( 'NONE', #495, #766, #2775 ) ;
#2849 = VERTEX_POINT ( 'NONE', #111 ) ;
#2850 = DIRECTION ( 'NONE',  ( 0.000000000000000000, 0.000000000000000000, -1.000000000000000000 ) ) ;
#2851 = DIRECTION ( 'NONE',  ( 0.000000000000000000, 0.000000000000000000, -1.000000000000000000 ) ) ;
#2852 = ORIENTED_EDGE ( 'NONE', *, *, #2147, .T. ) ;
#2853 = AXIS2_PLACEMENT_3D ( 'NONE', #3622, #995, #480 ) ;
#2854 = EDGE_CURVE ( 'NONE', #250, #2635, #1492, .T. ) ;
#2855 = EDGE_CURVE ( 'NONE', #345, #2244, #3229, .T. ) ;
#2856 = ORIENTED_EDGE ( 'NONE', *, *, #2171, .F. ) ;
#2857 = CIRCLE ( 'NONE', #1655, 4.499999999999948486 ) ;
#2858 = EDGE_LOOP ( 'NONE', ( #3192, #2805, #2108, #2242 ) ) ;
#2859 = DIRECTION ( 'NONE',  ( -0.000000000000000000, -1.000000000000000000, -0.000000000000000000 ) ) ;
#2860 = EDGE_CURVE ( 'NONE', #1295, #994, #2429, .T. ) ;
#2861 = AXIS2_PLACEMENT_3D ( 'NONE', #2310, #1764, #958 ) ;
#2862 = CARTESIAN_POINT ( 'NONE',  ( 383.5011170287429536, 92.59020134806620206, -555.4505027460023712 ) ) ;
#2863 = ORIENTED_EDGE ( 'NONE', *, *, #2215, .T. ) ;
#2864 = CARTESIAN_POINT ( 'NONE',  ( 383.5011170287429536, 101.1902013480661964, -370.9505027460023143 ) ) ;
#2865 = AXIS2_PLACEMENT_3D ( 'NONE', #2401, #1613, #2759 ) ;
#2866 = DIRECTION ( 'NONE',  ( 0.000000000000000000, 1.000000000000000000, 0.000000000000000000 ) ) ;
#2867 = AXIS2_PLACEMENT_3D ( 'NONE', #3455, #2603, #899 ) ;
#2868 = CARTESIAN_POINT ( 'NONE',  ( 738.2041216018069463, 101.1902013480661964, -925.9505027460023712 ) ) ;
#2869 = DIRECTION ( 'NONE',  ( -0.000000000000000000, -1.000000000000000000, -0.000000000000000000 ) ) ;
#2870 = DIRECTION ( 'NONE',  ( -0.000000000000000000, -1.000000000000000000, -0.000000000000000000 ) ) ;
#2871 = CIRCLE ( 'NONE', #2447, 7.500000000000062172 ) ;
#2872 = ORIENTED_EDGE ( 'NONE', *, *, #977, .T. ) ;
#2873 = LINE ( 'NONE', #2254, #1494 ) ;
#2874 = CARTESIAN_POINT ( 'NONE',  ( 591.0011170287428968, 101.1902013480661964, -925.9505027460023712 ) ) ;
#2875 = AXIS2_PLACEMENT_3D ( 'NONE', #1811, #2322, #2963 ) ;
#2876 = DIRECTION ( 'NONE',  ( 0.000000000000000000, 0.000000000000000000, -1.000000000000000000 ) ) ;
#2877 = ORIENTED_EDGE ( 'NONE', *, *, #2418, .T. ) ;
#2878 = CARTESIAN_POINT ( 'NONE',  ( 801.0011170287428968, 92.59020134806620206, -918.4505027460023712 ) ) ;
#2879 = ORIENTED_EDGE ( 'NONE', *, *, #1070, .T. ) ;
#2880 = ORIENTED_EDGE ( 'NONE', *, *, #2741, .T. ) ;
#2881 = EDGE_CURVE ( 'NONE', #1485, #2526, #228, .T. ) ;
#2882 = CARTESIAN_POINT ( 'NONE',  ( 801.0011170287428968, 101.1902013480661964, -832.4505027460021438 ) ) ;
#2883 = EDGE_CURVE ( 'NONE', #2203, #848, #1293, .T. ) ;
#2884 = ORIENTED_EDGE ( 'NONE', *, *, #2701, .F. ) ;
#2885 = CYLINDRICAL_SURFACE ( 'NONE', #1777, 7.500000000000062172 ) ;
#2886 = EDGE_LOOP ( 'NONE', ( #716, #2872, #1872, #2989 ) ) ;
#2887 = CARTESIAN_POINT ( 'NONE',  ( 437.5011170287429536, 92.59020134806620206, -245.4505027460023996 ) ) ;
#2888 = EDGE_CURVE ( 'NONE', #3464, #588, #3585, .T. ) ;
#2889 = CARTESIAN_POINT ( 'NONE',  ( 414.5011170287428399, 107.5902013480662021, -267.0505027460022802 ) ) ;
#2890 = DIRECTION ( 'NONE',  ( 0.000000000000000000, 0.000000000000000000, -1.000000000000000000 ) ) ;
#2891 = CARTESIAN_POINT ( 'NONE',  ( 591.0011170287428968, 92.59020134806620206, -930.4505027460022575 ) ) ;
#2892 = CARTESIAN_POINT ( 'NONE',  ( 321.5011170287428399, 107.5902013480662021, -245.4505027460022859 ) ) ;
#2893 = ORIENTED_EDGE ( 'NONE', *, *, #3064, .F. ) ;
#2894 = DIRECTION ( 'NONE',  ( -0.000000000000000000, -1.000000000000000000, -0.000000000000000000 ) ) ;
#2895 = FACE_OUTER_BOUND ( 'NONE', #2718, .T. ) ;
#2896 = AXIS2_PLACEMENT_3D ( 'NONE', #185, #1332, #3258 ) ;
#2897 = DIRECTION ( 'NONE',  ( -0.000000000000000000, -1.000000000000000000, -0.000000000000000000 ) ) ;
#2898 = AXIS2_PLACEMENT_3D ( 'NONE', #720, #1828, #679 ) ;
#2899 = CARTESIAN_POINT ( 'NONE',  ( 330.5011170287429536, 101.1902013480661964, -430.4505027460022006 ) ) ;
#2900 = EDGE_LOOP ( 'NONE', ( #2933, #2663 ) ) ;
#2901 = CIRCLE ( 'NONE', #139, 7.500000000000062172 ) ;
#2902 = EDGE_LOOP ( 'NONE', ( #377, #820 ) ) ;
#2903 = CARTESIAN_POINT ( 'NONE',  ( 383.5011170287429536, 101.1902013480661964, -670.9505027460023712 ) ) ;
#2904 = ADVANCED_FACE ( 'NONE', ( #165 ), #1313, .F. ) ;
#2905 = CYLINDRICAL_SURFACE ( 'NONE', #2434, 7.499999999999951150 ) ;
#2906 = ORIENTED_EDGE ( 'NONE', *, *, #2267, .F. ) ;
#2907 = FACE_OUTER_BOUND ( 'NONE', #1767, .T. ) ;
#2908 = EDGE_CURVE ( 'NONE', #2260, #2837, #1252, .T. ) ;
#2909 = ADVANCED_FACE ( 'NONE', ( #403 ), #3238, .F. ) ;
#2910 = CARTESIAN_POINT ( 'NONE',  ( 398.5011170287428399, 107.5902013480662021, -253.4505027460023427 ) ) ;
#2911 = DIRECTION ( 'NONE',  ( -0.000000000000000000, -1.000000000000000000, -0.000000000000000000 ) ) ;
#2912 = FACE_BOUND ( 'NONE', #2648, .T. ) ;
#2913 = ORIENTED_EDGE ( 'NONE', *, *, #152, .F. ) ;
#2914 = CARTESIAN_POINT ( 'NONE',  ( 377.8011170287428513, 101.1902013480661964, -877.1505027460023030 ) ) ;
#2915 = ADVANCED_FACE ( 'NONE', ( #1006 ), #1887, .F. ) ;
#2916 = CARTESIAN_POINT ( 'NONE',  ( 973.5011170287428968, 107.5902013480662021, -815.4505027460023712 ) ) ;
#2917 = CARTESIAN_POINT ( 'NONE',  ( 383.5011170287429536, 92.59020134806620206, -550.9505027460024849 ) ) ;
#2918 = CIRCLE ( 'NONE', #2073, 7.499999999999951150 ) ;
#2919 = ORIENTED_EDGE ( 'NONE', *, *, #2952, .T. ) ;
#2920 = ORIENTED_EDGE ( 'NONE', *, *, #2650, .T. ) ;
#2921 = ORIENTED_EDGE ( 'NONE', *, *, #3343, .T. ) ;
#2922 = CARTESIAN_POINT ( 'NONE',  ( 330.5011170287429536, 92.59020134806620206, -437.9505027460022006 ) ) ;
#2923 = CIRCLE ( 'NONE', #3525, 7.499999999999951150 ) ;
#2924 = CARTESIAN_POINT ( 'NONE',  ( 410.2549050041553755, 101.1902013480661964, -844.6967147705897787 ) ) ;
#2925 = EDGE_LOOP ( 'NONE', ( #1862, #699, #428, #323 ) ) ;
#2926 = DIRECTION ( 'NONE',  ( -0.000000000000000000, -1.000000000000000000, -0.000000000000000000 ) ) ;
#2927 = CIRCLE ( 'NONE', #3097, 4.499999999999948486 ) ;
#2928 = CARTESIAN_POINT ( 'NONE',  ( 394.5011170287428399, 107.5902013480662021, -281.4505027460022575 ) ) ;
#2929 = DIRECTION ( 'NONE',  ( -0.000000000000000000, 1.000000000000000000, -0.000000000000000000 ) ) ;
#2930 = DIRECTION ( 'NONE',  ( -0.000000000000000000, -1.000000000000000000, -0.000000000000000000 ) ) ;
#2931 = DIRECTION ( 'NONE',  ( 0.000000000000000000, 0.000000000000000000, 1.000000000000000000 ) ) ;
#2932 = EDGE_CURVE ( 'NONE', #1164, #2162, #2331, .T. ) ;
#2933 = ORIENTED_EDGE ( 'NONE', *, *, #418, .F. ) ;
#2934 = DIRECTION ( 'NONE',  ( 0.000000000000000000, 1.000000000000000000, 0.000000000000000000 ) ) ;
#2935 = DIRECTION ( 'NONE',  ( 0.000000000000000000, 0.000000000000000000, -1.000000000000000000 ) ) ;
#2936 = CYLINDRICAL_SURFACE ( 'NONE', #885, 4.500000000000003553 ) ;
#2937 = AXIS2_PLACEMENT_3D ( 'NONE', #3183, #610, #3438 ) ;
#2938 = ADVANCED_FACE ( 'NONE', ( #1974 ), #1701, .F. ) ;
#2939 = CIRCLE ( 'NONE', #2752, 7.499999999999951150 ) ;
#2940 = ORIENTED_EDGE ( 'NONE', *, *, #3680, .F. ) ;
#2941 = DIRECTION ( 'NONE',  ( -0.000000000000000000, -1.000000000000000000, -0.000000000000000000 ) ) ;
#2942 = AXIS2_PLACEMENT_3D ( 'NONE', #1987, #2581, #20 ) ;
#2943 = VERTEX_POINT ( 'NONE', #2566 ) ;
#2944 = DIRECTION ( 'NONE',  ( -1.790682297782508959E-15, 0.000000000000000000, -1.000000000000000000 ) ) ;
#2945 = VERTEX_POINT ( 'NONE', #2608 ) ;
#2946 = DIRECTION ( 'NONE',  ( -0.000000000000000000, -1.000000000000000000, -0.000000000000000000 ) ) ;
#2947 = DIRECTION ( 'NONE',  ( 0.000000000000000000, 0.000000000000000000, -1.000000000000000000 ) ) ;
#2948 = LINE ( 'NONE', #2624, #1452 ) ;
#2949 = VERTEX_POINT ( 'NONE', #2817 ) ;
#2950 = CARTESIAN_POINT ( 'NONE',  ( 424.5011170287428399, 92.59020134806620206, -735.4505027460023712 ) ) ;
#2951 = LINE ( 'NONE', #1185, #2174 ) ;
#2952 = EDGE_CURVE ( 'NONE', #2130, #862, #846, .T. ) ;
#2953 = CARTESIAN_POINT ( 'NONE',  ( 442.1313810051711357, 101.1902013480661964, -812.8202387695739617 ) ) ;
#2954 = ORIENTED_EDGE ( 'NONE', *, *, #1702, .F. ) ;
#2955 = EDGE_CURVE ( 'NONE', #854, #3676, #3044, .T. ) ;
#2956 = VERTEX_POINT ( 'NONE', #317 ) ;
#2957 = CARTESIAN_POINT ( 'NONE',  ( 941.0011170287428968, 101.1902013480661964, -933.4505027460022575 ) ) ;
#2958 = VECTOR ( 'NONE', #616, 1000.000000000000000 ) ;
#2959 = CIRCLE ( 'NONE', #3671, 4.499999999999948486 ) ;
#2960 = ORIENTED_EDGE ( 'NONE', *, *, #1410, .F. ) ;
#2961 = DIRECTION ( 'NONE',  ( 0.000000000000000000, 1.000000000000000000, 0.000000000000000000 ) ) ;
#2962 = AXIS2_PLACEMENT_3D ( 'NONE', #564, #1434, #304 ) ;
#2963 = DIRECTION ( 'NONE',  ( 0.000000000000000000, 0.000000000000000000, -1.000000000000000000 ) ) ;
#2964 = LINE ( 'NONE', #2449, #459 ) ;
#2965 = FACE_BOUND ( 'NONE', #869, .T. ) ;
#2966 = EDGE_LOOP ( 'NONE', ( #3447, #2919, #1364, #2727 ) ) ;
#2967 = DIRECTION ( 'NONE',  ( 0.000000000000000000, 0.000000000000000000, -1.000000000000000000 ) ) ;
#2968 = DIRECTION ( 'NONE',  ( -0.000000000000000000, -1.000000000000000000, -0.000000000000000000 ) ) ;
#2969 = CYLINDRICAL_SURFACE ( 'NONE', #1603, 4.499999999999948486 ) ;
#2970 = ORIENTED_EDGE ( 'NONE', *, *, #836, .F. ) ;
#2971 = LINE ( 'NONE', #1542, #259 ) ;
#2972 = EDGE_CURVE ( 'NONE', #2066, #374, #1145, .T. ) ;
#2973 = EDGE_LOOP ( 'NONE', ( #2625, #2259, #287, #1399 ) ) ;
#2974 = DIRECTION ( 'NONE',  ( 0.000000000000000000, 0.000000000000000000, -1.000000000000000000 ) ) ;
#2975 = EDGE_CURVE ( 'NONE', #475, #2789, #708, .T. ) ;
#2976 = ORIENTED_EDGE ( 'NONE', *, *, #697, .F. ) ;
#2977 = DIRECTION ( 'NONE',  ( 0.000000000000000000, 0.000000000000000000, -1.000000000000000000 ) ) ;
#2978 = DIRECTION ( 'NONE',  ( -1.000000000000000000, 0.000000000000000000, 0.000000000000000000 ) ) ;
#2979 = DIRECTION ( 'NONE',  ( 0.000000000000000000, 1.000000000000000000, 0.000000000000000000 ) ) ;
#2980 = AXIS2_PLACEMENT_3D ( 'NONE', #3444, #518, #2234 ) ;
#2981 = ORIENTED_EDGE ( 'NONE', *, *, #3678, .F. ) ;
#2982 = DIRECTION ( 'NONE',  ( -0.000000000000000000, -1.000000000000000000, -0.000000000000000000 ) ) ;
#2983 = CIRCLE ( 'NONE', #1366, 4.499999999999948486 ) ;
#2984 = CARTESIAN_POINT ( 'NONE',  ( 733.7041216018069463, 107.5902013480662021, -824.9505027460022575 ) ) ;
#2985 = FACE_OUTER_BOUND ( 'NONE', #481, .T. ) ;
#2986 = ORIENTED_EDGE ( 'NONE', *, *, #2630, .T. ) ;
#2987 = VECTOR ( 'NONE', #2308, 1000.000000000000000 ) ;
#2988 = LINE ( 'NONE', #3327, #1115 ) ;
#2989 = ORIENTED_EDGE ( 'NONE', *, *, #2809, .F. ) ;
#2990 = FACE_OUTER_BOUND ( 'NONE', #3623, .T. ) ;
#2991 = CIRCLE ( 'NONE', #1373, 7.499999999999951150 ) ;
#2992 = VECTOR ( 'NONE', #162, 1000.000000000000000 ) ;
#2993 = ORIENTED_EDGE ( 'NONE', *, *, #2860, .F. ) ;
#2994 = DIRECTION ( 'NONE',  ( 0.000000000000000000, 0.000000000000000000, -1.000000000000000000 ) ) ;
#2995 = DIRECTION ( 'NONE',  ( 0.000000000000000000, 0.000000000000000000, -1.000000000000000000 ) ) ;
#2996 = EDGE_LOOP ( 'NONE', ( #2537, #140 ) ) ;
#2997 = EDGE_CURVE ( 'NONE', #2397, #2224, #574, .T. ) ;
#2998 = CARTESIAN_POINT ( 'NONE',  ( 733.7041216018069463, 107.5902013480662021, -921.4505027460023712 ) ) ;
#2999 = DIRECTION ( 'NONE',  ( 0.000000000000000000, 0.000000000000000000, -1.000000000000000000 ) ) ;
#3000 = ORIENTED_EDGE ( 'NONE', *, *, #1030, .F. ) ;
#3001 = CARTESIAN_POINT ( 'NONE',  ( 344.5011170287429536, 107.5902013480662021, -270.4505027460023712 ) ) ;
#3002 = DIRECTION ( 'NONE',  ( 0.000000000000000000, 1.000000000000000000, 0.000000000000000000 ) ) ;
#3003 = CARTESIAN_POINT ( 'NONE',  ( 801.0011170287428968, 101.1902013480661964, -925.9505027460023712 ) ) ;
#3004 = CARTESIAN_POINT ( 'NONE',  ( 733.7041216018069463, 92.59020134806620206, -824.9505027460022575 ) ) ;
#3005 = ORIENTED_EDGE ( 'NONE', *, *, #2883, .F. ) ;
#3006 = CARTESIAN_POINT ( 'NONE',  ( 591.0011170287428968, 107.5902013480662021, -925.9505027460023712 ) ) ;
#3007 = AXIS2_PLACEMENT_3D ( 'NONE', #2211, #3107, #2247 ) ;
#3008 = ORIENTED_EDGE ( 'NONE', *, *, #2623, .T. ) ;
#3009 = DIRECTION ( 'NONE',  ( 0.7071067811865474617, 0.000000000000000000, -0.7071067811865474617 ) ) ;
#3010 = EDGE_CURVE ( 'NONE', #2052, #3701, #3476, .T. ) ;
#3011 = CARTESIAN_POINT ( 'NONE',  ( 330.5011170287429536, 92.59020134806620206, -505.9505027460022575 ) ) ;
#3012 = ORIENTED_EDGE ( 'NONE', *, *, #2379, .T. ) ;
#3013 = CARTESIAN_POINT ( 'NONE',  ( 330.5011170287429536, 101.1902013480661964, -670.4505027460022575 ) ) ;
#3014 = AXIS2_PLACEMENT_3D ( 'NONE', #3539, #1525, #122 ) ;
#3015 = CARTESIAN_POINT ( 'NONE',  ( 383.5011170287429536, 101.1902013480661964, -367.9505027460023143 ) ) ;
#3016 = EDGE_CURVE ( 'NONE', #2699, #37, #3532, .T. ) ;
#3017 = EDGE_LOOP ( 'NONE', ( #3546, #1980 ) ) ;
#3018 = EDGE_CURVE ( 'NONE', #3404, #2676, #2290, .T. ) ;
#3019 = PLANE ( 'NONE',  #2633 ) ;
#3020 = DIRECTION ( 'NONE',  ( 0.000000000000000000, 0.000000000000000000, 1.000000000000000000 ) ) ;
#3021 = CARTESIAN_POINT ( 'NONE',  ( 801.0011170287428968, 92.59020134806620206, -824.9505027460022575 ) ) ;
#3022 = ORIENTED_EDGE ( 'NONE', *, *, #1822, .F. ) ;
#3023 = EDGE_CURVE ( 'NONE', #2164, #1860, #3149, .T. ) ;
#3024 = CARTESIAN_POINT ( 'NONE',  ( 383.5011170287429536, 101.1902013480661964, -375.4505027460023143 ) ) ;
#3025 = ORIENTED_EDGE ( 'NONE', *, *, #2722, .F. ) ;
#3026 = ORIENTED_EDGE ( 'NONE', *, *, #3247, .F. ) ;
#3027 = CARTESIAN_POINT ( 'NONE',  ( 494.5011170287429536, 107.5902013480662021, -760.4505027460022575 ) ) ;
#3028 = DIRECTION ( 'NONE',  ( 0.000000000000000000, 1.000000000000000000, 0.000000000000000000 ) ) ;
#3029 = ORIENTED_EDGE ( 'NONE', *, *, #1307, .F. ) ;
#3030 = CARTESIAN_POINT ( 'NONE',  ( 377.8011170287428513, 92.59020134806620206, -877.1505027460023030 ) ) ;
#3031 = DIRECTION ( 'NONE',  ( 0.000000000000000000, 0.000000000000000000, -1.000000000000000000 ) ) ;
#3032 = CARTESIAN_POINT ( 'NONE',  ( 344.5011170287429536, 92.59020134806620206, -270.4505027460023712 ) ) ;
#3033 = CIRCLE ( 'NONE', #2853, 7.500000000000062172 ) ;
#3034 = DIRECTION ( 'NONE',  ( 0.000000000000000000, -0.000000000000000000, 1.000000000000000000 ) ) ;
#3035 = CARTESIAN_POINT ( 'NONE',  ( 941.0011170287428968, 101.1902013480661964, -824.9505027460022575 ) ) ;
#3036 = CARTESIAN_POINT ( 'NONE',  ( 973.5011170287428968, 107.5902013480662021, -815.4505027460023712 ) ) ;
#3037 = EDGE_CURVE ( 'NONE', #244, #770, #1406, .T. ) ;
#3038 = EDGE_CURVE ( 'NONE', #3120, #3169, #2873, .T. ) ;
#3039 = ORIENTED_EDGE ( 'NONE', *, *, #1206, .T. ) ;
#3040 = DIRECTION ( 'NONE',  ( 0.000000000000000000, 0.000000000000000000, -1.000000000000000000 ) ) ;
#3041 = ADVANCED_FACE ( 'NONE', ( #1166, #3460, #1126, #2547, #1446, #1742, #1183, #2275, #3482, #2028, #2587, #3186, #3426, #27, #614, #596, #1469, #2327, #902, #245, #2383 ), #406, .T. ) ;
#3042 = AXIS2_PLACEMENT_3D ( 'NONE', #2230, #2508, #767 ) ;
#3043 = ORIENTED_EDGE ( 'NONE', *, *, #2737, .T. ) ;
#3044 = CIRCLE ( 'NONE', #2632, 7.499999999999951150 ) ;
#3045 = ORIENTED_EDGE ( 'NONE', *, *, #2722, .T. ) ;
#3046 = VERTEX_POINT ( 'NONE', #369 ) ;
#3047 = CYLINDRICAL_SURFACE ( 'NONE', #2835, 7.499999999999951150 ) ;
#3048 = CIRCLE ( 'NONE', #3108, 4.500000000000059508 ) ;
#3049 = ORIENTED_EDGE ( 'NONE', *, *, #2440, .T. ) ;
#3050 = AXIS2_PLACEMENT_3D ( 'NONE', #591, #1461, #240 ) ;
#3051 = DIRECTION ( 'NONE',  ( 0.000000000000000000, 0.000000000000000000, -1.000000000000000000 ) ) ;
#3052 = ORIENTED_EDGE ( 'NONE', *, *, #533, .F. ) ;
#3053 = CARTESIAN_POINT ( 'NONE',  ( 439.5011170287429536, 92.59020134806620206, -760.4505027460022575 ) ) ;
#3054 = ORIENTED_EDGE ( 'NONE', *, *, #816, .F. ) ;
#3055 = DIRECTION ( 'NONE',  ( 0.000000000000000000, 0.000000000000000000, -1.000000000000000000 ) ) ;
#3056 = LINE ( 'NONE', #241, #3458 ) ;
#3057 = CARTESIAN_POINT ( 'NONE',  ( 344.5011170287429536, 107.5902013480662021, -267.0505027460023371 ) ) ;
#3058 = ORIENTED_EDGE ( 'NONE', *, *, #203, .F. ) ;
#3059 = EDGE_CURVE ( 'NONE', #37, #3683, #1223, .T. ) ;
#3060 = ADVANCED_FACE ( 'NONE', ( #3519 ), #2139, .F. ) ;
#3061 = CARTESIAN_POINT ( 'NONE',  ( 383.5011170287429536, 101.1902013480661964, -667.9505027460024849 ) ) ;
#3062 = FACE_OUTER_BOUND ( 'NONE', #807, .T. ) ;
#3063 = ORIENTED_EDGE ( 'NONE', *, *, #2053, .F. ) ;
#3064 = EDGE_CURVE ( 'NONE', #3350, #3625, #651, .T. ) ;
#3065 = ORIENTED_EDGE ( 'NONE', *, *, #3408, .F. ) ;
#3066 = EDGE_LOOP ( 'NONE', ( #1490, #1674, #450, #2478 ) ) ;
#3067 = CARTESIAN_POINT ( 'NONE',  ( 330.5011170287429536, 101.1902013480661964, -510.4505027460022575 ) ) ;
#3068 = ORIENTED_EDGE ( 'NONE', *, *, #3174, .F. ) ;
#3069 = CARTESIAN_POINT ( 'NONE',  ( 442.1313810051711357, 92.59020134806620206, -812.8202387695739617 ) ) ;
#3070 = ORIENTED_EDGE ( 'NONE', *, *, #2379, .F. ) ;
#3071 = CYLINDRICAL_SURFACE ( 'NONE', #3251, 4.500000000000059508 ) ;
#3072 = AXIS2_PLACEMENT_3D ( 'NONE', #293, #1496, #2639 ) ;
#3073 = LINE ( 'NONE', #204, #1013 ) ;
#3074 = AXIS2_PLACEMENT_3D ( 'NONE', #1504, #2646, #47 ) ;
#3075 = FACE_OUTER_BOUND ( 'NONE', #491, .T. ) ;
#3076 = CIRCLE ( 'NONE', #1224, 7.499999999999951150 ) ;
#3077 = CARTESIAN_POINT ( 'NONE',  ( 442.1313810051711357, 101.1902013480661964, -820.3202387695740754 ) ) ;
#3078 = VECTOR ( 'NONE', #14, 1000.000000000000000 ) ;
#3079 = EDGE_LOOP ( 'NONE', ( #1572, #731 ) ) ;
#3080 = DIRECTION ( 'NONE',  ( 0.000000000000000000, 0.000000000000000000, -1.000000000000000000 ) ) ;
#3081 = VERTEX_POINT ( 'NONE', #2664 ) ;
#3082 = ORIENTED_EDGE ( 'NONE', *, *, #908, .T. ) ;
#3083 = EDGE_CURVE ( 'NONE', #1510, #1404, #2067, .T. ) ;
#3084 = CARTESIAN_POINT ( 'NONE',  ( 801.0011170287428968, 92.59020134806620206, -925.9505027460023712 ) ) ;
#3085 = ADVANCED_FACE ( 'NONE', ( #2415, #3562 ), #3260, .F. ) ;
#3086 = EDGE_LOOP ( 'NONE', ( #2265, #1254 ) ) ;
#3087 = DIRECTION ( 'NONE',  ( -0.000000000000000000, -1.000000000000000000, -0.000000000000000000 ) ) ;
#3088 = ORIENTED_EDGE ( 'NONE', *, *, #3678, .T. ) ;
#3089 = DIRECTION ( 'NONE',  ( 0.000000000000000000, 0.000000000000000000, -1.000000000000000000 ) ) ;
#3090 = EDGE_CURVE ( 'NONE', #542, #667, #2645, .T. ) ;
#3091 = VERTEX_POINT ( 'NONE', #937 ) ;
#3092 = DIRECTION ( 'NONE',  ( -0.000000000000000000, -1.000000000000000000, -0.000000000000000000 ) ) ;
#3093 = CYLINDRICAL_SURFACE ( 'NONE', #566, 7.500000000000062172 ) ;
#3094 = DIRECTION ( 'NONE',  ( 0.000000000000000000, 0.000000000000000000, 1.000000000000000000 ) ) ;
#3095 = VERTEX_POINT ( 'NONE', #3533 ) ;
#3096 = DIRECTION ( 'NONE',  ( -0.000000000000000000, -1.000000000000000000, -0.000000000000000000 ) ) ;
#3097 = AXIS2_PLACEMENT_3D ( 'NONE', #772, #2163, #427 ) ;
#3098 = FACE_BOUND ( 'NONE', #1895, .T. ) ;
#3099 = ORIENTED_EDGE ( 'NONE', *, *, #1663, .F. ) ;
#3100 = CIRCLE ( 'NONE', #2861, 3.400000000000014122 ) ;
#3101 = ORIENTED_EDGE ( 'NONE', *, *, #2374, .F. ) ;
#3102 = CARTESIAN_POINT ( 'NONE',  ( 941.0011170287428968, 92.59020134806620206, -832.4505027460021438 ) ) ;
#3103 = AXIS2_PLACEMENT_3D ( 'NONE', #2214, #1085, #3361 ) ;
#3104 = ORIENTED_EDGE ( 'NONE', *, *, #2081, .T. ) ;
#3105 = VECTOR ( 'NONE', #2978, 1000.000000000000000 ) ;
#3106 = VERTEX_POINT ( 'NONE', #955 ) ;
#3107 = DIRECTION ( 'NONE',  ( -0.000000000000000000, -1.000000000000000000, -0.000000000000000000 ) ) ;
#3108 = AXIS2_PLACEMENT_3D ( 'NONE', #1536, #2681, #115 ) ;
#3109 = CARTESIAN_POINT ( 'NONE',  ( 383.5011170287429536, 92.59020134806620206, -667.9505027460024849 ) ) ;
#3110 = EDGE_CURVE ( 'NONE', #3347, #3662, #1239, .T. ) ;
#3111 = LINE ( 'NONE', #2507, #2193 ) ;
#3112 = LINE ( 'NONE', #536, #286 ) ;
#3113 = CIRCLE ( 'NONE', #1792, 4.499999999999948486 ) ;
#3114 = EDGE_LOOP ( 'NONE', ( #1656, #778 ) ) ;
#3115 = DIRECTION ( 'NONE',  ( 0.000000000000000000, 0.000000000000000000, -1.000000000000000000 ) ) ;
#3116 = LINE ( 'NONE', #498, #1599 ) ;
#3117 = ORIENTED_EDGE ( 'NONE', *, *, #2855, .T. ) ;
#3118 = DIRECTION ( 'NONE',  ( 0.000000000000000000, 0.000000000000000000, -1.000000000000000000 ) ) ;
#3119 = ORIENTED_EDGE ( 'NONE', *, *, #1367, .F. ) ;
#3120 = VERTEX_POINT ( 'NONE', #353 ) ;
#3121 = DIRECTION ( 'NONE',  ( 0.000000000000000000, 1.000000000000000000, 0.000000000000000000 ) ) ;
#3122 = CARTESIAN_POINT ( 'NONE',  ( 383.5011170287429536, 101.1902013480661964, -490.9505027460023143 ) ) ;
#3123 = AXIS2_PLACEMENT_3D ( 'NONE', #1321, #3645, #1075 ) ;
#3124 = ORIENTED_EDGE ( 'NONE', *, *, #977, .F. ) ;
#3125 = CARTESIAN_POINT ( 'NONE',  ( 330.5011170287429536, 101.1902013480661964, -430.4505027460022006 ) ) ;
#3126 = CARTESIAN_POINT ( 'NONE',  ( 364.5011170287428399, 107.5902013480662021, -281.4505027460022575 ) ) ;
#3127 = PLANE ( 'NONE',  #1235 ) ;
#3128 = CARTESIAN_POINT ( 'NONE',  ( 941.0011170287428968, 101.1902013480661964, -925.9505027460023712 ) ) ;
#3129 = CIRCLE ( 'NONE', #1994, 4.500000000000003553 ) ;
#3130 = EDGE_CURVE ( 'NONE', #2635, #250, #2154, .T. ) ;
#3131 = EDGE_CURVE ( 'NONE', #1650, #1860, #1430, .T. ) ;
#3132 = ORIENTED_EDGE ( 'NONE', *, *, #2834, .F. ) ;
#3133 = DIRECTION ( 'NONE',  ( -0.000000000000000000, -1.000000000000000000, -0.000000000000000000 ) ) ;
#3134 = VECTOR ( 'NONE', #1866, 1000.000000000000000 ) ;
#3135 = DIRECTION ( 'NONE',  ( -0.000000000000000000, -1.000000000000000000, -0.000000000000000000 ) ) ;
#3136 = EDGE_CURVE ( 'NONE', #1902, #302, #3419, .T. ) ;
#3137 = ORIENTED_EDGE ( 'NONE', *, *, #1920, .T. ) ;
#3138 = ORIENTED_EDGE ( 'NONE', *, *, #1728, .T. ) ;
#3139 = ORIENTED_EDGE ( 'NONE', *, *, #3568, .T. ) ;
#3140 = CARTESIAN_POINT ( 'NONE',  ( 424.5011170287428968, 92.59020134806620206, -305.4505027460023712 ) ) ;
#3141 = DIRECTION ( 'NONE',  ( 0.000000000000000000, 0.000000000000000000, -1.000000000000000000 ) ) ;
#3142 = ORIENTED_EDGE ( 'NONE', *, *, #2011, .T. ) ;
#3143 = DIRECTION ( 'NONE',  ( 0.7071067811865475727, 0.000000000000000000, -0.7071067811865475727 ) ) ;
#3144 = DIRECTION ( 'NONE',  ( -0.000000000000000000, -1.000000000000000000, -0.000000000000000000 ) ) ;
#3145 = SURFACE_STYLE_USAGE ( .BOTH. , #1420 ) ;
#3146 = DIRECTION ( 'NONE',  ( 0.000000000000000000, 1.000000000000000000, 0.000000000000000000 ) ) ;
#3147 = CARTESIAN_POINT ( 'NONE',  ( 383.5011170287429536, 92.59020134806620206, -562.9505027460024849 ) ) ;
#3148 = ORIENTED_EDGE ( 'NONE', *, *, #1249, .F. ) ;
#3149 = LINE ( 'NONE', #1388, #1371 ) ;
#3150 = DIRECTION ( 'NONE',  ( -0.000000000000000000, -1.000000000000000000, -0.000000000000000000 ) ) ;
#3151 = ADVANCED_FACE ( 'NONE', ( #3226 ), #1800, .F. ) ;
#3152 = ADVANCED_FACE ( 'NONE', ( #686 ), #3547, .F. ) ;
#3153 = LINE ( 'NONE', #2780, #395 ) ;
#3154 = CARTESIAN_POINT ( 'NONE',  ( 591.0011170287428968, 101.1902013480661964, -921.4505027460023712 ) ) ;
#3155 = EDGE_LOOP ( 'NONE', ( #3472, #3400, #7, #3661 ) ) ;
#3156 = EDGE_CURVE ( 'NONE', #862, #3584, #3048, .T. ) ;
#3157 = AXIS2_PLACEMENT_3D ( 'NONE', #1074, #1932, #3080 ) ;
#3158 = ORIENTED_EDGE ( 'NONE', *, *, #1916, .F. ) ;
#3159 = DIRECTION ( 'NONE',  ( -0.000000000000000000, -1.000000000000000000, -0.000000000000000000 ) ) ;
#3160 = DIRECTION ( 'NONE',  ( 0.000000000000000000, 1.000000000000000000, 0.000000000000000000 ) ) ;
#3161 = ORIENTED_EDGE ( 'NONE', *, *, #2881, .F. ) ;
#3162 = DIRECTION ( 'NONE',  ( -0.000000000000000000, -1.000000000000000000, -0.000000000000000000 ) ) ;
#3163 = DIRECTION ( 'NONE',  ( -0.000000000000000000, -1.000000000000000000, -0.000000000000000000 ) ) ;
#3164 = AXIS2_PLACEMENT_3D ( 'NONE', #3013, #828, #2527 ) ;
#3165 = FILL_AREA_STYLE ('',( #277 ) ) ;
#3166 = DIRECTION ( 'NONE',  ( -0.000000000000000000, -1.000000000000000000, -0.000000000000000000 ) ) ;
#3167 = CARTESIAN_POINT ( 'NONE',  ( 394.5011170287428399, 92.59020134806620206, -281.4505027460022575 ) ) ;
#3168 = VECTOR ( 'NONE', #186, 1000.000000000000114 ) ;
#3169 = VERTEX_POINT ( 'NONE', #2120 ) ;
#3170 = DIRECTION ( 'NONE',  ( -0.000000000000000000, -1.000000000000000000, -0.000000000000000000 ) ) ;
#3171 = DIRECTION ( 'NONE',  ( -0.000000000000000000, -1.000000000000000000, -0.000000000000000000 ) ) ;
#3172 = VECTOR ( 'NONE', #2534, 1000.000000000000000 ) ;
#3173 = DIRECTION ( 'NONE',  ( -0.000000000000000000, -1.000000000000000000, -0.000000000000000000 ) ) ;
#3174 = EDGE_CURVE ( 'NONE', #619, #473, #1195, .T. ) ;
#3175 = VERTEX_POINT ( 'NONE', #3500 ) ;
#3176 = ORIENTED_EDGE ( 'NONE', *, *, #3408, .T. ) ;
#3177 = DIRECTION ( 'NONE',  ( -0.000000000000000000, -1.000000000000000000, -0.000000000000000000 ) ) ;
#3178 = EDGE_CURVE ( 'NONE', #215, #3292, #2432, .T. ) ;
#3179 = FACE_OUTER_BOUND ( 'NONE', #2553, .T. ) ;
#3180 = ORIENTED_EDGE ( 'NONE', *, *, #1658, .F. ) ;
#3181 = CARTESIAN_POINT ( 'NONE',  ( 383.5011170287429536, 101.1902013480661964, -562.9505027460024849 ) ) ;
#3182 = DIRECTION ( 'NONE',  ( 0.000000000000000000, 0.000000000000000000, -1.000000000000000000 ) ) ;
#3183 = CARTESIAN_POINT ( 'NONE',  ( 330.5011170287429536, 101.1902013480661964, -670.4505027460022575 ) ) ;
#3184 = FACE_BOUND ( 'NONE', #2414, .T. ) ;
#3185 = ORIENTED_EDGE ( 'NONE', *, *, #2623, .F. ) ;
#3186 = FACE_BOUND ( 'NONE', #3709, .T. ) ;
#3187 = FACE_OUTER_BOUND ( 'NONE', #2973, .T. ) ;
#3188 = VECTOR ( 'NONE', #112, 1000.000000000000000 ) ;
#3189 = DIRECTION ( 'NONE',  ( 0.000000000000000000, 0.000000000000000000, -1.000000000000000000 ) ) ;
#3190 = VECTOR ( 'NONE', #544, 1000.000000000000000 ) ;
#3191 = APPLICATION_PROTOCOL_DEFINITION ( 'draft international standard', 'automotive_design', 1998, #3418 ) ;
#3192 = ORIENTED_EDGE ( 'NONE', *, *, #697, .T. ) ;
#3193 = CYLINDRICAL_SURFACE ( 'NONE', #921, 7.499999999999951150 ) ;
#3194 = DIRECTION ( 'NONE',  ( 0.000000000000000000, 0.000000000000000000, -1.000000000000000000 ) ) ;
#3195 = ADVANCED_FACE ( 'NONE', ( #1083, #1644 ), #1590, .F. ) ;
#3196 = EDGE_CURVE ( 'NONE', #73, #3252, #1730, .T. ) ;
#3197 = VERTEX_POINT ( 'NONE', #1010 ) ;
#3198 = DIRECTION ( 'NONE',  ( -0.000000000000000000, -1.000000000000000000, -0.000000000000000000 ) ) ;
#3199 = DIRECTION ( 'NONE',  ( 0.000000000000000000, 0.000000000000000000, -1.000000000000000000 ) ) ;
#3200 = DIRECTION ( 'NONE',  ( -0.000000000000000000, -1.000000000000000000, -0.000000000000000000 ) ) ;
#3201 = ADVANCED_FACE ( 'NONE', ( #2159 ), #455, .F. ) ;
#3202 = FACE_OUTER_BOUND ( 'NONE', #1939, .T. ) ;
#3203 = DIRECTION ( 'NONE',  ( 0.000000000000000000, 0.000000000000000000, -1.000000000000000000 ) ) ;
#3204 = ORIENTED_EDGE ( 'NONE', *, *, #1234, .F. ) ;
#3205 = DIRECTION ( 'NONE',  ( -0.000000000000000000, -1.000000000000000000, -0.000000000000000000 ) ) ;
#3206 = DIRECTION ( 'NONE',  ( -0.000000000000000000, -1.000000000000000000, -0.000000000000000000 ) ) ;
#3207 = LINE ( 'NONE', #1724, #1189 ) ;
#3208 = CIRCLE ( 'NONE', #1411, 4.499999999999948486 ) ;
#3209 = ORIENTED_EDGE ( 'NONE', *, *, #2487, .T. ) ;
#3210 = CARTESIAN_POINT ( 'NONE',  ( 801.0011170287428968, 101.1902013480661964, -817.4505027460022575 ) ) ;
#3211 = ORIENTED_EDGE ( 'NONE', *, *, #3131, .F. ) ;
#3212 = DIRECTION ( 'NONE',  ( 0.000000000000000000, 0.000000000000000000, 1.000000000000000000 ) ) ;
#3213 = AXIS2_PLACEMENT_3D ( 'NONE', #3069, #819, #1962 ) ;
#3214 = CIRCLE ( 'NONE', #2263, 4.499999999999948486 ) ;
#3215 = VERTEX_POINT ( 'NONE', #476 ) ;
#3216 = DIRECTION ( 'NONE',  ( 0.000000000000000000, 0.000000000000000000, -1.000000000000000000 ) ) ;
#3217 = AXIS2_PLACEMENT_3D ( 'NONE', #2610, #3503, #1506 ) ;
#3218 = ADVANCED_FACE ( 'NONE', ( #3303 ), #1626, .F. ) ;
#3219 = VERTEX_POINT ( 'NONE', #727 ) ;
#3220 = AXIS2_PLACEMENT_3D ( 'NONE', #2179, #748, #1893 ) ;
#3221 = DIRECTION ( 'NONE',  ( -0.000000000000000000, -1.000000000000000000, -0.000000000000000000 ) ) ;
#3222 = DIRECTION ( 'NONE',  ( -0.000000000000000000, -1.000000000000000000, -0.000000000000000000 ) ) ;
#3223 = ORIENTED_EDGE ( 'NONE', *, *, #2742, .T. ) ;
#3224 = EDGE_CURVE ( 'NONE', #1944, #1362, #2792, .T. ) ;
#3225 = CIRCLE ( 'NONE', #110, 4.499999999999948486 ) ;
#3226 = FACE_OUTER_BOUND ( 'NONE', #1524, .T. ) ;
#3227 = CARTESIAN_POINT ( 'NONE',  ( 330.5011170287429536, 101.1902013480661964, -665.9505027460022575 ) ) ;
#3228 = DIRECTION ( 'NONE',  ( -0.000000000000000000, -1.000000000000000000, -0.000000000000000000 ) ) ;
#3229 = CIRCLE ( 'NONE', #1315, 7.499999999999951150 ) ;
#3230 = EDGE_LOOP ( 'NONE', ( #2540, #3595 ) ) ;
#3231 = AXIS2_PLACEMENT_3D ( 'NONE', #2561, #2523, #2285 ) ;
#3232 = ORIENTED_EDGE ( 'NONE', *, *, #1327, .F. ) ;
#3233 = DIRECTION ( 'NONE',  ( -0.000000000000000000, -1.000000000000000000, -0.000000000000000000 ) ) ;
#3234 = ORIENTED_EDGE ( 'NONE', *, *, #627, .F. ) ;
#3235 = CARTESIAN_POINT ( 'NONE',  ( 591.0011170287428968, 92.59020134806620206, -817.4505027460023712 ) ) ;
#3236 = DIRECTION ( 'NONE',  ( -0.000000000000000000, -1.000000000000000000, -0.000000000000000000 ) ) ;
#3237 = EDGE_LOOP ( 'NONE', ( #96, #2521, #794, #159 ) ) ;
#3238 = CYLINDRICAL_SURFACE ( 'NONE', #2093, 7.500000000000062172 ) ;
#3239 = CARTESIAN_POINT ( 'NONE',  ( 474.5011170287428968, 92.59020134806620206, -935.4505027460022575 ) ) ;
#3240 = VERTEX_POINT ( 'NONE', #784 ) ;
#3241 = CARTESIAN_POINT ( 'NONE',  ( 383.5011170287429536, 92.59020134806620206, -375.4505027460023143 ) ) ;
#3242 = CARTESIAN_POINT ( 'NONE',  ( 733.7041216018069463, 92.59020134806620206, -933.4505027460022575 ) ) ;
#3243 = LINE ( 'NONE', #3549, #2804 ) ;
#3244 = EDGE_CURVE ( 'NONE', #3197, #1731, #1911, .T. ) ;
#3245 = EDGE_CURVE ( 'NONE', #2552, #2949, #175, .T. ) ;
#3246 = ORIENTED_EDGE ( 'NONE', *, *, #2573, .F. ) ;
#3247 = EDGE_CURVE ( 'NONE', #3259, #414, #219, .T. ) ;
#3248 = EDGE_LOOP ( 'NONE', ( #2477, #3045 ) ) ;
#3249 = CIRCLE ( 'NONE', #1274, 4.000000000000003553 ) ;
#3250 = DIRECTION ( 'NONE',  ( -0.7071067811865475727, 0.000000000000000000, -0.7071067811865475727 ) ) ;
#3251 = AXIS2_PLACEMENT_3D ( 'NONE', #2772, #803, #202 ) ;
#3252 = VERTEX_POINT ( 'NONE', #2719 ) ;
#3253 = CARTESIAN_POINT ( 'NONE',  ( 591.0011170287428968, 101.1902013480661964, -829.4505027460022575 ) ) ;
#3254 = CIRCLE ( 'NONE', #86, 7.500000000000062172 ) ;
#3255 = ORIENTED_EDGE ( 'NONE', *, *, #1530, .T. ) ;
#3256 = CARTESIAN_POINT ( 'NONE',  ( 801.0011170287428968, 92.59020134806620206, -925.9505027460023712 ) ) ;
#3257 = DIRECTION ( 'NONE',  ( -0.000000000000000000, -1.000000000000000000, -0.000000000000000000 ) ) ;
#3258 = DIRECTION ( 'NONE',  ( 0.000000000000000000, -0.000000000000000000, 1.000000000000000000 ) ) ;
#3259 = VERTEX_POINT ( 'NONE', #764 ) ;
#3260 = PLANE ( 'NONE',  #1073 ) ;
#3261 = CARTESIAN_POINT ( 'NONE',  ( 330.5011170287429536, 101.1902013480661964, -430.4505027460022006 ) ) ;
#3262 = CARTESIAN_POINT ( 'NONE',  ( 801.0011170287428968, 101.1902013480661964, -820.4505027460022575 ) ) ;
#3263 = AXIS2_PLACEMENT_3D ( 'NONE', #3563, #3002, #1298 ) ;
#3264 = VERTEX_POINT ( 'NONE', #147 ) ;
#3265 = DIRECTION ( 'NONE',  ( -0.000000000000000000, -1.000000000000000000, -0.000000000000000000 ) ) ;
#3266 = ORIENTED_EDGE ( 'NONE', *, *, #690, .F. ) ;
#3267 = CARTESIAN_POINT ( 'NONE',  ( 383.5011170287429536, 92.59020134806620206, -382.9505027460023143 ) ) ;
#3268 = EDGE_CURVE ( 'NONE', #802, #1191, #3649, .T. ) ;
#3269 = EDGE_LOOP ( 'NONE', ( #2840, #3209 ) ) ;
#3270 = DIRECTION ( 'NONE',  ( -0.000000000000000000, -1.000000000000000000, -0.000000000000000000 ) ) ;
#3271 = VECTOR ( 'NONE', #3412, 1000.000000000000000 ) ;
#3272 = CYLINDRICAL_SURFACE ( 'NONE', #3354, 4.499999999999948486 ) ;
#3273 = ORIENTED_EDGE ( 'NONE', *, *, #2398, .F. ) ;
#3274 = DIRECTION ( 'NONE',  ( -0.000000000000000000, -1.000000000000000000, -0.000000000000000000 ) ) ;
#3275 = DIRECTION ( 'NONE',  ( 0.000000000000000000, 0.000000000000000000, 1.000000000000000000 ) ) ;
#3276 = AXIS2_PLACEMENT_3D ( 'NONE', #2705, #1841, #411 ) ;
#3277 = ORIENTED_EDGE ( 'NONE', *, *, #1159, .T. ) ;
#3278 = DIRECTION ( 'NONE',  ( 0.000000000000000000, 0.000000000000000000, -1.000000000000000000 ) ) ;
#3279 = DIRECTION ( 'NONE',  ( 0.000000000000000000, 0.000000000000000000, -1.000000000000000000 ) ) ;
#3280 = ADVANCED_BREP_SHAPE_REPRESENTATION ( '1.NID062025-PJ27-00-489', ( #1531, #6 ), #655 ) ;
#3281 = DIRECTION ( 'NONE',  ( -0.000000000000000000, -0.000000000000000000, -1.000000000000000000 ) ) ;
#3282 = VECTOR ( 'NONE', #844, 1000.000000000000114 ) ;
#3283 = ORIENTED_EDGE ( 'NONE', *, *, #109, .F. ) ;
#3284 = AXIS2_PLACEMENT_3D ( 'NONE', #1739, #2869, #2947 ) ;
#3285 = CARTESIAN_POINT ( 'NONE',  ( 591.0011170287428968, 92.59020134806620206, -925.9505027460023712 ) ) ;
#3286 = ORIENTED_EDGE ( 'NONE', *, *, #3245, .F. ) ;
#3287 = ADVANCED_FACE ( 'NONE', ( #709, #1368 ), #3019, .F. ) ;
#3288 = DIRECTION ( 'NONE',  ( -0.000000000000000000, -1.000000000000000000, -0.000000000000000000 ) ) ;
#3289 = EDGE_CURVE ( 'NONE', #2220, #3311, #3073, .T. ) ;
#3290 = AXIS2_PLACEMENT_3D ( 'NONE', #1333, #3580, #2194 ) ;
#3291 = VERTEX_POINT ( 'NONE', #1297 ) ;
#3292 = VERTEX_POINT ( 'NONE', #2469 ) ;
#3293 = ADVANCED_FACE ( 'NONE', ( #438 ), #2506, .F. ) ;
#3294 = LINE ( 'NONE', #415, #2355 ) ;
#3295 = EDGE_CURVE ( 'NONE', #3328, #374, #1031, .T. ) ;
#3296 = LINE ( 'NONE', #982, #2216 ) ;
#3297 = ORIENTED_EDGE ( 'NONE', *, *, #3244, .T. ) ;
#3298 = DIRECTION ( 'NONE',  ( 0.000000000000000000, 1.000000000000000000, 0.000000000000000000 ) ) ;
#3299 = DIRECTION ( 'NONE',  ( -0.000000000000000000, -1.000000000000000000, -0.000000000000000000 ) ) ;
#3300 = CARTESIAN_POINT ( 'NONE',  ( 442.1313810051711357, 92.59020134806620206, -812.8202387695739617 ) ) ;
#3301 = ADVANCED_FACE ( 'NONE', ( #1891 ), #276, .F. ) ;
#3302 = EDGE_LOOP ( 'NONE', ( #469, #3029 ) ) ;
#3303 = FACE_OUTER_BOUND ( 'NONE', #2925, .T. ) ;
#3304 = DIRECTION ( 'NONE',  ( -0.000000000000000000, -1.000000000000000000, -0.000000000000000000 ) ) ;
#3305 = CYLINDRICAL_SURFACE ( 'NONE', #2270, 7.499999999999951150 ) ;
#3306 = AXIS2_PLACEMENT_3D ( 'NONE', #631, #2101, #25 ) ;
#3307 = DIRECTION ( 'NONE',  ( 0.000000000000000000, 0.000000000000000000, 1.000000000000000000 ) ) ;
#3308 = EDGE_LOOP ( 'NONE', ( #54, #1558, #2512, #1700 ) ) ;
#3309 = ORIENTED_EDGE ( 'NONE', *, *, #1307, .T. ) ;
#3310 = AXIS2_PLACEMENT_3D ( 'NONE', #3321, #3560, #1608 ) ;
#3311 = VERTEX_POINT ( 'NONE', #2889 ) ;
#3312 = DIRECTION ( 'NONE',  ( 0.000000000000000000, 0.000000000000000000, 1.000000000000000000 ) ) ;
#3313 = AXIS2_PLACEMENT_3D ( 'NONE', #124, #2167, #1268 ) ;
#3314 = CARTESIAN_POINT ( 'NONE',  ( 941.0011170287428968, 92.59020134806620206, -933.4505027460022575 ) ) ;
#3315 = ORIENTED_EDGE ( 'NONE', *, *, #933, .F. ) ;
#3316 = EDGE_CURVE ( 'NONE', #1191, #802, #2871, .T. ) ;
#3317 = EDGE_CURVE ( 'NONE', #3701, #2052, #2939, .T. ) ;
#3318 = CARTESIAN_POINT ( 'NONE',  ( 383.5011170287429536, 92.59020134806620206, -547.9505027460023712 ) ) ;
#3319 = DIRECTION ( 'NONE',  ( 0.000000000000000000, 0.000000000000000000, -1.000000000000000000 ) ) ;
#3320 = AXIS2_PLACEMENT_3D ( 'NONE', #890, #271, #1998 ) ;
#3321 = CARTESIAN_POINT ( 'NONE',  ( 377.8011170287428513, 101.1902013480661964, -877.1505027460023030 ) ) ;
#3322 = CARTESIAN_POINT ( 'NONE',  ( 439.5011170287429536, 107.5902013480662021, -760.4505027460022575 ) ) ;
#3323 = EDGE_CURVE ( 'NONE', #1997, #2244, #40, .T. ) ;
#3324 = DIRECTION ( 'NONE',  ( -0.000000000000000000, -1.000000000000000000, -0.000000000000000000 ) ) ;
#3325 = CARTESIAN_POINT ( 'NONE',  ( 383.5011170287429536, 101.1902013480661964, -555.4505027460023712 ) ) ;
#3326 = ORIENTED_EDGE ( 'NONE', *, *, #1920, .F. ) ;
#3327 = CARTESIAN_POINT ( 'NONE',  ( 424.5011170287428968, 92.59020134806620206, -305.4505027460023712 ) ) ;
#3328 = VERTEX_POINT ( 'NONE', #2269 ) ;
#3329 = EDGE_LOOP ( 'NONE', ( #2614, #2913, #3008, #471 ) ) ;
#3330 = ORIENTED_EDGE ( 'NONE', *, *, #947, .F. ) ;
#3331 = DIRECTION ( 'NONE',  ( 0.000000000000000000, 0.000000000000000000, -1.000000000000000000 ) ) ;
#3332 = PRESENTATION_LAYER_ASSIGNMENT (  '', '', ( #273 ) ) ;
#3333 = EDGE_LOOP ( 'NONE', ( #1052, #2166 ) ) ;
#3334 = CIRCLE ( 'NONE', #632, 4.499999999999948486 ) ;
#3335 = CARTESIAN_POINT ( 'NONE',  ( 383.5011170287429536, 101.1902013480661964, -555.4505027460023712 ) ) ;
#3336 = ORIENTED_EDGE ( 'NONE', *, *, #1489, .F. ) ;
#3337 = CARTESIAN_POINT ( 'NONE',  ( 591.0011170287428968, 101.1902013480661964, -817.4505027460023712 ) ) ;
#3338 = VECTOR ( 'NONE', #155, 1000.000000000000000 ) ;
#3339 = ORIENTED_EDGE ( 'NONE', *, *, #538, .T. ) ;
#3340 = DIRECTION ( 'NONE',  ( -0.000000000000000000, -1.000000000000000000, -0.000000000000000000 ) ) ;
#3341 = CARTESIAN_POINT ( 'NONE',  ( 439.5011170287429536, 107.5902013480662021, -760.4505027460022575 ) ) ;
#3342 = DIRECTION ( 'NONE',  ( 0.000000000000000000, 0.000000000000000000, -1.000000000000000000 ) ) ;
#3343 = EDGE_CURVE ( 'NONE', #2431, #1171, #1851, .T. ) ;
#3344 = EDGE_LOOP ( 'NONE', ( #1747, #2798, #113, #3406 ) ) ;
#3345 = CARTESIAN_POINT ( 'NONE',  ( 439.5011170287429536, 92.59020134806620206, -750.4505027460024849 ) ) ;
#3346 = AXIS2_PLACEMENT_3D ( 'NONE', #260, #478, #1628 ) ;
#3347 = VERTEX_POINT ( 'NONE', #1160 ) ;
#3348 = ORIENTED_EDGE ( 'NONE', *, *, #1137, .F. ) ;
#3349 = AXIS2_PLACEMENT_3D ( 'NONE', #1143, #2288, #1443 ) ;
#3350 = VERTEX_POINT ( 'NONE', #804 ) ;
#3351 = PLANE ( 'NONE',  #3445 ) ;
#3352 = VECTOR ( 'NONE', #552, 1000.000000000000000 ) ;
#3353 = VERTEX_POINT ( 'NONE', #3420 ) ;
#3354 = AXIS2_PLACEMENT_3D ( 'NONE', #2187, #702, #3386 ) ;
#3355 = CARTESIAN_POINT ( 'NONE',  ( 383.5011170287429536, 107.5902013480662021, -375.4505027460023143 ) ) ;
#3356 = EDGE_LOOP ( 'NONE', ( #2723, #1072, #1995, #1344 ) ) ;
#3357 = FACE_OUTER_BOUND ( 'NONE', #1079, .T. ) ;
#3358 = DIRECTION ( 'NONE',  ( -0.000000000000000000, 1.000000000000000000, -0.000000000000000000 ) ) ;
#3359 = CARTESIAN_POINT ( 'NONE',  ( 383.5011170287429536, 101.1902013480661964, -382.9505027460023143 ) ) ;
#3360 = EDGE_CURVE ( 'NONE', #2220, #3353, #3, .T. ) ;
#3361 = DIRECTION ( 'NONE',  ( 0.000000000000000000, 0.000000000000000000, 1.000000000000000000 ) ) ;
#3362 = ORIENTED_EDGE ( 'NONE', *, *, #69, .F. ) ;
#3363 = EDGE_CURVE ( 'NONE', #545, #12, #2811, .T. ) ;
#3364 = ADVANCED_FACE ( 'NONE', ( #257 ), #2845, .F. ) ;
#3365 = CARTESIAN_POINT ( 'NONE',  ( 941.0011170287428968, 92.59020134806620206, -824.9505027460022575 ) ) ;
#3366 = ORIENTED_EDGE ( 'NONE', *, *, #3323, .T. ) ;
#3367 = VERTEX_POINT ( 'NONE', #3436 ) ;
#3368 = EDGE_CURVE ( 'NONE', #770, #1000, #587, .T. ) ;
#3369 = EDGE_LOOP ( 'NONE', ( #1196, #2605, #1639, #3592 ) ) ;
#3370 = CARTESIAN_POINT ( 'NONE',  ( 801.0011170287428968, 107.5902013480662021, -820.4505027460022575 ) ) ;
#3371 = VERTEX_POINT ( 'NONE', #1737 ) ;
#3372 = CIRCLE ( 'NONE', #2352, 3.400000000000014122 ) ;
#3373 = DIRECTION ( 'NONE',  ( 0.000000000000000000, 0.000000000000000000, -1.000000000000000000 ) ) ;
#3374 = ORIENTED_EDGE ( 'NONE', *, *, #1687, .F. ) ;
#3375 = DIRECTION ( 'NONE',  ( 0.000000000000000000, 1.000000000000000000, 0.000000000000000000 ) ) ;
#3376 = AXIS2_PLACEMENT_3D ( 'NONE', #448, #2407, #3556 ) ;
#3377 = CARTESIAN_POINT ( 'NONE',  ( 330.5011170287429536, 92.59020134806620206, -517.9505027460022575 ) ) ;
#3378 = CIRCLE ( 'NONE', #1756, 4.500000000000003553 ) ;
#3379 = DIRECTION ( 'NONE',  ( -0.000000000000000000, -1.000000000000000000, -0.000000000000000000 ) ) ;
#3380 = AXIS2_PLACEMENT_3D ( 'NONE', #815, #2803, #2767 ) ;
#3381 = DIRECTION ( 'NONE',  ( 0.000000000000000000, 1.000000000000000000, 0.000000000000000000 ) ) ;
#3382 = ORIENTED_EDGE ( 'NONE', *, *, #1410, .T. ) ;
#3383 = DIRECTION ( 'NONE',  ( -0.7071067811865574537, 0.000000000000000000, -0.7071067811865376918 ) ) ;
#3384 = ORIENTED_EDGE ( 'NONE', *, *, #3174, .T. ) ;
#3385 = EDGE_CURVE ( 'NONE', #2699, #3367, #4, .T. ) ;
#3386 = DIRECTION ( 'NONE',  ( 0.000000000000000000, 0.000000000000000000, -1.000000000000000000 ) ) ;
#3387 = ORIENTED_EDGE ( 'NONE', *, *, #1190, .F. ) ;
#3388 = EDGE_LOOP ( 'NONE', ( #3068, #901, #2795, #624 ) ) ;
#3389 = DIRECTION ( 'NONE',  ( 0.000000000000000000, 0.000000000000000000, -1.000000000000000000 ) ) ;
#3390 = EDGE_CURVE ( 'NONE', #2824, #1983, #2302, .T. ) ;
#3391 = CIRCLE ( 'NONE', #1766, 7.499999999999951150 ) ;
#3392 = ORIENTED_EDGE ( 'NONE', *, *, #866, .T. ) ;
#3393 = DIRECTION ( 'NONE',  ( -0.000000000000000000, -1.000000000000000000, -0.000000000000000000 ) ) ;
#3394 = AXIS2_PLACEMENT_3D ( 'NONE', #1943, #2465, #3373 ) ;
#3395 = ORIENTED_EDGE ( 'NONE', *, *, #2215, .F. ) ;
#3396 = DIRECTION ( 'NONE',  ( 1.000000000000000000, -0.000000000000000000, 0.000000000000000000 ) ) ;
#3397 = DIRECTION ( 'NONE',  ( -0.000000000000000000, -1.000000000000000000, -0.000000000000000000 ) ) ;
#3398 = CYLINDRICAL_SURFACE ( 'NONE', #45, 4.499999999999948486 ) ;
#3399 = CARTESIAN_POINT ( 'NONE',  ( 377.8011170287428513, 107.5902013480662021, -877.1505027460023030 ) ) ;
#3400 = ORIENTED_EDGE ( 'NONE', *, *, #3059, .T. ) ;
#3401 = CARTESIAN_POINT ( 'NONE',  ( 591.0011170287428968, 92.59020134806620206, -824.9505027460023712 ) ) ;
#3402 = CYLINDRICAL_SURFACE ( 'NONE', #1125, 3.400000000000014122 ) ;
#3403 = AXIS2_PLACEMENT_3D ( 'NONE', #2218, #2569, #1106 ) ;
#3404 = VERTEX_POINT ( 'NONE', #3692 ) ;
#3405 = CARTESIAN_POINT ( 'NONE',  ( 591.0011170287428968, 101.1902013480661964, -930.4505027460022575 ) ) ;
#3406 = ORIENTED_EDGE ( 'NONE', *, *, #1803, .T. ) ;
#3407 = EDGE_CURVE ( 'NONE', #177, #2420, #2991, .T. ) ;
#3408 = EDGE_CURVE ( 'NONE', #1417, #1000, #857, .T. ) ;
#3409 = ORIENTED_EDGE ( 'NONE', *, *, #3323, .F. ) ;
#3410 = FACE_BOUND ( 'NONE', #2103, .T. ) ;
#3411 = VECTOR ( 'NONE', #3281, 1000.000000000000000 ) ;
#3412 = DIRECTION ( 'NONE',  ( -0.000000000000000000, -1.000000000000000000, -0.000000000000000000 ) ) ;
#3413 = ADVANCED_FACE ( 'NONE', ( #824, #569 ), #1968, .F. ) ;
#3414 = EDGE_CURVE ( 'NONE', #2369, #1164, #3454, .T. ) ;
#3415 = AXIS2_PLACEMENT_3D ( 'NONE', #1833, #3596, #705 ) ;
#3416 = ORIENTED_EDGE ( 'NONE', *, *, #1346, .F. ) ;
#3417 = PLANE ( 'NONE',  #1391 ) ;
#3418 = APPLICATION_CONTEXT ( 'automotive_design' ) ;
#3419 = CIRCLE ( 'NONE', #463, 4.499999999999948486 ) ;
#3420 = CARTESIAN_POINT ( 'NONE',  ( 414.5011170287428399, 92.59020134806620206, -273.8505027460022916 ) ) ;
#3421 = CARTESIAN_POINT ( 'NONE',  ( 941.0011170287428968, 101.1902013480661964, -824.9505027460022575 ) ) ;
#3422 = EDGE_CURVE ( 'NONE', #2442, #2403, #2157, .T. ) ;
#3423 = DIRECTION ( 'NONE',  ( -0.000000000000000000, -1.000000000000000000, -0.000000000000000000 ) ) ;
#3424 = VECTOR ( 'NONE', #868, 1000.000000000000000 ) ;
#3425 = ORIENTED_EDGE ( 'NONE', *, *, #2334, .F. ) ;
#3426 = FACE_BOUND ( 'NONE', #2466, .T. ) ;
#3427 = FACE_OUTER_BOUND ( 'NONE', #51, .T. ) ;
#3428 = EDGE_LOOP ( 'NONE', ( #2807, #1182, #1432, #1707 ) ) ;
#3429 = ORIENTED_EDGE ( 'NONE', *, *, #3244, .F. ) ;
#3430 = CARTESIAN_POINT ( 'NONE',  ( 591.0011170287428968, 92.59020134806620206, -824.9505027460023712 ) ) ;
#3431 = DIRECTION ( 'NONE',  ( 1.290957005378089322E-16, 0.000000000000000000, 1.000000000000000000 ) ) ;
#3432 = ORIENTED_EDGE ( 'NONE', *, *, #1180, .F. ) ;
#3433 = CARTESIAN_POINT ( 'NONE',  ( 330.5011170287429536, 101.1902013480661964, -517.9505027460022575 ) ) ;
#3434 = ADVANCED_FACE ( 'NONE', ( #1383 ), #963, .F. ) ;
#3435 = ADVANCED_FACE ( 'NONE', ( #897 ), #1198, .F. ) ;
#3436 = CARTESIAN_POINT ( 'NONE',  ( 801.0011170287428968, 101.1902013480661964, -930.4505027460022575 ) ) ;
#3437 = FACE_OUTER_BOUND ( 'NONE', #1217, .T. ) ;
#3438 = DIRECTION ( 'NONE',  ( 0.000000000000000000, 0.000000000000000000, -1.000000000000000000 ) ) ;
#3439 = AXIS2_PLACEMENT_3D ( 'NONE', #3578, #1588, #684 ) ;
#3440 = ORIENTED_EDGE ( 'NONE', *, *, #1070, .F. ) ;
#3441 = EDGE_CURVE ( 'NONE', #3106, #12, #2097, .T. ) ;
#3442 = DIRECTION ( 'NONE',  ( -0.000000000000000000, -1.000000000000000000, -0.000000000000000000 ) ) ;
#3443 = DIRECTION ( 'NONE',  ( 0.000000000000000000, -0.000000000000000000, 1.000000000000000000 ) ) ;
#3444 = CARTESIAN_POINT ( 'NONE',  ( 442.1313810051711357, 101.1902013480661964, -812.8202387695739617 ) ) ;
#3445 = AXIS2_PLACEMENT_3D ( 'NONE', #251, #213, #525 ) ;
#3446 =( LENGTH_UNIT ( ) NAMED_UNIT ( * ) SI_UNIT ( .MILLI., .METRE. ) );
#3447 = ORIENTED_EDGE ( 'NONE', *, *, #1212, .T. ) ;
#3448 = ORIENTED_EDGE ( 'NONE', *, *, #269, .F. ) ;
#3449 = DIRECTION ( 'NONE',  ( -0.000000000000000000, -1.000000000000000000, -0.000000000000000000 ) ) ;
#3450 = ORIENTED_EDGE ( 'NONE', *, *, #2536, .F. ) ;
#3451 = CARTESIAN_POINT ( 'NONE',  ( 733.7041216018069463, 101.1902013480661964, -925.9505027460023712 ) ) ;
#3452 = ORIENTED_EDGE ( 'NONE', *, *, #2816, .F. ) ;
#3453 = DIRECTION ( 'NONE',  ( -0.000000000000000000, -1.000000000000000000, -0.000000000000000000 ) ) ;
#3454 = LINE ( 'NONE', #876, #1259 ) ;
#3455 = CARTESIAN_POINT ( 'NONE',  ( 805.5011170287427831, 101.1902013480661964, -925.9505027460023712 ) ) ;
#3456 = EDGE_CURVE ( 'NONE', #1288, #192, #2756, .T. ) ;
#3457 = DIRECTION ( 'NONE',  ( -1.000000000000000000, 0.000000000000000000, -0.000000000000000000 ) ) ;
#3458 = VECTOR ( 'NONE', #477, 1000.000000000000000 ) ;
#3459 = ORIENTED_EDGE ( 'NONE', *, *, #1565, .T. ) ;
#3460 = FACE_BOUND ( 'NONE', #1037, .T. ) ;
#3461 = LINE ( 'NONE', #2628, #2411 ) ;
#3462 = CARTESIAN_POINT ( 'NONE',  ( 733.7041216018069463, 92.59020134806620206, -832.4505027460021438 ) ) ;
#3463 = EDGE_CURVE ( 'NONE', #1133, #1647, #1436, .T. ) ;
#3464 = VERTEX_POINT ( 'NONE', #1253 ) ;
#3465 = CARTESIAN_POINT ( 'NONE',  ( 383.5011170287429536, 92.59020134806620206, -495.4505027460023143 ) ) ;
#3466 = ORIENTED_EDGE ( 'NONE', *, *, #927, .F. ) ;
#3467 = AXIS2_PLACEMENT_3D ( 'NONE', #752, #1897, #2475 ) ;
#3468 = ORIENTED_EDGE ( 'NONE', *, *, #2123, .F. ) ;
#3469 = DIRECTION ( 'NONE',  ( 0.000000000000000000, 1.000000000000000000, 0.000000000000000000 ) ) ;
#3470 = AXIS2_PLACEMENT_3D ( 'NONE', #2953, #321, #3189 ) ;
#3471 = CARTESIAN_POINT ( 'NONE',  ( 591.0011170287428968, 92.59020134806620206, -824.9505027460023712 ) ) ;
#3472 = ORIENTED_EDGE ( 'NONE', *, *, #3016, .T. ) ;
#3473 = CARTESIAN_POINT ( 'NONE',  ( 377.8011170287428513, 92.59020134806620206, -872.6505027460023030 ) ) ;
#3474 = CIRCLE ( 'NONE', #2684, 55.00000000000004974 ) ;
#3475 = CYLINDRICAL_SURFACE ( 'NONE', #776, 7.500000000000062172 ) ;
#3476 = CIRCLE ( 'NONE', #2500, 7.499999999999951150 ) ;
#3477 = FACE_OUTER_BOUND ( 'NONE', #1885, .T. ) ;
#3478 = CARTESIAN_POINT ( 'NONE',  ( 941.0011170287428968, 101.1902013480661964, -925.9505027460023712 ) ) ;
#3479 = PLANE ( 'NONE',  #609 ) ;
#3480 = VECTOR ( 'NONE', #1836, 1000.000000000000000 ) ;
#3481 = ORIENTED_EDGE ( 'NONE', *, *, #1165, .T. ) ;
#3482 = FACE_BOUND ( 'NONE', #1428, .T. ) ;
#3483 = CARTESIAN_POINT ( 'NONE',  ( 733.7041216018069463, 101.1902013480661964, -824.9505027460022575 ) ) ;
#3484 = VECTOR ( 'NONE', #2819, 1000.000000000000000 ) ;
#3485 = CARTESIAN_POINT ( 'NONE',  ( 330.5011170287429536, 92.59020134806620206, -430.4505027460022006 ) ) ;
#3486 = EDGE_CURVE ( 'NONE', #2130, #1554, #1977, .T. ) ;
#3487 = EDGE_CURVE ( 'NONE', #1629, #2526, #2640, .T. ) ;
#3488 = DIRECTION ( 'NONE',  ( -0.000000000000000000, -1.000000000000000000, -0.000000000000000000 ) ) ;
#3489 = ORIENTED_EDGE ( 'NONE', *, *, #1273, .T. ) ;
#3490 = DIRECTION ( 'NONE',  ( 0.000000000000000000, 0.000000000000000000, -1.000000000000000000 ) ) ;
#3491 = EDGE_CURVE ( 'NONE', #845, #2598, #2659, .T. ) ;
#3492 = ORIENTED_EDGE ( 'NONE', *, *, #289, .F. ) ;
#3493 = CARTESIAN_POINT ( 'NONE',  ( 591.0011170287428968, 101.1902013480661964, -925.9505027460023712 ) ) ;
#3494 = EDGE_LOOP ( 'NONE', ( #1535, #1622, #2012, #62 ) ) ;
#3495 = DIRECTION ( 'NONE',  ( -1.000000000000000000, 0.000000000000000000, 1.790682297782508959E-15 ) ) ;
#3496 = DIRECTION ( 'NONE',  ( -0.000000000000000000, -1.000000000000000000, -0.000000000000000000 ) ) ;
#3497 = PLANE ( 'NONE',  #1009 ) ;
#3498 = DIRECTION ( 'NONE',  ( -0.000000000000000000, -1.000000000000000000, -0.000000000000000000 ) ) ;
#3499 = EDGE_LOOP ( 'NONE', ( #91, #392 ) ) ;
#3500 = CARTESIAN_POINT ( 'NONE',  ( 414.5011170287428399, 107.5902013480662021, -273.8505027460022916 ) ) ;
#3501 = DIRECTION ( 'NONE',  ( -0.000000000000000000, -1.000000000000000000, -0.000000000000000000 ) ) ;
#3502 = CIRCLE ( 'NONE', #1688, 7.500000000000062172 ) ;
#3503 = DIRECTION ( 'NONE',  ( -0.000000000000000000, -1.000000000000000000, -0.000000000000000000 ) ) ;
#3504 = AXIS2_PLACEMENT_3D ( 'NONE', #180, #1584, #2673 ) ;
#3505 = ORIENTED_EDGE ( 'NONE', *, *, #3491, .T. ) ;
#3506 = CIRCLE ( 'NONE', #2962, 4.500000000000003553 ) ;
#3507 = ORIENTED_EDGE ( 'NONE', *, *, #1869, .F. ) ;
#3508 = ADVANCED_FACE ( 'NONE', ( #948 ), #3475, .F. ) ;
#3509 = DIRECTION ( 'NONE',  ( 0.000000000000000000, 0.000000000000000000, -1.000000000000000000 ) ) ;
#3510 = FACE_OUTER_BOUND ( 'NONE', #941, .T. ) ;
#3511 = VERTEX_POINT ( 'NONE', #3405 ) ;
#3512 = DIRECTION ( 'NONE',  ( 0.000000000000000000, 0.000000000000000000, -1.000000000000000000 ) ) ;
#3513 = EDGE_CURVE ( 'NONE', #473, #1191, #2408, .T. ) ;
#3514 = ORIENTED_EDGE ( 'NONE', *, *, #556, .F. ) ;
#3515 = PRESENTATION_STYLE_ASSIGNMENT (( #3145 ) ) ;
#3516 = FACE_BOUND ( 'NONE', #2687, .T. ) ;
#3517 = FACE_BOUND ( 'NONE', #2210, .T. ) ;
#3518 = EDGE_LOOP ( 'NONE', ( #2231, #3669, #2018, #426 ) ) ;
#3519 = FACE_OUTER_BOUND ( 'NONE', #1735, .T. ) ;
#3520 = DIRECTION ( 'NONE',  ( -0.000000000000000000, -1.000000000000000000, -0.000000000000000000 ) ) ;
#3521 = DIRECTION ( 'NONE',  ( -0.000000000000000000, -1.000000000000000000, -0.000000000000000000 ) ) ;
#3522 = EDGE_LOOP ( 'NONE', ( #3137, #1130 ) ) ;
#3523 = ORIENTED_EDGE ( 'NONE', *, *, #238, .F. ) ;
#3524 = FACE_OUTER_BOUND ( 'NONE', #849, .T. ) ;
#3525 = AXIS2_PLACEMENT_3D ( 'NONE', #3451, #872, #2041 ) ;
#3526 = ORIENTED_EDGE ( 'NONE', *, *, #2737, .F. ) ;
#3527 = CARTESIAN_POINT ( 'NONE',  ( 383.5011170287429536, 92.59020134806620206, -487.9505027460023143 ) ) ;
#3528 = ORIENTED_EDGE ( 'NONE', *, *, #1733, .T. ) ;
#3529 = EDGE_CURVE ( 'NONE', #1843, #1301, #3296, .T. ) ;
#3530 = CARTESIAN_POINT ( 'NONE',  ( 394.5011170287428399, 107.5902013480662021, -281.4505027460022575 ) ) ;
#3531 = DIRECTION ( 'NONE',  ( -0.000000000000000000, -1.000000000000000000, -0.000000000000000000 ) ) ;
#3532 = CIRCLE ( 'NONE', #891, 4.499999999999948486 ) ;
#3533 = CARTESIAN_POINT ( 'NONE',  ( 398.5011170287428399, 92.59020134806620206, -281.4505027460022575 ) ) ;
#3534 = EDGE_CURVE ( 'NONE', #2635, #3701, #2134, .T. ) ;
#3535 = DIRECTION ( 'NONE',  ( -0.000000000000000000, -1.000000000000000000, -0.000000000000000000 ) ) ;
#3536 = DIRECTION ( 'NONE',  ( -0.000000000000000000, 1.000000000000000000, -0.000000000000000000 ) ) ;
#3537 = AXIS2_PLACEMENT_3D ( 'NONE', #3636, #2757, #3034 ) ;
#3538 = ORIENTED_EDGE ( 'NONE', *, *, #1796, .T. ) ;
#3539 = CARTESIAN_POINT ( 'NONE',  ( 410.2549050041553755, 92.59020134806620206, -844.6967147705897787 ) ) ;
#3540 = VERTEX_POINT ( 'NONE', #541 ) ;
#3541 = CARTESIAN_POINT ( 'NONE',  ( 941.0011170287428968, 92.59020134806620206, -817.4505027460022575 ) ) ;
#3542 = DIRECTION ( 'NONE',  ( 0.000000000000000000, 0.000000000000000000, 1.000000000000000000 ) ) ;
#3543 = CARTESIAN_POINT ( 'NONE',  ( 383.5011170287429536, 92.59020134806620206, -675.4505027460023712 ) ) ;
#3544 = ADVANCED_FACE ( 'NONE', ( #1689 ), #3272, .F. ) ;
#3545 = ADVANCED_FACE ( 'NONE', ( #3098, #1025 ), #810, .F. ) ;
#3546 = ORIENTED_EDGE ( 'NONE', *, *, #357, .F. ) ;
#3547 = PLANE ( 'NONE',  #2389 ) ;
#3548 = DIRECTION ( 'NONE',  ( 0.000000000000000000, 0.000000000000000000, -1.000000000000000000 ) ) ;
#3549 = CARTESIAN_POINT ( 'NONE',  ( 424.5011170287428399, 92.59020134806620206, -735.4505027460023712 ) ) ;
#3550 = EDGE_CURVE ( 'NONE', #3095, #2014, #1392, .T. ) ;
#3551 = ORIENTED_EDGE ( 'NONE', *, *, #1024, .F. ) ;
#3552 = CIRCLE ( 'NONE', #973, 4.499999999999948486 ) ;
#3553 = CARTESIAN_POINT ( 'NONE',  ( 439.5011170287429536, 107.5902013480662021, -750.4505027460024849 ) ) ;
#3554 = CIRCLE ( 'NONE', #1934, 4.499999999999948486 ) ;
#3555 = ORIENTED_EDGE ( 'NONE', *, *, #1136, .F. ) ;
#3556 = DIRECTION ( 'NONE',  ( 0.000000000000000000, 0.000000000000000000, -1.000000000000000000 ) ) ;
#3557 = VERTEX_POINT ( 'NONE', #2750 ) ;
#3558 = CYLINDRICAL_SURFACE ( 'NONE', #2612, 7.499999999999951150 ) ;
#3559 = FACE_OUTER_BOUND ( 'NONE', #1545, .T. ) ;
#3560 = DIRECTION ( 'NONE',  ( -0.000000000000000000, -1.000000000000000000, -0.000000000000000000 ) ) ;
#3561 = EDGE_LOOP ( 'NONE', ( #1799, #530, #3429, #3489 ) ) ;
#3562 = FACE_OUTER_BOUND ( 'NONE', #2439, .T. ) ;
#3563 = CARTESIAN_POINT ( 'NONE',  ( 388.0011170287429536, 101.1902013480661964, -375.4505027460023143 ) ) ;
#3564 = EDGE_CURVE ( 'NONE', #2428, #2821, #590, .T. ) ;
#3565 = DIRECTION ( 'NONE',  ( -0.000000000000000000, -1.000000000000000000, -0.000000000000000000 ) ) ;
#3566 = VERTEX_POINT ( 'NONE', #1310 ) ;
#3567 = EDGE_CURVE ( 'NONE', #1997, #2197, #1914, .T. ) ;
#3568 = EDGE_CURVE ( 'NONE', #2617, #1265, #2463, .T. ) ;
#3569 = DIRECTION ( 'NONE',  ( -0.000000000000000000, -1.000000000000000000, -0.000000000000000000 ) ) ;
#3570 = ORIENTED_EDGE ( 'NONE', *, *, #3156, .F. ) ;
#3571 = DIRECTION ( 'NONE',  ( 0.000000000000000000, 1.000000000000000000, 0.000000000000000000 ) ) ;
#3572 = EDGE_CURVE ( 'NONE', #1264, #3240, #1672, .T. ) ;
#3573 = ORIENTED_EDGE ( 'NONE', *, *, #538, .F. ) ;
#3574 = CARTESIAN_POINT ( 'NONE',  ( 733.7041216018069463, 92.59020134806620206, -829.4505027460021438 ) ) ;
#3575 = DIRECTION ( 'NONE',  ( 0.000000000000000000, 0.000000000000000000, 1.000000000000000000 ) ) ;
#3576 = ORIENTED_EDGE ( 'NONE', *, *, #1726, .T. ) ;
#3577 = DIRECTION ( 'NONE',  ( 0.000000000000000000, 0.000000000000000000, -1.000000000000000000 ) ) ;
#3578 = CARTESIAN_POINT ( 'NONE',  ( 330.5011170287429536, 92.59020134806620206, -670.4505027460022575 ) ) ;
#3579 = VERTEX_POINT ( 'NONE', #433 ) ;
#3580 = DIRECTION ( 'NONE',  ( -1.000000000000000000, 0.000000000000000000, 1.290957005378089322E-16 ) ) ;
#3581 = LINE ( 'NONE', #2720, #318 ) ;
#3582 = DIRECTION ( 'NONE',  ( 0.000000000000000000, 0.000000000000000000, -1.000000000000000000 ) ) ;
#3583 = AXIS2_PLACEMENT_3D ( 'NONE', #688, #729, #1033 ) ;
#3584 = VERTEX_POINT ( 'NONE', #248 ) ;
#3585 = CIRCLE ( 'NONE', #2562, 4.499999999999948486 ) ;
#3586 = DIRECTION ( 'NONE',  ( 0.000000000000000000, 1.000000000000000000, 0.000000000000000000 ) ) ;
#3587 = ORIENTED_EDGE ( 'NONE', *, *, #1190, .T. ) ;
#3588 = EDGE_CURVE ( 'NONE', #2617, #3540, #178, .T. ) ;
#3589 = AXIS2_PLACEMENT_3D ( 'NONE', #2914, #63, #1203 ) ;
#3590 = ORIENTED_EDGE ( 'NONE', *, *, #2239, .F. ) ;
#3591 = AXIS2_PLACEMENT_3D ( 'NONE', #2341, #3496, #2062 ) ;
#3592 = ORIENTED_EDGE ( 'NONE', *, *, #2359, .T. ) ;
#3593 = CARTESIAN_POINT ( 'NONE',  ( 439.5011170287428399, 92.59020134806620206, -247.4505027460023427 ) ) ;
#3594 = EDGE_CURVE ( 'NONE', #217, #1228, #3682, .T. ) ;
#3595 = ORIENTED_EDGE ( 'NONE', *, *, #2005, .T. ) ;
#3596 = DIRECTION ( 'NONE',  ( -1.000000000000000000, 0.000000000000000000, 0.000000000000000000 ) ) ;
#3597 = DIRECTION ( 'NONE',  ( 0.000000000000000000, 0.000000000000000000, 1.000000000000000000 ) ) ;
#3598 = DIRECTION ( 'NONE',  ( 0.000000000000000000, 0.000000000000000000, -1.000000000000000000 ) ) ;
#3599 = CARTESIAN_POINT ( 'NONE',  ( 941.0011170287428968, 101.1902013480661964, -921.4505027460023712 ) ) ;
#3600 = FACE_OUTER_BOUND ( 'NONE', #412, .T. ) ;
#3601 = EDGE_LOOP ( 'NONE', ( #1786, #1976, #2036, #1055 ) ) ;
#3602 = VECTOR ( 'NONE', #2025, 1000.000000000000000 ) ;
#3603 = DIRECTION ( 'NONE',  ( 0.000000000000000000, 0.000000000000000000, -1.000000000000000000 ) ) ;
#3604 = CARTESIAN_POINT ( 'NONE',  ( 801.0011170287428968, 107.5902013480662021, -921.4505027460023712 ) ) ;
#3605 = ORIENTED_EDGE ( 'NONE', *, *, #2165, .F. ) ;
#3606 = VECTOR ( 'NONE', #3654, 1000.000000000000000 ) ;
#3607 = ORIENTED_EDGE ( 'NONE', *, *, #3390, .F. ) ;
#3608 = DIRECTION ( 'NONE',  ( -0.000000000000000000, -1.000000000000000000, -0.000000000000000000 ) ) ;
#3609 = CIRCLE ( 'NONE', #3072, 4.500000000000059508 ) ;
#3610 = CARTESIAN_POINT ( 'NONE',  ( 377.8011170287428513, 92.59020134806620206, -884.6505027460023030 ) ) ;
#3611 = ORIENTED_EDGE ( 'NONE', *, *, #3441, .T. ) ;
#3612 = DIRECTION ( 'NONE',  ( 0.000000000000000000, 0.000000000000000000, -1.000000000000000000 ) ) ;
#3613 = ADVANCED_FACE ( 'NONE', ( #721 ), #1867, .F. ) ;
#3614 = ORIENTED_EDGE ( 'NONE', *, *, #1462, .F. ) ;
#3615 = AXIS2_PLACEMENT_3D ( 'NONE', #3483, #3150, #2935 ) ;
#3616 = AXIS2_PLACEMENT_3D ( 'NONE', #3067, #1654, #3665 ) ;
#3617 = DIRECTION ( 'NONE',  ( -0.000000000000000000, -1.000000000000000000, -0.000000000000000000 ) ) ;
#3618 = CARTESIAN_POINT ( 'NONE',  ( 377.8011170287428513, 92.59020134806620206, -877.1505027460023030 ) ) ;
#3619 = CARTESIAN_POINT ( 'NONE',  ( 733.7041216018069463, 101.1902013480661964, -832.4505027460021438 ) ) ;
#3620 = CARTESIAN_POINT ( 'NONE',  ( 494.5011170287429536, 107.5902013480662021, -760.4505027460022575 ) ) ;
#3621 = ORIENTED_EDGE ( 'NONE', *, *, #2487, .F. ) ;
#3622 = CARTESIAN_POINT ( 'NONE',  ( 383.5011170287429536, 92.59020134806620206, -555.4505027460023712 ) ) ;
#3623 = EDGE_LOOP ( 'NONE', ( #3052, #2314, #1412, #2464 ) ) ;
#3624 = AXIS2_PLACEMENT_3D ( 'NONE', #669, #2177, #2122 ) ;
#3625 = VERTEX_POINT ( 'NONE', #3314 ) ;
#3626 = ORIENTED_EDGE ( 'NONE', *, *, #3363, .T. ) ;
#3627 = EDGE_LOOP ( 'NONE', ( #1020, #1210, #2339, #1021 ) ) ;
#3628 = DIRECTION ( 'NONE',  ( -0.000000000000000000, -1.000000000000000000, -0.000000000000000000 ) ) ;
#3629 = VECTOR ( 'NONE', #1698, 1000.000000000000000 ) ;
#3630 = ORIENTED_EDGE ( 'NONE', *, *, #671, .F. ) ;
#3631 = DIRECTION ( 'NONE',  ( 0.000000000000000000, 1.000000000000000000, 0.000000000000000000 ) ) ;
#3632 = ORIENTED_EDGE ( 'NONE', *, *, #89, .T. ) ;
#3633 = DIRECTION ( 'NONE',  ( -0.000000000000000000, -1.000000000000000000, -0.000000000000000000 ) ) ;
#3634 = ORIENTED_EDGE ( 'NONE', *, *, #3245, .T. ) ;
#3635 = ADVANCED_FACE ( 'NONE', ( #738 ), #1884, .F. ) ;
#3636 = CARTESIAN_POINT ( 'NONE',  ( 595.5011170287428968, 101.1902013480661964, -925.9505027460023712 ) ) ;
#3637 = CYLINDRICAL_SURFACE ( 'NONE', #873, 3.400000000000014122 ) ;
#3638 = VECTOR ( 'NONE', #1880, 1000.000000000000000 ) ;
#3639 = DIRECTION ( 'NONE',  ( -0.000000000000000000, -1.000000000000000000, -0.000000000000000000 ) ) ;
#3640 = EDGE_LOOP ( 'NONE', ( #3211, #3395 ) ) ;
#3641 = EDGE_CURVE ( 'NONE', #1124, #1149, #1076, .T. ) ;
#3642 = CIRCLE ( 'NONE', #2023, 7.499999999999951150 ) ;
#3643 = CYLINDRICAL_SURFACE ( 'NONE', #3157, 4.500000000000059508 ) ;
#3644 = AXIS2_PLACEMENT_3D ( 'NONE', #1821, #1592, #672 ) ;
#3645 = DIRECTION ( 'NONE',  ( -0.000000000000000000, -1.000000000000000000, -0.000000000000000000 ) ) ;
#3646 = VECTOR ( 'NONE', #3221, 1000.000000000000000 ) ;
#3647 = ORIENTED_EDGE ( 'NONE', *, *, #1956, .T. ) ;
#3648 = CARTESIAN_POINT ( 'NONE',  ( 591.0011170287428968, 92.59020134806620206, -925.9505027460023712 ) ) ;
#3649 = CIRCLE ( 'NONE', #526, 7.500000000000062172 ) ;
#3650 = ORIENTED_EDGE ( 'NONE', *, *, #2147, .F. ) ;
#3651 = AXIS2_PLACEMENT_3D ( 'NONE', #1978, #449, #3118 ) ;
#3652 = DIRECTION ( 'NONE',  ( 0.000000000000000000, 0.000000000000000000, -1.000000000000000000 ) ) ;
#3653 = ORIENTED_EDGE ( 'NONE', *, *, #793, .F. ) ;
#3654 = DIRECTION ( 'NONE',  ( -0.000000000000000000, -1.000000000000000000, -0.000000000000000000 ) ) ;
#3655 = DIRECTION ( 'NONE',  ( 0.000000000000000000, 1.000000000000000000, 0.000000000000000000 ) ) ;
#3656 = DIRECTION ( 'NONE',  ( 0.000000000000000000, 0.000000000000000000, 1.000000000000000000 ) ) ;
#3657 = CARTESIAN_POINT ( 'NONE',  ( 383.5011170287429536, 107.5902013480662021, -370.9505027460023143 ) ) ;
#3658 = VERTEX_POINT ( 'NONE', #2878 ) ;
#3659 = DIRECTION ( 'NONE',  ( 0.7071067811865474617, 0.000000000000000000, -0.7071067811865474617 ) ) ;
#3660 = EDGE_CURVE ( 'NONE', #3215, #572, #1429, .T. ) ;
#3661 = ORIENTED_EDGE ( 'NONE', *, *, #3385, .F. ) ;
#3662 = VERTEX_POINT ( 'NONE', #3154 ) ;
#3663 = VERTEX_POINT ( 'NONE', #600 ) ;
#3664 = ORIENTED_EDGE ( 'NONE', *, *, #2086, .F. ) ;
#3665 = DIRECTION ( 'NONE',  ( 0.000000000000000000, 0.000000000000000000, -1.000000000000000000 ) ) ;
#3666 = VERTEX_POINT ( 'NONE', #32 ) ;
#3667 = VECTOR ( 'NONE', #315, 1000.000000000000000 ) ;
#3668 = CARTESIAN_POINT ( 'NONE',  ( 383.5011170287429536, 101.1902013480661964, -555.4505027460023712 ) ) ;
#3669 = ORIENTED_EDGE ( 'NONE', *, *, #2650, .F. ) ;
#3670 = CARTESIAN_POINT ( 'NONE',  ( 591.0011170287428968, 101.1902013480661964, -925.9505027460023712 ) ) ;
#3671 = AXIS2_PLACEMENT_3D ( 'NONE', #3670, #1348, #1100 ) ;
#3672 = DIRECTION ( 'NONE',  ( -0.000000000000000000, -1.000000000000000000, -0.000000000000000000 ) ) ;
#3673 = CYLINDRICAL_SURFACE ( 'NONE', #2252, 4.499999999999948486 ) ;
#3674 = AXIS2_PLACEMENT_3D ( 'NONE', #1509, #3250, #960 ) ;
#3675 = FACE_OUTER_BOUND ( 'NONE', #2425, .T. ) ;
#3676 = VERTEX_POINT ( 'NONE', #3210 ) ;
#3677 = CARTESIAN_POINT ( 'NONE',  ( 383.5011170287429536, 92.59020134806620206, -555.4505027460023712 ) ) ;
#3678 = EDGE_CURVE ( 'NONE', #867, #595, #1319, .T. ) ;
#3679 = DIRECTION ( 'NONE',  ( -0.000000000000000000, -1.000000000000000000, -0.000000000000000000 ) ) ;
#3680 = EDGE_CURVE ( 'NONE', #230, #3106, #2294, .T. ) ;
#3681 = EDGE_CURVE ( 'NONE', #1541, #1812, #896, .T. ) ;
#3682 = LINE ( 'NONE', #2153, #1855 ) ;
#3683 = VERTEX_POINT ( 'NONE', #1729 ) ;
#3684 = ORIENTED_EDGE ( 'NONE', *, *, #1526, .F. ) ;
#3685 = DIRECTION ( 'NONE',  ( -0.000000000000000000, -1.000000000000000000, -0.000000000000000000 ) ) ;
#3686 = EDGE_CURVE ( 'NONE', #2526, #1485, #3113, .T. ) ;
#3687 = ORIENTED_EDGE ( 'NONE', *, *, #468, .T. ) ;
#3688 = CYLINDRICAL_SURFACE ( 'NONE', #394, 4.500000000000003553 ) ;
#3689 = AXIS2_PLACEMENT_3D ( 'NONE', #3341, #2271, #1988 ) ;
#3690 = EDGE_LOOP ( 'NONE', ( #1260, #2293 ) ) ;
#3691 = DIRECTION ( 'NONE',  ( 0.000000000000000000, 0.000000000000000000, -1.000000000000000000 ) ) ;
#3692 = CARTESIAN_POINT ( 'NONE',  ( 801.0011170287428968, 101.1902013480661964, -933.4505027460022575 ) ) ;
#3693 = DIRECTION ( 'NONE',  ( -0.000000000000000000, -1.000000000000000000, -0.000000000000000000 ) ) ;
#3694 = CYLINDRICAL_SURFACE ( 'NONE', #2209, 4.499999999999948486 ) ;
#3695 = ORIENTED_EDGE ( 'NONE', *, *, #1679, .T. ) ;
#3696 = DIRECTION ( 'NONE',  ( 0.000000000000000000, 0.000000000000000000, 1.000000000000000000 ) ) ;
#3697 = CIRCLE ( 'NONE', #3276, 4.500000000000059508 ) ;
#3698 = CARTESIAN_POINT ( 'NONE',  ( 383.5011170287429536, 101.1902013480661964, -682.9505027460023712 ) ) ;
#3699 = CIRCLE ( 'NONE', #2495, 4.500000000000059508 ) ;
#3700 = ORIENTED_EDGE ( 'NONE', *, *, #1360, .T. ) ;
#3701 = VERTEX_POINT ( 'NONE', #2034 ) ;
#3702 = AXIS2_PLACEMENT_3D ( 'NONE', #117, #188, #1335 ) ;
#3703 = ORIENTED_EDGE ( 'NONE', *, *, #1322, .F. ) ;
#3704 = CARTESIAN_POINT ( 'NONE',  ( 591.0011170287428968, 92.59020134806620206, -918.4505027460023712 ) ) ;
#3705 = EDGE_CURVE ( 'NONE', #1043, #1673, #2337, .T. ) ;
#3706 = AXIS2_PLACEMENT_3D ( 'NONE', #1759, #2911, #1466 ) ;
#3707 = DIRECTION ( 'NONE',  ( -0.000000000000000000, -1.000000000000000000, -0.000000000000000000 ) ) ;
#3708 = AXIS2_PLACEMENT_3D ( 'NONE', #3677, #3442, #2850 ) ;
#3709 = EDGE_LOOP ( 'NONE', ( #1495, #790 ) ) ;
ENDSEC;
END-ISO-10303-21;
