ISO-10303-21;
HEADER;
FILE_DESCRIPTION (( 'STEP AP203' ),
    '1' );
FILE_NAME ('3DDiecurl.STEP',
    '2025-03-22T05:16:36',
    ( '' ),
    ( '' ),
    'SwSTEP 2.0',
    'SolidWorks 2022',
    '' );
FILE_SCHEMA (( 'CONFIG_CONTROL_DESIGN' ));
ENDSEC;

DATA;
#1 = EDGE_LOOP ( 'NONE', ( #39, #896, #1141, #709 ) ) ;
#2 = FACE_OUTER_BOUND ( 'NONE', #410, .T. ) ;
#3 = FACE_OUTER_BOUND ( 'NONE', #141, .T. ) ;
#4 = VERTEX_POINT ( 'NONE', #255 ) ;
#5 = ADVANCED_FACE ( 'NONE', ( #588 ), #699, .F. ) ;
#6 = FACE_OUTER_BOUND ( 'NONE', #169, .T. ) ;
#7 = ORIENTED_EDGE ( 'NONE', *, *, #1308, .F. ) ;
#8 = CARTESIAN_POINT ( 'NONE',  ( -3.577116575637162026E-15, 2.500000000000002220, 58.41874699101308721 ) ) ;
#9 = AXIS2_PLACEMENT_3D ( 'NONE', #212, #1429, #654 ) ;
#10 = DIRECTION ( 'NONE',  ( -0.000000000000000000, 1.000000000000000000, -0.000000000000000000 ) ) ;
#11 = CIRCLE ( 'NONE', #602, 36.35000000000000853 ) ;
#12 = VECTOR ( 'NONE', #640, 1000.000000000000000 ) ;
#13 = VERTEX_POINT ( 'NONE', #1370 ) ;
#14 = CARTESIAN_POINT ( 'NONE',  ( 52.50000000000002132, 25.00000000000000000, 52.50000000000000711 ) ) ;
#15 = VERTEX_POINT ( 'NONE', #447 ) ;
#16 = DIRECTION ( 'NONE',  ( -0.000000000000000000, 1.000000000000000000, -0.000000000000000000 ) ) ;
#17 = EDGE_CURVE ( 'NONE', #618, #899, #1411, .T. ) ;
#18 = CARTESIAN_POINT ( 'NONE',  ( 52.50000000000002132, 25.00000000000000000, 52.50000000000000711 ) ) ;
#19 = ORIENTED_EDGE ( 'NONE', *, *, #937, .T. ) ;
#20 = ORIENTED_EDGE ( 'NONE', *, *, #1068, .F. ) ;
#21 = CARTESIAN_POINT ( 'NONE',  ( -67.49999999999997158, 35.00000000000000000, 44.99999999999999289 ) ) ;
#22 = LINE ( 'NONE', #814, #266 ) ;
#23 = ADVANCED_FACE ( 'NONE', ( #1155 ), #501, .F. ) ;
#24 = DIRECTION ( 'NONE',  ( 1.000000000000000000, 0.000000000000000000, -0.000000000000000000 ) ) ;
#25 = CYLINDRICAL_SURFACE ( 'NONE', #1023, 28.65000000000000213 ) ;
#26 = ORIENTED_EDGE ( 'NONE', *, *, #585, .F. ) ;
#27 = DIRECTION ( 'NONE',  ( -0.000000000000000000, 1.000000000000000000, -0.000000000000000000 ) ) ;
#28 = LINE ( 'NONE', #393, #247 ) ;
#29 = VECTOR ( 'NONE', #308, 1000.000000000000000 ) ;
#30 = CYLINDRICAL_SURFACE ( 'NONE', #400, 4.999999999999997335 ) ;
#31 = AXIS2_PLACEMENT_3D ( 'NONE', #18, #892, #565 ) ;
#32 = EDGE_CURVE ( 'NONE', #542, #947, #1054, .T. ) ;
#33 = AXIS2_PLACEMENT_3D ( 'NONE', #322, #805, #776 ) ;
#34 = LINE ( 'NONE', #914, #1280 ) ;
#35 = AXIS2_PLACEMENT_3D ( 'NONE', #510, #760, #1205 ) ;
#36 = APPROVAL_PERSON_ORGANIZATION ( #63, #1333, #639 ) ;
#37 = VERTEX_POINT ( 'NONE', #41 ) ;
#38 = CARTESIAN_POINT ( 'NONE',  ( -44.83049999999999358, 18.50000000000000000, -23.54012042768686541 ) ) ;
#39 = ORIENTED_EDGE ( 'NONE', *, *, #1362, .T. ) ;
#40 = FACE_OUTER_BOUND ( 'NONE', #1, .T. ) ;
#41 = CARTESIAN_POINT ( 'NONE',  ( -67.49999999999998579, 35.00000000000000000, -41.60000000000001563 ) ) ;
#42 = MANIFOLD_SOLID_BREP ( '?10.0mm Dowel Hole1', #1040 ) ;
#43 = CARTESIAN_POINT ( 'NONE',  ( -52.50000000000000000, 10.00000000000000888, -52.49999999999999289 ) ) ;
#44 = EDGE_CURVE ( 'NONE', #1011, #296, #1061, .T. ) ;
#45 = CARTESIAN_POINT ( 'NONE',  ( -15.12692307692306493, 2.500000000000002220, 27.41187358809072805 ) ) ;
#46 = ORIENTED_EDGE ( 'NONE', *, *, #1165, .F. ) ;
#47 = DIRECTION ( 'NONE',  ( -1.787290854036711045E-15, 0.000000000000000000, 1.000000000000000000 ) ) ;
#48 = CARTESIAN_POINT ( 'NONE',  ( -14.03076923076920401, 0.000000000000000000, 29.65874847236046818 ) ) ;
#49 = DIRECTION ( 'NONE',  ( 1.776356839400250465E-15, 0.000000000000000000, -1.000000000000000000 ) ) ;
#50 = DIRECTION ( 'NONE',  ( -2.312964634635743450E-16, 0.000000000000000000, -1.000000000000000000 ) ) ;
#51 = DIRECTION ( 'NONE',  ( -0.000000000000000000, -1.000000000000000000, -0.000000000000000000 ) ) ;
#52 = CIRCLE ( 'NONE', #358, 28.65000000000000213 ) ;
#53 = VECTOR ( 'NONE', #1272, 1000.000000000000000 ) ;
#54 = PERSON_AND_ORGANIZATION_ROLE ( 'creator' ) ;
#55 = CIRCLE ( 'NONE', #1209, 3.399999999999986144 ) ;
#56 = AXIS2_PLACEMENT_3D ( 'NONE', #1447, #1358, #678 ) ;
#57 = DIRECTION ( 'NONE',  ( -0.000000000000000000, 1.000000000000000000, -0.000000000000000000 ) ) ;
#58 = ORIENTED_EDGE ( 'NONE', *, *, #605, .F. ) ;
#59 = DIRECTION ( 'NONE',  ( -0.000000000000000000, 1.000000000000000000, -0.000000000000000000 ) ) ;
#60 = EDGE_CURVE ( 'NONE', #1288, #725, #826, .T. ) ;
#61 = DIRECTION ( 'NONE',  ( -0.000000000000000000, 1.000000000000000000, -0.000000000000000000 ) ) ;
#62 = ORIENTED_EDGE ( 'NONE', *, *, #877, .T. ) ;
#63 = PERSON_AND_ORGANIZATION ( #436, #927 ) ;
#64 = CARTESIAN_POINT ( 'NONE',  ( -67.49999999999998579, 4.207073895306306710, 44.99999999999999289 ) ) ;
#65 = ORIENTED_EDGE ( 'NONE', *, *, #298, .T. ) ;
#66 = DIRECTION ( 'NONE',  ( 0.5699999999999997291, 0.000000000000000000, -0.8216446920658591058 ) ) ;
#67 = EDGE_CURVE ( 'NONE', #672, #520, #425, .T. ) ;
#68 = CARTESIAN_POINT ( 'NONE',  ( 59.00000000000000711, 0.000000000000000000, 0.000000000000000000 ) ) ;
#69 = ORIENTED_EDGE ( 'NONE', *, *, #691, .T. ) ;
#70 = DATE_AND_TIME ( #616, #1000 ) ;
#71 = CYLINDRICAL_SURFACE ( 'NONE', #950, 3.399999999999986144 ) ;
#72 = ORIENTED_EDGE ( 'NONE', *, *, #1432, .F. ) ;
#73 = FACE_OUTER_BOUND ( 'NONE', #113, .T. ) ;
#74 = CARTESIAN_POINT ( 'NONE',  ( 28.50000000000000000, 2.500000000000002220, 0.000000000000000000 ) ) ;
#75 = ORIENTED_EDGE ( 'NONE', *, *, #605, .T. ) ;
#76 = APPROVAL_ROLE ( '' ) ;
#77 = EDGE_CURVE ( 'NONE', #725, #1301, #839, .T. ) ;
#78 = AXIS2_PLACEMENT_3D ( 'NONE', #660, #433, #1247 ) ;
#79 = CARTESIAN_POINT ( 'NONE',  ( 67.50000000000002842, 6.250000000000005329, 41.59999999999999432 ) ) ;
#80 = CONICAL_SURFACE ( 'NONE', #33, 3.399999999999986144, 1.029744258676652313 ) ;
#81 = VECTOR ( 'NONE', #1415, 1000.000000000000000 ) ;
#82 = ORIENTED_EDGE ( 'NONE', *, *, #973, .T. ) ;
#83 = CARTESIAN_POINT ( 'NONE',  ( 67.50000000000002842, 6.250000000000005329, 44.99999999999997868 ) ) ;
#84 = DIRECTION ( 'NONE',  ( 0.000000000000000000, 0.000000000000000000, 1.000000000000000000 ) ) ;
#85 = ORIENTED_EDGE ( 'NONE', *, *, #189, .T. ) ;
#86 = ADVANCED_FACE ( 'NONE', ( #274 ), #1284, .F. ) ;
#87 = PERSON_AND_ORGANIZATION ( #436, #927 ) ;
#88 = ADVANCED_FACE ( 'NONE', ( #620 ), #448, .F. ) ;
#89 = CARTESIAN_POINT ( 'NONE',  ( -67.49999999999998579, 35.00000000000000000, -45.00000000000000711 ) ) ;
#90 = VERTEX_POINT ( 'NONE', #394 ) ;
#91 = CARTESIAN_POINT ( 'NONE',  ( -67.49999999999997158, 35.00000000000000000, 48.39999999999997726 ) ) ;
#92 = CC_DESIGN_PERSON_AND_ORGANIZATION_ASSIGNMENT ( #1096, #287, ( #303 ) ) ;
#93 = PLANE ( 'NONE',  #1180 ) ;
#94 = ORIENTED_EDGE ( 'NONE', *, *, #1128, .T. ) ;
#95 = FACE_OUTER_BOUND ( 'NONE', #1035, .T. ) ;
#96 = VERTEX_POINT ( 'NONE', #48 ) ;
#97 = DIRECTION ( 'NONE',  ( 1.776356839400250465E-15, 0.000000000000000000, 1.000000000000000000 ) ) ;
#98 = EDGE_CURVE ( 'NONE', #791, #918, #1269, .T. ) ;
#99 = DIRECTION ( 'NONE',  ( -0.000000000000000000, 1.000000000000000000, -0.000000000000000000 ) ) ;
#100 = ORIENTED_EDGE ( 'NONE', *, *, #1413, .T. ) ;
#101 = DIRECTION ( 'NONE',  ( -0.000000000000000000, 1.000000000000000000, -0.000000000000000000 ) ) ;
#102 = AXIS2_PLACEMENT_3D ( 'NONE', #422, #1076, #755 ) ;
#103 = ORIENTED_EDGE ( 'NONE', *, *, #325, .F. ) ;
#104 = AXIS2_PLACEMENT_3D ( 'NONE', #906, #1004, #240 ) ;
#105 = DIRECTION ( 'NONE',  ( -0.000000000000000000, 1.000000000000000000, -0.000000000000000000 ) ) ;
#106 = EDGE_CURVE ( 'NONE', #627, #677, #1228, .T. ) ;
#107 = CIRCLE ( 'NONE', #880, 2.499999999999998668 ) ;
#108 = CARTESIAN_POINT ( 'NONE',  ( -52.50000000000000000, 35.00000000000000000, -52.49999999999999289 ) ) ;
#109 = ADVANCED_FACE ( 'NONE', ( #262 ), #821, .T. ) ;
#110 = VECTOR ( 'NONE', #437, 1000.000000000000000 ) ;
#111 = EDGE_LOOP ( 'NONE', ( #1433, #1224, #241 ) ) ;
#112 = DIRECTION ( 'NONE',  ( 0.000000000000000000, 0.000000000000000000, 1.000000000000000000 ) ) ;
#113 = EDGE_LOOP ( 'NONE', ( #922, #1363, #846, #1322 ) ) ;
#114 = LINE ( 'NONE', #217, #479 ) ;
#115 = LINE ( 'NONE', #681, #1275 ) ;
#116 = ADVANCED_FACE ( 'NONE', ( #278, #481 ), #951, .F. ) ;
#117 = VERTEX_POINT ( 'NONE', #1177 ) ;
#118 = LINE ( 'NONE', #774, #110 ) ;
#119 = ORIENTED_EDGE ( 'NONE', *, *, #541, .T. ) ;
#120 = DIRECTION ( 'NONE',  ( -0.000000000000000000, -1.000000000000000000, -0.000000000000000000 ) ) ;
#121 = LINE ( 'NONE', #665, #1018 ) ;
#122 = VERTEX_POINT ( 'NONE', #1170 ) ;
#123 = DIRECTION ( 'NONE',  ( 0.000000000000000000, 0.000000000000000000, 1.000000000000000000 ) ) ;
#124 = EDGE_CURVE ( 'NONE', #773, #1143, #763, .T. ) ;
#125 = ORIENTED_EDGE ( 'NONE', *, *, #711, .F. ) ;
#126 = DIRECTION ( 'NONE',  ( 0.000000000000000000, 0.000000000000000000, 1.000000000000000000 ) ) ;
#127 = CIRCLE ( 'NONE', #146, 30.50000000000000355 ) ;
#128 = CIRCLE ( 'NONE', #692, 2.500000000000002220 ) ;
#129 = DIRECTION ( 'NONE',  ( -1.000000000000000000, 0.000000000000000000, 0.000000000000000000 ) ) ;
#130 = CONICAL_SURFACE ( 'NONE', #1277, 3.399999999999986144, 1.029744258676652313 ) ;
#131 = CIRCLE ( 'NONE', #1419, 3.399999999999986144 ) ;
#132 = ORIENTED_EDGE ( 'NONE', *, *, #1005, .T. ) ;
#133 = EDGE_CURVE ( 'NONE', #1043, #37, #573, .T. ) ;
#134 = ORIENTED_EDGE ( 'NONE', *, *, #861, .F. ) ;
#135 = DIRECTION ( 'NONE',  ( 0.000000000000000000, 0.000000000000000000, 1.000000000000000000 ) ) ;
#136 = FACE_OUTER_BOUND ( 'NONE', #1345, .T. ) ;
#137 = CARTESIAN_POINT ( 'NONE',  ( -75.00000000000001421, 35.00000000000000000, -60.00000000000002132 ) ) ;
#138 = EDGE_LOOP ( 'NONE', ( #1233, #1339, #252 ) ) ;
#139 = DIRECTION ( 'NONE',  ( -0.000000000000000000, 1.000000000000000000, -0.000000000000000000 ) ) ;
#140 = FACE_OUTER_BOUND ( 'NONE', #824, .T. ) ;
#141 = EDGE_LOOP ( 'NONE', ( #82, #1152, #459, #465, #966 ) ) ;
#142 = DIRECTION ( 'NONE',  ( 0.000000000000000000, 1.000000000000000000, 0.000000000000000000 ) ) ;
#143 = ORIENTED_EDGE ( 'NONE', *, *, #995, .F. ) ;
#144 = DIRECTION ( 'NONE',  ( -1.000000000000000000, 0.000000000000000000, 0.000000000000000000 ) ) ;
#145 = ORIENTED_EDGE ( 'NONE', *, *, #682, .F. ) ;
#146 = AXIS2_PLACEMENT_3D ( 'NONE', #1409, #855, #412 ) ;
#147 = FACE_BOUND ( 'NONE', #258, .T. ) ;
#148 = AXIS2_PLACEMENT_3D ( 'NONE', #228, #360, #675 ) ;
#149 = ADVANCED_FACE ( 'NONE', ( #1379 ), #1296, .F. ) ;
#150 = DIRECTION ( 'NONE',  ( 0.000000000000000000, -0.000000000000000000, -1.000000000000000000 ) ) ;
#151 = AXIS2_PLACEMENT_3D ( 'NONE', #411, #979, #66 ) ;
#152 = CC_DESIGN_PERSON_AND_ORGANIZATION_ASSIGNMENT ( #1306, #1404, ( #1422 ) ) ;
#153 = VECTOR ( 'NONE', #419, 1000.000000000000000 ) ;
#154 = DIRECTION ( 'NONE',  ( -0.000000000000000000, 1.000000000000000000, -0.000000000000000000 ) ) ;
#155 = AXIS2_PLACEMENT_3D ( 'NONE', #161, #142, #496 ) ;
#156 = CC_DESIGN_APPROVAL ( #889, ( #303 ) ) ;
#157 = FACE_OUTER_BOUND ( 'NONE', #957, .T. ) ;
#158 = ORIENTED_EDGE ( 'NONE', *, *, #365, .F. ) ;
#159 = DIRECTION ( 'NONE',  ( -0.000000000000000000, 1.000000000000000000, -0.000000000000000000 ) ) ;
#160 = DIRECTION ( 'NONE',  ( 0.000000000000000000, -1.000000000000000000, 0.000000000000000000 ) ) ;
#161 = CARTESIAN_POINT ( 'NONE',  ( -3.469446951953614189E-15, 0.000000000000000000, 58.41874699101308721 ) ) ;
#162 = DIRECTION ( 'NONE',  ( -0.000000000000000000, 1.000000000000000000, -0.000000000000000000 ) ) ;
#163 = ORIENTED_EDGE ( 'NONE', *, *, #1111, .T. ) ;
#164 = CARTESIAN_POINT ( 'NONE',  ( -2.515561355437167337E-15, 2.500000000000002220, 41.08223460329294596 ) ) ;
#165 = CARTESIAN_POINT ( 'NONE',  ( 74.99999999999998579, 35.00000000000000000, -60.00000000000002132 ) ) ;
#166 = CALENDAR_DATE ( 2025, 22, 3 ) ;
#167 = ADVANCED_FACE ( 'NONE', ( #1401 ), #30, .F. ) ;
#168 = DIRECTION ( 'NONE',  ( -0.000000000000000000, -1.000000000000000000, -0.000000000000000000 ) ) ;
#169 = EDGE_LOOP ( 'NONE', ( #1127, #886, #1357, #840 ) ) ;
#170 = FACE_OUTER_BOUND ( 'NONE', #1242, .T. ) ;
#171 = DIRECTION ( 'NONE',  ( -0.000000000000000000, -1.000000000000000000, -0.000000000000000000 ) ) ;
#172 = VECTOR ( 'NONE', #51, 1000.000000000000000 ) ;
#173 = ORIENTED_EDGE ( 'NONE', *, *, #325, .T. ) ;
#174 = AXIS2_PLACEMENT_3D ( 'NONE', #1266, #168, #1285 ) ;
#175 = AXIS2_PLACEMENT_3D ( 'NONE', #702, #924, #938 ) ;
#176 = DIRECTION ( 'NONE',  ( 1.049727191138617340E-16, 0.5150380749100560429, -0.8571673007021112234 ) ) ;
#177 = EDGE_CURVE ( 'NONE', #15, #831, #52, .T. ) ;
#178 = AXIS2_PLACEMENT_3D ( 'NONE', #449, #902, #342 ) ;
#179 = ORIENTED_EDGE ( 'NONE', *, *, #423, .T. ) ;
#180 = DIRECTION ( 'NONE',  ( 0.4384615384615390132, 0.000000000000000000, 0.8987499537078933454 ) ) ;
#181 = DIRECTION ( 'NONE',  ( -0.000000000000000000, 1.000000000000000000, -0.000000000000000000 ) ) ;
#182 = APPLICATION_CONTEXT ( 'configuration controlled 3d designs of mechanical parts and assemblies' ) ;
#183 = ORIENTED_EDGE ( 'NONE', *, *, #711, .T. ) ;
#184 = DATE_AND_TIME ( #1295, #649 ) ;
#185 = CARTESIAN_POINT ( 'NONE',  ( 45.88499999999997669, 2.500000000000002220, -25.06016310800871949 ) ) ;
#186 = ORIENTED_EDGE ( 'NONE', *, *, #1241, .F. ) ;
#187 = CARTESIAN_POINT ( 'NONE',  ( 67.50000000000001421, 35.00000000000000000, -45.00000000000002842 ) ) ;
#188 = DIRECTION ( 'NONE',  ( -0.000000000000000000, 1.000000000000000000, -0.000000000000000000 ) ) ;
#189 = EDGE_CURVE ( 'NONE', #677, #663, #127, .T. ) ;
#190 = VERTEX_POINT ( 'NONE', #526 ) ;
#191 = COORDINATED_UNIVERSAL_TIME_OFFSET ( 7, 0, .AHEAD. ) ;
#192 = CYLINDRICAL_SURFACE ( 'NONE', #1351, 36.35000000000000853 ) ;
#193 = VERTEX_POINT ( 'NONE', #1082 ) ;
#194 = DIRECTION ( 'NONE',  ( -0.000000000000000000, 1.000000000000000000, -0.000000000000000000 ) ) ;
#195 = CARTESIAN_POINT ( 'NONE',  ( -15.12692307692305782, 2.500000000000002220, 27.41187358809073160 ) ) ;
#196 = ADVANCED_FACE ( 'NONE', ( #323 ), #93, .T. ) ;
#197 = ORIENTED_EDGE ( 'NONE', *, *, #1283, .T. ) ;
#198 = VECTOR ( 'NONE', #369, 1000.000000000000227 ) ;
#199 = PERSON_AND_ORGANIZATION ( #436, #927 ) ;
#200 = DIRECTION ( 'NONE',  ( -0.5699999999999989519, 0.000000000000000000, 0.8216446920658595499 ) ) ;
#201 = TOROIDAL_SURFACE ( 'NONE', #335, 80.50000000000001421, 2.500000000000002220 ) ;
#202 = CIRCLE ( 'NONE', #1136, 3.399999999999986144 ) ;
#203 = EDGE_LOOP ( 'NONE', ( #1281, #132, #282 ) ) ;
#204 = CARTESIAN_POINT ( 'NONE',  ( 45.88499999999996959, 2.500000000000002220, -25.06016310800872304 ) ) ;
#205 = DIRECTION ( 'NONE',  ( 0.5699999999999980638, 0.000000000000000000, -0.8216446920658602160 ) ) ;
#206 = ORIENTED_EDGE ( 'NONE', *, *, #1405, .T. ) ;
#207 = DIRECTION ( 'NONE',  ( 1.049727191138617340E-16, 0.5150380749100560429, -0.8571673007021112234 ) ) ;
#208 = ADVANCED_FACE ( 'NONE', ( #417 ), #1274, .F. ) ;
#209 = EDGE_LOOP ( 'NONE', ( #1314, #1417, #163, #293 ) ) ;
#210 = DIRECTION ( 'NONE',  ( 3.552713678800500929E-15, 0.000000000000000000, -1.000000000000000000 ) ) ;
#211 = DESIGN_CONTEXT ( 'detailed design', #390, 'design' ) ;
#212 = CARTESIAN_POINT ( 'NONE',  ( 52.50000000000002132, 10.00000000000000888, 52.50000000000000711 ) ) ;
#213 = ORIENTED_EDGE ( 'NONE', *, *, #451, .T. ) ;
#214 = CARTESIAN_POINT ( 'NONE',  ( 67.50000000000001421, 35.00000000000000000, -45.00000000000002842 ) ) ;
#215 = EDGE_CURVE ( 'NONE', #773, #663, #965, .T. ) ;
#216 = VERTEX_POINT ( 'NONE', #1421 ) ;
#217 = CARTESIAN_POINT ( 'NONE',  ( -67.49999999999998579, 6.250000000000005329, -41.60000000000001563 ) ) ;
#218 = DIRECTION ( 'NONE',  ( 0.000000000000000000, -1.000000000000000000, 0.000000000000000000 ) ) ;
#219 = EDGE_LOOP ( 'NONE', ( #1118, #1367, #243, #811 ) ) ;
#220 = VECTOR ( 'NONE', #941, 1000.000000000000000 ) ;
#221 = CARTESIAN_POINT ( 'NONE',  ( -67.49999999999998579, 6.250000000000005329, -48.39999999999999147 ) ) ;
#222 = AXIS2_PLACEMENT_3D ( 'NONE', #987, #188, #630 ) ;
#223 = ORIENTED_EDGE ( 'NONE', *, *, #1372, .T. ) ;
#224 = VECTOR ( 'NONE', #948, 1000.000000000000000 ) ;
#225 = CARTESIAN_POINT ( 'NONE',  ( 44.83049999999997937, 18.50000000000000000, -23.54012042768686896 ) ) ;
#226 = ADVANCED_FACE ( 'NONE', ( #519 ), #943, .F. ) ;
#227 = CIRCLE ( 'NONE', #946, 4.999999999999997335 ) ;
#228 = CARTESIAN_POINT ( 'NONE',  ( 52.50000000000002132, 10.00000000000000888, 52.50000000000000711 ) ) ;
#229 = CC_DESIGN_SECURITY_CLASSIFICATION ( #533, ( #1162 ) ) ;
#230 = ORIENTED_EDGE ( 'NONE', *, *, #549, .F. ) ;
#231 = CARTESIAN_POINT ( 'NONE',  ( -52.50000000000000000, 25.00000000000000000, -52.49999999999999289 ) ) ;
#232 = ORIENTED_EDGE ( 'NONE', *, *, #77, .F. ) ;
#233 = CARTESIAN_POINT ( 'NONE',  ( -67.49999999999997158, 35.00000000000000000, 41.60000000000000853 ) ) ;
#234 = CARTESIAN_POINT ( 'NONE',  ( -2.515561355437167337E-15, 18.50000000000000000, 41.08223460329294596 ) ) ;
#235 = EDGE_CURVE ( 'NONE', #296, #193, #777, .T. ) ;
#236 = ORIENTED_EDGE ( 'NONE', *, *, #1219, .F. ) ;
#237 = CARTESIAN_POINT ( 'NONE',  ( 75.00000000000001421, 35.00000000000000000, 59.99999999999997868 ) ) ;
#238 = VERTEX_POINT ( 'NONE', #864 ) ;
#239 = CARTESIAN_POINT ( 'NONE',  ( -67.49999999999997158, 35.00000000000000000, 48.39999999999997726 ) ) ;
#240 = DIRECTION ( 'NONE',  ( 0.000000000000000000, 0.000000000000000000, -1.000000000000000000 ) ) ;
#241 = ORIENTED_EDGE ( 'NONE', *, *, #956, .T. ) ;
#242 = ADVANCED_FACE ( 'NONE', ( #1194 ), #285, .F. ) ;
#243 = ORIENTED_EDGE ( 'NONE', *, *, #973, .F. ) ;
#244 = CC_DESIGN_PERSON_AND_ORGANIZATION_ASSIGNMENT ( #396, #530, ( #533 ) ) ;
#245 = CARTESIAN_POINT ( 'NONE',  ( 28.50000000000000000, 0.000000000000000000, 0.000000000000000000 ) ) ;
#246 = VECTOR ( 'NONE', #504, 1000.000000000000000 ) ;
#247 = VECTOR ( 'NONE', #608, 1000.000000000000000 ) ;
#248 = FACE_OUTER_BOUND ( 'NONE', #219, .T. ) ;
#249 = AXIS2_PLACEMENT_3D ( 'NONE', #517, #1324, #210 ) ;
#250 = CIRCLE ( 'NONE', #1328, 78.65000000000000568 ) ;
#251 = VERTEX_POINT ( 'NONE', #1443 ) ;
#252 = ORIENTED_EDGE ( 'NONE', *, *, #1022, .T. ) ;
#253 = CARTESIAN_POINT ( 'NONE',  ( -3.577116575637162026E-15, 18.50000000000000000, 22.06874699101307868 ) ) ;
#254 = DIRECTION ( 'NONE',  ( 0.000000000000000000, 0.000000000000000000, 1.000000000000000000 ) ) ;
#255 = CARTESIAN_POINT ( 'NONE',  ( 67.50000000000001421, 35.00000000000000000, -41.60000000000003695 ) ) ;
#256 = DIRECTION ( 'NONE',  ( -0.000000000000000000, 1.000000000000000000, -0.000000000000000000 ) ) ;
#257 = EDGE_CURVE ( 'NONE', #251, #238, #331, .T. ) ;
#258 = EDGE_LOOP ( 'NONE', ( #868, #1199 ) ) ;
#259 = FACE_OUTER_BOUND ( 'NONE', #873, .T. ) ;
#260 = EDGE_CURVE ( 'NONE', #1301, #631, #302, .T. ) ;
#261 = LINE ( 'NONE', #512, #53 ) ;
#262 = FACE_OUTER_BOUND ( 'NONE', #348, .T. ) ;
#263 = FACE_OUTER_BOUND ( 'NONE', #802, .T. ) ;
#264 = DIRECTION ( 'NONE',  ( 0.000000000000000000, 0.000000000000000000, -1.000000000000000000 ) ) ;
#265 = CARTESIAN_POINT ( 'NONE',  ( 15.93807692307695767, 18.50000000000000000, 25.74918617373116803 ) ) ;
#266 = VECTOR ( 'NONE', #339, 1000.000000000000000 ) ;
#267 = DIRECTION ( 'NONE',  ( -0.000000000000000000, 1.000000000000000000, -0.000000000000000000 ) ) ;
#268 = AXIS2_PLACEMENT_3D ( 'NONE', #187, #635, #853 ) ;
#269 = VECTOR ( 'NONE', #1198, 1000.000000000000000 ) ;
#270 = DIRECTION ( 'NONE',  ( -0.000000000000000000, 1.000000000000000000, -0.000000000000000000 ) ) ;
#271 = DIRECTION ( 'NONE',  ( 0.000000000000000000, 0.000000000000000000, 1.000000000000000000 ) ) ;
#272 = ORIENTED_EDGE ( 'NONE', *, *, #1154, .T. ) ;
#273 = LINE ( 'NONE', #614, #224 ) ;
#274 = FACE_OUTER_BOUND ( 'NONE', #596, .T. ) ;
#275 = EDGE_CURVE ( 'NONE', #1143, #677, #1156, .T. ) ;
#276 = DIRECTION ( 'NONE',  ( 0.000000000000000000, 0.5150380749100555988, 0.8571673007021114454 ) ) ;
#277 = FACE_BOUND ( 'NONE', #736, .T. ) ;
#278 = FACE_BOUND ( 'NONE', #1080, .T. ) ;
#279 = ORIENTED_EDGE ( 'NONE', *, *, #841, .T. ) ;
#280 = EDGE_CURVE ( 'NONE', #1098, #330, #816, .T. ) ;
#281 = DIRECTION ( 'NONE',  ( 0.000000000000000000, 0.000000000000000000, 1.000000000000000000 ) ) ;
#282 = ORIENTED_EDGE ( 'NONE', *, *, #354, .T. ) ;
#283 = CARTESIAN_POINT ( 'NONE',  ( -3.577116575637162026E-15, 18.50000000000000000, 58.41874699101308721 ) ) ;
#284 = DIRECTION ( 'NONE',  ( -0.000000000000000000, 1.000000000000000000, -0.000000000000000000 ) ) ;
#285 = TOROIDAL_SURFACE ( 'NONE', #852, 34.50000000000000711, 2.500000000000002220 ) ;
#286 = VERTEX_POINT ( 'NONE', #643 ) ;
#287 = PERSON_AND_ORGANIZATION_ROLE ( 'creator' ) ;
#288 = VECTOR ( 'NONE', #659, 1000.000000000000000 ) ;
#289 = AXIS2_PLACEMENT_3D ( 'NONE', #735, #1298, #305 ) ;
#290 = LINE ( 'NONE', #414, #12 ) ;
#291 = LOCAL_TIME ( 12, 16, 36.00000000000000000, #191 ) ;
#292 = ADVANCED_FACE ( 'NONE', ( #1304 ), #921, .F. ) ;
#293 = ORIENTED_EDGE ( 'NONE', *, *, #518, .T. ) ;
#294 = CARTESIAN_POINT ( 'NONE',  ( -15.12692307692305604, 0.000000000000000000, 27.41187358809073160 ) ) ;
#295 = CARTESIAN_POINT ( 'NONE',  ( 67.50000000000001421, 6.250000000000005329, -45.00000000000002842 ) ) ;
#296 = VERTEX_POINT ( 'NONE', #317 ) ;
#297 = CARTESIAN_POINT ( 'NONE',  ( -2.602085213965210642E-15, 2.500000000000002220, 23.91874699101307655 ) ) ;
#298 = EDGE_CURVE ( 'NONE', #238, #251, #810, .T. ) ;
#299 = VERTEX_POINT ( 'NONE', #1327 ) ;
#300 = CARTESIAN_POINT ( 'NONE',  ( -52.50000000000000711, 6.995696904862208854, -52.49999999999999289 ) ) ;
#301 = ADVANCED_FACE ( 'NONE', ( #772 ), #1254, .F. ) ;
#302 = LINE ( 'NONE', #1106, #689 ) ;
#303 = PRODUCT_DEFINITION ( 'UNKNOWN', '', #1162, #211 ) ;
#304 = ORIENTED_EDGE ( 'NONE', *, *, #1316, .T. ) ;
#305 = DIRECTION ( 'NONE',  ( 0.000000000000000000, 0.000000000000000000, 1.000000000000000000 ) ) ;
#306 = ORIENTED_EDGE ( 'NONE', *, *, #98, .T. ) ;
#307 = LINE ( 'NONE', #543, #787 ) ;
#308 = DIRECTION ( 'NONE',  ( -0.000000000000000000, -1.000000000000000000, -0.000000000000000000 ) ) ;
#309 = VERTEX_POINT ( 'NONE', #898 ) ;
#310 = AXIS2_PLACEMENT_3D ( 'NONE', #1059, #495, #150 ) ;
#311 = CIRCLE ( 'NONE', #1134, 3.399999999999986144 ) ;
#312 = CARTESIAN_POINT ( 'NONE',  ( 67.50000000000002842, 35.00000000000000000, 41.59999999999999432 ) ) ;
#313 = CIRCLE ( 'NONE', #599, 2.500000000000002665 ) ;
#314 = AXIS2_PLACEMENT_3D ( 'NONE', #1279, #1366, #271 ) ;
#315 = EDGE_LOOP ( 'NONE', ( #186, #1403 ) ) ;
#316 = CARTESIAN_POINT ( 'NONE',  ( 28.50000000000000000, 2.500000000000002220, 30.50000000000000711 ) ) ;
#317 = CARTESIAN_POINT ( 'NONE',  ( -2.515561355437167337E-15, 18.50000000000000000, -37.56776539670706683 ) ) ;
#318 = ORIENTED_EDGE ( 'NONE', *, *, #215, .F. ) ;
#319 = EDGE_CURVE ( 'NONE', #677, #831, #121, .T. ) ;
#320 = DIRECTION ( 'NONE',  ( -0.000000000000000000, 1.000000000000000000, -0.000000000000000000 ) ) ;
#321 = ORIENTED_EDGE ( 'NONE', *, *, #848, .F. ) ;
#322 = CARTESIAN_POINT ( 'NONE',  ( -67.49999999999998579, 6.250000000000005329, -45.00000000000000711 ) ) ;
#323 = FACE_OUTER_BOUND ( 'NONE', #529, .T. ) ;
#324 = EDGE_LOOP ( 'NONE', ( #661, #890, #613, #634, #403 ) ) ;
#325 = EDGE_CURVE ( 'NONE', #424, #286, #715, .T. ) ;
#326 = CARTESIAN_POINT ( 'NONE',  ( -74.99999999999998579, 0.000000000000000000, 59.99999999999997868 ) ) ;
#327 = ORIENTED_EDGE ( 'NONE', *, *, #963, .T. ) ;
#328 = CARTESIAN_POINT ( 'NONE',  ( -3.577116575637162026E-15, 2.500000000000002220, 58.41874699101308721 ) ) ;
#329 = CARTESIAN_POINT ( 'NONE',  ( -3.577116575637162026E-15, 18.50000000000000000, 58.41874699101308721 ) ) ;
#330 = VERTEX_POINT ( 'NONE', #581 ) ;
#331 = CIRCLE ( 'NONE', #222, 4.999999999999984013 ) ;
#332 = CYLINDRICAL_SURFACE ( 'NONE', #975, 4.999999999999997335 ) ;
#333 = CIRCLE ( 'NONE', #786, 36.35000000000000853 ) ;
#334 = ORIENTED_EDGE ( 'NONE', *, *, #956, .F. ) ;
#335 = AXIS2_PLACEMENT_3D ( 'NONE', #1355, #105, #1003 ) ;
#336 = CARTESIAN_POINT ( 'NONE',  ( 28.50000000000000000, 0.000000000000000000, 0.000000000000000000 ) ) ;
#337 = ADVANCED_FACE ( 'NONE', ( #3 ), #1341, .T. ) ;
#338 = CIRCLE ( 'NONE', #314, 3.399999999999986144 ) ;
#339 = DIRECTION ( 'NONE',  ( -0.000000000000000000, -1.000000000000000000, -0.000000000000000000 ) ) ;
#340 = CONICAL_SURFACE ( 'NONE', #815, 4.999999999999984013, 1.029744258676652757 ) ;
#341 = VERTEX_POINT ( 'NONE', #687 ) ;
#342 = DIRECTION ( 'NONE',  ( 0.000000000000000000, 0.000000000000000000, -1.000000000000000000 ) ) ;
#343 = EDGE_LOOP ( 'NONE', ( #1376, #230, #758, #807 ) ) ;
#344 = CARTESIAN_POINT ( 'NONE',  ( -52.50000000000000000, 35.00000000000000000, -57.49999999999998579 ) ) ;
#345 = ADVANCED_FACE ( 'NONE', ( #1240 ), #644, .F. ) ;
#346 = DIRECTION ( 'NONE',  ( 0.000000000000000000, 0.000000000000000000, 1.000000000000000000 ) ) ;
#347 = ADVANCED_FACE ( 'NONE', ( #248 ), #1140, .F. ) ;
#348 = EDGE_LOOP ( 'NONE', ( #1430, #1399, #904, #962, #1352 ) ) ;
#349 = APPROVAL ( #1188, 'UNSPECIFIED' ) ;
#350 = DIRECTION ( 'NONE',  ( -1.000000000000000000, 0.000000000000000000, -0.000000000000000000 ) ) ;
#351 = ORIENTED_EDGE ( 'NONE', *, *, #1154, .F. ) ;
#352 = FACE_OUTER_BOUND ( 'NONE', #818, .T. ) ;
#353 = ORIENTED_EDGE ( 'NONE', *, *, #676, .F. ) ;
#354 = EDGE_CURVE ( 'NONE', #1216, #641, #359, .T. ) ;
#355 =( NAMED_UNIT ( * ) PLANE_ANGLE_UNIT ( ) SI_UNIT ( $, .RADIAN. ) );
#356 = ORIENTED_EDGE ( 'NONE', *, *, #275, .F. ) ;
#357 = CARTESIAN_POINT ( 'NONE',  ( -28.50000000000000000, 2.500000000000002220, 30.49999999999998934 ) ) ;
#358 = AXIS2_PLACEMENT_3D ( 'NONE', #74, #99, #1223 ) ;
#359 = CIRCLE ( 'NONE', #900, 3.399999999999986144 ) ;
#360 = DIRECTION ( 'NONE',  ( -0.000000000000000000, 1.000000000000000000, -0.000000000000000000 ) ) ;
#361 = CIRCLE ( 'NONE', #1183, 3.399999999999986144 ) ;
#362 = AXIS2_PLACEMENT_3D ( 'NONE', #21, #944, #1392 ) ;
#363 = ORIENTED_EDGE ( 'NONE', *, *, #937, .F. ) ;
#364 = CARTESIAN_POINT ( 'NONE',  ( 67.50000000000002842, 35.00000000000000000, 44.99999999999997868 ) ) ;
#365 = EDGE_CURVE ( 'NONE', #286, #618, #1032, .T. ) ;
#366 = ORIENTED_EDGE ( 'NONE', *, *, #497, .T. ) ;
#367 = DIRECTION ( 'NONE',  ( -0.000000000000000000, 1.000000000000000000, -0.000000000000000000 ) ) ;
#368 = CARTESIAN_POINT ( 'NONE',  ( -74.99999999999998579, 35.00000000000000000, 59.99999999999997868 ) ) ;
#369 = DIRECTION ( 'NONE',  ( 0.5699999999999996181, 0.000000000000000000, 0.8216446920658589947 ) ) ;
#370 = DIRECTION ( 'NONE',  ( 0.000000000000000000, -1.000000000000000000, 0.000000000000000000 ) ) ;
#371 = EDGE_CURVE ( 'NONE', #238, #341, #115, .T. ) ;
#372 = DIRECTION ( 'NONE',  ( 0.000000000000000000, 0.000000000000000000, 1.000000000000000000 ) ) ;
#373 = DIRECTION ( 'NONE',  ( 1.000000000000000000, 0.000000000000000000, -2.312964634635743450E-16 ) ) ;
#374 = DIRECTION ( 'NONE',  ( 0.000000000000000000, 0.000000000000000000, 1.000000000000000000 ) ) ;
#375 = DIRECTION ( 'NONE',  ( 0.000000000000000000, 0.000000000000000000, 1.000000000000000000 ) ) ;
#376 = DIRECTION ( 'NONE',  ( -0.000000000000000000, 1.000000000000000000, -0.000000000000000000 ) ) ;
#377 = DIRECTION ( 'NONE',  ( -1.000000000000000000, 0.000000000000000000, 0.000000000000000000 ) ) ;
#378 = EDGE_CURVE ( 'NONE', #487, #1095, #333, .T. ) ;
#379 = CARTESIAN_POINT ( 'NONE',  ( 44.83049999999997937, 18.50000000000000000, -23.54012042768686896 ) ) ;
#380 = CIRCLE ( 'NONE', #997, 28.65000000000000213 ) ;
#381 = AXIS2_PLACEMENT_3D ( 'NONE', #214, #1338, #1353 ) ;
#382 = DIRECTION ( 'NONE',  ( -2.312964634635742957E-16, -0.000000000000000000, -1.000000000000000000 ) ) ;
#383 = CARTESIAN_POINT ( 'NONE',  ( 15.12692307692311822, 2.500000000000002220, 27.41187358809076713 ) ) ;
#384 = ORIENTED_EDGE ( 'NONE', *, *, #1102, .T. ) ;
#385 = CARTESIAN_POINT ( 'NONE',  ( 67.50000000000001421, 35.00000000000000000, -45.00000000000002842 ) ) ;
#386 = ADVANCED_FACE ( 'NONE', ( #446 ), #1252, .F. ) ;
#387 = CARTESIAN_POINT ( 'NONE',  ( 28.50000000000000000, 0.000000000000000000, 0.000000000000000000 ) ) ;
#388 = EDGE_CURVE ( 'NONE', #631, #658, #22, .T. ) ;
#389 = ORIENTED_EDGE ( 'NONE', *, *, #518, .F. ) ;
#390 = APPLICATION_CONTEXT ( 'configuration controlled 3d designs of mechanical parts and assemblies' ) ;
#391 = FACE_OUTER_BOUND ( 'NONE', #209, .T. ) ;
#392 = ORIENTED_EDGE ( 'NONE', *, *, #734, .F. ) ;
#393 = CARTESIAN_POINT ( 'NONE',  ( -52.50000000000000000, 10.00000000000000888, -47.50000000000000711 ) ) ;
#394 = CARTESIAN_POINT ( 'NONE',  ( 67.50000000000002842, 35.00000000000000000, 41.59999999999999432 ) ) ;
#395 = VERTEX_POINT ( 'NONE', #800 ) ;
#396 = PERSON_AND_ORGANIZATION ( #436, #927 ) ;
#397 = CARTESIAN_POINT ( 'NONE',  ( 52.50000000000002132, 25.00000000000000000, 47.50000000000000711 ) ) ;
#398 = ORIENTED_EDGE ( 'NONE', *, *, #1201, .T. ) ;
#399 = CARTESIAN_POINT ( 'NONE',  ( 59.00000000000000711, 2.500000000000002220, 0.000000000000000000 ) ) ;
#400 = AXIS2_PLACEMENT_3D ( 'NONE', #537, #544, #550 ) ;
#401 = DIRECTION ( 'NONE',  ( 0.000000000000000000, 0.000000000000000000, 1.000000000000000000 ) ) ;
#402 = AXIS2_PLACEMENT_3D ( 'NONE', #385, #59, #1261 ) ;
#403 = ORIENTED_EDGE ( 'NONE', *, *, #1068, .T. ) ;
#404 = DATE_AND_TIME ( #1412, #291 ) ;
#405 = VECTOR ( 'NONE', #120, 1000.000000000000000 ) ;
#406 = ADVANCED_FACE ( 'NONE', ( #1361 ), #996, .F. ) ;
#407 = AXIS2_PLACEMENT_3D ( 'NONE', #1332, #101, #568 ) ;
#408 = LINE ( 'NONE', #1307, #269 ) ;
#409 = CC_DESIGN_APPROVAL ( #1333, ( #1162 ) ) ;
#410 = EDGE_LOOP ( 'NONE', ( #858, #851, #1178 ) ) ;
#411 = CARTESIAN_POINT ( 'NONE',  ( -2.515561355437167337E-15, 2.500000000000002220, 41.08223460329294596 ) ) ;
#412 = DIRECTION ( 'NONE',  ( 1.000000000000000000, 0.000000000000000000, 0.000000000000000000 ) ) ;
#413 = ORIENTED_EDGE ( 'NONE', *, *, #691, .F. ) ;
#414 = CARTESIAN_POINT ( 'NONE',  ( 67.50000000000002842, 35.00000000000000000, 48.39999999999996305 ) ) ;
#415 = ORIENTED_EDGE ( 'NONE', *, *, #177, .F. ) ;
#416 = LINE ( 'NONE', #91, #923 ) ;
#417 = FACE_OUTER_BOUND ( 'NONE', #1237, .T. ) ;
#418 = ORIENTED_EDGE ( 'NONE', *, *, #1388, .T. ) ;
#419 = DIRECTION ( 'NONE',  ( -0.000000000000000000, -1.000000000000000000, -0.000000000000000000 ) ) ;
#420 = EDGE_LOOP ( 'NONE', ( #384, #781, #1150, #638 ) ) ;
#421 = DIRECTION ( 'NONE',  ( 0.000000000000000000, 0.000000000000000000, 1.000000000000000000 ) ) ;
#422 = CARTESIAN_POINT ( 'NONE',  ( -28.50000000000000000, 0.000000000000000000, -3.469446951953614189E-15 ) ) ;
#423 = EDGE_CURVE ( 'NONE', #190, #775, #1063, .T. ) ;
#424 = VERTEX_POINT ( 'NONE', #697 ) ;
#425 = CIRCLE ( 'NONE', #993, 36.35000000000000853 ) ;
#426 = AXIS2_PLACEMENT_3D ( 'NONE', #571, #795, #1120 ) ;
#427 = CYLINDRICAL_SURFACE ( 'NONE', #178, 36.35000000000000853 ) ;
#428 = CIRCLE ( 'NONE', #1255, 30.50000000000001066 ) ;
#429 = AXIS2_PLACEMENT_3D ( 'NONE', #989, #1225, #908 ) ;
#430 = ORIENTED_EDGE ( 'NONE', *, *, #648, .T. ) ;
#431 = CARTESIAN_POINT ( 'NONE',  ( -28.50000000000000000, 2.500000000000002220, -3.490243377569956456E-15 ) ) ;
#432 = CIRCLE ( 'NONE', #155, 32.00000000000000711 ) ;
#433 = DIRECTION ( 'NONE',  ( -0.000000000000000000, 1.000000000000000000, -0.000000000000000000 ) ) ;
#434 = ADVANCED_FACE ( 'NONE', ( #136 ), #587, .T. ) ;
#435 = ORIENTED_EDGE ( 'NONE', *, *, #1372, .F. ) ;
#436 = PERSON ( 'UNSPECIFIED', 'UNSPECIFIED', 'UNSPECIFIED', ('UNSPECIFIED'), ('UNSPECIFIED'), ('UNSPECIFIED') ) ;
#437 = DIRECTION ( 'NONE',  ( -0.000000000000000000, 1.000000000000000000, -0.000000000000000000 ) ) ;
#438 = VERTEX_POINT ( 'NONE', #440 ) ;
#439 = LINE ( 'NONE', #233, #767 ) ;
#440 = CARTESIAN_POINT ( 'NONE',  ( -67.49999999999997158, 6.250000000000005329, 41.60000000000000853 ) ) ;
#441 = ORIENTED_EDGE ( 'NONE', *, *, #44, .T. ) ;
#442 = LINE ( 'NONE', #326, #813 ) ;
#443 = EDGE_CURVE ( 'NONE', #899, #618, #1157, .T. ) ;
#444 = ORIENTED_EDGE ( 'NONE', *, *, #1405, .F. ) ;
#445 = DIRECTION ( 'NONE',  ( 0.000000000000000000, 0.000000000000000000, -1.000000000000000000 ) ) ;
#446 = FACE_OUTER_BOUND ( 'NONE', #556, .T. ) ;
#447 = CARTESIAN_POINT ( 'NONE',  ( 15.93807692307695767, 2.500000000000002220, 25.74918617373116803 ) ) ;
#448 = TOROIDAL_SURFACE ( 'NONE', #784, 30.50000000000000711, 2.500000000000002220 ) ;
#449 = CARTESIAN_POINT ( 'NONE',  ( -3.577116575637162026E-15, 18.50000000000000000, 58.41874699101308721 ) ) ;
#450 = CIRCLE ( 'NONE', #854, 78.65000000000000568 ) ;
#451 = EDGE_CURVE ( 'NONE', #96, #13, #1114, .T. ) ;
#452 = ORIENTED_EDGE ( 'NONE', *, *, #354, .F. ) ;
#453 = AXIS2_PLACEMENT_3D ( 'NONE', #628, #737, #421 ) ;
#454 = CARTESIAN_POINT ( 'NONE',  ( 52.50000000000002132, 35.00000000000000000, 52.50000000000000711 ) ) ;
#455 = UNCERTAINTY_MEASURE_WITH_UNIT (LENGTH_MEASURE( 1.000000000000000082E-05 ), #1028, 'distance_accuracy_value', 'NONE');
#456 = VECTOR ( 'NONE', #176, 1000.000000000000000 ) ;
#457 = DIRECTION ( 'NONE',  ( -0.000000000000000000, 1.000000000000000000, -0.000000000000000000 ) ) ;
#458 = APPROVAL_PERSON_ORGANIZATION ( #743, #349, #1060 ) ;
#459 = ORIENTED_EDGE ( 'NONE', *, *, #32, .F. ) ;
#460 = DIRECTION ( 'NONE',  ( -0.000000000000000000, 1.000000000000000000, -0.000000000000000000 ) ) ;
#461 = ORIENTED_EDGE ( 'NONE', *, *, #17, .F. ) ;
#462 = LINE ( 'NONE', #910, #645 ) ;
#463 = DIRECTION ( 'NONE',  ( 0.000000000000000000, 0.000000000000000000, -1.000000000000000000 ) ) ;
#464 = EDGE_CURVE ( 'NONE', #193, #947, #450, .T. ) ;
#465 = ORIENTED_EDGE ( 'NONE', *, *, #629, .F. ) ;
#466 = FACE_OUTER_BOUND ( 'NONE', #1191, .T. ) ;
#467 = ORIENTED_EDGE ( 'NONE', *, *, #67, .F. ) ;
#468 = LINE ( 'NONE', #383, #1160 ) ;
#469 = ADVANCED_FACE ( 'NONE', ( #140 ), #1286, .F. ) ;
#470 = EDGE_LOOP ( 'NONE', ( #363, #1312 ) ) ;
#471 = CARTESIAN_POINT ( 'NONE',  ( 14.24999999999999822, 18.50000000000000000, 20.54111730164647298 ) ) ;
#472 = EDGE_CURVE ( 'NONE', #631, #1288, #726, .T. ) ;
#473 = EDGE_LOOP ( 'NONE', ( #461, #909 ) ) ;
#474 = FACE_OUTER_BOUND ( 'NONE', #1452, .T. ) ;
#475 = ORIENTED_EDGE ( 'NONE', *, *, #1171, .F. ) ;
#476 = CARTESIAN_POINT ( 'NONE',  ( -52.50000000000000000, 25.00000000000000000, -57.49999999999998579 ) ) ;
#477 = VECTOR ( 'NONE', #1200, 1000.000000000000000 ) ;
#478 = LINE ( 'NONE', #1192, #477 ) ;
#479 = VECTOR ( 'NONE', #1335, 1000.000000000000000 ) ;
#480 = VECTOR ( 'NONE', #612, 1000.000000000000114 ) ;
#481 = FACE_OUTER_BOUND ( 'NONE', #590, .T. ) ;
#482 = ADVANCED_FACE ( 'NONE', ( #934, #147, #926, #277, #729, #502, #488 ), #837, .T. ) ;
#483 = CIRCLE ( 'NONE', #1393, 4.999999999999997335 ) ;
#484 = LINE ( 'NONE', #706, #625 ) ;
#485 = CC_DESIGN_DATE_AND_TIME_ASSIGNMENT ( #404, #647, ( #303 ) ) ;
#486 = CARTESIAN_POINT ( 'NONE',  ( -67.49999999999998579, 6.250000000000005329, -45.00000000000000711 ) ) ;
#487 = VERTEX_POINT ( 'NONE', #265 ) ;
#488 = FACE_OUTER_BOUND ( 'NONE', #493, .T. ) ;
#489 = DIRECTION ( 'NONE',  ( 0.000000000000000000, 0.000000000000000000, -1.000000000000000000 ) ) ;
#490 = CARTESIAN_POINT ( 'NONE',  ( -67.49999999999998579, 35.00000000000000000, -48.39999999999999147 ) ) ;
#491 = ADVANCED_FACE ( 'NONE', ( #40 ), #1169, .F. ) ;
#492 = CARTESIAN_POINT ( 'NONE',  ( -67.49999999999997158, 35.00000000000000000, 44.99999999999999289 ) ) ;
#493 = EDGE_LOOP ( 'NONE', ( #507, #1305, #1221, #1077 ) ) ;
#494 = DIRECTION ( 'NONE',  ( -0.000000000000000000, -1.000000000000000000, -0.000000000000000000 ) ) ;
#495 = DIRECTION ( 'NONE',  ( 0.000000000000000000, -1.000000000000000000, 0.000000000000000000 ) ) ;
#496 = DIRECTION ( 'NONE',  ( 0.000000000000000000, 0.000000000000000000, -1.000000000000000000 ) ) ;
#497 = EDGE_CURVE ( 'NONE', #641, #37, #273, .T. ) ;
#498 = DIRECTION ( 'NONE',  ( 0.000000000000000000, 0.000000000000000000, 1.000000000000000000 ) ) ;
#499 = EDGE_CURVE ( 'NONE', #1437, #627, #128, .T. ) ;
#500 = VERTEX_POINT ( 'NONE', #832 ) ;
#501 = CONICAL_SURFACE ( 'NONE', #1347, 4.999999999999984013, 1.029744258676652757 ) ;
#502 = FACE_BOUND ( 'NONE', #470, .T. ) ;
#503 = AXIS2_PLACEMENT_3D ( 'NONE', #592, #1282, #825 ) ;
#504 = DIRECTION ( 'NONE',  ( -2.312964634635742957E-16, -0.000000000000000000, -1.000000000000000000 ) ) ;
#505 = AXIS2_PLACEMENT_3D ( 'NONE', #328, #905, #1025 ) ;
#506 = CONICAL_SURFACE ( 'NONE', #35, 3.399999999999986144, 1.029744258676652313 ) ;
#507 = ORIENTED_EDGE ( 'NONE', *, *, #60, .T. ) ;
#508 = CALENDAR_DATE ( 2025, 22, 3 ) ;
#509 =( GEOMETRIC_REPRESENTATION_CONTEXT ( 3 ) GLOBAL_UNCERTAINTY_ASSIGNED_CONTEXT ( ( #455 ) ) GLOBAL_UNIT_ASSIGNED_CONTEXT ( ( #1028, #355, #690 ) ) REPRESENTATION_CONTEXT ( 'NONE', 'WORKASPACE' ) );
#510 = CARTESIAN_POINT ( 'NONE',  ( -67.49999999999997158, 6.250000000000005329, 44.99999999999999289 ) ) ;
#511 = ORIENTED_EDGE ( 'NONE', *, *, #1308, .T. ) ;
#512 = CARTESIAN_POINT ( 'NONE',  ( 75.00000000000001421, 35.00000000000000000, 59.99999999999997868 ) ) ;
#513 = DIRECTION ( 'NONE',  ( -0.4384615384615362932, 0.000000000000000000, 0.8987499537078945666 ) ) ;
#514 = ORIENTED_EDGE ( 'NONE', *, *, #1362, .F. ) ;
#515 = DIRECTION ( 'NONE',  ( -0.000000000000000000, 1.000000000000000000, -0.000000000000000000 ) ) ;
#516 = ORIENTED_EDGE ( 'NONE', *, *, #912, .T. ) ;
#517 = CARTESIAN_POINT ( 'NONE',  ( -3.469446951953614189E-15, 0.000000000000000000, 58.41874699101308721 ) ) ;
#518 = EDGE_CURVE ( 'NONE', #299, #90, #311, .T. ) ;
#519 = FACE_OUTER_BOUND ( 'NONE', #742, .T. ) ;
#520 = VERTEX_POINT ( 'NONE', #1147 ) ;
#521 = DIRECTION ( 'NONE',  ( 0.000000000000000000, 0.000000000000000000, 1.000000000000000000 ) ) ;
#522 = DIRECTION ( 'NONE',  ( -1.816464372750583184E-15, 0.000000000000000000, -1.000000000000000000 ) ) ;
#523 = ORIENTED_EDGE ( 'NONE', *, *, #780, .F. ) ;
#524 = CARTESIAN_POINT ( 'NONE',  ( -15.93807692307690616, 2.500000000000002220, 25.74918617373113250 ) ) ;
#525 = AXIS2_PLACEMENT_3D ( 'NONE', #68, #401, #637 ) ;
#526 = CARTESIAN_POINT ( 'NONE',  ( -67.49999999999997158, 35.00000000000000000, 41.60000000000000853 ) ) ;
#527 = AXIS2_PLACEMENT_3D ( 'NONE', #108, #559, #783 ) ;
#528 = CIRCLE ( 'NONE', #1135, 2.500000000000003553 ) ;
#529 = EDGE_LOOP ( 'NONE', ( #1265, #279, #20, #882, #703, #1423 ) ) ;
#530 = PERSON_AND_ORGANIZATION_ROLE ( 'classification_officer' ) ;
#531 = ADVANCED_FACE ( 'NONE', ( #170 ), #619, .F. ) ;
#532 = CIRCLE ( 'NONE', #790, 28.65000000000000213 ) ;
#533 = SECURITY_CLASSIFICATION ( '', '', #847 ) ;
#534 = DIRECTION ( 'NONE',  ( 0.000000000000000000, 0.000000000000000000, 1.000000000000000000 ) ) ;
#535 = ORIENTED_EDGE ( 'NONE', *, *, #732, .F. ) ;
#536 = CYLINDRICAL_SURFACE ( 'NONE', #268, 3.399999999999986144 ) ;
#537 = CARTESIAN_POINT ( 'NONE',  ( -52.50000000000000000, 25.00000000000000000, -52.49999999999999289 ) ) ;
#538 = ORIENTED_EDGE ( 'NONE', *, *, #1013, .F. ) ;
#539 = COORDINATED_UNIVERSAL_TIME_OFFSET ( 7, 0, .AHEAD. ) ;
#540 = FACE_OUTER_BOUND ( 'NONE', #1394, .T. ) ;
#541 = EDGE_CURVE ( 'NONE', #701, #561, #552, .T. ) ;
#542 = VERTEX_POINT ( 'NONE', #1268 ) ;
#543 = CARTESIAN_POINT ( 'NONE',  ( 67.50000000000002842, 6.250000000000005329, 48.39999999999996305 ) ) ;
#544 = DIRECTION ( 'NONE',  ( -0.000000000000000000, 1.000000000000000000, -0.000000000000000000 ) ) ;
#545 = ORIENTED_EDGE ( 'NONE', *, *, #629, .T. ) ;
#546 = DIRECTION ( 'NONE',  ( -0.000000000000000000, 1.000000000000000000, -0.000000000000000000 ) ) ;
#547 = EDGE_LOOP ( 'NONE', ( #1168, #1002, #304 ) ) ;
#548 = DIRECTION ( 'NONE',  ( -0.000000000000000000, 1.000000000000000000, -0.000000000000000000 ) ) ;
#549 = EDGE_CURVE ( 'NONE', #1288, #865, #261, .T. ) ;
#550 = DIRECTION ( 'NONE',  ( 0.000000000000000000, 0.000000000000000000, 1.000000000000000000 ) ) ;
#551 = ORIENTED_EDGE ( 'NONE', *, *, #451, .F. ) ;
#552 = CIRCLE ( 'NONE', #503, 2.500000000000000444 ) ;
#553 = CARTESIAN_POINT ( 'NONE',  ( 52.50000000000002132, 10.00000000000000888, 47.50000000000002132 ) ) ;
#554 = AXIS2_PLACEMENT_3D ( 'NONE', #1302, #968, #97 ) ;
#555 = VECTOR ( 'NONE', #200, 1000.000000000000114 ) ;
#556 = EDGE_LOOP ( 'NONE', ( #46, #1014, #1101, #1365 ) ) ;
#557 = CARTESIAN_POINT ( 'NONE',  ( -75.00000000000001421, 0.000000000000000000, -60.00000000000002132 ) ) ;
#558 = AXIS2_PLACEMENT_3D ( 'NONE', #1158, #154, #1364 ) ;
#559 = DIRECTION ( 'NONE',  ( 0.000000000000000000, 1.000000000000000000, 0.000000000000000000 ) ) ;
#560 = EDGE_CURVE ( 'NONE', #1071, #1008, #876, .T. ) ;
#561 = VERTEX_POINT ( 'NONE', #1395 ) ;
#562 = CARTESIAN_POINT ( 'NONE',  ( -67.49999999999997158, 6.250000000000005329, 44.99999999999999289 ) ) ;
#563 = ORIENTED_EDGE ( 'NONE', *, *, #636, .T. ) ;
#564 = CARTESIAN_POINT ( 'NONE',  ( 28.50000000000000000, 18.50000000000000000, 0.000000000000000000 ) ) ;
#565 = DIRECTION ( 'NONE',  ( 0.000000000000000000, 0.000000000000000000, 1.000000000000000000 ) ) ;
#566 = ORIENTED_EDGE ( 'NONE', *, *, #931, .F. ) ;
#567 = EDGE_CURVE ( 'NONE', #655, #286, #28, .T. ) ;
#568 = DIRECTION ( 'NONE',  ( 0.000000000000000000, 0.000000000000000000, 1.000000000000000000 ) ) ;
#569 = EDGE_LOOP ( 'NONE', ( #236, #334, #1074, #1218 ) ) ;
#570 = CARTESIAN_POINT ( 'NONE',  ( 57.15000000000000568, 2.500000000000002220, 0.000000000000000000 ) ) ;
#571 = CARTESIAN_POINT ( 'NONE',  ( 45.88499999999998380, 2.500000000000002220, -25.06016310800872304 ) ) ;
#572 = ORIENTED_EDGE ( 'NONE', *, *, #861, .T. ) ;
#573 = CIRCLE ( 'NONE', #809, 3.399999999999986144 ) ;
#574 = FACE_OUTER_BOUND ( 'NONE', #778, .T. ) ;
#575 = AXIS2_PLACEMENT_3D ( 'NONE', #717, #1153, #939 ) ;
#576 = ORIENTED_EDGE ( 'NONE', *, *, #1297, .F. ) ;
#577 = CIRCLE ( 'NONE', #554, 83.00000000000001421 ) ;
#578 = CARTESIAN_POINT ( 'NONE',  ( -67.50000000000000000, 4.207073895306306710, -45.00000000000000711 ) ) ;
#579 = CIRCLE ( 'NONE', #720, 3.399999999999986144 ) ;
#580 = CC_DESIGN_PERSON_AND_ORGANIZATION_ASSIGNMENT ( #1197, #54, ( #1162 ) ) ;
#581 = CARTESIAN_POINT ( 'NONE',  ( -67.49999999999997158, 6.250000000000005329, 48.39999999999997726 ) ) ;
#582 = ORIENTED_EDGE ( 'NONE', *, *, #1171, .T. ) ;
#583 = ORIENTED_EDGE ( 'NONE', *, *, #1165, .T. ) ;
#584 = LINE ( 'NONE', #695, #405 ) ;
#585 = EDGE_CURVE ( 'NONE', #998, #4, #738, .T. ) ;
#586 = ORIENTED_EDGE ( 'NONE', *, *, #1173, .T. ) ;
#587 = PLANE ( 'NONE',  #945 ) ;
#588 = FACE_OUTER_BOUND ( 'NONE', #1248, .T. ) ;
#589 = DIRECTION ( 'NONE',  ( 0.000000000000000000, -1.000000000000000000, 0.000000000000000000 ) ) ;
#590 = EDGE_LOOP ( 'NONE', ( #514, #576, #1203, #1446 ) ) ;
#591 = LINE ( 'NONE', #728, #1021 ) ;
#592 = CARTESIAN_POINT ( 'NONE',  ( 15.12692307692311822, 0.000000000000000000, 27.41187358809076713 ) ) ;
#593 = EDGE_CURVE ( 'NONE', #1024, #4, #478, .T. ) ;
#594 = ORIENTED_EDGE ( 'NONE', *, *, #648, .F. ) ;
#595 = DIRECTION ( 'NONE',  ( -0.000000000000000000, -1.000000000000000000, -0.000000000000000000 ) ) ;
#596 = EDGE_LOOP ( 'NONE', ( #134, #988, #183, #19 ) ) ;
#597 = CARTESIAN_POINT ( 'NONE',  ( 67.50000000000001421, 6.250000000000005329, -48.40000000000001279 ) ) ;
#598 = AXIS2_PLACEMENT_3D ( 'NONE', #234, #1015, #463 ) ;
#599 = AXIS2_PLACEMENT_3D ( 'NONE', #642, #652, #771 ) ;
#600 = ORIENTED_EDGE ( 'NONE', *, *, #1388, .F. ) ;
#601 = DIRECTION ( 'NONE',  ( -0.000000000000000000, 1.000000000000000000, -0.000000000000000000 ) ) ;
#602 = AXIS2_PLACEMENT_3D ( 'NONE', #8, #891, #445 ) ;
#603 = DIRECTION ( 'NONE',  ( -0.000000000000000000, 1.000000000000000000, -0.000000000000000000 ) ) ;
#604 = CIRCLE ( 'NONE', #558, 3.399999999999986144 ) ;
#605 = EDGE_CURVE ( 'NONE', #1095, #1319, #1299, .T. ) ;
#606 = FACE_OUTER_BOUND ( 'NONE', #324, .T. ) ;
#607 = DIRECTION ( 'NONE',  ( -0.000000000000000000, 1.000000000000000000, -0.000000000000000000 ) ) ;
#608 = DIRECTION ( 'NONE',  ( 0.000000000000000000, 0.5150380749100555988, 0.8571673007021114454 ) ) ;
#609 = CARTESIAN_POINT ( 'NONE',  ( -3.577116575637162026E-15, 2.500000000000002220, 58.41874699101308721 ) ) ;
#610 = DIRECTION ( 'NONE',  ( 0.000000000000000000, -0.000000000000000000, -1.000000000000000000 ) ) ;
#611 = ADVANCED_FACE ( 'NONE', ( #73 ), #536, .F. ) ;
#612 = DIRECTION ( 'NONE',  ( -0.4384615384615391243, 0.000000000000000000, -0.8987499537078931233 ) ) ;
#613 = ORIENTED_EDGE ( 'NONE', *, *, #106, .F. ) ;
#614 = CARTESIAN_POINT ( 'NONE',  ( -67.49999999999998579, 35.00000000000000000, -41.60000000000001563 ) ) ;
#615 = CARTESIAN_POINT ( 'NONE',  ( 28.50000000000000000, 2.500000000000002220, 0.000000000000000000 ) ) ;
#616 = CALENDAR_DATE ( 2025, 22, 3 ) ;
#617 = CARTESIAN_POINT ( 'NONE',  ( -15.12692307692305604, 2.500000000000002220, 27.41187358809073160 ) ) ;
#618 = VERTEX_POINT ( 'NONE', #1081 ) ;
#619 = PLANE ( 'NONE',  #1182 ) ;
#620 = FACE_OUTER_BOUND ( 'NONE', #1397, .T. ) ;
#621 = AXIS2_PLACEMENT_3D ( 'NONE', #336, #1009, #1340 ) ;
#622 = AXIS2_PLACEMENT_3D ( 'NONE', #89, #872, #626 ) ;
#623 = EDGE_LOOP ( 'NONE', ( #1027, #747, #85, #318 ) ) ;
#624 = APPROVAL_DATE_TIME ( #184, #889 ) ;
#625 = VECTOR ( 'NONE', #382, 1000.000000000000000 ) ;
#626 = DIRECTION ( 'NONE',  ( 0.000000000000000000, 0.000000000000000000, 1.000000000000000000 ) ) ;
#627 = VERTEX_POINT ( 'NONE', #316 ) ;
#628 = CARTESIAN_POINT ( 'NONE',  ( -67.49999999999998579, 6.250000000000005329, -45.00000000000000711 ) ) ;
#629 = EDGE_CURVE ( 'NONE', #663, #542, #1041, .T. ) ;
#630 = DIRECTION ( 'NONE',  ( 0.000000000000000000, 0.000000000000000000, 1.000000000000000000 ) ) ;
#631 = VERTEX_POINT ( 'NONE', #1090 ) ;
#632 = APPROVAL_STATUS ( 'not_yet_approved' ) ;
#633 = DIRECTION ( 'NONE',  ( -0.000000000000000000, -1.000000000000000000, -0.000000000000000000 ) ) ;
#634 = ORIENTED_EDGE ( 'NONE', *, *, #746, .F. ) ;
#635 = DIRECTION ( 'NONE',  ( -0.000000000000000000, 1.000000000000000000, -0.000000000000000000 ) ) ;
#636 = EDGE_CURVE ( 'NONE', #1319, #672, #748, .T. ) ;
#637 = DIRECTION ( 'NONE',  ( 1.000000000000000000, 0.000000000000000000, 0.000000000000000000 ) ) ;
#638 = ORIENTED_EDGE ( 'NONE', *, *, #319, .T. ) ;
#639 = APPROVAL_ROLE ( '' ) ;
#640 = DIRECTION ( 'NONE',  ( -0.000000000000000000, 1.000000000000000000, -0.000000000000000000 ) ) ;
#641 = VERTEX_POINT ( 'NONE', #1208 ) ;
#642 = CARTESIAN_POINT ( 'NONE',  ( -45.88499999999996959, 0.000000000000000000, -25.06016310800872304 ) ) ;
#643 = CARTESIAN_POINT ( 'NONE',  ( -52.50000000000000000, 10.00000000000000888, -47.50000000000000711 ) ) ;
#644 = CONICAL_SURFACE ( 'NONE', #148, 4.999999999999984013, 1.029744258676652757 ) ;
#645 = VECTOR ( 'NONE', #1125, 1000.000000000000000 ) ;
#646 = ORIENTED_EDGE ( 'NONE', *, *, #636, .F. ) ;
#647 = DATE_TIME_ROLE ( 'creation_date' ) ;
#648 = EDGE_CURVE ( 'NONE', #959, #773, #577, .T. ) ;
#649 = LOCAL_TIME ( 12, 16, 36.00000000000000000, #751 ) ;
#650 = DIRECTION ( 'NONE',  ( -0.000000000000000000, -1.000000000000000000, -0.000000000000000000 ) ) ;
#651 = ORIENTED_EDGE ( 'NONE', *, *, #930, .F. ) ;
#652 = DIRECTION ( 'NONE',  ( 0.8216446920658592168, 0.000000000000000000, -0.5699999999999997291 ) ) ;
#653 = ADVANCED_BREP_SHAPE_REPRESENTATION ( '3DDiecurl', ( #42, #794 ), #509 ) ;
#654 = DIRECTION ( 'NONE',  ( 0.000000000000000000, 0.000000000000000000, 1.000000000000000000 ) ) ;
#655 = VERTEX_POINT ( 'NONE', #300 ) ;
#656 = EDGE_CURVE ( 'NONE', #978, #1024, #361, .T. ) ;
#657 = CYLINDRICAL_SURFACE ( 'NONE', #381, 3.399999999999986144 ) ;
#658 = VERTEX_POINT ( 'NONE', #863 ) ;
#659 = DIRECTION ( 'NONE',  ( 0.000000000000000000, 0.5150380749100560429, 0.8571673007021112234 ) ) ;
#660 = CARTESIAN_POINT ( 'NONE',  ( 67.50000000000001421, 6.250000000000005329, -45.00000000000002842 ) ) ;
#661 = ORIENTED_EDGE ( 'NONE', *, *, #177, .T. ) ;
#662 = CARTESIAN_POINT ( 'NONE',  ( -74.99999999999998579, 35.00000000000000000, 59.99999999999997868 ) ) ;
#663 = VERTEX_POINT ( 'NONE', #204 ) ;
#664 = DIRECTION ( 'NONE',  ( 0.000000000000000000, 0.000000000000000000, -1.000000000000000000 ) ) ;
#665 = CARTESIAN_POINT ( 'NONE',  ( 59.00000000000000711, 2.500000000000002220, 0.000000000000000000 ) ) ;
#666 = ORIENTED_EDGE ( 'NONE', *, *, #567, .F. ) ;
#667 = AXIS2_PLACEMENT_3D ( 'NONE', #615, #1164, #513 ) ;
#668 = AXIS2_PLACEMENT_3D ( 'NONE', #283, #1315, #1185 ) ;
#669 = DIRECTION ( 'NONE',  ( 0.000000000000000000, 0.000000000000000000, 1.000000000000000000 ) ) ;
#670 = CIRCLE ( 'NONE', #830, 28.65000000000000213 ) ;
#671 = VECTOR ( 'NONE', #916, 1000.000000000000000 ) ;
#672 = VERTEX_POINT ( 'NONE', #524 ) ;
#673 = LINE ( 'NONE', #557, #1232 ) ;
#674 = AXIS2_PLACEMENT_3D ( 'NONE', #722, #589, #822 ) ;
#675 = DIRECTION ( 'NONE',  ( 0.000000000000000000, 0.000000000000000000, 1.000000000000000000 ) ) ;
#676 = EDGE_CURVE ( 'NONE', #122, #216, #307, .T. ) ;
#677 = VERTEX_POINT ( 'NONE', #399 ) ;
#678 = DIRECTION ( 'NONE',  ( 0.000000000000000000, -0.000000000000000000, -1.000000000000000000 ) ) ;
#679 = ORIENTED_EDGE ( 'NONE', *, *, #464, .F. ) ;
#680 = DIRECTION ( 'NONE',  ( 0.000000000000000000, -1.000000000000000000, 0.000000000000000000 ) ) ;
#681 = CARTESIAN_POINT ( 'NONE',  ( 52.50000000000002132, 25.00000000000000000, 57.50000000000000000 ) ) ;
#682 = EDGE_CURVE ( 'NONE', #959, #542, #313, .T. ) ;
#683 = ORIENTED_EDGE ( 'NONE', *, *, #801, .T. ) ;
#684 = DIRECTION ( 'NONE',  ( 1.049727191138617586E-16, 0.5150380749100555988, -0.8571673007021114454 ) ) ;
#685 = ORIENTED_EDGE ( 'NONE', *, *, #1193, .T. ) ;
#686 = CARTESIAN_POINT ( 'NONE',  ( 67.50000000000002842, 6.250000000000005329, 44.99999999999997868 ) ) ;
#687 = CARTESIAN_POINT ( 'NONE',  ( 52.50000000000002132, 35.00000000000000000, 57.50000000000000000 ) ) ;
#688 = ORIENTED_EDGE ( 'NONE', *, *, #1426, .T. ) ;
#689 = VECTOR ( 'NONE', #1092, 1000.000000000000000 ) ;
#690 =( NAMED_UNIT ( * ) SI_UNIT ( $, .STERADIAN. ) SOLID_ANGLE_UNIT ( ) );
#691 = EDGE_CURVE ( 'NONE', #96, #1008, #528, .T. ) ;
#692 = AXIS2_PLACEMENT_3D ( 'NONE', #1389, #377, #820 ) ;
#693 = ORIENTED_EDGE ( 'NONE', *, *, #1038, .T. ) ;
#694 = CIRCLE ( 'NONE', #1019, 33.00000000000000711 ) ;
#695 = CARTESIAN_POINT ( 'NONE',  ( -44.83049999999999358, 18.50000000000000000, -23.54012042768686541 ) ) ;
#696 = CONICAL_SURFACE ( 'NONE', #1257, 3.399999999999986144, 1.029744258676652313 ) ;
#697 = CARTESIAN_POINT ( 'NONE',  ( -52.50000000000000000, 10.00000000000000888, -57.49999999999997158 ) ) ;
#698 = LOCAL_TIME ( 12, 16, 36.00000000000000000, #974 ) ;
#699 = PLANE ( 'NONE',  #1369 ) ;
#700 = EDGE_CURVE ( 'NONE', #216, #395, #878, .T. ) ;
#701 = VERTEX_POINT ( 'NONE', #1428 ) ;
#702 = CARTESIAN_POINT ( 'NONE',  ( 67.50000000000002842, 6.250000000000005329, 44.99999999999997868 ) ) ;
#703 = ORIENTED_EDGE ( 'NONE', *, *, #1283, .F. ) ;
#704 = DIRECTION ( 'NONE',  ( -1.000000000000000000, 0.000000000000000000, 2.312964634635743450E-16 ) ) ;
#705 = DIRECTION ( 'NONE',  ( 0.000000000000000000, 1.000000000000000000, 0.000000000000000000 ) ) ;
#706 = CARTESIAN_POINT ( 'NONE',  ( 74.99999999999998579, 0.000000000000000000, -60.00000000000002132 ) ) ;
#707 = ORIENTED_EDGE ( 'NONE', *, *, #560, .T. ) ;
#708 = DIRECTION ( 'NONE',  ( -0.000000000000000000, 1.000000000000000000, -0.000000000000000000 ) ) ;
#709 = ORIENTED_EDGE ( 'NONE', *, *, #549, .T. ) ;
#710 = CARTESIAN_POINT ( 'NONE',  ( -67.49999999999998579, 35.00000000000000000, -45.00000000000000711 ) ) ;
#711 = EDGE_CURVE ( 'NONE', #330, #775, #416, .T. ) ;
#712 = CARTESIAN_POINT ( 'NONE',  ( -45.88499999999996959, 2.500000000000002220, -25.06016310800872304 ) ) ;
#713 = DIRECTION ( 'NONE',  ( 0.000000000000000000, 1.000000000000000000, 0.000000000000000000 ) ) ;
#714 = CARTESIAN_POINT ( 'NONE',  ( 67.50000000000001421, 6.250000000000005329, -45.00000000000002842 ) ) ;
#715 = CIRCLE ( 'NONE', #1348, 4.999999999999984013 ) ;
#716 = CIRCLE ( 'NONE', #621, 33.00000000000000711 ) ;
#717 = CARTESIAN_POINT ( 'NONE',  ( 0.000000000000000000, 35.00000000000000000, 0.000000000000000000 ) ) ;
#718 = VECTOR ( 'NONE', #207, 1000.000000000000000 ) ;
#719 = ADVANCED_FACE ( 'NONE', ( #986 ), #1350, .F. ) ;
#720 = AXIS2_PLACEMENT_3D ( 'NONE', #1438, #320, #669 ) ;
#721 = DIRECTION ( 'NONE',  ( 0.000000000000000000, 0.000000000000000000, 1.000000000000000000 ) ) ;
#722 = CARTESIAN_POINT ( 'NONE',  ( -2.515561355437167337E-15, 18.50000000000000000, 41.08223460329294596 ) ) ;
#723 = CC_DESIGN_PERSON_AND_ORGANIZATION_ASSIGNMENT ( #87, #1172, ( #1162 ) ) ;
#724 = LINE ( 'NONE', #1387, #1093 ) ;
#725 = VERTEX_POINT ( 'NONE', #874 ) ;
#726 = LINE ( 'NONE', #368, #1441 ) ;
#727 = CARTESIAN_POINT ( 'NONE',  ( 0.000000000000000000, 0.000000000000000000, 0.000000000000000000 ) ) ;
#728 = CARTESIAN_POINT ( 'NONE',  ( -67.49999999999998579, 6.250000000000005329, -48.39999999999999147 ) ) ;
#729 = FACE_BOUND ( 'NONE', #796, .T. ) ;
#730 = DIRECTION ( 'NONE',  ( 0.000000000000000000, 1.000000000000000000, 0.000000000000000000 ) ) ;
#731 = ORIENTED_EDGE ( 'NONE', *, *, #877, .F. ) ;
#732 = EDGE_CURVE ( 'NONE', #701, #309, #1044, .T. ) ;
#733 = CARTESIAN_POINT ( 'NONE',  ( 0.000000000000000000, 0.000000000000000000, 0.000000000000000000 ) ) ;
#734 = EDGE_CURVE ( 'NONE', #500, #1024, #960, .T. ) ;
#735 = CARTESIAN_POINT ( 'NONE',  ( 67.50000000000002842, 35.00000000000000000, 44.99999999999997868 ) ) ;
#736 = EDGE_LOOP ( 'NONE', ( #843, #26 ) ) ;
#737 = DIRECTION ( 'NONE',  ( -0.000000000000000000, 1.000000000000000000, -0.000000000000000000 ) ) ;
#738 = CIRCLE ( 'NONE', #402, 3.399999999999986144 ) ;
#739 = DIRECTION ( 'NONE',  ( 0.000000000000000000, 0.000000000000000000, 1.000000000000000000 ) ) ;
#740 = AXIS2_PLACEMENT_3D ( 'NONE', #714, #367, #372 ) ;
#741 = VECTOR ( 'NONE', #684, 1000.000000000000000 ) ;
#742 = EDGE_LOOP ( 'NONE', ( #753, #272, #1309, #1226 ) ) ;
#743 = PERSON_AND_ORGANIZATION ( #436, #927 ) ;
#744 = AXIS2_PLACEMENT_3D ( 'NONE', #1343, #895, #1129 ) ;
#745 = LINE ( 'NONE', #1189, #153 ) ;
#746 = EDGE_CURVE ( 'NONE', #561, #627, #428, .T. ) ;
#747 = ORIENTED_EDGE ( 'NONE', *, *, #275, .T. ) ;
#748 = LINE ( 'NONE', #1075, #1159 ) ;
#749 = DIRECTION ( 'NONE',  ( 0.000000000000000000, 0.000000000000000000, -1.000000000000000000 ) ) ;
#750 = VERTEX_POINT ( 'NONE', #1408 ) ;
#751 = COORDINATED_UNIVERSAL_TIME_OFFSET ( 7, 0, .AHEAD. ) ;
#752 = DIRECTION ( 'NONE',  ( 0.000000000000000000, 0.000000000000000000, -1.000000000000000000 ) ) ;
#753 = ORIENTED_EDGE ( 'NONE', *, *, #963, .F. ) ;
#754 = CARTESIAN_POINT ( 'NONE',  ( 67.50000000000001421, 6.250000000000005329, -45.00000000000002842 ) ) ;
#755 = DIRECTION ( 'NONE',  ( 0.000000000000000000, 0.000000000000000000, 1.000000000000000000 ) ) ;
#756 = ADVANCED_FACE ( 'NONE', ( #991 ), #1091, .F. ) ;
#757 = PRODUCT_DEFINITION_SHAPE ( 'NONE', 'NONE',  #303 ) ;
#758 = ORIENTED_EDGE ( 'NONE', *, *, #472, .F. ) ;
#759 = APPLICATION_PROTOCOL_DEFINITION ( 'international standard', 'config_control_design', 1994, #390 ) ;
#760 = DIRECTION ( 'NONE',  ( -0.000000000000000000, 1.000000000000000000, -0.000000000000000000 ) ) ;
#761 = ORIENTED_EDGE ( 'NONE', *, *, #44, .F. ) ;
#762 = DIRECTION ( 'NONE',  ( 0.000000000000000000, 0.000000000000000000, 1.000000000000000000 ) ) ;
#763 = CIRCLE ( 'NONE', #1321, 33.00000000000000000 ) ;
#764 = CARTESIAN_POINT ( 'NONE',  ( -67.49999999999997158, 6.250000000000005329, 48.39999999999997726 ) ) ;
#765 = AXIS2_PLACEMENT_3D ( 'NONE', #1176, #704, #1053 ) ;
#766 = EDGE_CURVE ( 'NONE', #1143, #1437, #716, .T. ) ;
#767 = VECTOR ( 'NONE', #1119, 1000.000000000000000 ) ;
#768 = ORIENTED_EDGE ( 'NONE', *, *, #215, .T. ) ;
#769 = DIRECTION ( 'NONE',  ( 0.000000000000000000, 0.000000000000000000, 1.000000000000000000 ) ) ;
#770 = VERTEX_POINT ( 'NONE', #1110 ) ;
#771 = DIRECTION ( 'NONE',  ( -0.5700000000000005063, 0.000000000000000000, -0.8216446920658585507 ) ) ;
#772 = FACE_OUTER_BOUND ( 'NONE', #111, .T. ) ;
#773 = VERTEX_POINT ( 'NONE', #1030 ) ;
#774 = CARTESIAN_POINT ( 'NONE',  ( 67.50000000000001421, 35.00000000000000000, -48.40000000000001279 ) ) ;
#775 = VERTEX_POINT ( 'NONE', #239 ) ;
#776 = DIRECTION ( 'NONE',  ( 0.000000000000000000, 0.000000000000000000, 1.000000000000000000 ) ) ;
#777 = LINE ( 'NONE', #884, #29 ) ;
#778 = EDGE_LOOP ( 'NONE', ( #143, #982, #1342, #972 ) ) ;
#779 = FACE_OUTER_BOUND ( 'NONE', #343, .T. ) ;
#780 = EDGE_CURVE ( 'NONE', #1011, #947, #584, .T. ) ;
#781 = ORIENTED_EDGE ( 'NONE', *, *, #1190, .F. ) ;
#782 = DIRECTION ( 'NONE',  ( 0.000000000000000000, -1.000000000000000000, 0.000000000000000000 ) ) ;
#783 = DIRECTION ( 'NONE',  ( 0.000000000000000000, 0.000000000000000000, 1.000000000000000000 ) ) ;
#784 = AXIS2_PLACEMENT_3D ( 'NONE', #935, #181, #1385 ) ;
#785 = ORIENTED_EDGE ( 'NONE', *, *, #656, .T. ) ;
#786 = AXIS2_PLACEMENT_3D ( 'NONE', #329, #10, #1126 ) ;
#787 = VECTOR ( 'NONE', #1418, 1000.000000000000000 ) ;
#788 = DIRECTION ( 'NONE',  ( -0.000000000000000000, 1.000000000000000000, -0.000000000000000000 ) ) ;
#789 = AXIS2_PLACEMENT_3D ( 'NONE', #662, #1454, #350 ) ;
#790 = AXIS2_PLACEMENT_3D ( 'NONE', #958, #977, #522 ) ;
#791 = VERTEX_POINT ( 'NONE', #225 ) ;
#792 = DIRECTION ( 'NONE',  ( -0.000000000000000000, 1.000000000000000000, -0.000000000000000000 ) ) ;
#793 = EDGE_CURVE ( 'NONE', #1175, #561, #1115, .T. ) ;
#794 = AXIS2_PLACEMENT_3D ( 'NONE', #733, #521, #1204 ) ;
#795 = DIRECTION ( 'NONE',  ( 0.000000000000000000, -1.000000000000000000, 0.000000000000000000 ) ) ;
#796 = EDGE_LOOP ( 'NONE', ( #389, #475 ) ) ;
#797 = FACE_OUTER_BOUND ( 'NONE', #1427, .T. ) ;
#798 = ORIENTED_EDGE ( 'NONE', *, *, #1137, .F. ) ;
#799 = DIRECTION ( 'NONE',  ( -0.000000000000000000, 1.000000000000000000, -0.000000000000000000 ) ) ;
#800 = CARTESIAN_POINT ( 'NONE',  ( 67.50000000000002842, 6.250000000000005329, 41.59999999999999432 ) ) ;
#801 = EDGE_CURVE ( 'NONE', #750, #658, #673, .T. ) ;
#802 = EDGE_LOOP ( 'NONE', ( #600, #804, #516 ) ) ;
#803 = DIRECTION ( 'NONE',  ( 0.000000000000000000, 0.000000000000000000, 1.000000000000000000 ) ) ;
#804 = ORIENTED_EDGE ( 'NONE', *, *, #567, .T. ) ;
#805 = DIRECTION ( 'NONE',  ( -0.000000000000000000, 1.000000000000000000, -0.000000000000000000 ) ) ;
#806 = CARTESIAN_POINT ( 'NONE',  ( -67.49999999999997158, 35.00000000000000000, 44.99999999999999289 ) ) ;
#807 = ORIENTED_EDGE ( 'NONE', *, *, #388, .T. ) ;
#808 = ADVANCED_FACE ( 'NONE', ( #2 ), #130, .F. ) ;
#809 = AXIS2_PLACEMENT_3D ( 'NONE', #1070, #61, #1039 ) ;
#810 = CIRCLE ( 'NONE', #9, 4.999999999999984013 ) ;
#811 = ORIENTED_EDGE ( 'NONE', *, *, #98, .F. ) ;
#812 = DIRECTION ( 'NONE',  ( 0.000000000000000000, 0.000000000000000000, 1.000000000000000000 ) ) ;
#813 = VECTOR ( 'NONE', #881, 1000.000000000000000 ) ;
#814 = CARTESIAN_POINT ( 'NONE',  ( -74.99999999999998579, 35.00000000000000000, 59.99999999999997868 ) ) ;
#815 = AXIS2_PLACEMENT_3D ( 'NONE', #43, #270, #1055 ) ;
#816 = LINE ( 'NONE', #764, #967 ) ;
#817 = CARTESIAN_POINT ( 'NONE',  ( -75.00000000000001421, 0.000000000000000000, -60.00000000000002132 ) ) ;
#818 = EDGE_LOOP ( 'NONE', ( #430, #768, #545, #145 ) ) ;
#819 = CYLINDRICAL_SURFACE ( 'NONE', #174, 28.65000000000000213 ) ;
#820 = DIRECTION ( 'NONE',  ( 0.000000000000000000, 0.000000000000000000, 1.000000000000000000 ) ) ;
#821 = PLANE ( 'NONE',  #310 ) ;
#822 = DIRECTION ( 'NONE',  ( 0.000000000000000000, 0.000000000000000000, -1.000000000000000000 ) ) ;
#823 = CARTESIAN_POINT ( 'NONE',  ( -47.30999999999995964, 0.000000000000000000, -27.11427483817337247 ) ) ;
#824 = EDGE_LOOP ( 'NONE', ( #72, #1066, #366, #1184 ) ) ;
#825 = DIRECTION ( 'NONE',  ( -0.4384615384615395683, 0.000000000000000000, 0.8987499537078930123 ) ) ;
#826 = LINE ( 'NONE', #165, #246 ) ;
#827 = CARTESIAN_POINT ( 'NONE',  ( 28.50000000000000000, 0.000000000000000000, 33.00000000000000711 ) ) ;
#828 = CARTESIAN_POINT ( 'NONE',  ( -67.49999999999998579, 35.00000000000000000, -48.39999999999999147 ) ) ;
#829 = AXIS2_PLACEMENT_3D ( 'NONE', #1230, #494, #47 ) ;
#830 = AXIS2_PLACEMENT_3D ( 'NONE', #564, #680, #664 ) ;
#831 = VERTEX_POINT ( 'NONE', #570 ) ;
#832 = CARTESIAN_POINT ( 'NONE',  ( 67.50000000000000000, 4.207073895306306710, -45.00000000000002842 ) ) ;
#833 = CC_DESIGN_APPROVAL ( #349, ( #533 ) ) ;
#834 = DIRECTION ( 'NONE',  ( 0.000000000000000000, 0.000000000000000000, -1.000000000000000000 ) ) ;
#835 = LINE ( 'NONE', #1166, #1445 ) ;
#836 = DIRECTION ( 'NONE',  ( 0.4384615384615393463, 0.000000000000000000, -0.8987499537078930123 ) ) ;
#837 = PLANE ( 'NONE',  #575 ) ;
#838 = EDGE_CURVE ( 'NONE', #487, #15, #462, .T. ) ;
#839 = LINE ( 'NONE', #1287, #220 ) ;
#840 = ORIENTED_EDGE ( 'NONE', *, *, #841, .F. ) ;
#841 = EDGE_CURVE ( 'NONE', #520, #15, #11, .T. ) ;
#842 = CARTESIAN_POINT ( 'NONE',  ( -2.515561355437167337E-15, 18.50000000000000000, 41.08223460329294596 ) ) ;
#843 = ORIENTED_EDGE ( 'NONE', *, *, #1050, .F. ) ;
#844 = DIRECTION ( 'NONE',  ( -0.4384615384615362932, 0.000000000000000000, 0.8987499537078945666 ) ) ;
#845 = CARTESIAN_POINT ( 'NONE',  ( 28.50000000000000000, 0.000000000000000000, 0.000000000000000000 ) ) ;
#846 = ORIENTED_EDGE ( 'NONE', *, *, #585, .T. ) ;
#847 = SECURITY_CLASSIFICATION_LEVEL ( 'unclassified' ) ;
#848 = EDGE_CURVE ( 'NONE', #1319, #1011, #1231, .T. ) ;
#849 = DIRECTION ( 'NONE',  ( -0.000000000000000000, -1.000000000000000000, -0.000000000000000000 ) ) ;
#850 = AXIS2_PLACEMENT_3D ( 'NONE', #1049, #267, #721 ) ;
#851 = ORIENTED_EDGE ( 'NONE', *, *, #676, .T. ) ;
#852 = AXIS2_PLACEMENT_3D ( 'NONE', #1317, #994, #749 ) ;
#853 = DIRECTION ( 'NONE',  ( 0.000000000000000000, 0.000000000000000000, 1.000000000000000000 ) ) ;
#854 = AXIS2_PLACEMENT_3D ( 'NONE', #164, #1378, #955 ) ;
#855 = DIRECTION ( 'NONE',  ( -0.000000000000000000, 1.000000000000000000, -0.000000000000000000 ) ) ;
#856 = AXIS2_PLACEMENT_3D ( 'NONE', #1292, #16, #1222 ) ;
#857 = AXIS2_PLACEMENT_3D ( 'NONE', #842, #633, #860 ) ;
#858 = ORIENTED_EDGE ( 'NONE', *, *, #1193, .F. ) ;
#859 = APPROVAL_DATE_TIME ( #70, #1333 ) ;
#860 = DIRECTION ( 'NONE',  ( 0.000000000000000000, 0.000000000000000000, -1.000000000000000000 ) ) ;
#861 = EDGE_CURVE ( 'NONE', #438, #190, #439, .T. ) ;
#862 = ORIENTED_EDGE ( 'NONE', *, *, #995, .T. ) ;
#863 = CARTESIAN_POINT ( 'NONE',  ( -74.99999999999998579, 0.000000000000000000, 59.99999999999997868 ) ) ;
#864 = CARTESIAN_POINT ( 'NONE',  ( 52.50000000000002132, 10.00000000000000888, 57.49999999999998579 ) ) ;
#865 = VERTEX_POINT ( 'NONE', #1360 ) ;
#866 = APPROVAL_STATUS ( 'not_yet_approved' ) ;
#867 = CARTESIAN_POINT ( 'NONE',  ( -3.469446951953614189E-15, 0.000000000000000000, 23.91874699101307655 ) ) ;
#868 = ORIENTED_EDGE ( 'NONE', *, *, #894, .F. ) ;
#869 = DIRECTION ( 'NONE',  ( -0.000000000000000000, 1.000000000000000000, -0.000000000000000000 ) ) ;
#870 = EDGE_CURVE ( 'NONE', #915, #641, #114, .T. ) ;
#871 = ORIENTED_EDGE ( 'NONE', *, *, #371, .F. ) ;
#872 = DIRECTION ( 'NONE',  ( -0.000000000000000000, 1.000000000000000000, -0.000000000000000000 ) ) ;
#873 = EDGE_LOOP ( 'NONE', ( #566, #523, #321, #563 ) ) ;
#874 = CARTESIAN_POINT ( 'NONE',  ( 74.99999999999998579, 35.00000000000000000, -60.00000000000002132 ) ) ;
#875 = AXIS2_PLACEMENT_3D ( 'NONE', #1262, #705, #1148 ) ;
#876 = CIRCLE ( 'NONE', #1371, 30.49999999999998934 ) ;
#877 = EDGE_CURVE ( 'NONE', #791, #487, #670, .T. ) ;
#878 = CIRCLE ( 'NONE', #1416, 3.399999999999986144 ) ;
#879 = ORIENTED_EDGE ( 'NONE', *, *, #497, .F. ) ;
#880 = AXIS2_PLACEMENT_3D ( 'NONE', #1052, #144, #1260 ) ;
#881 = DIRECTION ( 'NONE',  ( 1.000000000000000000, 0.000000000000000000, 0.000000000000000000 ) ) ;
#882 = ORIENTED_EDGE ( 'NONE', *, *, #793, .F. ) ;
#883 = DIRECTION ( 'NONE',  ( 0.000000000000000000, 0.000000000000000000, 1.000000000000000000 ) ) ;
#884 = CARTESIAN_POINT ( 'NONE',  ( -2.515561355437167337E-15, 18.50000000000000000, -37.56776539670706683 ) ) ;
#885 = ADVANCED_FACE ( 'NONE', ( #1246 ), #80, .F. ) ;
#886 = ORIENTED_EDGE ( 'NONE', *, *, #378, .F. ) ;
#887 = ADVANCED_FACE ( 'NONE', ( #352 ), #201, .F. ) ;
#888 = FACE_OUTER_BOUND ( 'NONE', #420, .T. ) ;
#889 = APPROVAL ( #632, 'UNSPECIFIED' ) ;
#890 = ORIENTED_EDGE ( 'NONE', *, *, #319, .F. ) ;
#891 = DIRECTION ( 'NONE',  ( 0.000000000000000000, -1.000000000000000000, 0.000000000000000000 ) ) ;
#892 = DIRECTION ( 'NONE',  ( -0.000000000000000000, 1.000000000000000000, -0.000000000000000000 ) ) ;
#893 = ORIENTED_EDGE ( 'NONE', *, *, #1102, .F. ) ;
#894 = EDGE_CURVE ( 'NONE', #341, #770, #227, .T. ) ;
#895 = DIRECTION ( 'NONE',  ( -0.000000000000000000, 1.000000000000000000, -0.000000000000000000 ) ) ;
#896 = ORIENTED_EDGE ( 'NONE', *, *, #1413, .F. ) ;
#897 = CARTESIAN_POINT ( 'NONE',  ( -28.50000000000000000, 18.50000000000000000, -3.490243377569956456E-15 ) ) ;
#898 = CARTESIAN_POINT ( 'NONE',  ( -3.469446951953614189E-15, 0.000000000000000000, 26.41874699101307655 ) ) ;
#899 = VERTEX_POINT ( 'NONE', #344 ) ;
#900 = AXIS2_PLACEMENT_3D ( 'NONE', #911, #1349, #1356 ) ;
#901 = CIRCLE ( 'NONE', #1325, 4.999999999999984013 ) ;
#902 = DIRECTION ( 'NONE',  ( -0.000000000000000000, -1.000000000000000000, -0.000000000000000000 ) ) ;
#903 = CIRCLE ( 'NONE', #1234, 2.500000000000002220 ) ;
#904 = ORIENTED_EDGE ( 'NONE', *, *, #560, .F. ) ;
#905 = DIRECTION ( 'NONE',  ( 0.000000000000000000, -1.000000000000000000, 0.000000000000000000 ) ) ;
#906 = CARTESIAN_POINT ( 'NONE',  ( -3.469446951953614189E-15, 0.000000000000000000, 58.41874699101308721 ) ) ;
#907 = ORIENTED_EDGE ( 'NONE', *, *, #260, .F. ) ;
#908 = DIRECTION ( 'NONE',  ( -0.4384615384615376810, 0.000000000000000000, -0.8987499537078940115 ) ) ;
#909 = ORIENTED_EDGE ( 'NONE', *, *, #443, .F. ) ;
#910 = CARTESIAN_POINT ( 'NONE',  ( 15.93807692307695767, 18.50000000000000000, 25.74918617373116803 ) ) ;
#911 = CARTESIAN_POINT ( 'NONE',  ( -67.49999999999998579, 6.250000000000005329, -45.00000000000000711 ) ) ;
#912 = EDGE_CURVE ( 'NONE', #286, #424, #901, .T. ) ;
#913 = ORIENTED_EDGE ( 'NONE', *, *, #1121, .T. ) ;
#914 = CARTESIAN_POINT ( 'NONE',  ( -52.50000000000000000, 10.00000000000000888, -57.49999999999997158 ) ) ;
#915 = VERTEX_POINT ( 'NONE', #578 ) ;
#916 = DIRECTION ( 'NONE',  ( -0.000000000000000000, -1.000000000000000000, -0.000000000000000000 ) ) ;
#917 = DIRECTION ( 'NONE',  ( -0.000000000000000000, 1.000000000000000000, -0.000000000000000000 ) ) ;
#918 = VERTEX_POINT ( 'NONE', #1251 ) ;
#919 = AXIS2_PLACEMENT_3D ( 'NONE', #1336, #1311, #1100 ) ;
#920 = CYLINDRICAL_SURFACE ( 'NONE', #1303, 3.399999999999986144 ) ;
#921 = CONICAL_SURFACE ( 'NONE', #1323, 3.399999999999986144, 1.029744258676652313 ) ;
#922 = ORIENTED_EDGE ( 'NONE', *, *, #656, .F. ) ;
#923 = VECTOR ( 'NONE', #869, 1000.000000000000000 ) ;
#924 = DIRECTION ( 'NONE',  ( -0.000000000000000000, 1.000000000000000000, -0.000000000000000000 ) ) ;
#925 = TOROIDAL_SURFACE ( 'NONE', #407, 30.50000000000000711, 2.500000000000002220 ) ;
#926 = FACE_BOUND ( 'NONE', #315, .T. ) ;
#927 = ORGANIZATION ( 'UNSPECIFIED', 'UNSPECIFIED', '' ) ;
#928 = DIRECTION ( 'NONE',  ( 0.000000000000000000, 0.000000000000000000, 1.000000000000000000 ) ) ;
#929 = CARTESIAN_POINT ( 'NONE',  ( 28.50000000000000000, 18.50000000000000000, 0.000000000000000000 ) ) ;
#930 = EDGE_CURVE ( 'NONE', #1437, #701, #694, .T. ) ;
#931 = EDGE_CURVE ( 'NONE', #947, #672, #380, .T. ) ;
#932 = CARTESIAN_POINT ( 'NONE',  ( -28.50000000000000000, 2.500000000000002220, -3.490243377569956456E-15 ) ) ;
#933 = ORIENTED_EDGE ( 'NONE', *, *, #766, .F. ) ;
#934 = FACE_BOUND ( 'NONE', #473, .T. ) ;
#935 = CARTESIAN_POINT ( 'NONE',  ( 28.50000000000000000, 0.000000000000000000, 0.000000000000000000 ) ) ;
#936 = CARTESIAN_POINT ( 'NONE',  ( 74.99999999999998579, 0.000000000000000000, -60.00000000000002132 ) ) ;
#937 = EDGE_CURVE ( 'NONE', #775, #190, #55, .T. ) ;
#938 = DIRECTION ( 'NONE',  ( 0.000000000000000000, 0.000000000000000000, 1.000000000000000000 ) ) ;
#939 = DIRECTION ( 'NONE',  ( 0.000000000000000000, -0.000000000000000000, 1.000000000000000000 ) ) ;
#940 = CC_DESIGN_DATE_AND_TIME_ASSIGNMENT ( #1085, #1289, ( #533 ) ) ;
#941 = DIRECTION ( 'NONE',  ( -1.000000000000000000, -0.000000000000000000, -0.000000000000000000 ) ) ;
#942 = DIRECTION ( 'NONE',  ( 0.000000000000000000, 0.000000000000000000, 1.000000000000000000 ) ) ;
#943 = TOROIDAL_SURFACE ( 'NONE', #919, 30.49999999999999289, 2.500000000000002220 ) ;
#944 = DIRECTION ( 'NONE',  ( -0.000000000000000000, 1.000000000000000000, -0.000000000000000000 ) ) ;
#945 = AXIS2_PLACEMENT_3D ( 'NONE', #471, #218, #1113 ) ;
#946 = AXIS2_PLACEMENT_3D ( 'NONE', #454, #1131, #883 ) ;
#947 = VERTEX_POINT ( 'NONE', #1036 ) ;
#948 = DIRECTION ( 'NONE',  ( -0.000000000000000000, 1.000000000000000000, -0.000000000000000000 ) ) ;
#949 = ADVANCED_FACE ( 'NONE', ( #259 ), #819, .F. ) ;
#950 = AXIS2_PLACEMENT_3D ( 'NONE', #984, #57, #534 ) ;
#951 = PLANE ( 'NONE',  #1439 ) ;
#952 = EDGE_LOOP ( 'NONE', ( #1407, #1410, #119, #1294 ) ) ;
#953 = LINE ( 'NONE', #79, #456 ) ;
#954 = EDGE_LOOP ( 'NONE', ( #538, #1250, #1124 ) ) ;
#955 = DIRECTION ( 'NONE',  ( 0.000000000000000000, 0.000000000000000000, -1.000000000000000000 ) ) ;
#956 = EDGE_CURVE ( 'NONE', #1024, #978, #1065, .T. ) ;
#957 = EDGE_LOOP ( 'NONE', ( #353, #685, #206 ) ) ;
#958 = CARTESIAN_POINT ( 'NONE',  ( 28.50000000000000000, 2.500000000000002220, 0.000000000000000000 ) ) ;
#959 = VERTEX_POINT ( 'NONE', #823 ) ;
#960 = LINE ( 'NONE', #1442, #288 ) ;
#961 = DIRECTION ( 'NONE',  ( 0.8216446920658596609, 0.000000000000000000, 0.5699999999999989519 ) ) ;
#962 = ORIENTED_EDGE ( 'NONE', *, *, #976, .F. ) ;
#963 = EDGE_CURVE ( 'NONE', #13, #1071, #107, .T. ) ;
#964 = FACE_OUTER_BOUND ( 'NONE', #1214, .T. ) ;
#965 = CIRCLE ( 'NONE', #1112, 2.500000000000001332 ) ;
#966 = ORIENTED_EDGE ( 'NONE', *, *, #1190, .T. ) ;
#967 = VECTOR ( 'NONE', #981, 1000.000000000000000 ) ;
#968 = DIRECTION ( 'NONE',  ( -0.000000000000000000, -1.000000000000000000, -0.000000000000000000 ) ) ;
#969 = DIRECTION ( 'NONE',  ( 0.000000000000000000, -0.000000000000000000, -1.000000000000000000 ) ) ;
#970 = CIRCLE ( 'NONE', #1374, 30.49999999999998934 ) ;
#971 = CIRCLE ( 'NONE', #744, 3.399999999999986144 ) ;
#972 = ORIENTED_EDGE ( 'NONE', *, *, #17, .T. ) ;
#973 = EDGE_CURVE ( 'NONE', #918, #193, #250, .T. ) ;
#974 = COORDINATED_UNIVERSAL_TIME_OFFSET ( 7, 0, .AHEAD. ) ;
#975 = AXIS2_PLACEMENT_3D ( 'NONE', #231, #1108, #1123 ) ;
#976 = EDGE_CURVE ( 'NONE', #542, #1071, #970, .T. ) ;
#977 = DIRECTION ( 'NONE',  ( -0.000000000000000000, 1.000000000000000000, -0.000000000000000000 ) ) ;
#978 = VERTEX_POINT ( 'NONE', #597 ) ;
#979 = DIRECTION ( 'NONE',  ( -0.000000000000000000, 1.000000000000000000, -0.000000000000000000 ) ) ;
#980 = PRODUCT_RELATED_PRODUCT_CATEGORY ( 'detail', '', ( #1422 ) ) ;
#981 = DIRECTION ( 'NONE',  ( 0.000000000000000000, 0.5150380749100560429, 0.8571673007021112234 ) ) ;
#982 = ORIENTED_EDGE ( 'NONE', *, *, #912, .F. ) ;
#983 = APPROVAL_DATE_TIME ( #1078, #349 ) ;
#984 = CARTESIAN_POINT ( 'NONE',  ( 67.50000000000002842, 35.00000000000000000, 44.99999999999997868 ) ) ;
#985 = ORIENTED_EDGE ( 'NONE', *, *, #780, .T. ) ;
#986 = FACE_OUTER_BOUND ( 'NONE', #203, .T. ) ;
#987 = CARTESIAN_POINT ( 'NONE',  ( 52.50000000000002132, 10.00000000000000888, 52.50000000000000711 ) ) ;
#988 = ORIENTED_EDGE ( 'NONE', *, *, #1316, .F. ) ;
#989 = CARTESIAN_POINT ( 'NONE',  ( -3.577116575637162026E-15, 2.500000000000002220, 58.41874699101308721 ) ) ;
#990 = ORIENTED_EDGE ( 'NONE', *, *, #235, .F. ) ;
#991 = FACE_OUTER_BOUND ( 'NONE', #1187, .T. ) ;
#992 = ADVANCED_FACE ( 'NONE', ( #157 ), #999, .F. ) ;
#993 = AXIS2_PLACEMENT_3D ( 'NONE', #609, #160, #489 ) ;
#994 = DIRECTION ( 'NONE',  ( 0.000000000000000000, -1.000000000000000000, 0.000000000000000000 ) ) ;
#995 = EDGE_CURVE ( 'NONE', #424, #899, #1045, .T. ) ;
#996 = TOROIDAL_SURFACE ( 'NONE', #104, 34.50000000000000711, 2.500000000000002220 ) ;
#997 = AXIS2_PLACEMENT_3D ( 'NONE', #431, #607, #264 ) ;
#998 = VERTEX_POINT ( 'NONE', #1144 ) ;
#999 = CONICAL_SURFACE ( 'NONE', #175, 3.399999999999986144, 1.029744258676652313 ) ;
#1000 = LOCAL_TIME ( 12, 16, 36.00000000000000000, #1179 ) ;
#1001 = PLANE ( 'NONE',  #56 ) ;
#1002 = ORIENTED_EDGE ( 'NONE', *, *, #280, .T. ) ;
#1003 = DIRECTION ( 'NONE',  ( 0.000000000000000000, 0.000000000000000000, 1.000000000000000000 ) ) ;
#1004 = DIRECTION ( 'NONE',  ( 0.000000000000000000, -1.000000000000000000, 0.000000000000000000 ) ) ;
#1005 = EDGE_CURVE ( 'NONE', #915, #1216, #591, .T. ) ;
#1006 = ORIENTED_EDGE ( 'NONE', *, *, #378, .T. ) ;
#1007 = PLANE ( 'NONE',  #789 ) ;
#1008 = VERTEX_POINT ( 'NONE', #45 ) ;
#1009 = DIRECTION ( 'NONE',  ( -0.000000000000000000, -1.000000000000000000, -0.000000000000000000 ) ) ;
#1010 = CARTESIAN_POINT ( 'NONE',  ( -52.50000000000000000, 10.00000000000000888, -52.49999999999999289 ) ) ;
#1011 = VERTEX_POINT ( 'NONE', #38 ) ;
#1012 = CARTESIAN_POINT ( 'NONE',  ( -75.00000000000001421, 35.00000000000000000, -60.00000000000002132 ) ) ;
#1013 = EDGE_CURVE ( 'NONE', #117, #238, #724, .T. ) ;
#1014 = ORIENTED_EDGE ( 'NONE', *, *, #298, .F. ) ;
#1015 = DIRECTION ( 'NONE',  ( -0.000000000000000000, -1.000000000000000000, -0.000000000000000000 ) ) ;
#1016 = AXIS2_PLACEMENT_3D ( 'NONE', #1293, #1273, #834 ) ;
#1017 = ORIENTED_EDGE ( 'NONE', *, *, #124, .F. ) ;
#1018 = VECTOR ( 'NONE', #129, 1000.000000000000000 ) ;
#1019 = AXIS2_PLACEMENT_3D ( 'NONE', #245, #1139, #135 ) ;
#1020 = CARTESIAN_POINT ( 'NONE',  ( -67.49999999999998579, 35.00000000000000000, -45.00000000000000711 ) ) ;
#1021 = VECTOR ( 'NONE', #1377, 1000.000000000000000 ) ;
#1022 = EDGE_CURVE ( 'NONE', #641, #1216, #131, .T. ) ;
#1023 = AXIS2_PLACEMENT_3D ( 'NONE', #929, #595, #1042 ) ;
#1024 = VERTEX_POINT ( 'NONE', #1382 ) ;
#1025 = DIRECTION ( 'NONE',  ( -0.4384615384615376810, 0.000000000000000000, -0.8987499537078940115 ) ) ;
#1026 = CARTESIAN_POINT ( 'NONE',  ( -52.50000000000000000, 25.00000000000000000, -47.49999999999999289 ) ) ;
#1027 = ORIENTED_EDGE ( 'NONE', *, *, #124, .T. ) ;
#1028 =( LENGTH_UNIT ( ) NAMED_UNIT ( * ) SI_UNIT ( .MILLI., .METRE. ) );
#1029 = EDGE_LOOP ( 'NONE', ( #7, #572, #179, #125 ) ) ;
#1030 = CARTESIAN_POINT ( 'NONE',  ( 47.30999999999997385, 0.000000000000000000, -27.11427483817337247 ) ) ;
#1031 = ORIENTED_EDGE ( 'NONE', *, *, #499, .T. ) ;
#1032 = LINE ( 'NONE', #1026, #1414 ) ;
#1033 = DIRECTION ( 'NONE',  ( 0.000000000000000000, 0.000000000000000000, 1.000000000000000000 ) ) ;
#1034 = APPLICATION_PROTOCOL_DEFINITION ( 'international standard', 'config_control_design', 1994, #182 ) ;
#1035 = EDGE_LOOP ( 'NONE', ( #1196, #586, #511 ) ) ;
#1036 = CARTESIAN_POINT ( 'NONE',  ( -44.83049999999996515, 2.500000000000002220, -23.54012042768688318 ) ) ;
#1037 = CARTESIAN_POINT ( 'NONE',  ( 67.50000000000002842, 35.00000000000000000, 44.99999999999997868 ) ) ;
#1038 = EDGE_CURVE ( 'NONE', #1095, #520, #1151, .T. ) ;
#1039 = DIRECTION ( 'NONE',  ( 0.000000000000000000, 0.000000000000000000, 1.000000000000000000 ) ) ;
#1040 = CLOSED_SHELL ( 'NONE', ( #756, #345, #167, #1329, #1195, #719, #611, #292, #1435, #992, #1064, #1256, #347, #1103, #88, #406, #208, #491, #5, #531, #1264, #482, #116, #149, #887, #226, #242, #1229, #109, #1239, #337, #196, #1402, #434, #1381, #1326, #949, #1145, #1086, #86, #808, #1083, #301, #1243, #885, #469, #386, #1318, #23, #1453 ) ) ;
#1041 = CIRCLE ( 'NONE', #151, 80.50000000000001421 ) ;
#1042 = DIRECTION ( 'NONE',  ( 0.000000000000000000, 0.000000000000000000, -1.000000000000000000 ) ) ;
#1043 = VERTEX_POINT ( 'NONE', #828 ) ;
#1044 = CIRCLE ( 'NONE', #249, 32.00000000000000711 ) ;
#1045 = LINE ( 'NONE', #476, #1069 ) ;
#1046 = AXIS2_PLACEMENT_3D ( 'NONE', #1079, #650, #281 ) ;
#1047 = EDGE_LOOP ( 'NONE', ( #798, #223, #69, #197 ) ) ;
#1048 = DIRECTION ( 'NONE',  ( 1.000000000000000000, 0.000000000000000000, 0.000000000000000000 ) ) ;
#1049 = CARTESIAN_POINT ( 'NONE',  ( -67.49999999999997158, 35.00000000000000000, 44.99999999999999289 ) ) ;
#1050 = EDGE_CURVE ( 'NONE', #4, #998, #338, .T. ) ;
#1051 = DIRECTION ( 'NONE',  ( -1.000000000000000000, -0.000000000000000000, -0.000000000000000000 ) ) ;
#1052 = CARTESIAN_POINT ( 'NONE',  ( -28.50000000000000000, 0.000000000000000000, 30.49999999999998934 ) ) ;
#1053 = DIRECTION ( 'NONE',  ( 2.312964634635743450E-16, 0.000000000000000000, 1.000000000000000000 ) ) ;
#1054 = LINE ( 'NONE', #712, #198 ) ;
#1055 = DIRECTION ( 'NONE',  ( 0.000000000000000000, 0.000000000000000000, 1.000000000000000000 ) ) ;
#1056 = EDGE_CURVE ( 'NONE', #1008, #672, #1167, .T. ) ;
#1057 = CYLINDRICAL_SURFACE ( 'NONE', #362, 3.399999999999986144 ) ;
#1058 = DIRECTION ( 'NONE',  ( -0.000000000000000000, 1.000000000000000000, -0.000000000000000000 ) ) ;
#1059 = CARTESIAN_POINT ( 'NONE',  ( -45.88499999999999091, 2.500000000000002220, -25.06016310800869462 ) ) ;
#1060 = APPROVAL_ROLE ( '' ) ;
#1061 = CIRCLE ( 'NONE', #1016, 78.65000000000000568 ) ;
#1062 = CYLINDRICAL_SURFACE ( 'NONE', #622, 3.399999999999986144 ) ;
#1063 = CIRCLE ( 'NONE', #1089, 3.399999999999986144 ) ;
#1064 = ADVANCED_FACE ( 'NONE', ( #1174 ), #1057, .F. ) ;
#1065 = CIRCLE ( 'NONE', #740, 3.399999999999986144 ) ;
#1066 = ORIENTED_EDGE ( 'NONE', *, *, #1022, .F. ) ;
#1067 = CARTESIAN_POINT ( 'NONE',  ( -75.00000000000001421, 35.00000000000000000, -60.00000000000002132 ) ) ;
#1068 = EDGE_CURVE ( 'NONE', #561, #15, #468, .T. ) ;
#1069 = VECTOR ( 'NONE', #708, 1000.000000000000000 ) ;
#1070 = CARTESIAN_POINT ( 'NONE',  ( -67.49999999999998579, 35.00000000000000000, -45.00000000000000711 ) ) ;
#1071 = VERTEX_POINT ( 'NONE', #357 ) ;
#1072 = MECHANICAL_CONTEXT ( 'NONE', #182, 'mechanical' ) ;
#1073 = FACE_OUTER_BOUND ( 'NONE', #1130, .T. ) ;
#1074 = ORIENTED_EDGE ( 'NONE', *, *, #593, .T. ) ;
#1075 = CARTESIAN_POINT ( 'NONE',  ( -15.93807692307691681, 18.50000000000000000, 25.74918617373113960 ) ) ;
#1076 = DIRECTION ( 'NONE',  ( -0.000000000000000000, 1.000000000000000000, -0.000000000000000000 ) ) ;
#1077 = ORIENTED_EDGE ( 'NONE', *, *, #472, .T. ) ;
#1078 = DATE_AND_TIME ( #508, #698 ) ;
#1079 = CARTESIAN_POINT ( 'NONE',  ( -28.50000000000000000, 0.000000000000000000, -3.469446951953614189E-15 ) ) ;
#1080 = EDGE_LOOP ( 'NONE', ( #1017, #594, #351, #551, #435, #535, #651, #933 ) ) ;
#1081 = CARTESIAN_POINT ( 'NONE',  ( -52.50000000000000000, 35.00000000000000000, -47.49999999999999289 ) ) ;
#1082 = CARTESIAN_POINT ( 'NONE',  ( -2.515561355437167337E-15, 2.500000000000002220, -37.56776539670706683 ) ) ;
#1083 = ADVANCED_FACE ( 'NONE', ( #391 ), #71, .F. ) ;
#1084 = EDGE_LOOP ( 'NONE', ( #1107, #1245, #1331, #1440 ) ) ;
#1085 = DATE_AND_TIME ( #166, #1258 ) ;
#1086 = ADVANCED_FACE ( 'NONE', ( #1406 ), #506, .F. ) ;
#1087 = CARTESIAN_POINT ( 'NONE',  ( -3.577116575637162026E-15, 18.50000000000000000, 58.41874699101308721 ) ) ;
#1088 = ORIENTED_EDGE ( 'NONE', *, *, #1432, .T. ) ;
#1089 = AXIS2_PLACEMENT_3D ( 'NONE', #806, #457, #346 ) ;
#1090 = CARTESIAN_POINT ( 'NONE',  ( -74.99999999999998579, 35.00000000000000000, 59.99999999999997868 ) ) ;
#1091 = CONICAL_SURFACE ( 'NONE', #856, 4.999999999999984013, 1.029744258676652757 ) ;
#1092 = DIRECTION ( 'NONE',  ( 2.312964634635742957E-16, 0.000000000000000000, 1.000000000000000000 ) ) ;
#1093 = VECTOR ( 'NONE', #276, 1000.000000000000000 ) ;
#1094 = AXIS2_PLACEMENT_3D ( 'NONE', #14, #460, #803 ) ;
#1095 = VERTEX_POINT ( 'NONE', #1320 ) ;
#1096 = PERSON_AND_ORGANIZATION ( #436, #927 ) ;
#1097 = LINE ( 'NONE', #185, #555 ) ;
#1098 = VERTEX_POINT ( 'NONE', #64 ) ;
#1099 = DIRECTION ( 'NONE',  ( -0.8987499537078932343, 0.000000000000000000, 0.4384615384615391798 ) ) ;
#1100 = DIRECTION ( 'NONE',  ( 0.000000000000000000, 0.000000000000000000, 1.000000000000000000 ) ) ;
#1101 = ORIENTED_EDGE ( 'NONE', *, *, #371, .T. ) ;
#1102 = EDGE_CURVE ( 'NONE', #831, #918, #532, .T. ) ;
#1103 = ADVANCED_FACE ( 'NONE', ( #1073 ), #192, .T. ) ;
#1104 = ORIENTED_EDGE ( 'NONE', *, *, #388, .F. ) ;
#1105 = CARTESIAN_POINT ( 'NONE',  ( 28.50000000000000000, 2.500000000000002220, 0.000000000000000000 ) ) ;
#1106 = CARTESIAN_POINT ( 'NONE',  ( -75.00000000000001421, 35.00000000000000000, -60.00000000000002132 ) ) ;
#1107 = ORIENTED_EDGE ( 'NONE', *, *, #732, .T. ) ;
#1108 = DIRECTION ( 'NONE',  ( -0.000000000000000000, 1.000000000000000000, -0.000000000000000000 ) ) ;
#1109 = ORIENTED_EDGE ( 'NONE', *, *, #106, .T. ) ;
#1110 = CARTESIAN_POINT ( 'NONE',  ( 52.50000000000002132, 35.00000000000000000, 47.50000000000000711 ) ) ;
#1111 = EDGE_CURVE ( 'NONE', #216, #299, #290, .T. ) ;
#1112 = AXIS2_PLACEMENT_3D ( 'NONE', #1436, #961, #205 ) ;
#1113 = DIRECTION ( 'NONE',  ( 0.000000000000000000, -0.000000000000000000, -1.000000000000000000 ) ) ;
#1114 = CIRCLE ( 'NONE', #829, 32.99999999999998579 ) ;
#1115 = CIRCLE ( 'NONE', #505, 34.50000000000000711 ) ;
#1116 = ORIENTED_EDGE ( 'NONE', *, *, #766, .T. ) ;
#1117 = FACE_OUTER_BOUND ( 'NONE', #952, .T. ) ;
#1118 = ORIENTED_EDGE ( 'NONE', *, *, #1451, .F. ) ;
#1119 = DIRECTION ( 'NONE',  ( -0.000000000000000000, 1.000000000000000000, -0.000000000000000000 ) ) ;
#1120 = DIRECTION ( 'NONE',  ( 0.000000000000000000, -0.000000000000000000, -1.000000000000000000 ) ) ;
#1121 = EDGE_CURVE ( 'NONE', #500, #978, #1290, .T. ) ;
#1122 = ORIENTED_EDGE ( 'NONE', *, *, #1451, .T. ) ;
#1123 = DIRECTION ( 'NONE',  ( 0.000000000000000000, 0.000000000000000000, 1.000000000000000000 ) ) ;
#1124 = ORIENTED_EDGE ( 'NONE', *, *, #257, .T. ) ;
#1125 = DIRECTION ( 'NONE',  ( -0.000000000000000000, -1.000000000000000000, -0.000000000000000000 ) ) ;
#1126 = DIRECTION ( 'NONE',  ( 0.000000000000000000, 0.000000000000000000, -1.000000000000000000 ) ) ;
#1127 = ORIENTED_EDGE ( 'NONE', *, *, #1038, .F. ) ;
#1128 = EDGE_CURVE ( 'NONE', #395, #90, #1398, .T. ) ;
#1129 = DIRECTION ( 'NONE',  ( 0.000000000000000000, 0.000000000000000000, 1.000000000000000000 ) ) ;
#1130 = EDGE_LOOP ( 'NONE', ( #58, #693, #467, #646 ) ) ;
#1131 = DIRECTION ( 'NONE',  ( 0.000000000000000000, 1.000000000000000000, 0.000000000000000000 ) ) ;
#1132 = DIRECTION ( 'NONE',  ( 0.000000000000000000, 0.000000000000000000, 1.000000000000000000 ) ) ;
#1133 = ORIENTED_EDGE ( 'NONE', *, *, #1212, .F. ) ;
#1134 = AXIS2_PLACEMENT_3D ( 'NONE', #1037, #601, #1384 ) ;
#1135 = AXIS2_PLACEMENT_3D ( 'NONE', #294, #1099, #180 ) ;
#1136 = AXIS2_PLACEMENT_3D ( 'NONE', #1020, #546, #112 ) ;
#1137 = EDGE_CURVE ( 'NONE', #309, #1175, #903, .T. ) ;
#1138 = ORIENTED_EDGE ( 'NONE', *, *, #1013, .T. ) ;
#1139 = DIRECTION ( 'NONE',  ( -0.000000000000000000, -1.000000000000000000, -0.000000000000000000 ) ) ;
#1140 = CYLINDRICAL_SURFACE ( 'NONE', #598, 78.65000000000000568 ) ;
#1141 = ORIENTED_EDGE ( 'NONE', *, *, #60, .F. ) ;
#1142 = DIRECTION ( 'NONE',  ( -0.000000000000000000, 1.000000000000000000, -0.000000000000000000 ) ) ;
#1143 = VERTEX_POINT ( 'NONE', #1313 ) ;
#1144 = CARTESIAN_POINT ( 'NONE',  ( 67.50000000000001421, 35.00000000000000000, -48.40000000000001279 ) ) ;
#1145 = ADVANCED_FACE ( 'NONE', ( #964 ), #1215, .F. ) ;
#1146 = ORIENTED_EDGE ( 'NONE', *, *, #838, .F. ) ;
#1147 = CARTESIAN_POINT ( 'NONE',  ( -3.577116575637162026E-15, 2.500000000000002220, 22.06874699101307868 ) ) ;
#1148 = DIRECTION ( 'NONE',  ( 0.000000000000000000, 0.000000000000000000, 1.000000000000000000 ) ) ;
#1149 = CARTESIAN_POINT ( 'NONE',  ( 52.50000000000002132, 35.00000000000000000, 52.50000000000000711 ) ) ;
#1150 = ORIENTED_EDGE ( 'NONE', *, *, #189, .F. ) ;
#1151 = LINE ( 'NONE', #253, #671 ) ;
#1152 = ORIENTED_EDGE ( 'NONE', *, *, #464, .T. ) ;
#1153 = DIRECTION ( 'NONE',  ( 0.000000000000000000, 1.000000000000000000, 0.000000000000000000 ) ) ;
#1154 = EDGE_CURVE ( 'NONE', #13, #959, #1278, .T. ) ;
#1155 = FACE_OUTER_BOUND ( 'NONE', #1259, .T. ) ;
#1156 = CIRCLE ( 'NONE', #525, 2.500000000000002220 ) ;
#1157 = CIRCLE ( 'NONE', #527, 4.999999999999997335 ) ;
#1158 = CARTESIAN_POINT ( 'NONE',  ( 67.50000000000002842, 6.250000000000005329, 44.99999999999997868 ) ) ;
#1159 = VECTOR ( 'NONE', #1434, 1000.000000000000000 ) ;
#1160 = VECTOR ( 'NONE', #836, 1000.000000000000227 ) ;
#1161 = CARTESIAN_POINT ( 'NONE',  ( -2.515561355437167337E-15, 2.500000000000002220, 41.08223460329294596 ) ) ;
#1162 = PRODUCT_DEFINITION_FORMATION_WITH_SPECIFIED_SOURCE ( 'ANY', '', #1422, .NOT_KNOWN. ) ;
#1163 = CARTESIAN_POINT ( 'NONE',  ( -28.50000000000000000, 2.500000000000002220, -3.490243377569956456E-15 ) ) ;
#1164 = DIRECTION ( 'NONE',  ( -0.000000000000000000, 1.000000000000000000, -0.000000000000000000 ) ) ;
#1165 = EDGE_CURVE ( 'NONE', #251, #770, #1431, .T. ) ;
#1166 = CARTESIAN_POINT ( 'NONE',  ( 74.99999999999998579, 35.00000000000000000, -60.00000000000002132 ) ) ;
#1167 = LINE ( 'NONE', #617, #480 ) ;
#1168 = ORIENTED_EDGE ( 'NONE', *, *, #1173, .F. ) ;
#1169 = PLANE ( 'NONE',  #765 ) ;
#1170 = CARTESIAN_POINT ( 'NONE',  ( 67.50000000000001421, 4.207073895306306710, 44.99999999999997868 ) ) ;
#1171 = EDGE_CURVE ( 'NONE', #90, #299, #1186, .T. ) ;
#1172 = PERSON_AND_ORGANIZATION_ROLE ( 'design_supplier' ) ;
#1173 = EDGE_CURVE ( 'NONE', #1098, #438, #408, .T. ) ;
#1174 = FACE_OUTER_BOUND ( 'NONE', #1029, .T. ) ;
#1175 = VERTEX_POINT ( 'NONE', #297 ) ;
#1176 = CARTESIAN_POINT ( 'NONE',  ( 74.99999999999998579, 35.00000000000000000, -60.00000000000002132 ) ) ;
#1177 = CARTESIAN_POINT ( 'NONE',  ( 52.50000000000001421, 6.995696904862208854, 52.50000000000000711 ) ) ;
#1178 = ORIENTED_EDGE ( 'NONE', *, *, #700, .T. ) ;
#1179 = COORDINATED_UNIVERSAL_TIME_OFFSET ( 7, 0, .AHEAD. ) ;
#1180 = AXIS2_PLACEMENT_3D ( 'NONE', #195, #1202, #969 ) ;
#1181 = DIRECTION ( 'NONE',  ( -1.000000000000000000, -0.000000000000000000, -0.000000000000000000 ) ) ;
#1182 = AXIS2_PLACEMENT_3D ( 'NONE', #1067, #373, #50 ) ;
#1183 = AXIS2_PLACEMENT_3D ( 'NONE', #754, #194, #762 ) ;
#1184 = ORIENTED_EDGE ( 'NONE', *, *, #1241, .T. ) ;
#1185 = DIRECTION ( 'NONE',  ( 0.000000000000000000, 0.000000000000000000, -1.000000000000000000 ) ) ;
#1186 = CIRCLE ( 'NONE', #289, 3.399999999999986144 ) ;
#1187 = EDGE_LOOP ( 'NONE', ( #666, #418, #173 ) ) ;
#1188 = APPROVAL_STATUS ( 'not_yet_approved' ) ;
#1189 = CARTESIAN_POINT ( 'NONE',  ( -75.00000000000001421, 35.00000000000000000, -60.00000000000002132 ) ) ;
#1190 = EDGE_CURVE ( 'NONE', #663, #918, #1097, .T. ) ;
#1191 = EDGE_LOOP ( 'NONE', ( #893, #415, #1146, #731, #306 ) ) ;
#1192 = CARTESIAN_POINT ( 'NONE',  ( 67.50000000000001421, 35.00000000000000000, -41.60000000000003695 ) ) ;
#1193 = EDGE_CURVE ( 'NONE', #122, #395, #953, .T. ) ;
#1194 = FACE_OUTER_BOUND ( 'NONE', #1047, .T. ) ;
#1195 = ADVANCED_FACE ( 'NONE', ( #540 ), #1062, .F. ) ;
#1196 = ORIENTED_EDGE ( 'NONE', *, *, #280, .F. ) ;
#1197 = PERSON_AND_ORGANIZATION ( #436, #927 ) ;
#1198 = DIRECTION ( 'NONE',  ( 1.049727191138617340E-16, 0.5150380749100560429, -0.8571673007021112234 ) ) ;
#1199 = ORIENTED_EDGE ( 'NONE', *, *, #1344, .F. ) ;
#1200 = DIRECTION ( 'NONE',  ( -0.000000000000000000, 1.000000000000000000, -0.000000000000000000 ) ) ;
#1201 = EDGE_CURVE ( 'NONE', #1301, #750, #745, .T. ) ;
#1202 = DIRECTION ( 'NONE',  ( 0.000000000000000000, -1.000000000000000000, 0.000000000000000000 ) ) ;
#1203 = ORIENTED_EDGE ( 'NONE', *, *, #801, .F. ) ;
#1204 = DIRECTION ( 'NONE',  ( 1.000000000000000000, 0.000000000000000000, 0.000000000000000000 ) ) ;
#1205 = DIRECTION ( 'NONE',  ( 0.000000000000000000, 0.000000000000000000, 1.000000000000000000 ) ) ;
#1206 = AXIS2_PLACEMENT_3D ( 'NONE', #845, #284, #739 ) ;
#1207 = ORIENTED_EDGE ( 'NONE', *, *, #1111, .F. ) ;
#1208 = CARTESIAN_POINT ( 'NONE',  ( -67.49999999999998579, 6.250000000000005329, -41.60000000000001563 ) ) ;
#1209 = AXIS2_PLACEMENT_3D ( 'NONE', #492, #162, #812 ) ;
#1210 = DIRECTION ( 'NONE',  ( -0.000000000000000000, 1.000000000000000000, -0.000000000000000000 ) ) ;
#1211 = CIRCLE ( 'NONE', #429, 34.50000000000000711 ) ;
#1212 = EDGE_CURVE ( 'NONE', #117, #251, #1249, .T. ) ;
#1213 = CIRCLE ( 'NONE', #674, 78.65000000000000568 ) ;
#1214 = EDGE_LOOP ( 'NONE', ( #990, #761, #985, #679 ) ) ;
#1215 = CYLINDRICAL_SURFACE ( 'NONE', #857, 78.65000000000000568 ) ;
#1216 = VERTEX_POINT ( 'NONE', #221 ) ;
#1217 = DIRECTION ( 'NONE',  ( -0.000000000000000000, 1.000000000000000000, -0.000000000000000000 ) ) ;
#1218 = ORIENTED_EDGE ( 'NONE', *, *, #1050, .T. ) ;
#1219 = EDGE_CURVE ( 'NONE', #978, #998, #118, .T. ) ;
#1220 = CARTESIAN_POINT ( 'NONE',  ( -15.93807692307691681, 18.50000000000000000, 25.74918617373113960 ) ) ;
#1221 = ORIENTED_EDGE ( 'NONE', *, *, #260, .T. ) ;
#1222 = DIRECTION ( 'NONE',  ( 0.000000000000000000, 0.000000000000000000, 1.000000000000000000 ) ) ;
#1223 = DIRECTION ( 'NONE',  ( 8.476833739502721459E-16, 0.000000000000000000, -1.000000000000000000 ) ) ;
#1224 = ORIENTED_EDGE ( 'NONE', *, *, #734, .T. ) ;
#1225 = DIRECTION ( 'NONE',  ( 0.000000000000000000, -1.000000000000000000, 0.000000000000000000 ) ) ;
#1226 = ORIENTED_EDGE ( 'NONE', *, *, #976, .T. ) ;
#1227 = DIRECTION ( 'NONE',  ( 2.312964634635742957E-16, 0.000000000000000000, 1.000000000000000000 ) ) ;
#1228 = CIRCLE ( 'NONE', #667, 30.50000000000001066 ) ;
#1229 = ADVANCED_FACE ( 'NONE', ( #1117 ), #925, .F. ) ;
#1230 = CARTESIAN_POINT ( 'NONE',  ( -28.50000000000000000, 0.000000000000000000, -3.469446951953614189E-15 ) ) ;
#1231 = CIRCLE ( 'NONE', #1300, 28.65000000000000213 ) ;
#1232 = VECTOR ( 'NONE', #1227, 1000.000000000000000 ) ;
#1233 = ORIENTED_EDGE ( 'NONE', *, *, #1005, .F. ) ;
#1234 = AXIS2_PLACEMENT_3D ( 'NONE', #867, #1181, #769 ) ;
#1235 = VECTOR ( 'NONE', #256, 1000.000000000000000 ) ;
#1236 = FACE_OUTER_BOUND ( 'NONE', #569, .T. ) ;
#1237 = EDGE_LOOP ( 'NONE', ( #213, #327, #707, #413 ) ) ;
#1238 = DIRECTION ( 'NONE',  ( 0.000000000000000000, 0.000000000000000000, 1.000000000000000000 ) ) ;
#1239 = ADVANCED_FACE ( 'NONE', ( #888 ), #1001, .T. ) ;
#1240 = FACE_OUTER_BOUND ( 'NONE', #954, .T. ) ;
#1241 = EDGE_CURVE ( 'NONE', #37, #1043, #202, .T. ) ;
#1242 = EDGE_LOOP ( 'NONE', ( #683, #1104, #907, #398 ) ) ;
#1243 = ADVANCED_FACE ( 'NONE', ( #1236 ), #657, .F. ) ;
#1244 = CYLINDRICAL_SURFACE ( 'NONE', #1094, 4.999999999999997335 ) ;
#1245 = ORIENTED_EDGE ( 'NONE', *, *, #1137, .T. ) ;
#1246 = FACE_OUTER_BOUND ( 'NONE', #138, .T. ) ;
#1247 = DIRECTION ( 'NONE',  ( 0.000000000000000000, 0.000000000000000000, 1.000000000000000000 ) ) ;
#1248 = EDGE_LOOP ( 'NONE', ( #688, #1448, #232, #100 ) ) ;
#1249 = LINE ( 'NONE', #553, #741 ) ;
#1250 = ORIENTED_EDGE ( 'NONE', *, *, #1212, .T. ) ;
#1251 = CARTESIAN_POINT ( 'NONE',  ( 44.83049999999997226, 2.500000000000002220, -23.54012042768687607 ) ) ;
#1252 = CYLINDRICAL_SURFACE ( 'NONE', #31, 4.999999999999997335 ) ;
#1253 = ORIENTED_EDGE ( 'NONE', *, *, #443, .T. ) ;
#1254 = CONICAL_SURFACE ( 'NONE', #78, 3.399999999999986144, 1.029744258676652313 ) ;
#1255 = AXIS2_PLACEMENT_3D ( 'NONE', #1105, #548, #844 ) ;
#1256 = ADVANCED_FACE ( 'NONE', ( #95 ), #696, .F. ) ;
#1257 = AXIS2_PLACEMENT_3D ( 'NONE', #562, #788, #123 ) ;
#1258 = LOCAL_TIME ( 12, 16, 36.00000000000000000, #539 ) ;
#1259 = EDGE_LOOP ( 'NONE', ( #1133, #1138, #65 ) ) ;
#1260 = DIRECTION ( 'NONE',  ( 0.000000000000000000, 0.000000000000000000, 1.000000000000000000 ) ) ;
#1261 = DIRECTION ( 'NONE',  ( 0.000000000000000000, 0.000000000000000000, 1.000000000000000000 ) ) ;
#1262 = CARTESIAN_POINT ( 'NONE',  ( -52.50000000000000000, 35.00000000000000000, -52.49999999999999289 ) ) ;
#1263 = DIRECTION ( 'NONE',  ( -0.000000000000000000, -1.000000000000000000, -0.000000000000000000 ) ) ;
#1264 = ADVANCED_FACE ( 'NONE', ( #779 ), #1007, .F. ) ;
#1265 = ORIENTED_EDGE ( 'NONE', *, *, #67, .T. ) ;
#1266 = CARTESIAN_POINT ( 'NONE',  ( -28.50000000000000000, 18.50000000000000000, -3.490243377569956456E-15 ) ) ;
#1267 = EDGE_LOOP ( 'NONE', ( #103, #862, #1253, #158 ) ) ;
#1268 = CARTESIAN_POINT ( 'NONE',  ( -45.88499999999997669, 2.500000000000002220, -25.06016310800873015 ) ) ;
#1269 = LINE ( 'NONE', #379, #172 ) ;
#1270 = LINE ( 'NONE', #490, #1235 ) ;
#1271 = DIRECTION ( 'NONE',  ( -0.5699999999999997291, 0.000000000000000000, -0.8216446920658589947 ) ) ;
#1272 = DIRECTION ( 'NONE',  ( -0.000000000000000000, -1.000000000000000000, -0.000000000000000000 ) ) ;
#1273 = DIRECTION ( 'NONE',  ( 0.000000000000000000, -1.000000000000000000, 0.000000000000000000 ) ) ;
#1274 = TOROIDAL_SURFACE ( 'NONE', #102, 30.49999999999999289, 2.500000000000002220 ) ;
#1275 = VECTOR ( 'NONE', #1368, 1000.000000000000000 ) ;
#1276 = LINE ( 'NONE', #817, #1375 ) ;
#1277 = AXIS2_PLACEMENT_3D ( 'NONE', #686, #792, #1238 ) ;
#1278 = CIRCLE ( 'NONE', #1046, 32.99999999999998579 ) ;
#1279 = CARTESIAN_POINT ( 'NONE',  ( 67.50000000000001421, 35.00000000000000000, -45.00000000000002842 ) ) ;
#1280 = VECTOR ( 'NONE', #1386, 1000.000000000000000 ) ;
#1281 = ORIENTED_EDGE ( 'NONE', *, *, #870, .F. ) ;
#1282 = DIRECTION ( 'NONE',  ( -0.8987499537078932343, 0.000000000000000000, -0.4384615384615392908 ) ) ;
#1283 = EDGE_CURVE ( 'NONE', #1008, #1175, #1211, .T. ) ;
#1284 = CYLINDRICAL_SURFACE ( 'NONE', #850, 3.399999999999986144 ) ;
#1285 = DIRECTION ( 'NONE',  ( 0.000000000000000000, 0.000000000000000000, -1.000000000000000000 ) ) ;
#1286 = CYLINDRICAL_SURFACE ( 'NONE', #1391, 3.399999999999986144 ) ;
#1287 = CARTESIAN_POINT ( 'NONE',  ( -75.00000000000001421, 35.00000000000000000, -60.00000000000002132 ) ) ;
#1288 = VERTEX_POINT ( 'NONE', #237 ) ;
#1289 = DATE_TIME_ROLE ( 'classification_date' ) ;
#1290 = LINE ( 'NONE', #1425, #718 ) ;
#1291 = ORIENTED_EDGE ( 'NONE', *, *, #1344, .T. ) ;
#1292 = CARTESIAN_POINT ( 'NONE',  ( -52.50000000000000000, 10.00000000000000888, -52.49999999999999289 ) ) ;
#1293 = CARTESIAN_POINT ( 'NONE',  ( -2.515561355437167337E-15, 18.50000000000000000, 41.08223460329294596 ) ) ;
#1294 = ORIENTED_EDGE ( 'NONE', *, *, #746, .T. ) ;
#1295 = CALENDAR_DATE ( 2025, 22, 3 ) ;
#1296 = TOROIDAL_SURFACE ( 'NONE', #1206, 30.50000000000000355, 2.500000000000002220 ) ;
#1297 = EDGE_CURVE ( 'NONE', #658, #865, #442, .T. ) ;
#1298 = DIRECTION ( 'NONE',  ( -0.000000000000000000, 1.000000000000000000, -0.000000000000000000 ) ) ;
#1299 = CIRCLE ( 'NONE', #668, 36.35000000000000853 ) ;
#1300 = AXIS2_PLACEMENT_3D ( 'NONE', #897, #782, #1346 ) ;
#1301 = VERTEX_POINT ( 'NONE', #1012 ) ;
#1302 = CARTESIAN_POINT ( 'NONE',  ( 0.000000000000000000, 0.000000000000000000, 41.08223460329295307 ) ) ;
#1303 = AXIS2_PLACEMENT_3D ( 'NONE', #364, #1142, #942 ) ;
#1304 = FACE_OUTER_BOUND ( 'NONE', #1334, .T. ) ;
#1305 = ORIENTED_EDGE ( 'NONE', *, *, #77, .T. ) ;
#1306 = PERSON_AND_ORGANIZATION ( #436, #927 ) ;
#1307 = CARTESIAN_POINT ( 'NONE',  ( -67.49999999999997158, 6.250000000000005329, 41.60000000000000853 ) ) ;
#1308 = EDGE_CURVE ( 'NONE', #438, #330, #579, .T. ) ;
#1309 = ORIENTED_EDGE ( 'NONE', *, *, #682, .T. ) ;
#1310 = DIRECTION ( 'NONE',  ( 0.000000000000000000, 0.000000000000000000, 1.000000000000000000 ) ) ;
#1311 = DIRECTION ( 'NONE',  ( -0.000000000000000000, 1.000000000000000000, -0.000000000000000000 ) ) ;
#1312 = ORIENTED_EDGE ( 'NONE', *, *, #423, .F. ) ;
#1313 = CARTESIAN_POINT ( 'NONE',  ( 61.50000000000001421, 0.000000000000000000, 0.000000000000000000 ) ) ;
#1314 = ORIENTED_EDGE ( 'NONE', *, *, #1128, .F. ) ;
#1315 = DIRECTION ( 'NONE',  ( -0.000000000000000000, 1.000000000000000000, -0.000000000000000000 ) ) ;
#1316 = EDGE_CURVE ( 'NONE', #330, #438, #971, .T. ) ;
#1317 = CARTESIAN_POINT ( 'NONE',  ( -3.469446951953614189E-15, 0.000000000000000000, 58.41874699101308721 ) ) ;
#1318 = ADVANCED_FACE ( 'NONE', ( #574 ), #332, .F. ) ;
#1319 = VERTEX_POINT ( 'NONE', #1220 ) ;
#1320 = CARTESIAN_POINT ( 'NONE',  ( -3.577116575637162026E-15, 18.50000000000000000, 22.06874699101307868 ) ) ;
#1321 = AXIS2_PLACEMENT_3D ( 'NONE', #387, #171, #928 ) ;
#1322 = ORIENTED_EDGE ( 'NONE', *, *, #593, .F. ) ;
#1323 = AXIS2_PLACEMENT_3D ( 'NONE', #295, #1210, #84 ) ;
#1324 = DIRECTION ( 'NONE',  ( 0.000000000000000000, 1.000000000000000000, 0.000000000000000000 ) ) ;
#1325 = AXIS2_PLACEMENT_3D ( 'NONE', #1449, #799, #126 ) ;
#1326 = ADVANCED_FACE ( 'NONE', ( #6 ), #427, .T. ) ;
#1327 = CARTESIAN_POINT ( 'NONE',  ( 67.50000000000002842, 35.00000000000000000, 48.39999999999996305 ) ) ;
#1328 = AXIS2_PLACEMENT_3D ( 'NONE', #1161, #139, #49 ) ;
#1329 = ADVANCED_FACE ( 'NONE', ( #797 ), #1244, .F. ) ;
#1330 = APPROVAL_PERSON_ORGANIZATION ( #199, #889, #76 ) ;
#1331 = ORIENTED_EDGE ( 'NONE', *, *, #793, .T. ) ;
#1332 = CARTESIAN_POINT ( 'NONE',  ( 28.50000000000000000, 0.000000000000000000, 0.000000000000000000 ) ) ;
#1333 = APPROVAL ( #866, 'UNSPECIFIED' ) ;
#1334 = EDGE_LOOP ( 'NONE', ( #392, #913, #785 ) ) ;
#1335 = DIRECTION ( 'NONE',  ( 0.000000000000000000, 0.5150380749100560429, 0.8571673007021112234 ) ) ;
#1336 = CARTESIAN_POINT ( 'NONE',  ( -28.50000000000000000, 0.000000000000000000, -3.469446951953614189E-15 ) ) ;
#1337 = VERTEX_POINT ( 'NONE', #936 ) ;
#1338 = DIRECTION ( 'NONE',  ( -0.000000000000000000, 1.000000000000000000, -0.000000000000000000 ) ) ;
#1339 = ORIENTED_EDGE ( 'NONE', *, *, #870, .T. ) ;
#1340 = DIRECTION ( 'NONE',  ( 0.000000000000000000, 0.000000000000000000, 1.000000000000000000 ) ) ;
#1341 = PLANE ( 'NONE',  #426 ) ;
#1342 = ORIENTED_EDGE ( 'NONE', *, *, #365, .T. ) ;
#1343 = CARTESIAN_POINT ( 'NONE',  ( -67.49999999999997158, 6.250000000000005329, 44.99999999999999289 ) ) ;
#1344 = EDGE_CURVE ( 'NONE', #770, #341, #483, .T. ) ;
#1345 = EDGE_LOOP ( 'NONE', ( #441, #1122, #62, #1006, #75, #1359 ) ) ;
#1346 = DIRECTION ( 'NONE',  ( 0.000000000000000000, 0.000000000000000000, -1.000000000000000000 ) ) ;
#1347 = AXIS2_PLACEMENT_3D ( 'NONE', #1390, #603, #374 ) ;
#1348 = AXIS2_PLACEMENT_3D ( 'NONE', #1010, #1450, #1132 ) ;
#1349 = DIRECTION ( 'NONE',  ( -0.000000000000000000, 1.000000000000000000, -0.000000000000000000 ) ) ;
#1350 = CONICAL_SURFACE ( 'NONE', #453, 3.399999999999986144, 1.029744258676652313 ) ;
#1351 = AXIS2_PLACEMENT_3D ( 'NONE', #1087, #849, #752 ) ;
#1352 = ORIENTED_EDGE ( 'NONE', *, *, #32, .T. ) ;
#1353 = DIRECTION ( 'NONE',  ( 0.000000000000000000, 0.000000000000000000, 1.000000000000000000 ) ) ;
#1354 = ORIENTED_EDGE ( 'NONE', *, *, #133, .T. ) ;
#1355 = CARTESIAN_POINT ( 'NONE',  ( 0.000000000000000000, 0.000000000000000000, 41.08223460329295307 ) ) ;
#1356 = DIRECTION ( 'NONE',  ( 0.000000000000000000, 0.000000000000000000, 1.000000000000000000 ) ) ;
#1357 = ORIENTED_EDGE ( 'NONE', *, *, #838, .T. ) ;
#1358 = DIRECTION ( 'NONE',  ( 0.000000000000000000, -1.000000000000000000, 0.000000000000000000 ) ) ;
#1359 = ORIENTED_EDGE ( 'NONE', *, *, #848, .T. ) ;
#1360 = CARTESIAN_POINT ( 'NONE',  ( 75.00000000000001421, 0.000000000000000000, 59.99999999999997868 ) ) ;
#1361 = FACE_OUTER_BOUND ( 'NONE', #1084, .T. ) ;
#1362 = EDGE_CURVE ( 'NONE', #865, #1337, #484, .T. ) ;
#1363 = ORIENTED_EDGE ( 'NONE', *, *, #1219, .T. ) ;
#1364 = DIRECTION ( 'NONE',  ( 0.000000000000000000, 0.000000000000000000, 1.000000000000000000 ) ) ;
#1365 = ORIENTED_EDGE ( 'NONE', *, *, #894, .T. ) ;
#1366 = DIRECTION ( 'NONE',  ( -0.000000000000000000, 1.000000000000000000, -0.000000000000000000 ) ) ;
#1367 = ORIENTED_EDGE ( 'NONE', *, *, #235, .T. ) ;
#1368 = DIRECTION ( 'NONE',  ( -0.000000000000000000, 1.000000000000000000, -0.000000000000000000 ) ) ;
#1369 = AXIS2_PLACEMENT_3D ( 'NONE', #137, #1033, #24 ) ;
#1370 = CARTESIAN_POINT ( 'NONE',  ( -28.50000000000000000, 0.000000000000000000, 32.99999999999998579 ) ) ;
#1371 = AXIS2_PLACEMENT_3D ( 'NONE', #1163, #159, #1400 ) ;
#1372 = EDGE_CURVE ( 'NONE', #309, #96, #432, .T. ) ;
#1373 = PLANE ( 'NONE',  #1420 ) ;
#1374 = AXIS2_PLACEMENT_3D ( 'NONE', #932, #27, #1271 ) ;
#1375 = VECTOR ( 'NONE', #1051, 1000.000000000000000 ) ;
#1376 = ORIENTED_EDGE ( 'NONE', *, *, #1297, .T. ) ;
#1377 = DIRECTION ( 'NONE',  ( 1.049727191138617340E-16, 0.5150380749100560429, -0.8571673007021112234 ) ) ;
#1378 = DIRECTION ( 'NONE',  ( -0.000000000000000000, 1.000000000000000000, -0.000000000000000000 ) ) ;
#1379 = FACE_OUTER_BOUND ( 'NONE', #623, .T. ) ;
#1380 = CARTESIAN_POINT ( 'NONE',  ( 15.12692307692313776, 2.500000000000002220, 27.41187358809079200 ) ) ;
#1381 = ADVANCED_FACE ( 'NONE', ( #466 ), #25, .F. ) ;
#1382 = CARTESIAN_POINT ( 'NONE',  ( 67.50000000000001421, 6.250000000000005329, -41.60000000000003695 ) ) ;
#1383 = ORIENTED_EDGE ( 'NONE', *, *, #257, .F. ) ;
#1384 = DIRECTION ( 'NONE',  ( 0.000000000000000000, 0.000000000000000000, 1.000000000000000000 ) ) ;
#1385 = DIRECTION ( 'NONE',  ( 0.000000000000000000, 0.000000000000000000, 1.000000000000000000 ) ) ;
#1386 = DIRECTION ( 'NONE',  ( 1.049727191138617586E-16, 0.5150380749100555988, -0.8571673007021114454 ) ) ;
#1387 = CARTESIAN_POINT ( 'NONE',  ( 52.50000000000002132, 10.00000000000000888, 57.49999999999998579 ) ) ;
#1388 = EDGE_CURVE ( 'NONE', #655, #424, #34, .T. ) ;
#1389 = CARTESIAN_POINT ( 'NONE',  ( 28.50000000000000000, 0.000000000000000000, 30.50000000000000711 ) ) ;
#1390 = CARTESIAN_POINT ( 'NONE',  ( 52.50000000000002132, 10.00000000000000888, 52.50000000000000711 ) ) ;
#1391 = AXIS2_PLACEMENT_3D ( 'NONE', #710, #1058, #254 ) ;
#1392 = DIRECTION ( 'NONE',  ( 0.000000000000000000, 0.000000000000000000, 1.000000000000000000 ) ) ;
#1393 = AXIS2_PLACEMENT_3D ( 'NONE', #1149, #713, #375 ) ;
#1394 = EDGE_LOOP ( 'NONE', ( #452, #1088, #1354, #879 ) ) ;
#1395 = CARTESIAN_POINT ( 'NONE',  ( 15.12692307692311466, 2.500000000000002220, 27.41187358809077068 ) ) ;
#1396 = DIRECTION ( 'NONE',  ( 0.000000000000000000, -0.000000000000000000, 1.000000000000000000 ) ) ;
#1397 = EDGE_LOOP ( 'NONE', ( #1116, #1031, #1109, #356 ) ) ;
#1398 = LINE ( 'NONE', #312, #1444 ) ;
#1399 = ORIENTED_EDGE ( 'NONE', *, *, #1056, .F. ) ;
#1400 = DIRECTION ( 'NONE',  ( -0.5699999999999997291, 0.000000000000000000, -0.8216446920658589947 ) ) ;
#1401 = FACE_OUTER_BOUND ( 'NONE', #1267, .T. ) ;
#1402 = ADVANCED_FACE ( 'NONE', ( #606 ), #1373, .T. ) ;
#1403 = ORIENTED_EDGE ( 'NONE', *, *, #133, .F. ) ;
#1404 = PERSON_AND_ORGANIZATION_ROLE ( 'design_owner' ) ;
#1405 = EDGE_CURVE ( 'NONE', #395, #216, #604, .T. ) ;
#1406 = FACE_OUTER_BOUND ( 'NONE', #547, .T. ) ;
#1407 = ORIENTED_EDGE ( 'NONE', *, *, #499, .F. ) ;
#1408 = CARTESIAN_POINT ( 'NONE',  ( -75.00000000000001421, 0.000000000000000000, -60.00000000000002132 ) ) ;
#1409 = CARTESIAN_POINT ( 'NONE',  ( 28.50000000000000000, 2.500000000000002220, 0.000000000000000000 ) ) ;
#1410 = ORIENTED_EDGE ( 'NONE', *, *, #930, .T. ) ;
#1411 = CIRCLE ( 'NONE', #875, 4.999999999999997335 ) ;
#1412 = CALENDAR_DATE ( 2025, 22, 3 ) ;
#1413 = EDGE_CURVE ( 'NONE', #725, #1337, #835, .T. ) ;
#1414 = VECTOR ( 'NONE', #917, 1000.000000000000000 ) ;
#1415 = DIRECTION ( 'NONE',  ( -0.000000000000000000, 1.000000000000000000, -0.000000000000000000 ) ) ;
#1416 = AXIS2_PLACEMENT_3D ( 'NONE', #83, #1217, #1310 ) ;
#1417 = ORIENTED_EDGE ( 'NONE', *, *, #700, .F. ) ;
#1418 = DIRECTION ( 'NONE',  ( 0.000000000000000000, 0.5150380749100560429, 0.8571673007021112234 ) ) ;
#1419 = AXIS2_PLACEMENT_3D ( 'NONE', #486, #376, #498 ) ;
#1420 = AXIS2_PLACEMENT_3D ( 'NONE', #1380, #370, #610 ) ;
#1421 = CARTESIAN_POINT ( 'NONE',  ( 67.50000000000002842, 6.250000000000005329, 48.39999999999996305 ) ) ;
#1422 = PRODUCT ( '3DDiecurl', '3DDiecurl', '', ( #1072 ) ) ;
#1423 = ORIENTED_EDGE ( 'NONE', *, *, #1056, .T. ) ;
#1424 = SHAPE_DEFINITION_REPRESENTATION ( #757, #653 ) ;
#1425 = CARTESIAN_POINT ( 'NONE',  ( 67.50000000000001421, 6.250000000000005329, -48.40000000000001279 ) ) ;
#1426 = EDGE_CURVE ( 'NONE', #1337, #750, #1276, .T. ) ;
#1427 = EDGE_LOOP ( 'NONE', ( #1383, #583, #1291, #871 ) ) ;
#1428 = CARTESIAN_POINT ( 'NONE',  ( 14.03076923076926619, 0.000000000000000000, 29.65874847236050726 ) ) ;
#1429 = DIRECTION ( 'NONE',  ( -0.000000000000000000, 1.000000000000000000, -0.000000000000000000 ) ) ;
#1430 = ORIENTED_EDGE ( 'NONE', *, *, #931, .T. ) ;
#1431 = LINE ( 'NONE', #397, #81 ) ;
#1432 = EDGE_CURVE ( 'NONE', #1216, #1043, #1270, .T. ) ;
#1433 = ORIENTED_EDGE ( 'NONE', *, *, #1121, .F. ) ;
#1434 = DIRECTION ( 'NONE',  ( -0.000000000000000000, -1.000000000000000000, -0.000000000000000000 ) ) ;
#1435 = ADVANCED_FACE ( 'NONE', ( #474 ), #920, .F. ) ;
#1436 = CARTESIAN_POINT ( 'NONE',  ( 45.88499999999997669, 0.000000000000000000, -25.06016310800871949 ) ) ;
#1437 = VERTEX_POINT ( 'NONE', #827 ) ;
#1438 = CARTESIAN_POINT ( 'NONE',  ( -67.49999999999997158, 6.250000000000005329, 44.99999999999999289 ) ) ;
#1439 = AXIS2_PLACEMENT_3D ( 'NONE', #727, #730, #1396 ) ;
#1440 = ORIENTED_EDGE ( 'NONE', *, *, #541, .F. ) ;
#1441 = VECTOR ( 'NONE', #1048, 1000.000000000000000 ) ;
#1442 = CARTESIAN_POINT ( 'NONE',  ( 67.50000000000001421, 6.250000000000005329, -41.60000000000003695 ) ) ;
#1443 = CARTESIAN_POINT ( 'NONE',  ( 52.50000000000002132, 10.00000000000000888, 47.50000000000002132 ) ) ;
#1444 = VECTOR ( 'NONE', #515, 1000.000000000000000 ) ;
#1445 = VECTOR ( 'NONE', #1263, 1000.000000000000000 ) ;
#1446 = ORIENTED_EDGE ( 'NONE', *, *, #1426, .F. ) ;
#1447 = CARTESIAN_POINT ( 'NONE',  ( 59.00000000000000711, 2.500000000000002220, 0.000000000000000000 ) ) ;
#1448 = ORIENTED_EDGE ( 'NONE', *, *, #1201, .F. ) ;
#1449 = CARTESIAN_POINT ( 'NONE',  ( -52.50000000000000000, 10.00000000000000888, -52.49999999999999289 ) ) ;
#1450 = DIRECTION ( 'NONE',  ( -0.000000000000000000, 1.000000000000000000, -0.000000000000000000 ) ) ;
#1451 = EDGE_CURVE ( 'NONE', #296, #791, #1213, .T. ) ;
#1452 = EDGE_LOOP ( 'NONE', ( #444, #94, #582, #1207 ) ) ;
#1453 = ADVANCED_FACE ( 'NONE', ( #263 ), #340, .F. ) ;
#1454 = DIRECTION ( 'NONE',  ( 0.000000000000000000, 0.000000000000000000, -1.000000000000000000 ) ) ;
ENDSEC;
END-ISO-10303-21;
