ISO-10303-21;
HEADER;
FILE_DESCRIPTION(('CATIA V5 STEP Exchange','CAx-IF Rec.Pracs.--- Model Styling and Organization---1.5--- 2016-08-15','CAx-IF Rec.Pracs.---Supplemental Geometry---1.0---2011-11-01','CAx-IF Rec.Pracs.--- Composite Materials ---3.4---2017-06-13','CAx-IF Rec.Pracs.---Tessellated 3D Geometry---1.0---2015-12-17'),'2;1');

FILE_NAME('D:\\O-ONE Dropbox\\Dossier de l''\X2\00E9\X0\quipe O-ONE\\O-ONE Projets\\Pilbeam MP93\\CAO\\Chappe Ar Triangle Inf AR MP93 V1.stp','2025-07-30T14:29:52+00:00',('none'),('none'),'CATIA Version 5-6 Release 2022 SP3 HF6','CATIA V5 STEP AP242 v2','none');

FILE_SCHEMA(('AP242_MANAGED_MODEL_BASED_3D_ENGINEERING_MIM_LF  {1 0 10303 442 1 1 4}'));

ENDSEC;
DATA;
#5=PRODUCT('Chape Ar Triangle Inf AR PB MP93 V1','','',(#2)) ;
#2=PRODUCT_CONTEXT(' ',#1,'mechanical') ;
#1=APPLICATION_CONTEXT('managed model based 3d engineering') ;
#10=PRODUCT_DEFINITION('',' ',#6,#3) ;
#3=PRODUCT_DEFINITION_CONTEXT('part definition',#1,' ') ;
#11=PRODUCT_DEFINITION_SHAPE(' ',' ',#10) ;
#4970=MECHANICAL_DESIGN_GEOMETRIC_PRESENTATION_REPRESENTATION(' ',(#29),#16) ;
#7=PRODUCT_CATEGORY('part','specification') ;
#19=SHAPE_REPRESENTATION(' ',(#18),#16) ;
#17=CARTESIAN_POINT(' ',(0.,0.,0.)) ;
#31=CARTESIAN_POINT('Axis2P3D Location',(33.2785,17.2,45.5)) ;
#36=CARTESIAN_POINT('Line Origine',(28.2785,4.2,45.5)) ;
#40=CARTESIAN_POINT('Vertex',(28.2785,-8.8,45.5)) ;
#42=CARTESIAN_POINT('Vertex',(28.2785,17.2,45.5)) ;
#45=CARTESIAN_POINT('Line Origine',(7.1054273576E-15,-8.8,45.5)) ;
#49=CARTESIAN_POINT('Vertex',(-28.2785,-8.8,45.5)) ;
#52=CARTESIAN_POINT('Line Origine',(-28.2785,4.2,45.5)) ;
#56=CARTESIAN_POINT('Vertex',(-28.2785,17.2,45.5)) ;
#59=CARTESIAN_POINT('Line Origine',(7.1054273576E-15,17.2,45.5)) ;
#71=CARTESIAN_POINT('Axis2P3D Location',(28.2785,4.2,40.5)) ;
#76=CARTESIAN_POINT('Line Origine',(33.2785,4.2,40.5)) ;
#80=CARTESIAN_POINT('Vertex',(33.2785,-8.8,40.5)) ;
#82=CARTESIAN_POINT('Vertex',(33.2785,17.2,40.5)) ;
#85=CARTESIAN_POINT('Axis2P3D Location',(28.2785,-8.8,40.5)) ;
#90=CARTESIAN_POINT('Axis2P3D Location',(28.2785,17.2,40.5)) ;
#102=CARTESIAN_POINT('Axis2P3D Location',(-28.2785,4.2,40.5)) ;
#107=CARTESIAN_POINT('Axis2P3D Location',(-28.2785,-8.8,40.5)) ;
#111=CARTESIAN_POINT('Vertex',(-33.2785,-8.8,40.5)) ;
#114=CARTESIAN_POINT('Line Origine',(-33.2785,4.2,40.5)) ;
#118=CARTESIAN_POINT('Vertex',(-33.2785,17.2,40.5)) ;
#121=CARTESIAN_POINT('Axis2P3D Location',(-28.2785,17.2,40.5)) ;
#133=CARTESIAN_POINT('Axis2P3D Location',(0.,-8.8,0.)) ;
#138=CARTESIAN_POINT('Line Origine',(-33.2785,-8.8,32.75)) ;
#142=CARTESIAN_POINT('Vertex',(-33.2785,-8.8,25.)) ;
#145=CARTESIAN_POINT('Line Origine',(33.2785,-8.8,32.75)) ;
#149=CARTESIAN_POINT('Vertex',(33.2785,-8.8,25.)) ;
#152=CARTESIAN_POINT('Axis2P3D Location',(28.2785,-8.8,25.)) ;
#156=CARTESIAN_POINT('Vertex',(28.2785,-8.8,20.)) ;
#159=CARTESIAN_POINT('Line Origine',(-1.42108547152E-14,-8.8,20.)) ;
#163=CARTESIAN_POINT('Vertex',(-28.2785,-8.8,20.)) ;
#166=CARTESIAN_POINT('Axis2P3D Location',(-28.2785,-8.8,25.)) ;
#182=CARTESIAN_POINT('Axis2P3D Location',(33.2785,17.2,20.)) ;
#187=CARTESIAN_POINT('Line Origine',(33.2785,4.2,25.)) ;
#191=CARTESIAN_POINT('Vertex',(33.2785,17.2,25.)) ;
#194=CARTESIAN_POINT('Line Origine',(33.2785,17.2,32.75)) ;
#206=CARTESIAN_POINT('Axis2P3D Location',(28.2785,4.2,25.)) ;
#211=CARTESIAN_POINT('Line Origine',(28.2785,4.2,20.)) ;
#215=CARTESIAN_POINT('Vertex',(28.2785,17.2,20.)) ;
#218=CARTESIAN_POINT('Axis2P3D Location',(28.2785,17.2,25.)) ;
#230=CARTESIAN_POINT('Axis2P3D Location',(-33.2785,17.2,45.5)) ;
#235=CARTESIAN_POINT('Line Origine',(-33.2785,4.2,25.)) ;
#239=CARTESIAN_POINT('Vertex',(-33.2785,17.2,25.)) ;
#242=CARTESIAN_POINT('Line Origine',(-33.2785,17.2,32.75)) ;
#254=CARTESIAN_POINT('Axis2P3D Location',(-28.2785,4.2,25.)) ;
#259=CARTESIAN_POINT('Line Origine',(-28.2785,4.2,20.)) ;
#263=CARTESIAN_POINT('Vertex',(-28.2785,17.2,20.)) ;
#266=CARTESIAN_POINT('Axis2P3D Location',(-28.2785,17.2,25.)) ;
#278=CARTESIAN_POINT('Axis2P3D Location',(-33.2785,17.2,20.)) ;
#283=CARTESIAN_POINT('Line Origine',(-7.1054273576E-15,17.2,20.)) ;
#295=CARTESIAN_POINT('Axis2P3D Location',(62.,-14.8,67.5)) ;
#300=CARTESIAN_POINT('Axis2P3D Location',(58.,-14.8,67.5)) ;
#304=CARTESIAN_POINT('Vertex',(63.5,-14.8,67.5)) ;
#306=CARTESIAN_POINT('Vertex',(52.5,-14.8,67.5)) ;
#309=CARTESIAN_POINT('Axis2P3D Location',(58.,-14.8,67.5)) ;
#318=CARTESIAN_POINT('Axis2P3D Location',(58.,-14.8,67.5)) ;
#322=CARTESIAN_POINT('Vertex',(54.,-14.8,67.5)) ;
#324=CARTESIAN_POINT('Vertex',(62.,-14.8,67.5)) ;
#327=CARTESIAN_POINT('Axis2P3D Location',(58.,-14.8,67.5)) ;
#337=CARTESIAN_POINT('Axis2P3D Location',(58.,-9.8,67.5)) ;
#342=CARTESIAN_POINT('Axis2P3D Location',(58.,-9.8,67.5)) ;
#346=CARTESIAN_POINT('Vertex',(52.5,-9.8,67.5)) ;
#348=CARTESIAN_POINT('Vertex',(63.5,-9.8,67.5)) ;
#351=CARTESIAN_POINT('Line Origine',(52.5,5.25500019073,67.5)) ;
#356=CARTESIAN_POINT('Line Origine',(63.5,5.25500019073,67.5)) ;
#368=CARTESIAN_POINT('Axis2P3D Location',(58.,-9.8,67.5)) ;
#380=CARTESIAN_POINT('Axis2P3D Location',(58.,-9.8,67.5)) ;
#385=CARTESIAN_POINT('Axis2P3D Location',(58.,-19.8,67.5)) ;
#389=CARTESIAN_POINT('Vertex',(62.,-19.8,67.5)) ;
#391=CARTESIAN_POINT('Vertex',(54.,-19.8,67.5)) ;
#394=CARTESIAN_POINT('Line Origine',(54.,-20.0550001907,67.5)) ;
#399=CARTESIAN_POINT('Line Origine',(62.,-20.0550001907,67.5)) ;
#411=CARTESIAN_POINT('Axis2P3D Location',(58.,-19.8,67.5)) ;
#423=CARTESIAN_POINT('Axis2P3D Location',(0.,-9.8,0.)) ;
#428=CARTESIAN_POINT('Line Origine',(51.9460325916,-9.8,20.5)) ;
#432=CARTESIAN_POINT('Vertex',(53.8920651832,-9.8,20.5)) ;
#434=CARTESIAN_POINT('Vertex',(50.,-9.8,20.5)) ;
#437=CARTESIAN_POINT('Line Origine',(50.,-9.8,38.)) ;
#441=CARTESIAN_POINT('Vertex',(50.,-9.8,55.5)) ;
#444=CARTESIAN_POINT('Line Origine',(44.6848459556,-9.8,55.5)) ;
#448=CARTESIAN_POINT('Vertex',(39.3696919112,-9.8,55.5)) ;
#451=CARTESIAN_POINT('Axis2P3D Location',(26.1409353559,-9.8,70.5)) ;
#455=CARTESIAN_POINT('Vertex',(46.0528507584,-9.8,68.625)) ;
#458=CARTESIAN_POINT('Axis2P3D Location',(58.,-9.8,67.5)) ;
#462=CARTESIAN_POINT('Vertex',(70.,-9.8,67.5)) ;
#465=CARTESIAN_POINT('Line Origine',(70.,-9.8,56.5)) ;
#469=CARTESIAN_POINT('Vertex',(70.,-9.8,45.5)) ;
#472=CARTESIAN_POINT('Axis2P3D Location',(65.,-9.8,45.5)) ;
#476=CARTESIAN_POINT('Vertex',(65.9730162958,-9.8,40.5955898124)) ;
#479=CARTESIAN_POINT('Axis2P3D Location',(68.8920651832,-9.8,25.8823592497)) ;
#483=CARTESIAN_POINT('Vertex',(53.8920651832,-9.8,25.8823592497)) ;
#486=CARTESIAN_POINT('Line Origine',(53.8920651832,-9.8,23.1911796248)) ;
#507=CARTESIAN_POINT('Axis2P3D Location',(0.,-19.8,50.5)) ;
#512=CARTESIAN_POINT('Line Origine',(53.8920651832,-19.8,19.1)) ;
#516=CARTESIAN_POINT('Vertex',(53.8920651832,-19.8,17.7)) ;
#518=CARTESIAN_POINT('Vertex',(53.8920651832,-19.8,20.5)) ;
#521=CARTESIAN_POINT('Line Origine',(53.8920651832,-19.8,23.1911796248)) ;
#525=CARTESIAN_POINT('Vertex',(53.8920651832,-19.8,25.8823592497)) ;
#528=CARTESIAN_POINT('Axis2P3D Location',(68.8920651832,-19.8,25.8823592497)) ;
#532=CARTESIAN_POINT('Vertex',(65.9730162958,-19.8,40.5955898124)) ;
#535=CARTESIAN_POINT('Axis2P3D Location',(65.,-19.8,45.5)) ;
#539=CARTESIAN_POINT('Vertex',(70.,-19.8,45.5)) ;
#542=CARTESIAN_POINT('Line Origine',(70.,-19.8,56.5)) ;
#546=CARTESIAN_POINT('Vertex',(70.,-19.8,67.5)) ;
#549=CARTESIAN_POINT('Axis2P3D Location',(58.,-19.8,67.5)) ;
#553=CARTESIAN_POINT('Vertex',(46.0528507584,-19.8,68.625)) ;
#556=CARTESIAN_POINT('Axis2P3D Location',(26.1409353559,-19.8,70.5)) ;
#560=CARTESIAN_POINT('Vertex',(26.1409353559,-19.8,50.5)) ;
#563=CARTESIAN_POINT('Line Origine',(0.,-19.8,50.5)) ;
#567=CARTESIAN_POINT('Vertex',(-26.1409353559,-19.8,50.5)) ;
#570=CARTESIAN_POINT('Axis2P3D Location',(-26.1409353559,-19.8,70.5)) ;
#574=CARTESIAN_POINT('Vertex',(-46.0528507584,-19.8,68.625)) ;
#577=CARTESIAN_POINT('Axis2P3D Location',(-58.,-19.8,67.5)) ;
#581=CARTESIAN_POINT('Vertex',(-70.,-19.8,67.5)) ;
#584=CARTESIAN_POINT('Line Origine',(-70.,-19.8,56.5)) ;
#588=CARTESIAN_POINT('Vertex',(-70.,-19.8,45.5)) ;
#591=CARTESIAN_POINT('Axis2P3D Location',(-65.,-19.8,45.5)) ;
#595=CARTESIAN_POINT('Vertex',(-65.9730162958,-19.8,40.5955898124)) ;
#598=CARTESIAN_POINT('Axis2P3D Location',(-68.8920651832,-19.8,25.8823592497)) ;
#602=CARTESIAN_POINT('Vertex',(-53.8920651832,-19.8,25.8823592497)) ;
#605=CARTESIAN_POINT('Line Origine',(-53.8920651832,-19.8,23.1911796248)) ;
#609=CARTESIAN_POINT('Vertex',(-53.8920651832,-19.8,20.5)) ;
#612=CARTESIAN_POINT('Line Origine',(-53.8920651832,-19.8,19.1)) ;
#616=CARTESIAN_POINT('Vertex',(-53.8920651832,-19.8,17.7)) ;
#619=CARTESIAN_POINT('Line Origine',(0.,-19.8,17.7)) ;
#642=CARTESIAN_POINT('Axis2P3D Location',(-58.,-19.8,67.5)) ;
#646=CARTESIAN_POINT('Vertex',(-62.,-19.8,67.5)) ;
#648=CARTESIAN_POINT('Vertex',(-54.,-19.8,67.5)) ;
#651=CARTESIAN_POINT('Axis2P3D Location',(-58.,-19.8,67.5)) ;
#665=CARTESIAN_POINT('Axis2P3D Location',(53.8920651832,-19.8,17.5)) ;
#670=CARTESIAN_POINT('Line Origine',(53.8920651832,-14.8,20.5)) ;
#675=CARTESIAN_POINT('Line Origine',(53.8920651832,-14.8,25.8823592497)) ;
#687=CARTESIAN_POINT('Axis2P3D Location',(68.8920651832,-14.8,25.8823592497)) ;
#692=CARTESIAN_POINT('Line Origine',(65.9730162958,-14.8,40.5955898124)) ;
#704=CARTESIAN_POINT('Axis2P3D Location',(65.,-14.8,45.5)) ;
#709=CARTESIAN_POINT('Line Origine',(70.,-14.8,45.5)) ;
#721=CARTESIAN_POINT('Axis2P3D Location',(70.,-19.8,45.5)) ;
#726=CARTESIAN_POINT('Line Origine',(70.,-14.8,67.5)) ;
#738=CARTESIAN_POINT('Axis2P3D Location',(58.,-14.8,67.5)) ;
#743=CARTESIAN_POINT('Line Origine',(46.0528507584,-14.8,68.625)) ;
#755=CARTESIAN_POINT('Axis2P3D Location',(26.1409353559,-14.8,70.5)) ;
#761=CARTESIAN_POINT('Control Point',(39.3696919112,-9.8,55.5)) ;
#762=CARTESIAN_POINT('Control Point',(38.5845950635,-9.8,54.807609662)) ;
#763=CARTESIAN_POINT('Control Point',(37.754199038,-9.68014938544,54.1665843243)) ;
#764=CARTESIAN_POINT('Control Point',(36.896486866,-9.47631065612,53.5920732158)) ;
#765=CARTESIAN_POINT('Control Point',(35.229862479,-8.97058236382,52.6214183552)) ;
#766=CARTESIAN_POINT('Control Point',(33.5107222113,-8.29234240761,51.8759667614)) ;
#767=CARTESIAN_POINT('Control Point',(32.6890900514,-7.94336994922,51.5724136401)) ;
#768=CARTESIAN_POINT('Control Point',(30.896028801,-7.14122403939,51.0176570646)) ;
#769=CARTESIAN_POINT('Control Point',(29.0824167893,-6.26519359553,50.6804481712)) ;
#770=CARTESIAN_POINT('Control Point',(28.1037256849,-5.78066088275,50.5601780178)) ;
#771=CARTESIAN_POINT('Control Point',(27.1221836855,-5.29062416484,50.5)) ;
#772=CARTESIAN_POINT('Control Point',(26.1409353559,-4.8,50.5)) ;
#773=CARTESIAN_POINT('Vertex',(26.1409353559,-4.8,50.5)) ;
#776=CARTESIAN_POINT('Line Origine',(26.1409353559,-14.8,50.5)) ;
#789=CARTESIAN_POINT('Axis2P3D Location',(34.8859064644,-4.8,55.5)) ;
#795=CARTESIAN_POINT('Control Point',(50.,-9.8,55.5)) ;
#796=CARTESIAN_POINT('Control Point',(48.6846406142,-9.8,54.8423199914)) ;
#797=CARTESIAN_POINT('Control Point',(47.3692812283,-9.69186425157,54.1846399828)) ;
#798=CARTESIAN_POINT('Control Point',(46.067689542,-9.47266673331,53.5338438111)) ;
#799=CARTESIAN_POINT('Control Point',(44.465407841,-9.05860785644,52.7327041499)) ;
#800=CARTESIAN_POINT('Control Point',(42.9596049804,-8.35923322864,51.9798024354)) ;
#801=CARTESIAN_POINT('Control Point',(42.67372208,-8.21275481786,51.8368609398)) ;
#802=CARTESIAN_POINT('Control Point',(41.9998015982,-7.82941603323,51.4999009396)) ;
#803=CARTESIAN_POINT('Control Point',(41.3702369716,-7.35942775548,51.1851182888)) ;
#804=CARTESIAN_POINT('Control Point',(41.021849945,-7.04873895206,51.010924455)) ;
#805=CARTESIAN_POINT('Control Point',(40.5017981251,-6.46361165635,50.7508993982)) ;
#806=CARTESIAN_POINT('Control Point',(40.153390476,-5.74456327726,50.5766950203)) ;
#807=CARTESIAN_POINT('Control Point',(40.0511009466,-5.43938133938,50.5255504733)) ;
#808=CARTESIAN_POINT('Control Point',(40.,-5.11969030835,50.5)) ;
#809=CARTESIAN_POINT('Control Point',(40.,-4.8,50.5)) ;
#810=CARTESIAN_POINT('Vertex',(40.,-4.8,50.5)) ;
#813=CARTESIAN_POINT('Line Origine',(34.8859064644,-4.8,50.5)) ;
#826=CARTESIAN_POINT('Control Point',(50.,-9.8,55.5)) ;
#827=CARTESIAN_POINT('Control Point',(50.,-9.8,55.5)) ;
#828=CARTESIAN_POINT('Control Point',(50.,-9.8,55.5)) ;
#829=CARTESIAN_POINT('Control Point',(50.,-9.8,55.5)) ;
#830=CARTESIAN_POINT('Control Point',(50.,-9.8,55.5)) ;
#831=CARTESIAN_POINT('Control Point',(50.,-9.8,55.5)) ;
#832=CARTESIAN_POINT('Control Point',(50.,-9.8,55.5)) ;
#833=CARTESIAN_POINT('Control Point',(50.,-9.8,55.5)) ;
#834=CARTESIAN_POINT('Control Point',(50.,-9.8,55.5)) ;
#835=CARTESIAN_POINT('Control Point',(49.0448925019,-9.8,55.0224460217)) ;
#836=CARTESIAN_POINT('Control Point',(49.0926478539,-9.8,54.9746906697)) ;
#837=CARTESIAN_POINT('Control Point',(49.1404032058,-9.8,54.9269353177)) ;
#838=CARTESIAN_POINT('Control Point',(49.1881585578,-9.8,54.8791799658)) ;
#839=CARTESIAN_POINT('Control Point',(49.2836692618,-9.8,54.7836692618)) ;
#840=CARTESIAN_POINT('Control Point',(49.3791799658,-9.8,54.6881585578)) ;
#841=CARTESIAN_POINT('Control Point',(49.4269353177,-9.8,54.6404032058)) ;
#842=CARTESIAN_POINT('Control Point',(49.4746906697,-9.8,54.5926478539)) ;
#843=CARTESIAN_POINT('Control Point',(49.5224460217,-9.8,54.5448925019)) ;
#844=CARTESIAN_POINT('Control Point',(48.0892875115,-9.74299055931,54.5446441235)) ;
#845=CARTESIAN_POINT('Control Point',(48.1848217356,-9.73152981522,54.4491115927)) ;
#846=CARTESIAN_POINT('Control Point',(48.2803559572,-9.72293151692,54.3535753194)) ;
#847=CARTESIAN_POINT('Control Point',(48.3758908007,-9.71719853512,54.2580376786)) ;
#848=CARTESIAN_POINT('Control Point',(48.5669628773,-9.71146552644,54.0669628727)) ;
#849=CARTESIAN_POINT('Control Point',(48.7580376823,-9.71719853512,53.875890797)) ;
#850=CARTESIAN_POINT('Control Point',(48.8535753223,-9.72293151692,53.7803559543)) ;
#851=CARTESIAN_POINT('Control Point',(48.9491115944,-9.73152981522,53.6848217339)) ;
#852=CARTESIAN_POINT('Control Point',(49.0446441235,-9.74299055931,53.5892875115)) ;
#853=CARTESIAN_POINT('Control Point',(47.1398011329,-9.62885094436,54.0699001544)) ;
#854=CARTESIAN_POINT('Control Point',(47.2846325654,-9.59483619055,53.9305117912)) ;
#855=CARTESIAN_POINT('Control Point',(47.4294640069,-9.56933487496,53.7897745623)) ;
#856=CARTESIAN_POINT('Control Point',(47.5740661731,-9.55233671844,53.6479069934)) ;
#857=CARTESIAN_POINT('Control Point',(47.8623537537,-9.53533867154,53.3623537664)) ;
#858=CARTESIAN_POINT('Control Point',(48.147906983,-9.55233671844,53.0740661835)) ;
#859=CARTESIAN_POINT('Control Point',(48.2897745542,-9.56933487496,52.9294640149)) ;
#860=CARTESIAN_POINT('Control Point',(48.4305117867,-9.59483619055,52.78463257)) ;
#861=CARTESIAN_POINT('Control Point',(48.5699001544,-9.62885094436,52.6398011329)) ;
#862=CARTESIAN_POINT('Control Point',(45.8388894479,-9.38789982596,53.4194448794)) ;
#863=CARTESIAN_POINT('Control Point',(46.056218012,-9.30785544489,53.2299891426)) ;
#864=CARTESIAN_POINT('Control Point',(46.2735465553,-9.24750209577,53.0335352207)) ;
#865=CARTESIAN_POINT('Control Point',(46.4897198851,-9.20716185672,52.831265603)) ;
#866=CARTESIAN_POINT('Control Point',(46.9174448893,-9.16682119334,52.4174448845)) ;
#867=CARTESIAN_POINT('Control Point',(47.3312656069,-9.20716185672,51.9897198812)) ;
#868=CARTESIAN_POINT('Control Point',(47.5335352238,-9.24750209577,51.7735465523)) ;
#869=CARTESIAN_POINT('Control Point',(47.7299891444,-9.30785544489,51.5562180103)) ;
#870=CARTESIAN_POINT('Control Point',(47.9194448794,-9.38789982596,51.3388894479)) ;
#871=CARTESIAN_POINT('Control Point',(44.568226751,-9.00554308075,52.7841133169)) ;
#872=CARTESIAN_POINT('Control Point',(44.8694117105,-8.86823246305,52.5699609104)) ;
#873=CARTESIAN_POINT('Control Point',(45.1705967374,-8.76350772772,52.3351361936)) ;
#874=CARTESIAN_POINT('Control Point',(45.4679706516,-8.69309610031,52.0823733664)) ;
#875=CARTESIAN_POINT('Control Point',(46.0474766007,-8.62268757553,51.5474766025)) ;
#876=CARTESIAN_POINT('Control Point',(46.5823733649,-8.69309610031,50.9679706531)) ;
#877=CARTESIAN_POINT('Control Point',(46.8351361924,-8.76350772772,50.6705967385)) ;
#878=CARTESIAN_POINT('Control Point',(47.0699609098,-8.86823246305,50.3694117112)) ;
#879=CARTESIAN_POINT('Control Point',(47.2841133169,-9.00554308075,50.068226751)) ;
#880=CARTESIAN_POINT('Control Point',(44.2227671673,-8.88934625518,52.6113835117)) ;
#881=CARTESIAN_POINT('Control Point',(44.5479340773,-8.73579588358,52.3926764609)) ;
#882=CARTESIAN_POINT('Control Point',(44.8731010949,-8.61840511586,52.1488704645)) ;
#883=CARTESIAN_POINT('Control Point',(45.1935735766,-8.53938073011,51.8831582343)) ;
#884=CARTESIAN_POINT('Control Point',(45.8157445154,-8.46036086408,51.3157445221)) ;
#885=CARTESIAN_POINT('Control Point',(46.3831582288,-8.53938073011,50.6935735821)) ;
#886=CARTESIAN_POINT('Control Point',(46.6488704602,-8.61840511586,50.3731010991)) ;
#887=CARTESIAN_POINT('Control Point',(46.8926764585,-8.73579588358,50.0479340796)) ;
#888=CARTESIAN_POINT('Control Point',(47.1113835117,-8.88934625518,49.7227671673)) ;
#889=CARTESIAN_POINT('Control Point',(43.5829203385,-8.64873390495,52.2914602321)) ;
#890=CARTESIAN_POINT('Control Point',(43.9551446599,-8.46449468544,52.069039416)) ;
#891=CARTESIAN_POINT('Control Point',(44.3273692129,-8.32296542342,51.8118192513)) ;
#892=CARTESIAN_POINT('Control Point',(44.6928970716,-8.22745628741,51.5238752888)) ;
#893=CARTESIAN_POINT('Control Point',(45.3971748983,-8.13195559156,50.8971748925)) ;
#894=CARTESIAN_POINT('Control Point',(46.0238752936,-8.22745628741,50.1928970668)) ;
#895=CARTESIAN_POINT('Control Point',(46.311819255,-8.32296542342,49.8273692092)) ;
#896=CARTESIAN_POINT('Control Point',(46.5690394181,-8.46449468544,49.4551446578)) ;
#897=CARTESIAN_POINT('Control Point',(46.7914602321,-8.64873390495,49.0829203385)) ;
#898=CARTESIAN_POINT('Control Point',(42.9596049804,-8.35923322864,51.9798024354)) ;
#899=CARTESIAN_POINT('Control Point',(43.3835566253,-8.14632331691,51.7639885602)) ;
#900=CARTESIAN_POINT('Control Point',(43.807508814,-7.98179309234,51.5008317962)) ;
#901=CARTESIAN_POINT('Control Point',(44.221976413,-7.87041687996,51.1951956417)) ;
#902=CARTESIAN_POINT('Control Point',(45.0129942753,-7.75905624644,50.5129942804)) ;
#903=CARTESIAN_POINT('Control Point',(45.6951956375,-7.87041687996,49.7219764172)) ;
#904=CARTESIAN_POINT('Control Point',(46.000831793,-7.98179309234,49.3075088172)) ;
#905=CARTESIAN_POINT('Control Point',(46.2639885584,-8.14632331691,48.8835566272)) ;
#906=CARTESIAN_POINT('Control Point',(46.4798024354,-8.35923322864,48.4596049804)) ;
#907=CARTESIAN_POINT('Control Point',(42.67372208,-8.21275481786,51.8368609398)) ;
#908=CARTESIAN_POINT('Control Point',(43.1228839809,-7.98745219467,51.6266073047)) ;
#909=CARTESIAN_POINT('Control Point',(43.5720466319,-7.81285672954,51.3625188013)) ;
#910=CARTESIAN_POINT('Control Point',(44.0102310889,-7.6944938975,51.0497781844)) ;
#911=CARTESIAN_POINT('Control Point',(44.8427163026,-7.57615076931,50.3427163154)) ;
#912=CARTESIAN_POINT('Control Point',(45.5497781739,-7.6944938975,49.5102310993)) ;
#913=CARTESIAN_POINT('Control Point',(45.8625187932,-7.81285672954,49.07204664)) ;
#914=CARTESIAN_POINT('Control Point',(46.1266073001,-7.98745219467,48.6228839855)) ;
#915=CARTESIAN_POINT('Control Point',(46.3368609398,-8.21275481786,48.17372208)) ;
#916=CARTESIAN_POINT('Control Point',(41.9998015982,-7.82941603323,51.4999009396)) ;
#917=CARTESIAN_POINT('Control Point',(42.5124980048,-7.57807663204,51.3096026998)) ;
#918=CARTESIAN_POINT('Control Point',(43.025195859,-7.38194145178,51.0482432409)) ;
#919=CARTESIAN_POINT('Control Point',(43.522790621,-7.24848869254,50.7215726658)) ;
#920=CARTESIAN_POINT('Control Point',(44.45762416,-7.11506813257,49.957624142)) ;
#921=CARTESIAN_POINT('Control Point',(45.2215726804,-7.24848869254,49.0227906063)) ;
#922=CARTESIAN_POINT('Control Point',(45.5482432522,-7.38194145178,48.5251958477)) ;
#923=CARTESIAN_POINT('Control Point',(45.8096027062,-7.57807663204,48.0124979984)) ;
#924=CARTESIAN_POINT('Control Point',(45.9999009396,-7.82941603323,47.4998015982)) ;
#925=CARTESIAN_POINT('Control Point',(41.3702369716,-7.35942775548,51.1851182888)) ;
#926=CARTESIAN_POINT('Control Point',(41.9532883688,-7.09835559581,51.031263963)) ;
#927=CARTESIAN_POINT('Control Point',(42.5363426826,-6.89297650179,50.7855445579)) ;
#928=CARTESIAN_POINT('Control Point',(43.0987810539,-6.75263341401,50.4535099081)) ;
#929=CARTESIAN_POINT('Control Point',(44.1413085854,-6.61233916091,49.6413086107)) ;
#930=CARTESIAN_POINT('Control Point',(44.9535098875,-6.75263341401,48.5987810745)) ;
#931=CARTESIAN_POINT('Control Point',(45.285544542,-6.89297650179,48.0363426985)) ;
#932=CARTESIAN_POINT('Control Point',(45.531263954,-7.09835559581,47.4532883778)) ;
#933=CARTESIAN_POINT('Control Point',(45.6851182888,-7.35942775548,46.8702369716)) ;
#934=CARTESIAN_POINT('Control Point',(41.021849945,-7.04873895206,51.010924455)) ;
#935=CARTESIAN_POINT('Control Point',(41.6481914758,-6.79004729523,50.884134716)) ;
#936=CARTESIAN_POINT('Control Point',(42.2745371091,-6.58545065124,50.652227054)) ;
#937=CARTESIAN_POINT('Control Point',(42.8765480564,-6.44524110159,50.3202810633)) ;
#938=CARTESIAN_POINT('Control Point',(43.9833928621,-6.3050915716,49.4833929799)) ;
#939=CARTESIAN_POINT('Control Point',(44.8202809678,-6.44524110159,48.3765481519)) ;
#940=CARTESIAN_POINT('Control Point',(45.1522269809,-6.58545065124,47.7745371822)) ;
#941=CARTESIAN_POINT('Control Point',(45.3841346753,-6.79004729523,47.1481915165)) ;
#942=CARTESIAN_POINT('Control Point',(45.510924455,-7.04873895206,46.521849945)) ;
#943=CARTESIAN_POINT('Control Point',(40.5017981251,-6.46361165635,50.7508993982)) ;
#944=CARTESIAN_POINT('Control Point',(41.2021508343,-6.23514699293,50.6785252172)) ;
#945=CARTESIAN_POINT('Control Point',(41.9025107338,-6.05288611843,50.4781615781)) ;
#946=CARTESIAN_POINT('Control Point',(42.5714788888,-5.92739497455,50.1530842376)) ;
#947=CARTESIAN_POINT('Control Point',(43.7841339459,-5.8019762744,49.2841338695)) ;
#948=CARTESIAN_POINT('Control Point',(44.6530842995,-5.92739497455,48.0714788268)) ;
#949=CARTESIAN_POINT('Control Point',(44.9781616255,-6.05288611843,47.4025106863)) ;
#950=CARTESIAN_POINT('Control Point',(45.1785252436,-6.23514699293,46.7021508079)) ;
#951=CARTESIAN_POINT('Control Point',(45.2508993982,-6.46361165635,46.0017981251)) ;
#952=CARTESIAN_POINT('Control Point',(40.153390476,-5.74456327726,50.5766950203)) ;
#953=CARTESIAN_POINT('Control Point',(40.9114137871,-5.6008695312,50.5526122402)) ;
#954=CARTESIAN_POINT('Control Point',(41.6694476694,-5.48559610655,50.3827359601)) ;
#955=CARTESIAN_POINT('Control Point',(42.3900457622,-5.40598489506,50.0681024513)) ;
#956=CARTESIAN_POINT('Control Point',(43.6819215803,-5.32642816096,49.1819216298)) ;
#957=CARTESIAN_POINT('Control Point',(44.5681024111,-5.40598489506,47.8900458024)) ;
#958=CARTESIAN_POINT('Control Point',(44.8827359293,-5.48559610655,47.1694477001)) ;
#959=CARTESIAN_POINT('Control Point',(45.0526122231,-5.6008695312,46.4114138043)) ;
#960=CARTESIAN_POINT('Control Point',(45.0766950203,-5.74456327726,45.653390476)) ;
#961=CARTESIAN_POINT('Control Point',(40.0511009466,-5.43938133938,50.5255504733)) ;
#962=CARTESIAN_POINT('Control Point',(40.8273684671,-5.33883340078,50.5175148014)) ;
#963=CARTESIAN_POINT('Control Point',(41.6036478024,-5.25801462649,50.3580952768)) ;
#964=CARTESIAN_POINT('Control Point',(42.3404990375,-5.20213848821,50.0474850215)) ;
#965=CARTESIAN_POINT('Control Point',(43.6569625335,-5.14630283937,49.1569625356)) ;
#966=CARTESIAN_POINT('Control Point',(44.5474850198,-5.20213848821,47.8404990392)) ;
#967=CARTESIAN_POINT('Control Point',(44.8580952755,-5.25801462649,47.1036478037)) ;
#968=CARTESIAN_POINT('Control Point',(45.0175148007,-5.33883340078,46.3273684678)) ;
#969=CARTESIAN_POINT('Control Point',(45.0255504733,-5.43938133938,45.5511009466)) ;
#970=CARTESIAN_POINT('Control Point',(40.,-5.11969030835,50.5)) ;
#971=CARTESIAN_POINT('Control Point',(40.7853981634,-5.06947347215,50.5)) ;
#972=CARTESIAN_POINT('Control Point',(41.5708087699,-5.02911368057,50.3458220353)) ;
#973=CARTESIAN_POINT('Control Point',(42.315792887,-5.0012113382,50.0372343561)) ;
#974=CARTESIAN_POINT('Control Point',(43.6445541903,-4.97332915554,49.1445541903)) ;
#975=CARTESIAN_POINT('Control Point',(44.5372343561,-5.0012113382,47.815792887)) ;
#976=CARTESIAN_POINT('Control Point',(44.8458220353,-5.02911368057,47.0708087699)) ;
#977=CARTESIAN_POINT('Control Point',(45.,-5.06947347215,46.2853981634)) ;
#978=CARTESIAN_POINT('Control Point',(45.,-5.11969030835,45.5)) ;
#979=CARTESIAN_POINT('Control Point',(40.,-4.8,50.5)) ;
#980=CARTESIAN_POINT('Control Point',(40.7853981634,-4.8,50.5)) ;
#981=CARTESIAN_POINT('Control Point',(41.5708087699,-4.8,50.3458220353)) ;
#982=CARTESIAN_POINT('Control Point',(42.315792887,-4.8,50.0372343561)) ;
#983=CARTESIAN_POINT('Control Point',(43.6445541903,-4.8,49.1445541903)) ;
#984=CARTESIAN_POINT('Control Point',(44.5372343561,-4.8,47.815792887)) ;
#985=CARTESIAN_POINT('Control Point',(44.8458220353,-4.8,47.0708087699)) ;
#986=CARTESIAN_POINT('Control Point',(45.,-4.8,46.2853981634)) ;
#987=CARTESIAN_POINT('Control Point',(45.,-4.8,45.5)) ;
#989=CARTESIAN_POINT('Control Point',(40.,-4.8,50.5)) ;
#990=CARTESIAN_POINT('Control Point',(41.5707963268,-4.8,50.5)) ;
#991=CARTESIAN_POINT('Control Point',(43.1430582168,-4.8,49.8849249798)) ;
#992=CARTESIAN_POINT('Control Point',(44.3849249798,-4.8,48.6430582168)) ;
#993=CARTESIAN_POINT('Control Point',(45.,-4.8,47.0707963268)) ;
#994=CARTESIAN_POINT('Control Point',(45.,-4.8,45.5)) ;
#995=CARTESIAN_POINT('Vertex',(45.,-4.8,45.5)) ;
#999=CARTESIAN_POINT('Control Point',(50.,-9.8,55.5)) ;
#1000=CARTESIAN_POINT('Control Point',(49.9983029319,-9.8,55.4966058654)) ;
#1001=CARTESIAN_POINT('Control Point',(49.9966058638,-9.79999927999,55.4932117308)) ;
#1002=CARTESIAN_POINT('Control Point',(49.9949087975,-9.79999783997,55.4898175949)) ;
#1003=CARTESIAN_POINT('Control Point',(49.9301053456,-9.79991535806,55.3602106913)) ;
#1004=CARTESIAN_POINT('Control Point',(49.8653022527,-9.79878300067,55.230604499)) ;
#1005=CARTESIAN_POINT('Control Point',(49.8022007268,-9.79668461025,55.10440146)) ;
#1006=CARTESIAN_POINT('Control Point',(49.3264465692,-9.77334206652,54.1528930967)) ;
#1007=CARTESIAN_POINT('Control Point',(48.8514308206,-9.6931271783,53.2028619132)) ;
#1008=CARTESIAN_POINT('Control Point',(48.4418924303,-9.57999554309,52.3837853191)) ;
#1009=CARTESIAN_POINT('Control Point',(47.8568309565,-9.3502244666,51.2136617128)) ;
#1010=CARTESIAN_POINT('Control Point',(47.2841187748,-9.00554326699,50.068237637)) ;
#1011=CARTESIAN_POINT('Control Point',(47.1113835117,-8.88934625518,49.7227671673)) ;
#1012=CARTESIAN_POINT('Control Point',(46.7914602321,-8.64873390495,49.0829203385)) ;
#1013=CARTESIAN_POINT('Control Point',(46.4798024354,-8.35923322864,48.4596049804)) ;
#1014=CARTESIAN_POINT('Control Point',(46.3368609398,-8.21275481786,48.17372208)) ;
#1015=CARTESIAN_POINT('Control Point',(45.9999009396,-7.82941603323,47.4998015982)) ;
#1016=CARTESIAN_POINT('Control Point',(45.6851182888,-7.35942775548,46.8702369716)) ;
#1017=CARTESIAN_POINT('Control Point',(45.510924455,-7.04873895206,46.521849945)) ;
#1018=CARTESIAN_POINT('Control Point',(45.2508993982,-6.46361165635,46.0017981251)) ;
#1019=CARTESIAN_POINT('Control Point',(45.0766950203,-5.74456327726,45.653390476)) ;
#1020=CARTESIAN_POINT('Control Point',(45.0255504733,-5.43938133938,45.5511009466)) ;
#1021=CARTESIAN_POINT('Control Point',(45.,-5.11969030835,45.5)) ;
#1022=CARTESIAN_POINT('Control Point',(45.,-4.8,45.5)) ;
#1030=CARTESIAN_POINT('Axis2P3D Location',(50.,-4.8,48.5)) ;
#1036=CARTESIAN_POINT('Control Point',(45.,-4.8,22.5)) ;
#1037=CARTESIAN_POINT('Control Point',(45.,-5.48677807153,22.2252893049)) ;
#1038=CARTESIAN_POINT('Control Point',(45.1179160299,-6.17355614307,21.9505786098)) ;
#1039=CARTESIAN_POINT('Control Point',(45.3536948733,-6.8376315445,21.684947673)) ;
#1040=CARTESIAN_POINT('Control Point',(46.1265598809,-8.19770986217,21.1409157045)) ;
#1041=CARTESIAN_POINT('Control Point',(47.3948871639,-9.20246124998,20.7390159229)) ;
#1042=CARTESIAN_POINT('Control Point',(48.2158917973,-9.60105992025,20.5795760319)) ;
#1043=CARTESIAN_POINT('Control Point',(49.1079460112,-9.8,20.5)) ;
#1044=CARTESIAN_POINT('Control Point',(50.,-9.8,20.5)) ;
#1045=CARTESIAN_POINT('Vertex',(45.,-4.8,22.5)) ;
#1048=CARTESIAN_POINT('Line Origine',(45.,-4.8,48.5)) ;
#1060=CARTESIAN_POINT('Axis2P3D Location',(35.,-6.8,20.5)) ;
#1066=CARTESIAN_POINT('Control Point',(53.8920651832,-9.8,20.5)) ;
#1067=CARTESIAN_POINT('Control Point',(53.8920651832,-9.8,20.2234120835)) ;
#1068=CARTESIAN_POINT('Control Point',(53.923940548,-9.76812463518,19.9468245426)) ;
#1069=CARTESIAN_POINT('Control Point',(53.9877284217,-9.7043364638,19.6806876698)) ;
#1070=CARTESIAN_POINT('Control Point',(54.2289640391,-9.46310165023,19.0096525664)) ;
#1071=CARTESIAN_POINT('Control Point',(54.6189890639,-9.07307525871,18.481263716)) ;
#1072=CARTESIAN_POINT('Control Point',(54.9005072159,-8.79155746859,18.2112095984)) ;
#1073=CARTESIAN_POINT('Control Point',(55.4527003926,-8.23936521291,17.8178523962)) ;
#1074=CARTESIAN_POINT('Control Point',(56.050119553,-7.64194527249,17.5990391575)) ;
#1075=CARTESIAN_POINT('Control Point',(56.3287839681,-7.36328122892,17.5330505971)) ;
#1076=CARTESIAN_POINT('Control Point',(56.6104245706,-7.08164060989,17.5)) ;
#1077=CARTESIAN_POINT('Control Point',(56.8920651832,-6.8,17.5)) ;
#1078=CARTESIAN_POINT('Vertex',(56.8920651832,-6.8,17.5)) ;
#1081=CARTESIAN_POINT('Line Origine',(35.,-6.8,17.5)) ;
#1085=CARTESIAN_POINT('Vertex',(50.,-6.8,17.5)) ;
#1088=CARTESIAN_POINT('Axis2P3D Location',(50.,-6.8,20.5)) ;
#1100=CARTESIAN_POINT('Axis2P3D Location',(48.5073075515,-25.,0.)) ;
#1106=CARTESIAN_POINT('Control Point',(53.6849591204,-20.,17.5)) ;
#1107=CARTESIAN_POINT('Control Point',(53.7104755953,-19.9753590266,17.5)) ;
#1108=CARTESIAN_POINT('Control Point',(53.7359918373,-19.9507182781,17.5037948598)) ;
#1109=CARTESIAN_POINT('Control Point',(53.7611143286,-19.9264577704,17.5113825884)) ;
#1110=CARTESIAN_POINT('Control Point',(53.7964739448,-19.8923113859,17.5282784084)) ;
#1111=CARTESIAN_POINT('Control Point',(53.8282760004,-19.8616004978,17.554788208)) ;
#1112=CARTESIAN_POINT('Control Point',(53.8378308259,-19.85237351,17.564106824)) ;
#1113=CARTESIAN_POINT('Control Point',(53.8546356509,-19.8361452792,17.5834774802)) ;
#1114=CARTESIAN_POINT('Control Point',(53.8687823106,-19.8224840087,17.6065559395)) ;
#1115=CARTESIAN_POINT('Control Point',(53.8748609152,-19.8166139685,17.6185429534)) ;
#1116=CARTESIAN_POINT('Control Point',(53.8839178033,-19.8078678333,17.641091646)) ;
#1117=CARTESIAN_POINT('Control Point',(53.8894877372,-19.8024890107,17.6656657662)) ;
#1118=CARTESIAN_POINT('Control Point',(53.8912230891,-19.8008132008,17.6771869563)) ;
#1119=CARTESIAN_POINT('Control Point',(53.8920651832,-19.8,17.6885933292)) ;
#1120=CARTESIAN_POINT('Control Point',(53.8920651832,-19.8,17.7)) ;
#1121=CARTESIAN_POINT('Vertex',(53.6849591204,-20.,17.5)) ;
#1124=CARTESIAN_POINT('Line Origine',(51.096133336,-22.5,15.)) ;
#1128=CARTESIAN_POINT('Vertex',(48.5073075515,-25.,12.5)) ;
#1131=CARTESIAN_POINT('Line Origine',(48.5073075515,-25.,5.3290705182E-15)) ;
#1135=CARTESIAN_POINT('Vertex',(48.5073075515,-25.,-12.5)) ;
#1138=CARTESIAN_POINT('Line Origine',(51.096133336,-22.5,-15.)) ;
#1142=CARTESIAN_POINT('Vertex',(53.6849591204,-20.,-17.5)) ;
#1145=CARTESIAN_POINT('Line Origine',(60.3157714125,-13.5966990017,-17.5)) ;
#1149=CARTESIAN_POINT('Vertex',(66.9465837046,-7.19339800339,-17.5)) ;
#1152=CARTESIAN_POINT('Line Origine',(66.9465837046,-7.19339800339,-14.425)) ;
#1156=CARTESIAN_POINT('Vertex',(66.9465837046,-7.19339800339,-11.35)) ;
#1159=CARTESIAN_POINT('Line Origine',(65.7523055599,-8.34669900169,-11.35)) ;
#1163=CARTESIAN_POINT('Vertex',(64.5580274152,-9.5,-11.35)) ;
#1167=CARTESIAN_POINT('Control Point',(51.6138984929,-22.,-7.58212459829)) ;
#1168=CARTESIAN_POINT('Control Point',(51.6138984929,-22.,-7.90539714737)) ;
#1169=CARTESIAN_POINT('Control Point',(51.6337393955,-21.9808398631,-8.22866949055)) ;
#1170=CARTESIAN_POINT('Control Point',(51.6734237108,-21.9425171652,-8.54868693213)) ;
#1171=CARTESIAN_POINT('Control Point',(51.8059832632,-21.8145058934,-9.26029620348)) ;
#1172=CARTESIAN_POINT('Control Point',(52.0271253894,-21.6009514246,-9.92949970119)) ;
#1173=CARTESIAN_POINT('Control Point',(52.1753063275,-21.457854756,-10.2861869725)) ;
#1174=CARTESIAN_POINT('Control Point',(52.6495897199,-20.9998446079,-11.2345197847)) ;
#1175=CARTESIAN_POINT('Control Point',(53.2618427351,-20.4085987437,-12.0265434983)) ;
#1176=CARTESIAN_POINT('Control Point',(53.6958554753,-19.9894775124,-12.4703851399)) ;
#1177=CARTESIAN_POINT('Control Point',(54.5400450945,-19.1742530733,-13.1697942878)) ;
#1178=CARTESIAN_POINT('Control Point',(55.4520900349,-18.2935015123,-13.6744042747)) ;
#1179=CARTESIAN_POINT('Control Point',(55.876736429,-17.8834252563,-13.865823158)) ;
#1180=CARTESIAN_POINT('Control Point',(57.1441744774,-16.6594745601,-14.3209639537)) ;
#1181=CARTESIAN_POINT('Control Point',(58.4547363569,-15.3938796644,-14.4721967105)) ;
#1182=CARTESIAN_POINT('Control Point',(59.3215391126,-14.5568179732,-14.4474740546)) ;
#1183=CARTESIAN_POINT('Control Point',(60.669555211,-13.2550539588,-14.2125943813)) ;
#1184=CARTESIAN_POINT('Control Point',(61.9594381573,-12.0094284767,-13.6473529158)) ;
#1185=CARTESIAN_POINT('Control Point',(62.4151250128,-11.5693767956,-13.3980405779)) ;
#1186=CARTESIAN_POINT('Control Point',(63.1517510694,-10.8580252815,-12.9018296936)) ;
#1187=CARTESIAN_POINT('Control Point',(63.8275605289,-10.2054036725,-12.2639627396)) ;
#1188=CARTESIAN_POINT('Control Point',(64.0871451163,-9.9547257504,-11.9839467316)) ;
#1189=CARTESIAN_POINT('Control Point',(64.3318916261,-9.7183767932,-11.6793219696)) ;
#1190=CARTESIAN_POINT('Control Point',(64.5580274152,-9.5,-11.35)) ;
#1191=CARTESIAN_POINT('Vertex',(51.6138984929,-22.,-7.58212459829)) ;
#1194=CARTESIAN_POINT('Line Origine',(51.6138984929,-22.,-3.79106229914)) ;
#1198=CARTESIAN_POINT('Vertex',(51.6138984929,-22.,0.)) ;
#1201=CARTESIAN_POINT('Line Origine',(51.6138984929,-22.,3.79106229914)) ;
#1205=CARTESIAN_POINT('Vertex',(51.6138984929,-22.,7.58212459829)) ;
#1209=CARTESIAN_POINT('Control Point',(51.6138984929,-22.,7.58212459829)) ;
#1210=CARTESIAN_POINT('Control Point',(51.6138984929,-22.,7.90539714742)) ;
#1211=CARTESIAN_POINT('Control Point',(51.6337393955,-21.9808398631,8.22866949064)) ;
#1212=CARTESIAN_POINT('Control Point',(51.6734237108,-21.9425171652,8.54868693224)) ;
#1213=CARTESIAN_POINT('Control Point',(51.8059832633,-21.8145058934,9.26029620364)) ;
#1214=CARTESIAN_POINT('Control Point',(52.0271253895,-21.6009514245,9.92949970139)) ;
#1215=CARTESIAN_POINT('Control Point',(52.1753063276,-21.4578547559,10.2861869727)) ;
#1216=CARTESIAN_POINT('Control Point',(52.64958972,-20.9998446078,11.2345197849)) ;
#1217=CARTESIAN_POINT('Control Point',(53.2618427353,-20.4085987436,12.0265434984)) ;
#1218=CARTESIAN_POINT('Control Point',(53.6958554755,-19.9894775122,12.47038514)) ;
#1219=CARTESIAN_POINT('Control Point',(54.5400450947,-19.1742530731,13.1697942879)) ;
#1220=CARTESIAN_POINT('Control Point',(55.4520900351,-18.2935015121,13.6744042748)) ;
#1221=CARTESIAN_POINT('Control Point',(55.8767364292,-17.883425256,13.8658231581)) ;
#1222=CARTESIAN_POINT('Control Point',(57.1441744777,-16.6594745599,14.3209639537)) ;
#1223=CARTESIAN_POINT('Control Point',(58.4547363571,-15.3938796642,14.4721967105)) ;
#1224=CARTESIAN_POINT('Control Point',(59.3215391129,-14.556817973,14.4474740546)) ;
#1225=CARTESIAN_POINT('Control Point',(60.6695552113,-13.2550539585,14.2125943813)) ;
#1226=CARTESIAN_POINT('Control Point',(61.9594381576,-12.0094284765,13.6473529156)) ;
#1227=CARTESIAN_POINT('Control Point',(62.415125013,-11.5693767954,13.3980405778)) ;
#1228=CARTESIAN_POINT('Control Point',(63.1517510695,-10.8580252813,12.9018296935)) ;
#1229=CARTESIAN_POINT('Control Point',(63.827560529,-10.2054036724,12.2639627395)) ;
#1230=CARTESIAN_POINT('Control Point',(64.0871451163,-9.95472575033,11.9839467316)) ;
#1231=CARTESIAN_POINT('Control Point',(64.3318916261,-9.71837679317,11.6793219695)) ;
#1232=CARTESIAN_POINT('Control Point',(64.5580274152,-9.5,11.35)) ;
#1233=CARTESIAN_POINT('Vertex',(64.5580274152,-9.5,11.35)) ;
#1236=CARTESIAN_POINT('Line Origine',(65.7523055599,-8.34669900169,11.35)) ;
#1240=CARTESIAN_POINT('Vertex',(66.9465837046,-7.19339800339,11.35)) ;
#1243=CARTESIAN_POINT('Line Origine',(66.9465837046,-7.19339800339,14.425)) ;
#1247=CARTESIAN_POINT('Vertex',(66.9465837046,-7.19339800339,17.5)) ;
#1250=CARTESIAN_POINT('Line Origine',(61.919324444,-12.0481658394,17.5)) ;
#1254=CARTESIAN_POINT('Vertex',(56.8920651832,-16.9029336756,17.5)) ;
#1258=CARTESIAN_POINT('Control Point',(56.8920651832,-16.9029336756,17.5)) ;
#1259=CARTESIAN_POINT('Control Point',(56.6114673892,-17.1739038155,17.5)) ;
#1260=CARTESIAN_POINT('Control Point',(56.3308697392,-17.4448738164,17.5328063008)) ;
#1261=CARTESIAN_POINT('Control Point',(56.0529053541,-17.7133009028,17.5984183408)) ;
#1262=CARTESIAN_POINT('Control Point',(55.529401094,-18.2188430904,17.7895253719)) ;
#1263=CARTESIAN_POINT('Control Point',(55.0413989176,-18.6901013142,18.1136797624)) ;
#1264=CARTESIAN_POINT('Control Point',(54.8187609084,-18.9051003405,18.3014149712)) ;
#1265=CARTESIAN_POINT('Control Point',(54.4918117134,-19.220831508,18.6551586067)) ;
#1266=CARTESIAN_POINT('Control Point',(54.2300003692,-19.4736597842,19.0969046385)) ;
#1267=CARTESIAN_POINT('Control Point',(54.1435798507,-19.5571151089,19.2730345175)) ;
#1268=CARTESIAN_POINT('Control Point',(54.0108724898,-19.6852691177,19.6134703083)) ;
#1269=CARTESIAN_POINT('Control Point',(53.9295405283,-19.7638104799,19.982997541)) ;
#1270=CARTESIAN_POINT('Control Point',(53.9045561484,-19.7879376151,20.1537153358)) ;
#1271=CARTESIAN_POINT('Control Point',(53.8920651832,-19.8,20.3268575257)) ;
#1272=CARTESIAN_POINT('Control Point',(53.8920651832,-19.8,20.5)) ;
#1293=CARTESIAN_POINT('Axis2P3D Location',(0.,17.2,50.5)) ;
#1298=CARTESIAN_POINT('Line Origine',(0.,17.2,50.5)) ;
#1302=CARTESIAN_POINT('Vertex',(40.,17.2,50.5)) ;
#1304=CARTESIAN_POINT('Vertex',(-40.,17.2,50.5)) ;
#1307=CARTESIAN_POINT('Line Origine',(-40.,6.2,50.5)) ;
#1311=CARTESIAN_POINT('Vertex',(-40.,-4.8,50.5)) ;
#1314=CARTESIAN_POINT('Line Origine',(-33.0704676779,-4.8,50.5)) ;
#1318=CARTESIAN_POINT('Vertex',(-26.1409353559,-4.8,50.5)) ;
#1321=CARTESIAN_POINT('Line Origine',(-26.1409353559,-12.3,50.5)) ;
#1326=CARTESIAN_POINT('Line Origine',(40.,6.2,50.5)) ;
#1342=CARTESIAN_POINT('Axis2P3D Location',(40.,-1.3,45.5)) ;
#1347=CARTESIAN_POINT('Line Origine',(45.,-1.3,45.5)) ;
#1351=CARTESIAN_POINT('Vertex',(45.,17.2,45.5)) ;
#1354=CARTESIAN_POINT('Axis2P3D Location',(40.,17.2,45.5)) ;
#1366=CARTESIAN_POINT('Axis2P3D Location',(-40.,-1.3,45.5)) ;
#1371=CARTESIAN_POINT('Line Origine',(-45.,-1.3,45.5)) ;
#1375=CARTESIAN_POINT('Vertex',(-45.,17.2,45.5)) ;
#1377=CARTESIAN_POINT('Vertex',(-45.,-4.8,45.5)) ;
#1380=CARTESIAN_POINT('Axis2P3D Location',(-40.,-4.8,45.5)) ;
#1385=CARTESIAN_POINT('Axis2P3D Location',(-40.,17.2,45.5)) ;
#1397=CARTESIAN_POINT('Axis2P3D Location',(-26.1409353559,-14.8,70.5)) ;
#1402=CARTESIAN_POINT('Line Origine',(-46.0528507584,-14.8,68.625)) ;
#1406=CARTESIAN_POINT('Vertex',(-46.0528507584,-9.8,68.625)) ;
#1410=CARTESIAN_POINT('Control Point',(-39.3696919112,-9.8,55.5)) ;
#1411=CARTESIAN_POINT('Control Point',(-38.5845950635,-9.8,54.807609662)) ;
#1412=CARTESIAN_POINT('Control Point',(-37.754199038,-9.68014938544,54.1665843243)) ;
#1413=CARTESIAN_POINT('Control Point',(-36.896486866,-9.47631065612,53.5920732158)) ;
#1414=CARTESIAN_POINT('Control Point',(-35.229862479,-8.97058236382,52.6214183552)) ;
#1415=CARTESIAN_POINT('Control Point',(-33.5107222113,-8.29234240761,51.8759667614)) ;
#1416=CARTESIAN_POINT('Control Point',(-32.6890900514,-7.94336994922,51.5724136401)) ;
#1417=CARTESIAN_POINT('Control Point',(-30.896028801,-7.14122403939,51.0176570646)) ;
#1418=CARTESIAN_POINT('Control Point',(-29.0824167893,-6.26519359553,50.6804481712)) ;
#1419=CARTESIAN_POINT('Control Point',(-28.1037256849,-5.78066088275,50.5601780178)) ;
#1420=CARTESIAN_POINT('Control Point',(-27.1221836855,-5.29062416484,50.5)) ;
#1421=CARTESIAN_POINT('Control Point',(-26.1409353559,-4.8,50.5)) ;
#1422=CARTESIAN_POINT('Vertex',(-39.3696919112,-9.8,55.5)) ;
#1425=CARTESIAN_POINT('Axis2P3D Location',(-26.1409353559,-9.8,70.5)) ;
#1438=CARTESIAN_POINT('Axis2P3D Location',(-58.,-14.8,67.5)) ;
#1443=CARTESIAN_POINT('Line Origine',(-70.,-14.8,67.5)) ;
#1447=CARTESIAN_POINT('Vertex',(-70.,-9.8,67.5)) ;
#1450=CARTESIAN_POINT('Axis2P3D Location',(-58.,-9.8,67.5)) ;
#1462=CARTESIAN_POINT('Axis2P3D Location',(-70.,-19.8,45.5)) ;
#1467=CARTESIAN_POINT('Line Origine',(-70.,-14.8,45.5)) ;
#1471=CARTESIAN_POINT('Vertex',(-70.,-9.8,45.5)) ;
#1474=CARTESIAN_POINT('Line Origine',(-70.,-9.8,56.5)) ;
#1486=CARTESIAN_POINT('Axis2P3D Location',(-65.,-14.8,45.5)) ;
#1491=CARTESIAN_POINT('Line Origine',(-65.9730162958,-14.8,40.5955898124)) ;
#1495=CARTESIAN_POINT('Vertex',(-65.9730162958,-9.8,40.5955898124)) ;
#1498=CARTESIAN_POINT('Axis2P3D Location',(-65.,-9.8,45.5)) ;
#1510=CARTESIAN_POINT('Axis2P3D Location',(-68.8920651832,-14.8,25.8823592497)) ;
#1515=CARTESIAN_POINT('Line Origine',(-53.8920651832,-14.8,25.8823592497)) ;
#1519=CARTESIAN_POINT('Vertex',(-53.8920651832,-9.8,25.8823592497)) ;
#1522=CARTESIAN_POINT('Axis2P3D Location',(-68.8920651832,-9.8,25.8823592497)) ;
#1534=CARTESIAN_POINT('Axis2P3D Location',(-53.8920651832,-19.8,17.5)) ;
#1539=CARTESIAN_POINT('Line Origine',(-53.8920651832,-9.8,23.1911796248)) ;
#1543=CARTESIAN_POINT('Vertex',(-53.8920651832,-9.8,20.5)) ;
#1546=CARTESIAN_POINT('Line Origine',(-53.8920651832,-14.8,20.5)) ;
#1558=CARTESIAN_POINT('Axis2P3D Location',(-48.5073075515,-25.,0.)) ;
#1564=CARTESIAN_POINT('Control Point',(-56.8920651832,-16.9029336756,17.5)) ;
#1565=CARTESIAN_POINT('Control Point',(-56.6114673892,-17.1739038155,17.5)) ;
#1566=CARTESIAN_POINT('Control Point',(-56.3308697392,-17.4448738164,17.5328063008)) ;
#1567=CARTESIAN_POINT('Control Point',(-56.0529053541,-17.7133009028,17.5984183408)) ;
#1568=CARTESIAN_POINT('Control Point',(-55.529401094,-18.2188430904,17.7895253719)) ;
#1569=CARTESIAN_POINT('Control Point',(-55.0413989176,-18.6901013142,18.1136797624)) ;
#1570=CARTESIAN_POINT('Control Point',(-54.8187609084,-18.9051003405,18.3014149712)) ;
#1571=CARTESIAN_POINT('Control Point',(-54.4918117134,-19.220831508,18.6551586067)) ;
#1572=CARTESIAN_POINT('Control Point',(-54.2300003692,-19.4736597842,19.0969046385)) ;
#1573=CARTESIAN_POINT('Control Point',(-54.1435798507,-19.5571151089,19.2730345175)) ;
#1574=CARTESIAN_POINT('Control Point',(-54.0108724898,-19.6852691177,19.6134703083)) ;
#1575=CARTESIAN_POINT('Control Point',(-53.9295405283,-19.7638104799,19.982997541)) ;
#1576=CARTESIAN_POINT('Control Point',(-53.9045561484,-19.7879376151,20.1537153358)) ;
#1577=CARTESIAN_POINT('Control Point',(-53.8920651832,-19.8,20.3268575257)) ;
#1578=CARTESIAN_POINT('Control Point',(-53.8920651832,-19.8,20.5)) ;
#1579=CARTESIAN_POINT('Vertex',(-56.8920651832,-16.9029336756,17.5)) ;
#1582=CARTESIAN_POINT('Line Origine',(-61.919324444,-12.0481658394,17.5)) ;
#1586=CARTESIAN_POINT('Vertex',(-66.9465837046,-7.19339800339,17.5)) ;
#1589=CARTESIAN_POINT('Line Origine',(-66.9465837046,-7.19339800339,14.425)) ;
#1593=CARTESIAN_POINT('Vertex',(-66.9465837046,-7.19339800339,11.35)) ;
#1596=CARTESIAN_POINT('Line Origine',(-65.7523055599,-8.34669900169,11.35)) ;
#1600=CARTESIAN_POINT('Vertex',(-64.5580274152,-9.5,11.35)) ;
#1604=CARTESIAN_POINT('Control Point',(-51.6138984929,-22.,7.58212459829)) ;
#1605=CARTESIAN_POINT('Control Point',(-51.6138984929,-22.,7.90539714742)) ;
#1606=CARTESIAN_POINT('Control Point',(-51.6337393955,-21.9808398631,8.22866949064)) ;
#1607=CARTESIAN_POINT('Control Point',(-51.6734237108,-21.9425171652,8.54868693224)) ;
#1608=CARTESIAN_POINT('Control Point',(-51.8059832633,-21.8145058934,9.26029620364)) ;
#1609=CARTESIAN_POINT('Control Point',(-52.0271253895,-21.6009514245,9.92949970139)) ;
#1610=CARTESIAN_POINT('Control Point',(-52.1753063276,-21.4578547559,10.2861869727)) ;
#1611=CARTESIAN_POINT('Control Point',(-52.64958972,-20.9998446078,11.2345197849)) ;
#1612=CARTESIAN_POINT('Control Point',(-53.2618427353,-20.4085987436,12.0265434984)) ;
#1613=CARTESIAN_POINT('Control Point',(-53.6958554755,-19.9894775122,12.47038514)) ;
#1614=CARTESIAN_POINT('Control Point',(-54.5400450947,-19.1742530731,13.1697942879)) ;
#1615=CARTESIAN_POINT('Control Point',(-55.4520900351,-18.2935015121,13.6744042748)) ;
#1616=CARTESIAN_POINT('Control Point',(-55.8767364292,-17.883425256,13.8658231581)) ;
#1617=CARTESIAN_POINT('Control Point',(-57.1441744777,-16.6594745599,14.3209639537)) ;
#1618=CARTESIAN_POINT('Control Point',(-58.4547363571,-15.3938796642,14.4721967105)) ;
#1619=CARTESIAN_POINT('Control Point',(-59.3215391129,-14.556817973,14.4474740546)) ;
#1620=CARTESIAN_POINT('Control Point',(-60.6695552113,-13.2550539585,14.2125943813)) ;
#1621=CARTESIAN_POINT('Control Point',(-61.9594381576,-12.0094284765,13.6473529156)) ;
#1622=CARTESIAN_POINT('Control Point',(-62.415125013,-11.5693767954,13.3980405778)) ;
#1623=CARTESIAN_POINT('Control Point',(-63.1517510695,-10.8580252813,12.9018296935)) ;
#1624=CARTESIAN_POINT('Control Point',(-63.827560529,-10.2054036724,12.2639627395)) ;
#1625=CARTESIAN_POINT('Control Point',(-64.0871451163,-9.95472575033,11.9839467316)) ;
#1626=CARTESIAN_POINT('Control Point',(-64.3318916261,-9.71837679317,11.6793219695)) ;
#1627=CARTESIAN_POINT('Control Point',(-64.5580274152,-9.5,11.35)) ;
#1628=CARTESIAN_POINT('Vertex',(-51.6138984929,-22.,7.58212459829)) ;
#1631=CARTESIAN_POINT('Line Origine',(-51.6138984929,-22.,3.79106229914)) ;
#1635=CARTESIAN_POINT('Vertex',(-51.6138984929,-22.,0.)) ;
#1638=CARTESIAN_POINT('Line Origine',(-51.6138984929,-22.,-3.79106229914)) ;
#1642=CARTESIAN_POINT('Vertex',(-51.6138984929,-22.,-7.58212459829)) ;
#1646=CARTESIAN_POINT('Control Point',(-51.6138984929,-22.,-7.58212459829)) ;
#1647=CARTESIAN_POINT('Control Point',(-51.6138984929,-22.,-7.90539714737)) ;
#1648=CARTESIAN_POINT('Control Point',(-51.6337393955,-21.9808398631,-8.22866949055)) ;
#1649=CARTESIAN_POINT('Control Point',(-51.6734237108,-21.9425171652,-8.54868693213)) ;
#1650=CARTESIAN_POINT('Control Point',(-51.8059832632,-21.8145058934,-9.26029620348)) ;
#1651=CARTESIAN_POINT('Control Point',(-52.0271253894,-21.6009514246,-9.92949970119)) ;
#1652=CARTESIAN_POINT('Control Point',(-52.1753063275,-21.457854756,-10.2861869725)) ;
#1653=CARTESIAN_POINT('Control Point',(-52.6495897199,-20.9998446079,-11.2345197847)) ;
#1654=CARTESIAN_POINT('Control Point',(-53.2618427351,-20.4085987437,-12.0265434983)) ;
#1655=CARTESIAN_POINT('Control Point',(-53.6958554753,-19.9894775124,-12.4703851399)) ;
#1656=CARTESIAN_POINT('Control Point',(-54.5400450945,-19.1742530733,-13.1697942878)) ;
#1657=CARTESIAN_POINT('Control Point',(-55.4520900349,-18.2935015123,-13.6744042747)) ;
#1658=CARTESIAN_POINT('Control Point',(-55.876736429,-17.8834252563,-13.865823158)) ;
#1659=CARTESIAN_POINT('Control Point',(-57.1441744774,-16.6594745601,-14.3209639537)) ;
#1660=CARTESIAN_POINT('Control Point',(-58.4547363569,-15.3938796644,-14.4721967105)) ;
#1661=CARTESIAN_POINT('Control Point',(-59.3215391126,-14.5568179732,-14.4474740546)) ;
#1662=CARTESIAN_POINT('Control Point',(-60.669555211,-13.2550539588,-14.2125943813)) ;
#1663=CARTESIAN_POINT('Control Point',(-61.9594381573,-12.0094284767,-13.6473529158)) ;
#1664=CARTESIAN_POINT('Control Point',(-62.4151250128,-11.5693767956,-13.3980405779)) ;
#1665=CARTESIAN_POINT('Control Point',(-63.1517510694,-10.8580252815,-12.9018296936)) ;
#1666=CARTESIAN_POINT('Control Point',(-63.8275605289,-10.2054036725,-12.2639627396)) ;
#1667=CARTESIAN_POINT('Control Point',(-64.0871451163,-9.9547257504,-11.9839467316)) ;
#1668=CARTESIAN_POINT('Control Point',(-64.3318916261,-9.7183767932,-11.6793219696)) ;
#1669=CARTESIAN_POINT('Control Point',(-64.5580274152,-9.5,-11.35)) ;
#1670=CARTESIAN_POINT('Vertex',(-64.5580274152,-9.5,-11.35)) ;
#1673=CARTESIAN_POINT('Line Origine',(-65.7523055599,-8.34669900169,-11.35)) ;
#1677=CARTESIAN_POINT('Vertex',(-66.9465837046,-7.19339800339,-11.35)) ;
#1680=CARTESIAN_POINT('Line Origine',(-66.9465837046,-7.19339800339,-14.425)) ;
#1684=CARTESIAN_POINT('Vertex',(-66.9465837046,-7.19339800339,-17.5)) ;
#1687=CARTESIAN_POINT('Line Origine',(-60.3157714125,-13.5966990017,-17.5)) ;
#1691=CARTESIAN_POINT('Vertex',(-53.6849591204,-20.,-17.5)) ;
#1694=CARTESIAN_POINT('Line Origine',(-51.096133336,-22.5,-15.)) ;
#1698=CARTESIAN_POINT('Vertex',(-48.5073075515,-25.,-12.5)) ;
#1701=CARTESIAN_POINT('Line Origine',(-48.5073075515,-25.,5.3290705182E-15)) ;
#1705=CARTESIAN_POINT('Vertex',(-48.5073075515,-25.,12.5)) ;
#1708=CARTESIAN_POINT('Line Origine',(-51.096133336,-22.5,15.)) ;
#1712=CARTESIAN_POINT('Vertex',(-53.6849591204,-20.,17.5)) ;
#1716=CARTESIAN_POINT('Control Point',(-53.6849591204,-20.,17.5)) ;
#1717=CARTESIAN_POINT('Control Point',(-53.7104755953,-19.9753590266,17.5)) ;
#1718=CARTESIAN_POINT('Control Point',(-53.7359918373,-19.9507182781,17.5037948598)) ;
#1719=CARTESIAN_POINT('Control Point',(-53.7611143286,-19.9264577704,17.5113825884)) ;
#1720=CARTESIAN_POINT('Control Point',(-53.7964739448,-19.8923113859,17.5282784084)) ;
#1721=CARTESIAN_POINT('Control Point',(-53.8282760004,-19.8616004978,17.554788208)) ;
#1722=CARTESIAN_POINT('Control Point',(-53.8378308259,-19.85237351,17.564106824)) ;
#1723=CARTESIAN_POINT('Control Point',(-53.8546356509,-19.8361452792,17.5834774802)) ;
#1724=CARTESIAN_POINT('Control Point',(-53.8687823106,-19.8224840087,17.6065559395)) ;
#1725=CARTESIAN_POINT('Control Point',(-53.8748609152,-19.8166139685,17.6185429534)) ;
#1726=CARTESIAN_POINT('Control Point',(-53.8839178033,-19.8078678333,17.641091646)) ;
#1727=CARTESIAN_POINT('Control Point',(-53.8894877372,-19.8024890107,17.6656657662)) ;
#1728=CARTESIAN_POINT('Control Point',(-53.8912230891,-19.8008132008,17.6771869563)) ;
#1729=CARTESIAN_POINT('Control Point',(-53.8920651832,-19.8,17.6885933292)) ;
#1730=CARTESIAN_POINT('Control Point',(-53.8920651832,-19.8,17.7)) ;
#1751=CARTESIAN_POINT('Axis2P3D Location',(35.,-20.,17.7)) ;
#1756=CARTESIAN_POINT('Line Origine',(35.,-20.,17.5)) ;
#1768=CARTESIAN_POINT('Axis2P3D Location',(-58.,-9.8,67.5)) ;
#1773=CARTESIAN_POINT('Line Origine',(-62.,-20.0550001907,67.5)) ;
#1777=CARTESIAN_POINT('Vertex',(-62.,-14.8,67.5)) ;
#1780=CARTESIAN_POINT('Axis2P3D Location',(-58.,-14.8,67.5)) ;
#1784=CARTESIAN_POINT('Vertex',(-54.,-14.8,67.5)) ;
#1787=CARTESIAN_POINT('Line Origine',(-54.,-20.0550001907,67.5)) ;
#1799=CARTESIAN_POINT('Axis2P3D Location',(-58.,-14.8,67.5)) ;
#1811=CARTESIAN_POINT('Axis2P3D Location',(56.8920651832,0.1,20.5)) ;
#1816=CARTESIAN_POINT('Line Origine',(56.8920651832,0.1,17.5)) ;
#1828=CARTESIAN_POINT('Axis2P3D Location',(45.,0.,0.)) ;
#1833=CARTESIAN_POINT('Line Origine',(45.,6.2,22.5)) ;
#1837=CARTESIAN_POINT('Vertex',(45.,17.2,22.5)) ;
#1840=CARTESIAN_POINT('Line Origine',(45.,17.2,34.)) ;
#1853=CARTESIAN_POINT('Control Point',(45.,-4.8,22.5)) ;
#1854=CARTESIAN_POINT('Control Point',(45.,-4.8,22.5)) ;
#1855=CARTESIAN_POINT('Control Point',(45.,-4.8,22.5)) ;
#1856=CARTESIAN_POINT('Control Point',(45.,-4.8,22.5)) ;
#1857=CARTESIAN_POINT('Control Point',(45.,-4.8,22.5)) ;
#1858=CARTESIAN_POINT('Control Point',(45.,-4.8,22.5)) ;
#1859=CARTESIAN_POINT('Control Point',(45.,-4.8,22.5)) ;
#1860=CARTESIAN_POINT('Control Point',(45.,-4.8,22.5)) ;
#1861=CARTESIAN_POINT('Control Point',(45.,-4.8,22.5)) ;
#1862=CARTESIAN_POINT('Control Point',(45.,-5.48677807153,22.2252893049)) ;
#1863=CARTESIAN_POINT('Control Point',(45.,-5.44557133389,22.1840825672)) ;
#1864=CARTESIAN_POINT('Control Point',(45.,-5.40436459624,22.1428758296)) ;
#1865=CARTESIAN_POINT('Control Point',(45.,-5.36315785859,22.101669092)) ;
#1866=CARTESIAN_POINT('Control Point',(45.,-5.2807443833,22.0192556167)) ;
#1867=CARTESIAN_POINT('Control Point',(45.,-5.198330908,21.9368421414)) ;
#1868=CARTESIAN_POINT('Control Point',(45.,-5.15712417035,21.8956354038)) ;
#1869=CARTESIAN_POINT('Control Point',(45.,-5.11591743271,21.8544286661)) ;
#1870=CARTESIAN_POINT('Control Point',(45.,-5.07471069506,21.8132219285)) ;
#1871=CARTESIAN_POINT('Control Point',(45.1179184695,-6.17347246249,21.9506103991)) ;
#1872=CARTESIAN_POINT('Control Point',(45.103775117,-6.09112779488,21.8681540577)) ;
#1873=CARTESIAN_POINT('Control Point',(45.0931500184,-6.00877655723,21.7856977228)) ;
#1874=CARTESIAN_POINT('Control Point',(45.0860600531,-5.92640453324,21.7032492585)) ;
#1875=CARTESIAN_POINT('Control Point',(45.0789702418,-5.76161594556,21.5383840796)) ;
#1876=CARTESIAN_POINT('Control Point',(45.0860600531,-5.59675076209,21.3735954873)) ;
#1877=CARTESIAN_POINT('Control Point',(45.0931500184,-5.51430229311,21.2912234586)) ;
#1878=CARTESIAN_POINT('Control Point',(45.103775117,-5.43184595133,21.2088722141)) ;
#1879=CARTESIAN_POINT('Control Point',(45.1179184695,-5.34938960099,21.1265275375)) ;
#1880=CARTESIAN_POINT('Control Point',(45.3536948956,-6.83762772312,21.684949424)) ;
#1881=CARTESIAN_POINT('Control Point',(45.3112789927,-6.72159157673,21.5596392958)) ;
#1882=CARTESIAN_POINT('Control Point',(45.2795442713,-6.6031593715,21.4343291388)) ;
#1883=CARTESIAN_POINT('Control Point',(45.2584162441,-6.48278692651,21.3093939794)) ;
#1884=CARTESIAN_POINT('Control Point',(45.2372876256,-6.23897745381,21.0610224565)) ;
#1885=CARTESIAN_POINT('Control Point',(45.2584162441,-5.99060594733,20.8172130003)) ;
#1886=CARTESIAN_POINT('Control Point',(45.2795442713,-5.86567080446,20.6968405718)) ;
#1887=CARTESIAN_POINT('Control Point',(45.3112789927,-5.74036067205,20.5784083911)) ;
#1888=CARTESIAN_POINT('Control Point',(45.3536948956,-5.61505057599,20.4623722769)) ;
#1889=CARTESIAN_POINT('Control Point',(45.9173575308,-7.8295604947,21.2881754896)) ;
#1890=CARTESIAN_POINT('Control Point',(45.8160023261,-7.68629113997,21.0869950993)) ;
#1891=CARTESIAN_POINT('Control Point',(45.7387963147,-7.52875473011,20.8858148122)) ;
#1892=CARTESIAN_POINT('Control Point',(45.6869284375,-7.35917033248,20.687076989)) ;
#1893=CARTESIAN_POINT('Control Point',(45.6350607449,-7.00062473738,20.2993753172)) ;
#1894=CARTESIAN_POINT('Control Point',(45.6869284374,-6.61292305555,19.9408297121)) ;
#1895=CARTESIAN_POINT('Control Point',(45.7387963147,-6.4141852223,19.7712453044)) ;
#1896=CARTESIAN_POINT('Control Point',(45.8160023261,-6.21300492031,19.6137088796)) ;
#1897=CARTESIAN_POINT('Control Point',(45.9173575308,-6.01182451039,19.4704395053)) ;
#1898=CARTESIAN_POINT('Control Point',(46.7445573782,-8.63248442846,20.9670064189)) ;
#1899=CARTESIAN_POINT('Control Point',(46.5996369024,-8.50849937513,20.6806604352)) ;
#1900=CARTESIAN_POINT('Control Point',(46.4870735578,-8.34809912697,20.3943139126)) ;
#1901=CARTESIAN_POINT('Control Point',(46.4106736552,-8.15466901407,20.1154582029)) ;
#1902=CARTESIAN_POINT('Control Point',(46.3342878737,-7.71231082017,19.5876891466)) ;
#1903=CARTESIAN_POINT('Control Point',(46.4106736552,-7.18454176998,19.1453309588)) ;
#1904=CARTESIAN_POINT('Control Point',(46.4870735578,-6.9056860664,18.951900852)) ;
#1905=CARTESIAN_POINT('Control Point',(46.5996369024,-6.61933955287,18.7915006129)) ;
#1906=CARTESIAN_POINT('Control Point',(46.7445573782,-6.33299358111,18.6675155715)) ;
#1907=CARTESIAN_POINT('Control Point',(47.0928437942,-8.9038184095,20.8584727095)) ;
#1908=CARTESIAN_POINT('Control Point',(46.9365151583,-8.79403227961,20.5387684632)) ;
#1909=CARTESIAN_POINT('Control Point',(46.8142236583,-8.63816712651,20.2190632549)) ;
#1910=CARTESIAN_POINT('Control Point',(46.7309092433,-8.43981275444,19.909224716)) ;
#1911=CARTESIAN_POINT('Control Point',(46.6476170209,-7.9710229869,19.3289769421)) ;
#1912=CARTESIAN_POINT('Control Point',(46.7309092433,-7.39077522644,18.860187188)) ;
#1913=CARTESIAN_POINT('Control Point',(46.8142236583,-7.08093670092,18.6618328293)) ;
#1914=CARTESIAN_POINT('Control Point',(46.9365151583,-6.7612315122,18.5059676957)) ;
#1915=CARTESIAN_POINT('Control Point',(47.0928437942,-6.44152729045,18.3961815905)) ;
#1916=CARTESIAN_POINT('Control Point',(47.8418838744,-9.36380417564,20.6744782578)) ;
#1917=CARTESIAN_POINT('Control Point',(47.6829049034,-9.2929639623,20.28863858)) ;
#1918=CARTESIAN_POINT('Control Point',(47.5568950355,-9.15606793548,19.9027962452)) ;
#1919=CARTESIAN_POINT('Control Point',(47.4704410777,-8.95614194391,19.5323403014)) ;
#1920=CARTESIAN_POINT('Control Point',(47.3840267523,-8.44713078138,18.8528692882)) ;
#1921=CARTESIAN_POINT('Control Point',(47.4704410777,-7.76765975506,18.3438581126)) ;
#1922=CARTESIAN_POINT('Control Point',(47.5568950355,-7.39720379815,18.1439321078)) ;
#1923=CARTESIAN_POINT('Control Point',(47.6829049034,-7.01136144418,18.0070360619)) ;
#1924=CARTESIAN_POINT('Control Point',(47.8418838744,-6.62552174219,17.9361958244)) ;
#1925=CARTESIAN_POINT('Control Point',(48.6836537252,-9.65374313949,20.5585028148)) ;
#1926=CARTESIAN_POINT('Control Point',(48.5667313797,-9.62604451499,20.1186832961)) ;
#1927=CARTESIAN_POINT('Control Point',(48.4731066881,-9.51546229317,19.6788584632)) ;
#1928=CARTESIAN_POINT('Control Point',(48.4085133488,-9.32332174925,19.259851949)) ;
#1929=CARTESIAN_POINT('Control Point',(48.3439616115,-8.79509955145,18.5049003803)) ;
#1930=CARTESIAN_POINT('Control Point',(48.4085133488,-8.04014799562,17.9766781954)) ;
#1931=CARTESIAN_POINT('Control Point',(48.4731066881,-7.62114149431,17.7845376643)) ;
#1932=CARTESIAN_POINT('Control Point',(48.5667313797,-7.18131668025,17.6739554613)) ;
#1933=CARTESIAN_POINT('Control Point',(48.6836537252,-6.74149718525,17.6462568605)) ;
#1934=CARTESIAN_POINT('Control Point',(49.1166294561,-9.75122853622,20.5195085855)) ;
#1935=CARTESIAN_POINT('Control Point',(49.0332476161,-9.7420512646,20.0587097965)) ;
#1936=CARTESIAN_POINT('Control Point',(48.9662187214,-9.64356160973,19.5979042607)) ;
#1937=CARTESIAN_POINT('Control Point',(48.9198732947,-9.45610486321,19.1602138619)) ;
#1938=CARTESIAN_POINT('Control Point',(48.8735616118,-8.9229764972,18.3770234967)) ;
#1939=CARTESIAN_POINT('Control Point',(48.9198732947,-8.13978613318,17.8438951319)) ;
#1940=CARTESIAN_POINT('Control Point',(48.9662187214,-7.70209573563,17.6564383866)) ;
#1941=CARTESIAN_POINT('Control Point',(49.0332476161,-7.24129020146,17.5579487334)) ;
#1942=CARTESIAN_POINT('Control Point',(49.1166294561,-6.78049141449,17.5487714638)) ;
#1943=CARTESIAN_POINT('Control Point',(49.5583147556,-9.8,20.5)) ;
#1944=CARTESIAN_POINT('Control Point',(49.516686902,-9.8,20.028761102)) ;
#1945=CARTESIAN_POINT('Control Point',(49.4832301648,-9.70749322116,19.5575147381)) ;
#1946=CARTESIAN_POINT('Control Point',(49.4601001807,-9.52234061366,19.1105242678)) ;
#1947=CARTESIAN_POINT('Control Point',(49.4369869083,-8.98673251418,18.3132674858)) ;
#1948=CARTESIAN_POINT('Control Point',(49.4601001807,-8.18947573221,17.7776593863)) ;
#1949=CARTESIAN_POINT('Control Point',(49.4832301648,-7.74248526195,17.5925067788)) ;
#1950=CARTESIAN_POINT('Control Point',(49.516686902,-7.27123889804,17.5)) ;
#1951=CARTESIAN_POINT('Control Point',(49.5583147556,-6.8,17.5)) ;
#1952=CARTESIAN_POINT('Control Point',(50.,-9.8,20.5)) ;
#1953=CARTESIAN_POINT('Control Point',(50.,-9.8,20.028761102)) ;
#1954=CARTESIAN_POINT('Control Point',(50.,-9.70749322116,19.5575147381)) ;
#1955=CARTESIAN_POINT('Control Point',(50.,-9.52234061366,19.1105242678)) ;
#1956=CARTESIAN_POINT('Control Point',(50.,-8.98673251418,18.3132674858)) ;
#1957=CARTESIAN_POINT('Control Point',(50.,-8.18947573221,17.7776593863)) ;
#1958=CARTESIAN_POINT('Control Point',(50.,-7.74248526195,17.5925067788)) ;
#1959=CARTESIAN_POINT('Control Point',(50.,-7.27123889804,17.5)) ;
#1960=CARTESIAN_POINT('Control Point',(50.,-6.8,17.5)) ;
#1962=CARTESIAN_POINT('Control Point',(45.,-4.8,22.5)) ;
#1963=CARTESIAN_POINT('Control Point',(45.,-4.80136543604,22.4965864033)) ;
#1964=CARTESIAN_POINT('Control Point',(45.0000029132,-4.80273087209,22.4931728065)) ;
#1965=CARTESIAN_POINT('Control Point',(45.0000087395,-4.80409631671,22.4897592082)) ;
#1966=CARTESIAN_POINT('Control Point',(45.0001038639,-4.81895831686,22.4526042077)) ;
#1967=CARTESIAN_POINT('Control Point',(45.0005441126,-4.83381991155,22.415450223)) ;
#1968=CARTESIAN_POINT('Control Point',(45.0012285304,-4.84731466794,22.3817133283)) ;
#1969=CARTESIAN_POINT('Control Point',(45.0208537269,-5.12057159821,21.6985710404)) ;
#1970=CARTESIAN_POINT('Control Point',(45.1571894607,-5.39233222087,21.0191687552)) ;
#1971=CARTESIAN_POINT('Control Point',(45.3919008764,-5.64165089401,20.3958721146)) ;
#1972=CARTESIAN_POINT('Control Point',(45.9451733829,-6.02262329509,19.4434421809)) ;
#1973=CARTESIAN_POINT('Control Point',(46.7445573699,-6.33299423025,18.6675141549)) ;
#1974=CARTESIAN_POINT('Control Point',(47.0928437942,-6.44152729045,18.3961815905)) ;
#1975=CARTESIAN_POINT('Control Point',(47.8418838744,-6.62552174219,17.9361958244)) ;
#1976=CARTESIAN_POINT('Control Point',(48.6836537252,-6.74149718525,17.6462568605)) ;
#1977=CARTESIAN_POINT('Control Point',(49.1166294561,-6.78049141449,17.5487714638)) ;
#1978=CARTESIAN_POINT('Control Point',(49.5583147556,-6.8,17.5)) ;
#1979=CARTESIAN_POINT('Control Point',(50.,-6.8,17.5)) ;
#1987=CARTESIAN_POINT('Axis2P3D Location',(0.,-25.,17.5)) ;
#1992=CARTESIAN_POINT('Line Origine',(0.,19.7,17.5)) ;
#1996=CARTESIAN_POINT('Vertex',(-50.,19.7,17.5)) ;
#1998=CARTESIAN_POINT('Vertex',(50.,19.7,17.5)) ;
#2001=CARTESIAN_POINT('Line Origine',(50.,6.45,17.5)) ;
#2006=CARTESIAN_POINT('Axis2P3D Location',(60.,0.,17.5)) ;
#2010=CARTESIAN_POINT('Vertex',(70.,3.5527136788E-15,17.5)) ;
#2013=CARTESIAN_POINT('Axis2P3D Location',(60.,0.,17.5)) ;
#2017=CARTESIAN_POINT('Vertex',(66.9465837046,7.19339800339,17.5)) ;
#2020=CARTESIAN_POINT('Line Origine',(60.3157714125,13.5966990017,17.5)) ;
#2024=CARTESIAN_POINT('Vertex',(53.6849591204,20.,17.5)) ;
#2027=CARTESIAN_POINT('Line Origine',(0.,20.,17.5)) ;
#2031=CARTESIAN_POINT('Vertex',(-53.6849591204,20.,17.5)) ;
#2034=CARTESIAN_POINT('Line Origine',(-60.3157714125,13.5966990017,17.5)) ;
#2038=CARTESIAN_POINT('Vertex',(-66.9465837046,7.19339800339,17.5)) ;
#2041=CARTESIAN_POINT('Axis2P3D Location',(-60.,0.,17.5)) ;
#2045=CARTESIAN_POINT('Vertex',(-70.,-3.5527136788E-15,17.5)) ;
#2048=CARTESIAN_POINT('Axis2P3D Location',(-60.,0.,17.5)) ;
#2053=CARTESIAN_POINT('Line Origine',(-56.8920651832,-11.8514668378,17.5)) ;
#2057=CARTESIAN_POINT('Vertex',(-56.8920651832,-6.8,17.5)) ;
#2060=CARTESIAN_POINT('Line Origine',(-53.4460325916,-6.8,17.5)) ;
#2064=CARTESIAN_POINT('Vertex',(-50.,-6.8,17.5)) ;
#2067=CARTESIAN_POINT('Line Origine',(-50.,6.45,17.5)) ;
#2090=CARTESIAN_POINT('Axis2P3D Location',(-60.,0.,17.5)) ;
#2094=CARTESIAN_POINT('Vertex',(-56.,-4.57695098089E-17,17.5)) ;
#2096=CARTESIAN_POINT('Vertex',(-64.,4.4408920985E-16,17.5)) ;
#2099=CARTESIAN_POINT('Axis2P3D Location',(-60.,0.,17.5)) ;
#2108=CARTESIAN_POINT('Axis2P3D Location',(60.,0.,17.5)) ;
#2112=CARTESIAN_POINT('Vertex',(56.,-4.57695098089E-17,17.5)) ;
#2114=CARTESIAN_POINT('Vertex',(64.,4.4408920985E-16,17.5)) ;
#2117=CARTESIAN_POINT('Axis2P3D Location',(60.,0.,17.5)) ;
#2127=CARTESIAN_POINT('Axis2P3D Location',(60.,-1.7763568394E-15,0.)) ;
#2132=CARTESIAN_POINT('Axis2P3D Location',(60.,-1.7763568394E-15,11.35)) ;
#2136=CARTESIAN_POINT('Vertex',(66.9465837046,7.19339800339,11.35)) ;
#2138=CARTESIAN_POINT('Vertex',(70.,0.,11.35)) ;
#2141=CARTESIAN_POINT('Line Origine',(66.9465837046,7.19339800339,0.)) ;
#2146=CARTESIAN_POINT('Axis2P3D Location',(60.,-1.7763568394E-15,11.35)) ;
#2160=CARTESIAN_POINT('Axis2P3D Location',(70.,9.5,11.35)) ;
#2165=CARTESIAN_POINT('Line Origine',(67.,0.,11.35)) ;
#2169=CARTESIAN_POINT('Vertex',(64.,4.4408920985E-16,11.35)) ;
#2172=CARTESIAN_POINT('Line Origine',(52.2790137076,-9.5,11.35)) ;
#2176=CARTESIAN_POINT('Vertex',(40.,-9.5,11.35)) ;
#2179=CARTESIAN_POINT('Line Origine',(40.,-4.75,11.35)) ;
#2183=CARTESIAN_POINT('Vertex',(40.,0.,11.35)) ;
#2186=CARTESIAN_POINT('Line Origine',(48.,0.,11.35)) ;
#2190=CARTESIAN_POINT('Vertex',(56.,-4.57695098089E-17,11.35)) ;
#2193=CARTESIAN_POINT('Axis2P3D Location',(60.,0.,11.35)) ;
#2208=CARTESIAN_POINT('Axis2P3D Location',(55.,-15.1821245983,7.58212459829)) ;
#2213=CARTESIAN_POINT('Line Origine',(55.,-22.,7.58212459829)) ;
#2217=CARTESIAN_POINT('Vertex',(40.,-22.,7.58212459829)) ;
#2220=CARTESIAN_POINT('Axis2P3D Location',(40.,-15.1821245983,7.58212459829)) ;
#2232=CARTESIAN_POINT('Axis2P3D Location',(70.,-22.,0.)) ;
#2237=CARTESIAN_POINT('Line Origine',(45.8069492464,-22.,0.)) ;
#2241=CARTESIAN_POINT('Vertex',(40.,-22.,0.)) ;
#2244=CARTESIAN_POINT('Line Origine',(40.,-22.,3.79106229914)) ;
#2256=CARTESIAN_POINT('Line Origine',(45.8069492464,-22.,-7.58212459829)) ;
#2260=CARTESIAN_POINT('Vertex',(40.,-22.,-7.58212459829)) ;
#2263=CARTESIAN_POINT('Line Origine',(40.,-22.,-3.79106229914)) ;
#2275=CARTESIAN_POINT('Axis2P3D Location',(55.,-15.1821245983,-7.58212459829)) ;
#2280=CARTESIAN_POINT('Line Origine',(55.,-9.5,-11.35)) ;
#2284=CARTESIAN_POINT('Vertex',(40.,-9.5,-11.35)) ;
#2287=CARTESIAN_POINT('Axis2P3D Location',(40.,-15.1821245983,-7.58212459829)) ;
#2299=CARTESIAN_POINT('Axis2P3D Location',(70.,-9.5,-11.35)) ;
#2304=CARTESIAN_POINT('Line Origine',(48.,0.,-11.35)) ;
#2308=CARTESIAN_POINT('Vertex',(56.,-4.57695098089E-17,-11.35)) ;
#2310=CARTESIAN_POINT('Vertex',(40.,0.,-11.35)) ;
#2313=CARTESIAN_POINT('Line Origine',(40.,-4.75,-11.35)) ;
#2318=CARTESIAN_POINT('Axis2P3D Location',(60.,1.7763568394E-15,-11.35)) ;
#2322=CARTESIAN_POINT('Vertex',(70.,0.,-11.35)) ;
#2325=CARTESIAN_POINT('Line Origine',(67.,0.,-11.35)) ;
#2329=CARTESIAN_POINT('Vertex',(64.,4.4408920985E-16,-11.35)) ;
#2332=CARTESIAN_POINT('Axis2P3D Location',(60.,0.,-11.35)) ;
#2347=CARTESIAN_POINT('Axis2P3D Location',(60.,-1.7763568394E-15,-11.35)) ;
#2351=CARTESIAN_POINT('Vertex',(66.9465837046,7.19339800339,-11.35)) ;
#2354=CARTESIAN_POINT('Axis2P3D Location',(60.,-1.7763568394E-15,-17.5)) ;
#2358=CARTESIAN_POINT('Vertex',(70.,5.3290705182E-15,-17.5)) ;
#2361=CARTESIAN_POINT('Axis2P3D Location',(60.,-1.7763568394E-15,-17.5)) ;
#2365=CARTESIAN_POINT('Vertex',(66.9465837046,7.19339800339,-17.5)) ;
#2368=CARTESIAN_POINT('Line Origine',(66.9465837046,7.19339800339,0.)) ;
#2382=CARTESIAN_POINT('Axis2P3D Location',(0.,25.,-17.5)) ;
#2387=CARTESIAN_POINT('Line Origine',(38.982081746,0.,-17.5)) ;
#2391=CARTESIAN_POINT('Vertex',(38.982081746,20.,-17.5)) ;
#2393=CARTESIAN_POINT('Vertex',(38.982081746,-20.,-17.5)) ;
#2396=CARTESIAN_POINT('Line Origine',(46.3335204332,20.,-17.5)) ;
#2400=CARTESIAN_POINT('Vertex',(53.6849591204,20.,-17.5)) ;
#2403=CARTESIAN_POINT('Line Origine',(60.3157714125,13.5966990017,-17.5)) ;
#2408=CARTESIAN_POINT('Line Origine',(46.3335204332,-20.,-17.5)) ;
#2422=CARTESIAN_POINT('Axis2P3D Location',(60.,0.,-17.5)) ;
#2426=CARTESIAN_POINT('Vertex',(64.,4.4408920985E-16,-17.5)) ;
#2428=CARTESIAN_POINT('Vertex',(56.,-4.57695098089E-17,-17.5)) ;
#2431=CARTESIAN_POINT('Axis2P3D Location',(60.,0.,-17.5)) ;
#2441=CARTESIAN_POINT('Axis2P3D Location',(35.,-20.,-17.5)) ;
#2446=CARTESIAN_POINT('Line Origine',(35.,-25.,-12.5)) ;
#2450=CARTESIAN_POINT('Vertex',(29.3836114404,-25.,-12.5)) ;
#2454=CARTESIAN_POINT('Control Point',(29.3836114404,-25.,-12.5)) ;
#2455=CARTESIAN_POINT('Control Point',(32.5542056492,-22.3395555688,-15.1604444312)) ;
#2456=CARTESIAN_POINT('Vertex',(32.5542056492,-22.3395555688,-15.1604444312)) ;
#2460=CARTESIAN_POINT('Control Point',(38.982081746,-20.,-17.5)) ;
#2461=CARTESIAN_POINT('Control Point',(37.4887086931,-20.,-17.5)) ;
#2462=CARTESIAN_POINT('Control Point',(35.9922656371,-20.2800864134,-17.2199135866)) ;
#2463=CARTESIAN_POINT('Control Point',(34.656121759,-20.8337748415,-16.6662251585)) ;
#2464=CARTESIAN_POINT('Control Point',(33.5165359577,-21.5320645619,-15.9679354381)) ;
#2465=CARTESIAN_POINT('Control Point',(32.5542056492,-22.3395555688,-15.1604444312)) ;
#2475=CARTESIAN_POINT('Axis2P3D Location',(0.,-25.,-17.5)) ;
#2480=CARTESIAN_POINT('Line Origine',(21.8395463731,-25.,-6.16977778441)) ;
#2484=CARTESIAN_POINT('Vertex',(14.2954813057,-25.,0.16044443119)) ;
#2487=CARTESIAN_POINT('Line Origine',(0.,-25.,12.5)) ;
#2492=CARTESIAN_POINT('Line Origine',(-38.9454594959,-25.,-12.5)) ;
#2496=CARTESIAN_POINT('Vertex',(-29.3836114404,-25.,-12.5)) ;
#2499=CARTESIAN_POINT('Line Origine',(-21.8395463731,-25.,-6.16977778441)) ;
#2503=CARTESIAN_POINT('Vertex',(-14.2954813057,-25.,0.16044443119)) ;
#2506=CARTESIAN_POINT('Axis2P3D Location',(-7.86760520883,-25.,-7.5)) ;
#2510=CARTESIAN_POINT('Vertex',(-7.86760520883,-25.,2.5)) ;
#2513=CARTESIAN_POINT('Line Origine',(-8.881784197E-16,-25.,2.5)) ;
#2517=CARTESIAN_POINT('Vertex',(7.86760520883,-25.,2.5)) ;
#2520=CARTESIAN_POINT('Axis2P3D Location',(7.86760520883,-25.,-7.5)) ;
#2537=CARTESIAN_POINT('Axis2P3D Location',(-29.95,-25.,2.5)) ;
#2541=CARTESIAN_POINT('Vertex',(-26.5105,-25.,2.5)) ;
#2543=CARTESIAN_POINT('Vertex',(-33.3895,-25.,2.5)) ;
#2546=CARTESIAN_POINT('Axis2P3D Location',(-29.95,-25.,2.5)) ;
#2555=CARTESIAN_POINT('Axis2P3D Location',(29.95,-25.,2.5)) ;
#2559=CARTESIAN_POINT('Vertex',(26.5105,-25.,2.5)) ;
#2561=CARTESIAN_POINT('Vertex',(33.3895,-25.,2.5)) ;
#2564=CARTESIAN_POINT('Axis2P3D Location',(29.95,-25.,2.5)) ;
#2574=CARTESIAN_POINT('Axis2P3D Location',(35.,-25.,12.5)) ;
#2586=CARTESIAN_POINT('Axis2P3D Location',(0.,17.2,17.5)) ;
#2591=CARTESIAN_POINT('Axis2P3D Location',(50.,17.2,22.5)) ;
#2595=CARTESIAN_POINT('Vertex',(45.6698729811,17.2,20.)) ;
#2598=CARTESIAN_POINT('Line Origine',(39.4741864905,17.2,20.)) ;
#2602=CARTESIAN_POINT('Vertex',(33.2785,17.2,20.)) ;
#2605=CARTESIAN_POINT('Line Origine',(30.7785,17.2,20.)) ;
#2610=CARTESIAN_POINT('Line Origine',(-30.7785,17.2,20.)) ;
#2614=CARTESIAN_POINT('Vertex',(-33.2785,17.2,20.)) ;
#2617=CARTESIAN_POINT('Line Origine',(-39.4741864905,17.2,20.)) ;
#2621=CARTESIAN_POINT('Vertex',(-45.6698729811,17.2,20.)) ;
#2624=CARTESIAN_POINT('Axis2P3D Location',(-50.,17.2,22.5)) ;
#2628=CARTESIAN_POINT('Vertex',(-45.,17.2,22.5)) ;
#2631=CARTESIAN_POINT('Line Origine',(-45.,17.2,34.)) ;
#2656=CARTESIAN_POINT('Axis2P3D Location',(-39.,17.2,44.225)) ;
#2660=CARTESIAN_POINT('Vertex',(-36.2785,17.2,44.225)) ;
#2662=CARTESIAN_POINT('Vertex',(-41.7215,17.2,44.225)) ;
#2665=CARTESIAN_POINT('Axis2P3D Location',(-39.,17.2,44.225)) ;
#2674=CARTESIAN_POINT('Axis2P3D Location',(39.,17.2,44.225)) ;
#2678=CARTESIAN_POINT('Vertex',(41.7215,17.2,44.225)) ;
#2680=CARTESIAN_POINT('Vertex',(36.2785,17.2,44.225)) ;
#2683=CARTESIAN_POINT('Axis2P3D Location',(39.,17.2,44.225)) ;
#2692=CARTESIAN_POINT('Axis2P3D Location',(39.,17.2,25.525)) ;
#2696=CARTESIAN_POINT('Vertex',(41.7215,17.2,25.525)) ;
#2698=CARTESIAN_POINT('Vertex',(36.2785,17.2,25.525)) ;
#2701=CARTESIAN_POINT('Axis2P3D Location',(39.,17.2,25.525)) ;
#2710=CARTESIAN_POINT('Axis2P3D Location',(-39.,17.2,25.525)) ;
#2714=CARTESIAN_POINT('Vertex',(-41.7215,17.2,25.525)) ;
#2716=CARTESIAN_POINT('Vertex',(-36.2785,17.2,25.525)) ;
#2719=CARTESIAN_POINT('Axis2P3D Location',(-39.,17.2,25.525)) ;
#2729=CARTESIAN_POINT('Axis2P3D Location',(-45.,0.,0.)) ;
#2734=CARTESIAN_POINT('Line Origine',(-45.,6.2,22.5)) ;
#2738=CARTESIAN_POINT('Vertex',(-45.,-4.8,22.5)) ;
#2741=CARTESIAN_POINT('Line Origine',(-45.,-4.8,34.)) ;
#2754=CARTESIAN_POINT('Control Point',(-50.,-9.8,55.5)) ;
#2755=CARTESIAN_POINT('Control Point',(-48.6846406142,-9.8,54.8423199914)) ;
#2756=CARTESIAN_POINT('Control Point',(-47.3692812283,-9.69186425156,54.1846399827)) ;
#2757=CARTESIAN_POINT('Control Point',(-46.067689542,-9.47266673331,53.5338438111)) ;
#2758=CARTESIAN_POINT('Control Point',(-44.465407841,-9.05860785644,52.7327041499)) ;
#2759=CARTESIAN_POINT('Control Point',(-42.9596049804,-8.35923322863,51.9798024354)) ;
#2760=CARTESIAN_POINT('Control Point',(-42.67372208,-8.21275481786,51.8368609398)) ;
#2761=CARTESIAN_POINT('Control Point',(-41.9998015982,-7.82941603322,51.4999009396)) ;
#2762=CARTESIAN_POINT('Control Point',(-41.3702369716,-7.35942775546,51.1851182888)) ;
#2763=CARTESIAN_POINT('Control Point',(-41.021849945,-7.04873895205,51.010924455)) ;
#2764=CARTESIAN_POINT('Control Point',(-40.5017981251,-6.46361165635,50.7508993982)) ;
#2765=CARTESIAN_POINT('Control Point',(-40.153390476,-5.74456327725,50.5766950203)) ;
#2766=CARTESIAN_POINT('Control Point',(-40.0511009466,-5.43938133938,50.5255504733)) ;
#2767=CARTESIAN_POINT('Control Point',(-40.,-5.11969030835,50.5)) ;
#2768=CARTESIAN_POINT('Control Point',(-40.,-4.8,50.5)) ;
#2769=CARTESIAN_POINT('Vertex',(-50.,-9.8,55.5)) ;
#2772=CARTESIAN_POINT('Line Origine',(34.8859064644,-9.8,55.5)) ;
#2785=CARTESIAN_POINT('Control Point',(-50.,-9.8,55.5)) ;
#2786=CARTESIAN_POINT('Control Point',(-50.,-9.8,55.5)) ;
#2787=CARTESIAN_POINT('Control Point',(-50.,-9.8,55.5)) ;
#2788=CARTESIAN_POINT('Control Point',(-50.,-9.8,55.5)) ;
#2789=CARTESIAN_POINT('Control Point',(-50.,-9.8,55.5)) ;
#2790=CARTESIAN_POINT('Control Point',(-50.,-9.8,55.5)) ;
#2791=CARTESIAN_POINT('Control Point',(-50.,-9.8,55.5)) ;
#2792=CARTESIAN_POINT('Control Point',(-50.,-9.8,55.5)) ;
#2793=CARTESIAN_POINT('Control Point',(-50.,-9.8,55.5)) ;
#2794=CARTESIAN_POINT('Control Point',(-49.5224460217,-9.8,54.5448925019)) ;
#2795=CARTESIAN_POINT('Control Point',(-49.4746906697,-9.8,54.5926478538)) ;
#2796=CARTESIAN_POINT('Control Point',(-49.4269353177,-9.8,54.6404032058)) ;
#2797=CARTESIAN_POINT('Control Point',(-49.3791799658,-9.8,54.6881585578)) ;
#2798=CARTESIAN_POINT('Control Point',(-49.2836692618,-9.8,54.7836692618)) ;
#2799=CARTESIAN_POINT('Control Point',(-49.1881585578,-9.8,54.8791799657)) ;
#2800=CARTESIAN_POINT('Control Point',(-49.1404032058,-9.8,54.9269353177)) ;
#2801=CARTESIAN_POINT('Control Point',(-49.0926478538,-9.8,54.9746906697)) ;
#2802=CARTESIAN_POINT('Control Point',(-49.0448925019,-9.8,55.0224460217)) ;
#2803=CARTESIAN_POINT('Control Point',(-49.0446441234,-9.74299055931,53.5892875114)) ;
#2804=CARTESIAN_POINT('Control Point',(-48.9491115927,-9.73152981522,53.6848217355)) ;
#2805=CARTESIAN_POINT('Control Point',(-48.8535753194,-9.72293151692,53.7803559572)) ;
#2806=CARTESIAN_POINT('Control Point',(-48.7580376785,-9.71719853511,53.8758908007)) ;
#2807=CARTESIAN_POINT('Control Point',(-48.5669628727,-9.71146552643,54.0669628773)) ;
#2808=CARTESIAN_POINT('Control Point',(-48.3758907969,-9.71719853511,54.2580376823)) ;
#2809=CARTESIAN_POINT('Control Point',(-48.2803559543,-9.72293151692,54.3535753223)) ;
#2810=CARTESIAN_POINT('Control Point',(-48.1848217339,-9.73152981522,54.4491115944)) ;
#2811=CARTESIAN_POINT('Control Point',(-48.0892875114,-9.7429905593,54.5446441235)) ;
#2812=CARTESIAN_POINT('Control Point',(-48.5699001544,-9.62885094436,52.6398011329)) ;
#2813=CARTESIAN_POINT('Control Point',(-48.4305117912,-9.59483619055,52.7846325654)) ;
#2814=CARTESIAN_POINT('Control Point',(-48.2897745623,-9.56933487496,52.9294640069)) ;
#2815=CARTESIAN_POINT('Control Point',(-48.1479069934,-9.55233671844,53.0740661731)) ;
#2816=CARTESIAN_POINT('Control Point',(-47.8623537664,-9.53533867154,53.3623537538)) ;
#2817=CARTESIAN_POINT('Control Point',(-47.5740661835,-9.55233671844,53.647906983)) ;
#2818=CARTESIAN_POINT('Control Point',(-47.4294640149,-9.56933487496,53.7897745543)) ;
#2819=CARTESIAN_POINT('Control Point',(-47.28463257,-9.59483619055,53.9305117867)) ;
#2820=CARTESIAN_POINT('Control Point',(-47.1398011329,-9.62885094436,54.0699001544)) ;
#2821=CARTESIAN_POINT('Control Point',(-47.9194448794,-9.38789982596,51.3388894479)) ;
#2822=CARTESIAN_POINT('Control Point',(-47.7299891426,-9.30785544489,51.556218012)) ;
#2823=CARTESIAN_POINT('Control Point',(-47.5335352207,-9.24750209577,51.7735465553)) ;
#2824=CARTESIAN_POINT('Control Point',(-47.331265603,-9.20716185672,51.9897198851)) ;
#2825=CARTESIAN_POINT('Control Point',(-46.9174448845,-9.16682119334,52.4174448893)) ;
#2826=CARTESIAN_POINT('Control Point',(-46.4897198812,-9.20716185672,52.8312656069)) ;
#2827=CARTESIAN_POINT('Control Point',(-46.2735465523,-9.24750209577,53.0335352238)) ;
#2828=CARTESIAN_POINT('Control Point',(-46.0562180103,-9.30785544488,53.2299891444)) ;
#2829=CARTESIAN_POINT('Control Point',(-45.8388894479,-9.38789982596,53.4194448794)) ;
#2830=CARTESIAN_POINT('Control Point',(-47.2841133169,-9.00554308075,50.068226751)) ;
#2831=CARTESIAN_POINT('Control Point',(-47.0699609104,-8.86823246304,50.3694117105)) ;
#2832=CARTESIAN_POINT('Control Point',(-46.8351361936,-8.76350772771,50.6705967374)) ;
#2833=CARTESIAN_POINT('Control Point',(-46.5823733664,-8.6930961003,50.9679706516)) ;
#2834=CARTESIAN_POINT('Control Point',(-46.0474766025,-8.62268757552,51.5474766007)) ;
#2835=CARTESIAN_POINT('Control Point',(-45.4679706531,-8.6930961003,52.0823733649)) ;
#2836=CARTESIAN_POINT('Control Point',(-45.1705967385,-8.76350772771,52.3351361924)) ;
#2837=CARTESIAN_POINT('Control Point',(-44.8694117112,-8.86823246304,52.5699609097)) ;
#2838=CARTESIAN_POINT('Control Point',(-44.568226751,-9.00554308075,52.7841133169)) ;
#2839=CARTESIAN_POINT('Control Point',(-47.1113835116,-8.88934625518,49.7227671673)) ;
#2840=CARTESIAN_POINT('Control Point',(-46.8926764609,-8.73579588357,50.0479340772)) ;
#2841=CARTESIAN_POINT('Control Point',(-46.6488704644,-8.61840511585,50.3731010948)) ;
#2842=CARTESIAN_POINT('Control Point',(-46.3831582343,-8.53938073011,50.6935735766)) ;
#2843=CARTESIAN_POINT('Control Point',(-45.8157445221,-8.46036086407,51.3157445154)) ;
#2844=CARTESIAN_POINT('Control Point',(-45.1935735821,-8.53938073011,51.8831582288)) ;
#2845=CARTESIAN_POINT('Control Point',(-44.8731010991,-8.61840511585,52.1488704602)) ;
#2846=CARTESIAN_POINT('Control Point',(-44.5479340796,-8.73579588357,52.3926764585)) ;
#2847=CARTESIAN_POINT('Control Point',(-44.2227671673,-8.88934625518,52.6113835116)) ;
#2848=CARTESIAN_POINT('Control Point',(-46.7914602321,-8.64873390494,49.0829203384)) ;
#2849=CARTESIAN_POINT('Control Point',(-46.569039416,-8.46449468543,49.4551446599)) ;
#2850=CARTESIAN_POINT('Control Point',(-46.3118192513,-8.32296542341,49.8273692129)) ;
#2851=CARTESIAN_POINT('Control Point',(-46.0238752888,-8.2274562874,50.1928970715)) ;
#2852=CARTESIAN_POINT('Control Point',(-45.3971748924,-8.13195559155,50.8971748983)) ;
#2853=CARTESIAN_POINT('Control Point',(-44.6928970668,-8.2274562874,51.5238752936)) ;
#2854=CARTESIAN_POINT('Control Point',(-44.3273692092,-8.32296542341,51.811819255)) ;
#2855=CARTESIAN_POINT('Control Point',(-43.9551446578,-8.46449468543,52.0690394181)) ;
#2856=CARTESIAN_POINT('Control Point',(-43.5829203384,-8.64873390494,52.2914602321)) ;
#2857=CARTESIAN_POINT('Control Point',(-46.4798024354,-8.35923322863,48.4596049804)) ;
#2858=CARTESIAN_POINT('Control Point',(-46.2639885602,-8.1463233169,48.8835566253)) ;
#2859=CARTESIAN_POINT('Control Point',(-46.0008317962,-7.98179309232,49.307508814)) ;
#2860=CARTESIAN_POINT('Control Point',(-45.6951956417,-7.87041687995,49.721976413)) ;
#2861=CARTESIAN_POINT('Control Point',(-45.0129942804,-7.75905624643,50.5129942753)) ;
#2862=CARTESIAN_POINT('Control Point',(-44.2219764172,-7.87041687995,51.1951956375)) ;
#2863=CARTESIAN_POINT('Control Point',(-43.8075088172,-7.98179309232,51.5008317929)) ;
#2864=CARTESIAN_POINT('Control Point',(-43.3835566271,-8.1463233169,51.7639885584)) ;
#2865=CARTESIAN_POINT('Control Point',(-42.9596049804,-8.35923322863,51.9798024354)) ;
#2866=CARTESIAN_POINT('Control Point',(-46.3368609398,-8.21275481786,48.17372208)) ;
#2867=CARTESIAN_POINT('Control Point',(-46.1266073047,-7.98745219467,48.6228839809)) ;
#2868=CARTESIAN_POINT('Control Point',(-45.8625188013,-7.81285672954,49.0720466319)) ;
#2869=CARTESIAN_POINT('Control Point',(-45.5497781844,-7.6944938975,49.5102310889)) ;
#2870=CARTESIAN_POINT('Control Point',(-44.8427163154,-7.5761507693,50.3427163026)) ;
#2871=CARTESIAN_POINT('Control Point',(-44.0102310993,-7.6944938975,51.0497781739)) ;
#2872=CARTESIAN_POINT('Control Point',(-43.57204664,-7.81285672954,51.3625187932)) ;
#2873=CARTESIAN_POINT('Control Point',(-43.1228839855,-7.98745219467,51.6266073001)) ;
#2874=CARTESIAN_POINT('Control Point',(-42.67372208,-8.21275481786,51.8368609398)) ;
#2875=CARTESIAN_POINT('Control Point',(-45.9999009396,-7.82941603322,47.4998015982)) ;
#2876=CARTESIAN_POINT('Control Point',(-45.8096026998,-7.57807663203,48.0124980048)) ;
#2877=CARTESIAN_POINT('Control Point',(-45.5482432409,-7.38194145177,48.525195859)) ;
#2878=CARTESIAN_POINT('Control Point',(-45.2215726658,-7.24848869253,49.022790621)) ;
#2879=CARTESIAN_POINT('Control Point',(-44.457624142,-7.11506813256,49.95762416)) ;
#2880=CARTESIAN_POINT('Control Point',(-43.5227906063,-7.24848869253,50.7215726804)) ;
#2881=CARTESIAN_POINT('Control Point',(-43.0251958477,-7.38194145177,51.0482432522)) ;
#2882=CARTESIAN_POINT('Control Point',(-42.5124979984,-7.57807663203,51.3096027062)) ;
#2883=CARTESIAN_POINT('Control Point',(-41.9998015982,-7.82941603322,51.4999009396)) ;
#2884=CARTESIAN_POINT('Control Point',(-45.6851182888,-7.35942775546,46.8702369716)) ;
#2885=CARTESIAN_POINT('Control Point',(-45.531263963,-7.0983555958,47.4532883688)) ;
#2886=CARTESIAN_POINT('Control Point',(-45.2855445579,-6.89297650178,48.0363426826)) ;
#2887=CARTESIAN_POINT('Control Point',(-44.9535099081,-6.752633414,48.5987810539)) ;
#2888=CARTESIAN_POINT('Control Point',(-44.1413086107,-6.6123391609,49.6413085854)) ;
#2889=CARTESIAN_POINT('Control Point',(-43.0987810745,-6.752633414,50.4535098875)) ;
#2890=CARTESIAN_POINT('Control Point',(-42.5363426985,-6.89297650178,50.785544542)) ;
#2891=CARTESIAN_POINT('Control Point',(-41.9532883778,-7.0983555958,51.031263954)) ;
#2892=CARTESIAN_POINT('Control Point',(-41.3702369716,-7.35942775546,51.1851182888)) ;
#2893=CARTESIAN_POINT('Control Point',(-45.510924455,-7.04873895205,46.521849945)) ;
#2894=CARTESIAN_POINT('Control Point',(-45.384134716,-6.79004729523,47.1481914758)) ;
#2895=CARTESIAN_POINT('Control Point',(-45.152227054,-6.58545065124,47.7745371091)) ;
#2896=CARTESIAN_POINT('Control Point',(-44.8202810633,-6.44524110158,48.3765480564)) ;
#2897=CARTESIAN_POINT('Control Point',(-43.9833929799,-6.3050915716,49.4833928621)) ;
#2898=CARTESIAN_POINT('Control Point',(-42.8765481519,-6.44524110159,50.3202809678)) ;
#2899=CARTESIAN_POINT('Control Point',(-42.2745371822,-6.58545065124,50.6522269809)) ;
#2900=CARTESIAN_POINT('Control Point',(-41.6481915165,-6.79004729523,50.8841346753)) ;
#2901=CARTESIAN_POINT('Control Point',(-41.021849945,-7.04873895205,51.010924455)) ;
#2902=CARTESIAN_POINT('Control Point',(-45.2508993982,-6.46361165635,46.0017981251)) ;
#2903=CARTESIAN_POINT('Control Point',(-45.1785252172,-6.23514699292,46.7021508342)) ;
#2904=CARTESIAN_POINT('Control Point',(-44.9781615781,-6.05288611842,47.4025107338)) ;
#2905=CARTESIAN_POINT('Control Point',(-44.6530842376,-5.92739497455,48.0714788888)) ;
#2906=CARTESIAN_POINT('Control Point',(-43.7841338695,-5.8019762744,49.2841339459)) ;
#2907=CARTESIAN_POINT('Control Point',(-42.5714788268,-5.92739497455,50.1530842995)) ;
#2908=CARTESIAN_POINT('Control Point',(-41.9025106863,-6.05288611842,50.4781616255)) ;
#2909=CARTESIAN_POINT('Control Point',(-41.2021508079,-6.23514699292,50.6785252436)) ;
#2910=CARTESIAN_POINT('Control Point',(-40.5017981251,-6.46361165635,50.7508993982)) ;
#2911=CARTESIAN_POINT('Control Point',(-45.0766950203,-5.74456327725,45.653390476)) ;
#2912=CARTESIAN_POINT('Control Point',(-45.0526122402,-5.60086953119,46.4114137871)) ;
#2913=CARTESIAN_POINT('Control Point',(-44.8827359601,-5.48559610654,47.1694476694)) ;
#2914=CARTESIAN_POINT('Control Point',(-44.5681024513,-5.40598489505,47.8900457622)) ;
#2915=CARTESIAN_POINT('Control Point',(-43.6819216298,-5.32642816095,49.1819215803)) ;
#2916=CARTESIAN_POINT('Control Point',(-42.3900458024,-5.40598489505,50.0681024111)) ;
#2917=CARTESIAN_POINT('Control Point',(-41.6694477001,-5.48559610654,50.3827359293)) ;
#2918=CARTESIAN_POINT('Control Point',(-40.9114138043,-5.60086953119,50.5526122231)) ;
#2919=CARTESIAN_POINT('Control Point',(-40.153390476,-5.74456327725,50.5766950203)) ;
#2920=CARTESIAN_POINT('Control Point',(-45.0255504733,-5.43938133938,45.5511009466)) ;
#2921=CARTESIAN_POINT('Control Point',(-45.0175148014,-5.33883340077,46.3273684671)) ;
#2922=CARTESIAN_POINT('Control Point',(-44.8580952768,-5.25801462649,47.1036478024)) ;
#2923=CARTESIAN_POINT('Control Point',(-44.5474850215,-5.20213848821,47.8404990375)) ;
#2924=CARTESIAN_POINT('Control Point',(-43.6569625356,-5.14630283937,49.1569625335)) ;
#2925=CARTESIAN_POINT('Control Point',(-42.3404990392,-5.20213848821,50.0474850198)) ;
#2926=CARTESIAN_POINT('Control Point',(-41.6036478037,-5.25801462649,50.3580952755)) ;
#2927=CARTESIAN_POINT('Control Point',(-40.8273684678,-5.33883340077,50.5175148007)) ;
#2928=CARTESIAN_POINT('Control Point',(-40.0511009466,-5.43938133938,50.5255504733)) ;
#2929=CARTESIAN_POINT('Control Point',(-45.,-5.11969030835,45.5)) ;
#2930=CARTESIAN_POINT('Control Point',(-45.,-5.06947347214,46.2853981634)) ;
#2931=CARTESIAN_POINT('Control Point',(-44.8458220353,-5.02911368057,47.0708087699)) ;
#2932=CARTESIAN_POINT('Control Point',(-44.5372343561,-5.0012113382,47.815792887)) ;
#2933=CARTESIAN_POINT('Control Point',(-43.6445541903,-4.97332915554,49.1445541903)) ;
#2934=CARTESIAN_POINT('Control Point',(-42.315792887,-5.0012113382,50.0372343561)) ;
#2935=CARTESIAN_POINT('Control Point',(-41.5708087699,-5.02911368057,50.3458220353)) ;
#2936=CARTESIAN_POINT('Control Point',(-40.7853981634,-5.06947347214,50.5)) ;
#2937=CARTESIAN_POINT('Control Point',(-40.,-5.11969030835,50.5)) ;
#2938=CARTESIAN_POINT('Control Point',(-45.,-4.8,45.5)) ;
#2939=CARTESIAN_POINT('Control Point',(-45.,-4.8,46.2853981634)) ;
#2940=CARTESIAN_POINT('Control Point',(-44.8458220353,-4.8,47.0708087699)) ;
#2941=CARTESIAN_POINT('Control Point',(-44.5372343561,-4.8,47.815792887)) ;
#2942=CARTESIAN_POINT('Control Point',(-43.6445541903,-4.8,49.1445541903)) ;
#2943=CARTESIAN_POINT('Control Point',(-42.315792887,-4.8,50.0372343561)) ;
#2944=CARTESIAN_POINT('Control Point',(-41.5708087699,-4.8,50.3458220353)) ;
#2945=CARTESIAN_POINT('Control Point',(-40.7853981634,-4.8,50.5)) ;
#2946=CARTESIAN_POINT('Control Point',(-40.,-4.8,50.5)) ;
#2948=CARTESIAN_POINT('Control Point',(-50.,-9.8,55.5)) ;
#2949=CARTESIAN_POINT('Control Point',(-49.9983029319,-9.8,55.4966058654)) ;
#2950=CARTESIAN_POINT('Control Point',(-49.9966058638,-9.79999927999,55.4932117308)) ;
#2951=CARTESIAN_POINT('Control Point',(-49.9949087975,-9.79999783997,55.4898175949)) ;
#2952=CARTESIAN_POINT('Control Point',(-49.9301053456,-9.79991535806,55.3602106913)) ;
#2953=CARTESIAN_POINT('Control Point',(-49.8653022527,-9.79878300067,55.230604499)) ;
#2954=CARTESIAN_POINT('Control Point',(-49.8022007268,-9.79668461025,55.10440146)) ;
#2955=CARTESIAN_POINT('Control Point',(-49.3264465692,-9.77334206652,54.1528930967)) ;
#2956=CARTESIAN_POINT('Control Point',(-48.8514308206,-9.6931271783,53.2028619131)) ;
#2957=CARTESIAN_POINT('Control Point',(-48.4418924303,-9.57999554309,52.3837853191)) ;
#2958=CARTESIAN_POINT('Control Point',(-47.8568309565,-9.3502244666,51.2136617128)) ;
#2959=CARTESIAN_POINT('Control Point',(-47.2841187748,-9.00554326698,50.0682376369)) ;
#2960=CARTESIAN_POINT('Control Point',(-47.1113835116,-8.88934625518,49.7227671673)) ;
#2961=CARTESIAN_POINT('Control Point',(-46.7914602321,-8.64873390494,49.0829203384)) ;
#2962=CARTESIAN_POINT('Control Point',(-46.4798024354,-8.35923322863,48.4596049804)) ;
#2963=CARTESIAN_POINT('Control Point',(-46.3368609398,-8.21275481786,48.17372208)) ;
#2964=CARTESIAN_POINT('Control Point',(-45.9999009396,-7.82941603322,47.4998015982)) ;
#2965=CARTESIAN_POINT('Control Point',(-45.6851182888,-7.35942775546,46.8702369716)) ;
#2966=CARTESIAN_POINT('Control Point',(-45.510924455,-7.04873895205,46.521849945)) ;
#2967=CARTESIAN_POINT('Control Point',(-45.2508993982,-6.46361165635,46.0017981251)) ;
#2968=CARTESIAN_POINT('Control Point',(-45.0766950203,-5.74456327725,45.653390476)) ;
#2969=CARTESIAN_POINT('Control Point',(-45.0255504733,-5.43938133938,45.5511009466)) ;
#2970=CARTESIAN_POINT('Control Point',(-45.,-5.11969030835,45.5)) ;
#2971=CARTESIAN_POINT('Control Point',(-45.,-4.8,45.5)) ;
#2979=CARTESIAN_POINT('Line Origine',(-50.,-9.8,38.)) ;
#2983=CARTESIAN_POINT('Vertex',(-50.,-9.8,20.5)) ;
#2986=CARTESIAN_POINT('Line Origine',(-51.9460325916,-9.8,20.5)) ;
#3002=CARTESIAN_POINT('Axis2P3D Location',(-58.,-9.8,67.5)) ;
#3006=CARTESIAN_POINT('Vertex',(-63.5,-9.8,67.5)) ;
#3008=CARTESIAN_POINT('Vertex',(-52.5,-9.8,67.5)) ;
#3011=CARTESIAN_POINT('Axis2P3D Location',(-58.,-9.8,67.5)) ;
#3021=CARTESIAN_POINT('Axis2P3D Location',(-56.8920651832,0.1,20.5)) ;
#3027=CARTESIAN_POINT('Control Point',(-53.8920651832,-9.8,20.5)) ;
#3028=CARTESIAN_POINT('Control Point',(-53.8920651832,-9.8,20.2234120835)) ;
#3029=CARTESIAN_POINT('Control Point',(-53.923940548,-9.76812463519,19.9468245426)) ;
#3030=CARTESIAN_POINT('Control Point',(-53.9877287194,-9.70433676148,19.6806876698)) ;
#3031=CARTESIAN_POINT('Control Point',(-54.228963533,-9.4631011441,19.0096525664)) ;
#3032=CARTESIAN_POINT('Control Point',(-54.6189899245,-9.07307611929,18.481263716)) ;
#3033=CARTESIAN_POINT('Control Point',(-54.9005077146,-8.79155796726,18.2112095984)) ;
#3034=CARTESIAN_POINT('Control Point',(-55.4526999703,-8.23936479057,17.8178523962)) ;
#3035=CARTESIAN_POINT('Control Point',(-56.0501199107,-7.64194563019,17.5990391575)) ;
#3036=CARTESIAN_POINT('Control Point',(-56.3287839474,-7.36328121221,17.5330505976)) ;
#3037=CARTESIAN_POINT('Control Point',(-56.6104245714,-7.08164061085,17.5)) ;
#3038=CARTESIAN_POINT('Control Point',(-56.8920651832,-6.8,17.5)) ;
#3048=CARTESIAN_POINT('Control Point',(-38.982081746,-20.,-17.5)) ;
#3049=CARTESIAN_POINT('Control Point',(-37.4887086931,-20.,-17.5)) ;
#3050=CARTESIAN_POINT('Control Point',(-35.9922656371,-20.2800864134,-17.2199135866)) ;
#3051=CARTESIAN_POINT('Control Point',(-34.656121759,-20.8337748415,-16.6662251585)) ;
#3052=CARTESIAN_POINT('Control Point',(-33.5165359577,-21.5320645619,-15.9679354381)) ;
#3053=CARTESIAN_POINT('Control Point',(-32.5542056492,-22.3395555688,-15.1604444312)) ;
#3054=CARTESIAN_POINT('Vertex',(-38.982081746,-20.,-17.5)) ;
#3056=CARTESIAN_POINT('Vertex',(-32.5542056492,-22.3395555688,-15.1604444312)) ;
#3060=CARTESIAN_POINT('Control Point',(-29.3836114404,-25.,-12.5)) ;
#3061=CARTESIAN_POINT('Control Point',(-32.5542056492,-22.3395555688,-15.1604444312)) ;
#3063=CARTESIAN_POINT('Line Origine',(35.,-20.,-17.5)) ;
#3076=CARTESIAN_POINT('Axis2P3D Location',(-60.,0.,-17.5)) ;
#3080=CARTESIAN_POINT('Vertex',(-70.,3.5527136788E-15,-17.5)) ;
#3083=CARTESIAN_POINT('Axis2P3D Location',(-60.,0.,-17.5)) ;
#3087=CARTESIAN_POINT('Vertex',(-66.9465837046,7.19339800339,-17.5)) ;
#3090=CARTESIAN_POINT('Line Origine',(-60.3157714125,13.5966990017,-17.5)) ;
#3094=CARTESIAN_POINT('Vertex',(-53.6849591204,20.,-17.5)) ;
#3097=CARTESIAN_POINT('Line Origine',(-46.3335204332,20.,-17.5)) ;
#3101=CARTESIAN_POINT('Vertex',(-38.982081746,20.,-17.5)) ;
#3104=CARTESIAN_POINT('Line Origine',(-38.982081746,0.,-17.5)) ;
#3118=CARTESIAN_POINT('Axis2P3D Location',(-60.,0.,-17.5)) ;
#3122=CARTESIAN_POINT('Vertex',(-56.,-4.57695098089E-17,-17.5)) ;
#3124=CARTESIAN_POINT('Vertex',(-64.,4.4408920985E-16,-17.5)) ;
#3127=CARTESIAN_POINT('Axis2P3D Location',(-60.,0.,-17.5)) ;
#3137=CARTESIAN_POINT('Axis2P3D Location',(-60.,-1.7763568394E-15,0.)) ;
#3142=CARTESIAN_POINT('Line Origine',(-66.9465837046,7.19339800339,0.)) ;
#3146=CARTESIAN_POINT('Vertex',(-66.9465837046,7.19339800339,-11.35)) ;
#3149=CARTESIAN_POINT('Axis2P3D Location',(-60.,-1.7763568394E-15,-11.35)) ;
#3153=CARTESIAN_POINT('Vertex',(-70.,0.,-11.35)) ;
#3156=CARTESIAN_POINT('Axis2P3D Location',(-60.,-1.7763568394E-15,-11.35)) ;
#3170=CARTESIAN_POINT('Axis2P3D Location',(-60.,0.,-11.35)) ;
#3174=CARTESIAN_POINT('Vertex',(-56.,-4.57695098089E-17,-11.35)) ;
#3176=CARTESIAN_POINT('Vertex',(-64.,4.4408920985E-16,-11.35)) ;
#3179=CARTESIAN_POINT('Line Origine',(-67.,0.,-11.35)) ;
#3184=CARTESIAN_POINT('Line Origine',(-52.2790137076,-9.5,-11.35)) ;
#3188=CARTESIAN_POINT('Vertex',(-40.,-9.5,-11.35)) ;
#3191=CARTESIAN_POINT('Line Origine',(-40.,-4.75,-11.35)) ;
#3195=CARTESIAN_POINT('Vertex',(-40.,0.,-11.35)) ;
#3198=CARTESIAN_POINT('Line Origine',(-48.,0.,-11.35)) ;
#3213=CARTESIAN_POINT('Line Origine',(55.,-22.,-7.58212459829)) ;
#3217=CARTESIAN_POINT('Vertex',(-40.,-22.,-7.58212459829)) ;
#3220=CARTESIAN_POINT('Axis2P3D Location',(-40.,-15.1821245983,-7.58212459829)) ;
#3232=CARTESIAN_POINT('Line Origine',(-45.8069492464,-22.,0.)) ;
#3236=CARTESIAN_POINT('Vertex',(-40.,-22.,0.)) ;
#3239=CARTESIAN_POINT('Line Origine',(-40.,-22.,-3.79106229914)) ;
#3251=CARTESIAN_POINT('Line Origine',(-45.8069492464,-22.,7.58212459829)) ;
#3255=CARTESIAN_POINT('Vertex',(-40.,-22.,7.58212459829)) ;
#3258=CARTESIAN_POINT('Line Origine',(-40.,-22.,3.79106229914)) ;
#3270=CARTESIAN_POINT('Line Origine',(55.,-9.5,11.35)) ;
#3274=CARTESIAN_POINT('Vertex',(-40.,-9.5,11.35)) ;
#3277=CARTESIAN_POINT('Axis2P3D Location',(-40.,-15.1821245983,7.58212459829)) ;
#3289=CARTESIAN_POINT('Axis2P3D Location',(-60.,0.,11.35)) ;
#3293=CARTESIAN_POINT('Vertex',(-64.,4.4408920985E-16,11.35)) ;
#3295=CARTESIAN_POINT('Vertex',(-56.,-4.57695098089E-17,11.35)) ;
#3298=CARTESIAN_POINT('Line Origine',(-48.,0.,11.35)) ;
#3302=CARTESIAN_POINT('Vertex',(-40.,0.,11.35)) ;
#3305=CARTESIAN_POINT('Line Origine',(-40.,-4.75,11.35)) ;
#3310=CARTESIAN_POINT('Axis2P3D Location',(-60.,1.7763568394E-15,11.35)) ;
#3314=CARTESIAN_POINT('Vertex',(-70.,1.7763568394E-15,11.35)) ;
#3317=CARTESIAN_POINT('Line Origine',(-67.,0.,11.35)) ;
#3332=CARTESIAN_POINT('Line Origine',(-66.9465837046,7.19339800339,0.)) ;
#3336=CARTESIAN_POINT('Vertex',(-66.9465837046,7.19339800339,11.35)) ;
#3339=CARTESIAN_POINT('Axis2P3D Location',(-60.,-1.7763568394E-15,11.35)) ;
#3353=CARTESIAN_POINT('Axis2P3D Location',(-58.,-14.8,67.5)) ;
#3357=CARTESIAN_POINT('Vertex',(-52.5,-14.8,67.5)) ;
#3359=CARTESIAN_POINT('Vertex',(-63.5,-14.8,67.5)) ;
#3362=CARTESIAN_POINT('Axis2P3D Location',(-58.,-14.8,67.5)) ;
#3376=CARTESIAN_POINT('Axis2P3D Location',(50.,0.1,22.5)) ;
#3382=CARTESIAN_POINT('Control Point',(45.6698729811,17.2,20.)) ;
#3383=CARTESIAN_POINT('Control Point',(45.8142168351,17.2,19.7499891111)) ;
#3384=CARTESIAN_POINT('Control Point',(45.976604291,17.2312524671,19.5103960833)) ;
#3385=CARTESIAN_POINT('Control Point',(46.1540904471,17.2885587182,19.2863851116)) ;
#3386=CARTESIAN_POINT('Control Point',(46.5647914658,17.4572290882,18.836209499)) ;
#3387=CARTESIAN_POINT('Control Point',(47.0178038577,17.7032410387,18.468440714)) ;
#3388=CARTESIAN_POINT('Control Point',(47.2719300276,17.8527305747,18.2934223027)) ;
#3389=CARTESIAN_POINT('Control Point',(47.9504611874,18.2737880391,17.8971596416)) ;
#3390=CARTESIAN_POINT('Control Point',(48.6616460472,18.7576465631,17.6498853839)) ;
#3391=CARTESIAN_POINT('Control Point',(49.1047350079,19.0676019234,17.5500594399)) ;
#3392=CARTESIAN_POINT('Control Point',(49.5525206602,19.3835843244,17.5)) ;
#3393=CARTESIAN_POINT('Control Point',(50.,19.7,17.5)) ;
#3403=CARTESIAN_POINT('Axis2P3D Location',(-50.,0.1,22.5)) ;
#3409=CARTESIAN_POINT('Control Point',(-45.6698729811,17.2,20.)) ;
#3410=CARTESIAN_POINT('Control Point',(-45.8142168351,17.2,19.7499891111)) ;
#3411=CARTESIAN_POINT('Control Point',(-45.976604291,17.2312524671,19.5103960833)) ;
#3412=CARTESIAN_POINT('Control Point',(-46.1540904471,17.2885587182,19.2863851116)) ;
#3413=CARTESIAN_POINT('Control Point',(-46.5647914658,17.4572290882,18.836209499)) ;
#3414=CARTESIAN_POINT('Control Point',(-47.0178038577,17.7032410387,18.468440714)) ;
#3415=CARTESIAN_POINT('Control Point',(-47.2719300276,17.8527305747,18.2934223027)) ;
#3416=CARTESIAN_POINT('Control Point',(-47.9504611874,18.2737880391,17.8971596416)) ;
#3417=CARTESIAN_POINT('Control Point',(-48.6616460472,18.7576465631,17.6498853839)) ;
#3418=CARTESIAN_POINT('Control Point',(-49.1047350079,19.0676019234,17.5500594399)) ;
#3419=CARTESIAN_POINT('Control Point',(-49.5525206602,19.3835843244,17.5)) ;
#3420=CARTESIAN_POINT('Control Point',(-50.,19.7,17.5)) ;
#3423=CARTESIAN_POINT('Control Point',(-45.,-4.8,22.5)) ;
#3424=CARTESIAN_POINT('Control Point',(-45.,-5.07471069506,21.8132219285)) ;
#3425=CARTESIAN_POINT('Control Point',(-45.1179160299,-5.34942139012,21.126443857)) ;
#3426=CARTESIAN_POINT('Control Point',(-45.3536948733,-5.61505232702,20.4623684555)) ;
#3427=CARTESIAN_POINT('Control Point',(-46.1265598808,-6.15908429554,19.1022901378)) ;
#3428=CARTESIAN_POINT('Control Point',(-47.3948871639,-6.56098407708,18.09753875)) ;
#3429=CARTESIAN_POINT('Control Point',(-48.2158917973,-6.7204239681,17.6989400797)) ;
#3430=CARTESIAN_POINT('Control Point',(-49.1079460112,-6.8,17.5)) ;
#3431=CARTESIAN_POINT('Control Point',(-50.,-6.8,17.5)) ;
#3441=CARTESIAN_POINT('Axis2P3D Location',(-50.,-6.8,20.5)) ;
#3453=CARTESIAN_POINT('Axis2P3D Location',(-48.5073075515,25.,0.)) ;
#3458=CARTESIAN_POINT('Line Origine',(-48.5073075515,25.,0.)) ;
#3462=CARTESIAN_POINT('Vertex',(-48.5073075515,25.,12.5)) ;
#3464=CARTESIAN_POINT('Vertex',(-48.5073075515,25.,-12.5)) ;
#3467=CARTESIAN_POINT('Line Origine',(-51.096133336,22.5,-15.)) ;
#3472=CARTESIAN_POINT('Line Origine',(-65.7523055599,8.34669900169,-11.35)) ;
#3476=CARTESIAN_POINT('Vertex',(-64.5580274152,9.5,-11.35)) ;
#3480=CARTESIAN_POINT('Control Point',(-51.6138984929,22.,-7.58212459829)) ;
#3481=CARTESIAN_POINT('Control Point',(-51.6138984929,22.,-7.90539714737)) ;
#3482=CARTESIAN_POINT('Control Point',(-51.6337393955,21.9808398631,-8.22866949055)) ;
#3483=CARTESIAN_POINT('Control Point',(-51.6734237108,21.9425171652,-8.54868693209)) ;
#3484=CARTESIAN_POINT('Control Point',(-51.8059832632,21.8145058934,-9.26029620346)) ;
#3485=CARTESIAN_POINT('Control Point',(-52.0271253894,21.6009514246,-9.92949970119)) ;
#3486=CARTESIAN_POINT('Control Point',(-52.1753063275,21.457854756,-10.2861869725)) ;
#3487=CARTESIAN_POINT('Control Point',(-52.6495897199,20.9998446079,-11.2345197846)) ;
#3488=CARTESIAN_POINT('Control Point',(-53.2618427351,20.4085987438,-12.0265434982)) ;
#3489=CARTESIAN_POINT('Control Point',(-53.6958554753,19.9894775124,-12.4703851399)) ;
#3490=CARTESIAN_POINT('Control Point',(-54.5400450945,19.1742530734,-13.1697942877)) ;
#3491=CARTESIAN_POINT('Control Point',(-55.4520900348,18.2935015124,-13.6744042747)) ;
#3492=CARTESIAN_POINT('Control Point',(-55.876736429,17.8834252563,-13.865823158)) ;
#3493=CARTESIAN_POINT('Control Point',(-57.1441744774,16.6594745602,-14.3209639537)) ;
#3494=CARTESIAN_POINT('Control Point',(-58.4547363568,15.3938796645,-14.4721967105)) ;
#3495=CARTESIAN_POINT('Control Point',(-59.3215391127,14.5568179732,-14.4474740546)) ;
#3496=CARTESIAN_POINT('Control Point',(-60.669555211,13.2550539588,-14.2125943813)) ;
#3497=CARTESIAN_POINT('Control Point',(-61.9594381573,12.0094284767,-13.6473529158)) ;
#3498=CARTESIAN_POINT('Control Point',(-62.4151250127,11.5693767956,-13.3980405779)) ;
#3499=CARTESIAN_POINT('Control Point',(-63.1517510693,10.8580252815,-12.9018296936)) ;
#3500=CARTESIAN_POINT('Control Point',(-63.8275605289,10.2054036725,-12.2639627396)) ;
#3501=CARTESIAN_POINT('Control Point',(-64.0871451162,9.95472575042,-11.9839467317)) ;
#3502=CARTESIAN_POINT('Control Point',(-64.331891626,9.71837679321,-11.6793219696)) ;
#3503=CARTESIAN_POINT('Control Point',(-64.5580274152,9.5,-11.35)) ;
#3504=CARTESIAN_POINT('Vertex',(-51.6138984929,22.,-7.58212459829)) ;
#3507=CARTESIAN_POINT('Line Origine',(-51.6138984929,22.,-3.79106229914)) ;
#3511=CARTESIAN_POINT('Vertex',(-51.6138984929,22.,0.)) ;
#3514=CARTESIAN_POINT('Line Origine',(-51.6138984929,22.,3.79106229914)) ;
#3518=CARTESIAN_POINT('Vertex',(-51.6138984929,22.,7.58212459829)) ;
#3522=CARTESIAN_POINT('Control Point',(-51.6138984929,22.,7.58212459829)) ;
#3523=CARTESIAN_POINT('Control Point',(-51.6138984929,22.,7.90539714739)) ;
#3524=CARTESIAN_POINT('Control Point',(-51.6337393955,21.9808398631,8.22866949059)) ;
#3525=CARTESIAN_POINT('Control Point',(-51.6734237108,21.9425171652,8.54868693213)) ;
#3526=CARTESIAN_POINT('Control Point',(-51.8059832632,21.8145058934,9.26029620351)) ;
#3527=CARTESIAN_POINT('Control Point',(-52.0271253894,21.6009514245,9.92949970124)) ;
#3528=CARTESIAN_POINT('Control Point',(-52.1753063275,21.457854756,10.2861869725)) ;
#3529=CARTESIAN_POINT('Control Point',(-52.6495897199,20.9998446078,11.2345197847)) ;
#3530=CARTESIAN_POINT('Control Point',(-53.2618427351,20.4085987438,12.0265434983)) ;
#3531=CARTESIAN_POINT('Control Point',(-53.6958554754,19.9894775123,12.47038514)) ;
#3532=CARTESIAN_POINT('Control Point',(-54.5400450946,19.1742530733,13.1697942878)) ;
#3533=CARTESIAN_POINT('Control Point',(-55.4520900349,18.2935015123,13.6744042747)) ;
#3534=CARTESIAN_POINT('Control Point',(-55.8767364291,17.8834252562,13.865823158)) ;
#3535=CARTESIAN_POINT('Control Point',(-57.1441744775,16.6594745601,14.3209639537)) ;
#3536=CARTESIAN_POINT('Control Point',(-58.4547363569,15.3938796644,14.4721967105)) ;
#3537=CARTESIAN_POINT('Control Point',(-59.3215391128,14.5568179731,14.4474740546)) ;
#3538=CARTESIAN_POINT('Control Point',(-60.6695552111,13.2550539587,14.2125943813)) ;
#3539=CARTESIAN_POINT('Control Point',(-61.9594381574,12.0094284767,13.6473529158)) ;
#3540=CARTESIAN_POINT('Control Point',(-62.4151250128,11.5693767955,13.3980405779)) ;
#3541=CARTESIAN_POINT('Control Point',(-63.1517510694,10.8580252815,12.9018296936)) ;
#3542=CARTESIAN_POINT('Control Point',(-63.8275605289,10.2054036725,12.2639627396)) ;
#3543=CARTESIAN_POINT('Control Point',(-64.0871451163,9.95472575037,11.9839467316)) ;
#3544=CARTESIAN_POINT('Control Point',(-64.3318916261,9.71837679319,11.6793219695)) ;
#3545=CARTESIAN_POINT('Control Point',(-64.5580274152,9.5,11.35)) ;
#3546=CARTESIAN_POINT('Vertex',(-64.5580274152,9.5,11.35)) ;
#3549=CARTESIAN_POINT('Line Origine',(-65.7523055599,8.34669900169,11.35)) ;
#3554=CARTESIAN_POINT('Line Origine',(-51.096133336,22.5,15.)) ;
#3575=CARTESIAN_POINT('Axis2P3D Location',(35.,20.,17.5)) ;
#3581=CARTESIAN_POINT('Control Point',(48.5073075515,25.,12.5)) ;
#3582=CARTESIAN_POINT('Control Point',(53.6849591204,20.,17.5)) ;
#3583=CARTESIAN_POINT('Vertex',(48.5073075515,25.,12.5)) ;
#3586=CARTESIAN_POINT('Line Origine',(35.,25.,12.5)) ;
#3598=CARTESIAN_POINT('Axis2P3D Location',(48.5073075515,25.,0.)) ;
#3603=CARTESIAN_POINT('Line Origine',(65.7523055599,8.34669900169,11.35)) ;
#3607=CARTESIAN_POINT('Vertex',(64.5580274152,9.5,11.35)) ;
#3611=CARTESIAN_POINT('Control Point',(51.6138984929,22.,7.58212459829)) ;
#3612=CARTESIAN_POINT('Control Point',(51.6138984929,22.,7.90539714739)) ;
#3613=CARTESIAN_POINT('Control Point',(51.6337393955,21.9808398631,8.22866949059)) ;
#3614=CARTESIAN_POINT('Control Point',(51.6734237108,21.9425171652,8.54868693213)) ;
#3615=CARTESIAN_POINT('Control Point',(51.8059832632,21.8145058934,9.26029620351)) ;
#3616=CARTESIAN_POINT('Control Point',(52.0271253894,21.6009514245,9.92949970124)) ;
#3617=CARTESIAN_POINT('Control Point',(52.1753063275,21.457854756,10.2861869725)) ;
#3618=CARTESIAN_POINT('Control Point',(52.6495897199,20.9998446078,11.2345197847)) ;
#3619=CARTESIAN_POINT('Control Point',(53.2618427351,20.4085987438,12.0265434983)) ;
#3620=CARTESIAN_POINT('Control Point',(53.6958554754,19.9894775123,12.47038514)) ;
#3621=CARTESIAN_POINT('Control Point',(54.5400450946,19.1742530733,13.1697942878)) ;
#3622=CARTESIAN_POINT('Control Point',(55.4520900349,18.2935015123,13.6744042747)) ;
#3623=CARTESIAN_POINT('Control Point',(55.8767364291,17.8834252562,13.865823158)) ;
#3624=CARTESIAN_POINT('Control Point',(57.1441744775,16.6594745601,14.3209639537)) ;
#3625=CARTESIAN_POINT('Control Point',(58.4547363569,15.3938796644,14.4721967105)) ;
#3626=CARTESIAN_POINT('Control Point',(59.3215391128,14.5568179731,14.4474740546)) ;
#3627=CARTESIAN_POINT('Control Point',(60.6695552111,13.2550539587,14.2125943813)) ;
#3628=CARTESIAN_POINT('Control Point',(61.9594381574,12.0094284767,13.6473529158)) ;
#3629=CARTESIAN_POINT('Control Point',(62.4151250128,11.5693767955,13.3980405779)) ;
#3630=CARTESIAN_POINT('Control Point',(63.1517510694,10.8580252815,12.9018296936)) ;
#3631=CARTESIAN_POINT('Control Point',(63.8275605289,10.2054036725,12.2639627396)) ;
#3632=CARTESIAN_POINT('Control Point',(64.0871451163,9.95472575037,11.9839467316)) ;
#3633=CARTESIAN_POINT('Control Point',(64.3318916261,9.71837679319,11.6793219695)) ;
#3634=CARTESIAN_POINT('Control Point',(64.5580274152,9.5,11.35)) ;
#3635=CARTESIAN_POINT('Vertex',(51.6138984929,22.,7.58212459829)) ;
#3638=CARTESIAN_POINT('Line Origine',(51.6138984929,22.,3.79106229914)) ;
#3642=CARTESIAN_POINT('Vertex',(51.6138984929,22.,0.)) ;
#3645=CARTESIAN_POINT('Line Origine',(51.6138984929,22.,-3.79106229914)) ;
#3649=CARTESIAN_POINT('Vertex',(51.6138984929,22.,-7.58212459829)) ;
#3653=CARTESIAN_POINT('Control Point',(51.6138984929,22.,-7.58212459829)) ;
#3654=CARTESIAN_POINT('Control Point',(51.6138984929,22.,-7.90539714737)) ;
#3655=CARTESIAN_POINT('Control Point',(51.6337393955,21.9808398631,-8.22866949055)) ;
#3656=CARTESIAN_POINT('Control Point',(51.6734237108,21.9425171652,-8.54868693209)) ;
#3657=CARTESIAN_POINT('Control Point',(51.8059832632,21.8145058934,-9.26029620346)) ;
#3658=CARTESIAN_POINT('Control Point',(52.0271253894,21.6009514246,-9.92949970119)) ;
#3659=CARTESIAN_POINT('Control Point',(52.1753063275,21.457854756,-10.2861869725)) ;
#3660=CARTESIAN_POINT('Control Point',(52.6495897199,20.9998446079,-11.2345197846)) ;
#3661=CARTESIAN_POINT('Control Point',(53.2618427351,20.4085987438,-12.0265434982)) ;
#3662=CARTESIAN_POINT('Control Point',(53.6958554753,19.9894775124,-12.4703851399)) ;
#3663=CARTESIAN_POINT('Control Point',(54.5400450945,19.1742530734,-13.1697942877)) ;
#3664=CARTESIAN_POINT('Control Point',(55.4520900348,18.2935015124,-13.6744042747)) ;
#3665=CARTESIAN_POINT('Control Point',(55.876736429,17.8834252563,-13.865823158)) ;
#3666=CARTESIAN_POINT('Control Point',(57.1441744774,16.6594745602,-14.3209639537)) ;
#3667=CARTESIAN_POINT('Control Point',(58.4547363568,15.3938796645,-14.4721967105)) ;
#3668=CARTESIAN_POINT('Control Point',(59.3215391127,14.5568179732,-14.4474740546)) ;
#3669=CARTESIAN_POINT('Control Point',(60.669555211,13.2550539588,-14.2125943813)) ;
#3670=CARTESIAN_POINT('Control Point',(61.9594381573,12.0094284767,-13.6473529158)) ;
#3671=CARTESIAN_POINT('Control Point',(62.4151250127,11.5693767956,-13.3980405779)) ;
#3672=CARTESIAN_POINT('Control Point',(63.1517510693,10.8580252815,-12.9018296936)) ;
#3673=CARTESIAN_POINT('Control Point',(63.8275605289,10.2054036725,-12.2639627396)) ;
#3674=CARTESIAN_POINT('Control Point',(64.0871451162,9.95472575042,-11.9839467317)) ;
#3675=CARTESIAN_POINT('Control Point',(64.331891626,9.71837679321,-11.6793219696)) ;
#3676=CARTESIAN_POINT('Control Point',(64.5580274152,9.5,-11.35)) ;
#3677=CARTESIAN_POINT('Vertex',(64.5580274152,9.5,-11.35)) ;
#3680=CARTESIAN_POINT('Line Origine',(65.7523055599,8.34669900169,-11.35)) ;
#3685=CARTESIAN_POINT('Line Origine',(51.096133336,22.5,-15.)) ;
#3689=CARTESIAN_POINT('Vertex',(48.5073075515,25.,-12.5)) ;
#3692=CARTESIAN_POINT('Line Origine',(48.5073075515,25.,0.)) ;
#3713=CARTESIAN_POINT('Axis2P3D Location',(35.,19.7,20.)) ;
#3729=CARTESIAN_POINT('Axis2P3D Location',(-60.,4.4408920985E-16,17.5)) ;
#3734=CARTESIAN_POINT('Line Origine',(-64.,4.4408920985E-16,-0.0478506088257)) ;
#3739=CARTESIAN_POINT('Line Origine',(-56.,-4.57695098089E-17,-0.0478506088257)) ;
#3751=CARTESIAN_POINT('Axis2P3D Location',(-60.,4.4408920985E-16,11.35)) ;
#3763=CARTESIAN_POINT('Axis2P3D Location',(60.,4.4408920985E-16,17.5)) ;
#3768=CARTESIAN_POINT('Line Origine',(56.,-4.57695098089E-17,-0.0478506088257)) ;
#3773=CARTESIAN_POINT('Line Origine',(64.,4.4408920985E-16,-0.0478506088257)) ;
#3785=CARTESIAN_POINT('Axis2P3D Location',(60.,4.4408920985E-16,11.35)) ;
#3797=CARTESIAN_POINT('Line Origine',(40.,4.75,11.35)) ;
#3801=CARTESIAN_POINT('Vertex',(40.,9.5,11.35)) ;
#3804=CARTESIAN_POINT('Line Origine',(52.2790137076,9.5,11.35)) ;
#3819=CARTESIAN_POINT('Axis2P3D Location',(40.,0.,0.)) ;
#3824=CARTESIAN_POINT('Line Origine',(40.,4.75,-11.35)) ;
#3828=CARTESIAN_POINT('Vertex',(40.,9.5,-11.35)) ;
#3831=CARTESIAN_POINT('Axis2P3D Location',(40.,15.1821245983,-7.58212459829)) ;
#3835=CARTESIAN_POINT('Vertex',(40.,22.,-7.58212459829)) ;
#3838=CARTESIAN_POINT('Line Origine',(40.,22.,-3.79106229914)) ;
#3842=CARTESIAN_POINT('Vertex',(40.,22.,0.)) ;
#3845=CARTESIAN_POINT('Line Origine',(40.,22.,3.79106229914)) ;
#3849=CARTESIAN_POINT('Vertex',(40.,22.,7.58212459829)) ;
#3852=CARTESIAN_POINT('Axis2P3D Location',(40.,15.1821245983,7.58212459829)) ;
#3872=CARTESIAN_POINT('Line Origine',(52.2790137076,9.5,-11.35)) ;
#3877=CARTESIAN_POINT('Axis2P3D Location',(60.,0.,-11.35)) ;
#3892=CARTESIAN_POINT('Line Origine',(64.,4.4408920985E-16,-0.0478506088257)) ;
#3897=CARTESIAN_POINT('Line Origine',(56.,-4.57695098089E-17,-0.0478506088257)) ;
#3909=CARTESIAN_POINT('Axis2P3D Location',(35.,25.,-12.5)) ;
#3915=CARTESIAN_POINT('Control Point',(29.3836114404,25.,-12.5)) ;
#3916=CARTESIAN_POINT('Control Point',(32.5542056492,22.3395555688,-15.1604444312)) ;
#3917=CARTESIAN_POINT('Vertex',(29.3836114404,25.,-12.5)) ;
#3919=CARTESIAN_POINT('Vertex',(32.5542056492,22.3395555688,-15.1604444312)) ;
#3922=CARTESIAN_POINT('Line Origine',(35.,25.,-12.5)) ;
#3928=CARTESIAN_POINT('Control Point',(38.982081746,20.,-17.5)) ;
#3929=CARTESIAN_POINT('Control Point',(37.4887086932,20.,-17.5)) ;
#3930=CARTESIAN_POINT('Control Point',(35.992265637,20.2800864134,-17.2199135866)) ;
#3931=CARTESIAN_POINT('Control Point',(34.656121759,20.8337748415,-16.6662251585)) ;
#3932=CARTESIAN_POINT('Control Point',(33.5165359576,21.5320645619,-15.9679354381)) ;
#3933=CARTESIAN_POINT('Control Point',(32.5542056492,22.3395555688,-15.1604444312)) ;
#3943=CARTESIAN_POINT('Axis2P3D Location',(38.982081746,-7.1054273576E-15,-7.5)) ;
#3948=CARTESIAN_POINT('Line Origine',(32.5542056492,-7.1054273576E-15,-15.1604444312)) ;
#3967=CARTESIAN_POINT('Axis2P3D Location',(40.4694284332,25.,-21.80210495)) ;
#3972=CARTESIAN_POINT('Line Origine',(14.2954813057,0.,0.16044443119)) ;
#3976=CARTESIAN_POINT('Vertex',(14.2954813057,25.,0.16044443119)) ;
#3979=CARTESIAN_POINT('Line Origine',(21.8395463731,25.,-6.16977778441)) ;
#3993=CARTESIAN_POINT('Axis2P3D Location',(7.86760520883,-3.5527136788E-15,-7.5)) ;
#3998=CARTESIAN_POINT('Line Origine',(7.86760520883,0.,2.5)) ;
#4002=CARTESIAN_POINT('Vertex',(7.86760520883,25.,2.5)) ;
#4005=CARTESIAN_POINT('Axis2P3D Location',(7.86760520883,25.,-7.5)) ;
#4017=CARTESIAN_POINT('Axis2P3D Location',(11.5073075515,25.,2.5)) ;
#4022=CARTESIAN_POINT('Line Origine',(-7.86760520883,-3.5527136788E-15,2.5)) ;
#4026=CARTESIAN_POINT('Vertex',(-7.86760520883,25.,2.5)) ;
#4029=CARTESIAN_POINT('Line Origine',(0.,25.,2.5)) ;
#4041=CARTESIAN_POINT('Axis2P3D Location',(-7.86760520883,-3.5527136788E-15,-7.5)) ;
#4046=CARTESIAN_POINT('Axis2P3D Location',(-7.86760520883,25.,-7.5)) ;
#4050=CARTESIAN_POINT('Vertex',(-14.2954813057,25.,0.16044443119)) ;
#4053=CARTESIAN_POINT('Line Origine',(-14.2954813057,0.,0.16044443119)) ;
#4065=CARTESIAN_POINT('Axis2P3D Location',(-40.4694284332,25.,-21.80210495)) ;
#4070=CARTESIAN_POINT('Line Origine',(-30.9689085448,23.6697777844,-13.8302222156)) ;
#4074=CARTESIAN_POINT('Vertex',(-29.3836114404,25.,-12.5)) ;
#4076=CARTESIAN_POINT('Vertex',(-32.5542056492,22.3395555688,-15.1604444312)) ;
#4079=CARTESIAN_POINT('Line Origine',(-21.8395463731,25.,-6.16977778441)) ;
#4084=CARTESIAN_POINT('Line Origine',(-32.5542056492,-3.5527136788E-15,-15.1604444312)) ;
#4098=CARTESIAN_POINT('Axis2P3D Location',(-29.95,-25.,2.5)) ;
#4103=CARTESIAN_POINT('Line Origine',(-26.5105,-12.6550001907,2.5)) ;
#4107=CARTESIAN_POINT('Vertex',(-26.5105,6.66133814775E-16,2.5)) ;
#4110=CARTESIAN_POINT('Axis2P3D Location',(-29.95,0.,2.5)) ;
#4114=CARTESIAN_POINT('Vertex',(-33.3895,6.66133814775E-16,2.5)) ;
#4117=CARTESIAN_POINT('Line Origine',(-33.3895,-12.6550001907,2.5)) ;
#4129=CARTESIAN_POINT('Axis2P3D Location',(-29.95,0.,2.5)) ;
#4141=CARTESIAN_POINT('Axis2P3D Location',(29.95,-25.,2.5)) ;
#4146=CARTESIAN_POINT('Line Origine',(33.3895,-12.6550001907,2.5)) ;
#4150=CARTESIAN_POINT('Vertex',(33.3895,6.66133814775E-16,2.5)) ;
#4153=CARTESIAN_POINT('Axis2P3D Location',(29.95,0.,2.5)) ;
#4157=CARTESIAN_POINT('Vertex',(26.5105,6.66133814775E-16,2.5)) ;
#4160=CARTESIAN_POINT('Line Origine',(26.5105,-12.6550001907,2.5)) ;
#4172=CARTESIAN_POINT('Axis2P3D Location',(29.95,0.,2.5)) ;
#4184=CARTESIAN_POINT('Axis2P3D Location',(-39.,17.2,44.225)) ;
#4189=CARTESIAN_POINT('Line Origine',(-36.2785,11.2550001907,44.225)) ;
#4193=CARTESIAN_POINT('Vertex',(-36.2785,-2.8,44.225)) ;
#4196=CARTESIAN_POINT('Axis2P3D Location',(-39.,-2.8,44.225)) ;
#4200=CARTESIAN_POINT('Vertex',(-41.7215,-2.8,44.225)) ;
#4203=CARTESIAN_POINT('Line Origine',(-41.7215,11.2550001907,44.225)) ;
#4215=CARTESIAN_POINT('Axis2P3D Location',(-39.,-2.8,44.225)) ;
#4227=CARTESIAN_POINT('Axis2P3D Location',(39.,17.2,44.225)) ;
#4232=CARTESIAN_POINT('Line Origine',(36.2785,11.2550001907,44.225)) ;
#4236=CARTESIAN_POINT('Vertex',(36.2785,-2.8,44.225)) ;
#4239=CARTESIAN_POINT('Axis2P3D Location',(39.,-2.8,44.225)) ;
#4243=CARTESIAN_POINT('Vertex',(41.7215,-2.8,44.225)) ;
#4246=CARTESIAN_POINT('Line Origine',(41.7215,11.2550001907,44.225)) ;
#4258=CARTESIAN_POINT('Axis2P3D Location',(39.,-2.8,44.225)) ;
#4270=CARTESIAN_POINT('Axis2P3D Location',(39.,17.2,25.525)) ;
#4275=CARTESIAN_POINT('Line Origine',(36.2785,11.2550001907,25.525)) ;
#4279=CARTESIAN_POINT('Vertex',(36.2785,-2.8,25.525)) ;
#4282=CARTESIAN_POINT('Axis2P3D Location',(39.,-2.8,25.525)) ;
#4286=CARTESIAN_POINT('Vertex',(41.7215,-2.8,25.525)) ;
#4289=CARTESIAN_POINT('Line Origine',(41.7215,11.2550001907,25.525)) ;
#4301=CARTESIAN_POINT('Axis2P3D Location',(39.,-2.8,25.525)) ;
#4313=CARTESIAN_POINT('Axis2P3D Location',(-39.,17.2,25.525)) ;
#4318=CARTESIAN_POINT('Line Origine',(-41.7215,11.2550001907,25.525)) ;
#4322=CARTESIAN_POINT('Vertex',(-41.7215,-2.8,25.525)) ;
#4325=CARTESIAN_POINT('Axis2P3D Location',(-39.,-2.8,25.525)) ;
#4329=CARTESIAN_POINT('Vertex',(-36.2785,-2.8,25.525)) ;
#4332=CARTESIAN_POINT('Line Origine',(-36.2785,11.2550001907,25.525)) ;
#4344=CARTESIAN_POINT('Axis2P3D Location',(-39.,-2.8,25.525)) ;
#4356=CARTESIAN_POINT('Axis2P3D Location',(-50.,-4.8,48.5)) ;
#4362=CARTESIAN_POINT('Control Point',(-45.,-4.8,22.5)) ;
#4363=CARTESIAN_POINT('Control Point',(-45.,-5.48677807153,22.2252893049)) ;
#4364=CARTESIAN_POINT('Control Point',(-45.1179160299,-6.17355614307,21.9505786098)) ;
#4365=CARTESIAN_POINT('Control Point',(-45.3536948733,-6.8376315445,21.684947673)) ;
#4366=CARTESIAN_POINT('Control Point',(-46.1265598809,-8.19770986217,21.1409157045)) ;
#4367=CARTESIAN_POINT('Control Point',(-47.3948871639,-9.20246124998,20.7390159229)) ;
#4368=CARTESIAN_POINT('Control Point',(-48.2158917973,-9.60105992025,20.5795760319)) ;
#4369=CARTESIAN_POINT('Control Point',(-49.1079460112,-9.8,20.5)) ;
#4370=CARTESIAN_POINT('Control Point',(-50.,-9.8,20.5)) ;
#4379=CARTESIAN_POINT('Axis2P3D Location',(-58.,-9.8,67.5)) ;
#4384=CARTESIAN_POINT('Line Origine',(-52.5,5.25500019073,67.5)) ;
#4389=CARTESIAN_POINT('Line Origine',(-63.5,5.25500019073,67.5)) ;
#4408=CARTESIAN_POINT('Axis2P3D Location',(-38.982081746,-7.1054273576E-15,-7.5)) ;
#4414=CARTESIAN_POINT('Control Point',(-38.982081746,20.,-17.5)) ;
#4415=CARTESIAN_POINT('Control Point',(-37.4887086932,20.,-17.5)) ;
#4416=CARTESIAN_POINT('Control Point',(-35.9922596475,20.2800864134,-17.2199159398)) ;
#4417=CARTESIAN_POINT('Control Point',(-34.6561193049,20.8337748415,-16.6662215537)) ;
#4418=CARTESIAN_POINT('Control Point',(-33.5165359576,21.5320645619,-15.9679354381)) ;
#4419=CARTESIAN_POINT('Control Point',(-32.5542056492,22.3395555688,-15.1604444312)) ;
#4428=CARTESIAN_POINT('Line Origine',(35.,25.,-12.5)) ;
#4441=CARTESIAN_POINT('Axis2P3D Location',(-60.,4.4408920985E-16,-11.35)) ;
#4446=CARTESIAN_POINT('Line Origine',(-64.,1.42380664917E-15,-0.0478506088257)) ;
#4451=CARTESIAN_POINT('Line Origine',(-56.,-4.57695098089E-17,-0.0478506088257)) ;
#4470=CARTESIAN_POINT('Line Origine',(-40.,4.75,-11.35)) ;
#4474=CARTESIAN_POINT('Vertex',(-40.,9.5,-11.35)) ;
#4477=CARTESIAN_POINT('Line Origine',(-52.2790137076,9.5,-11.35)) ;
#4492=CARTESIAN_POINT('Axis2P3D Location',(-40.,0.,0.)) ;
#4497=CARTESIAN_POINT('Line Origine',(-40.,4.75,11.35)) ;
#4501=CARTESIAN_POINT('Vertex',(-40.,9.5,11.35)) ;
#4504=CARTESIAN_POINT('Axis2P3D Location',(-40.,15.1821245983,7.58212459829)) ;
#4508=CARTESIAN_POINT('Vertex',(-40.,22.,7.58212459829)) ;
#4511=CARTESIAN_POINT('Line Origine',(-40.,22.,3.79106229914)) ;
#4515=CARTESIAN_POINT('Vertex',(-40.,22.,0.)) ;
#4518=CARTESIAN_POINT('Line Origine',(-40.,22.,-3.79106229914)) ;
#4522=CARTESIAN_POINT('Vertex',(-40.,22.,-7.58212459829)) ;
#4525=CARTESIAN_POINT('Axis2P3D Location',(-40.,15.1821245983,-7.58212459829)) ;
#4545=CARTESIAN_POINT('Line Origine',(-52.2790137076,9.5,11.35)) ;
#4561=CARTESIAN_POINT('Control Point',(-45.,-4.8,22.5)) ;
#4562=CARTESIAN_POINT('Control Point',(-45.,-4.8,22.5)) ;
#4563=CARTESIAN_POINT('Control Point',(-45.,-4.8,22.5)) ;
#4564=CARTESIAN_POINT('Control Point',(-45.,-4.8,22.5)) ;
#4565=CARTESIAN_POINT('Control Point',(-45.,-4.8,22.5)) ;
#4566=CARTESIAN_POINT('Control Point',(-45.,-4.8,22.5)) ;
#4567=CARTESIAN_POINT('Control Point',(-45.,-4.8,22.5)) ;
#4568=CARTESIAN_POINT('Control Point',(-45.,-4.8,22.5)) ;
#4569=CARTESIAN_POINT('Control Point',(-45.,-4.8,22.5)) ;
#4570=CARTESIAN_POINT('Control Point',(-45.,-5.48677807153,22.2252893049)) ;
#4571=CARTESIAN_POINT('Control Point',(-45.,-5.44557133389,22.1840825672)) ;
#4572=CARTESIAN_POINT('Control Point',(-45.,-5.40436459624,22.1428758296)) ;
#4573=CARTESIAN_POINT('Control Point',(-45.,-5.36315785859,22.101669092)) ;
#4574=CARTESIAN_POINT('Control Point',(-45.,-5.2807443833,22.0192556167)) ;
#4575=CARTESIAN_POINT('Control Point',(-45.,-5.198330908,21.9368421414)) ;
#4576=CARTESIAN_POINT('Control Point',(-45.,-5.15712417035,21.8956354038)) ;
#4577=CARTESIAN_POINT('Control Point',(-45.,-5.11591743271,21.8544286661)) ;
#4578=CARTESIAN_POINT('Control Point',(-45.,-5.07471069506,21.8132219285)) ;
#4579=CARTESIAN_POINT('Control Point',(-45.1179184695,-6.17347246249,21.9506103991)) ;
#4580=CARTESIAN_POINT('Control Point',(-45.103775117,-6.09112779488,21.8681540577)) ;
#4581=CARTESIAN_POINT('Control Point',(-45.0931500184,-6.00877655723,21.7856977228)) ;
#4582=CARTESIAN_POINT('Control Point',(-45.0860600531,-5.92640453324,21.7032492585)) ;
#4583=CARTESIAN_POINT('Control Point',(-45.0789702418,-5.76161594556,21.5383840796)) ;
#4584=CARTESIAN_POINT('Control Point',(-45.0860600531,-5.59675076209,21.3735954873)) ;
#4585=CARTESIAN_POINT('Control Point',(-45.0931500184,-5.51430229311,21.2912234586)) ;
#4586=CARTESIAN_POINT('Control Point',(-45.103775117,-5.43184595133,21.2088722141)) ;
#4587=CARTESIAN_POINT('Control Point',(-45.1179184695,-5.34938960099,21.1265275375)) ;
#4588=CARTESIAN_POINT('Control Point',(-45.3536948956,-6.83762772312,21.684949424)) ;
#4589=CARTESIAN_POINT('Control Point',(-45.3112789927,-6.72159157673,21.5596392958)) ;
#4590=CARTESIAN_POINT('Control Point',(-45.2795442713,-6.6031593715,21.4343291388)) ;
#4591=CARTESIAN_POINT('Control Point',(-45.2584162441,-6.48278692651,21.3093939794)) ;
#4592=CARTESIAN_POINT('Control Point',(-45.2372876256,-6.23897745381,21.0610224565)) ;
#4593=CARTESIAN_POINT('Control Point',(-45.2584162441,-5.99060594733,20.8172130003)) ;
#4594=CARTESIAN_POINT('Control Point',(-45.2795442713,-5.86567080446,20.6968405718)) ;
#4595=CARTESIAN_POINT('Control Point',(-45.3112789927,-5.74036067205,20.5784083911)) ;
#4596=CARTESIAN_POINT('Control Point',(-45.3536948956,-5.61505057599,20.4623722769)) ;
#4597=CARTESIAN_POINT('Control Point',(-45.9173575308,-7.8295604947,21.2881754896)) ;
#4598=CARTESIAN_POINT('Control Point',(-45.8160023261,-7.68629113997,21.0869950993)) ;
#4599=CARTESIAN_POINT('Control Point',(-45.7387963147,-7.52875473011,20.8858148122)) ;
#4600=CARTESIAN_POINT('Control Point',(-45.6869284375,-7.35917033248,20.687076989)) ;
#4601=CARTESIAN_POINT('Control Point',(-45.6350607449,-7.00062473738,20.2993753172)) ;
#4602=CARTESIAN_POINT('Control Point',(-45.6869284374,-6.61292305555,19.9408297121)) ;
#4603=CARTESIAN_POINT('Control Point',(-45.7387963147,-6.4141852223,19.7712453044)) ;
#4604=CARTESIAN_POINT('Control Point',(-45.8160023261,-6.21300492031,19.6137088796)) ;
#4605=CARTESIAN_POINT('Control Point',(-45.9173575308,-6.01182451039,19.4704395053)) ;
#4606=CARTESIAN_POINT('Control Point',(-46.7445573782,-8.63248442846,20.9670064189)) ;
#4607=CARTESIAN_POINT('Control Point',(-46.5996369024,-8.50849937513,20.6806604352)) ;
#4608=CARTESIAN_POINT('Control Point',(-46.4870735578,-8.34809912697,20.3943139126)) ;
#4609=CARTESIAN_POINT('Control Point',(-46.4106736552,-8.15466901407,20.1154582029)) ;
#4610=CARTESIAN_POINT('Control Point',(-46.3342878737,-7.71231082017,19.5876891466)) ;
#4611=CARTESIAN_POINT('Control Point',(-46.4106736552,-7.18454176998,19.1453309588)) ;
#4612=CARTESIAN_POINT('Control Point',(-46.4870735578,-6.9056860664,18.951900852)) ;
#4613=CARTESIAN_POINT('Control Point',(-46.5996369024,-6.61933955287,18.7915006129)) ;
#4614=CARTESIAN_POINT('Control Point',(-46.7445573782,-6.33299358111,18.6675155715)) ;
#4615=CARTESIAN_POINT('Control Point',(-47.0928437942,-8.9038184095,20.8584727095)) ;
#4616=CARTESIAN_POINT('Control Point',(-46.9365151583,-8.79403227961,20.5387684632)) ;
#4617=CARTESIAN_POINT('Control Point',(-46.8142236583,-8.63816712651,20.2190632549)) ;
#4618=CARTESIAN_POINT('Control Point',(-46.7309092433,-8.43981275444,19.909224716)) ;
#4619=CARTESIAN_POINT('Control Point',(-46.6476170209,-7.9710229869,19.3289769421)) ;
#4620=CARTESIAN_POINT('Control Point',(-46.7309092433,-7.39077522644,18.860187188)) ;
#4621=CARTESIAN_POINT('Control Point',(-46.8142236583,-7.08093670092,18.6618328293)) ;
#4622=CARTESIAN_POINT('Control Point',(-46.9365151583,-6.7612315122,18.5059676957)) ;
#4623=CARTESIAN_POINT('Control Point',(-47.0928437942,-6.44152729045,18.3961815905)) ;
#4624=CARTESIAN_POINT('Control Point',(-47.8418838744,-9.36380417564,20.6744782578)) ;
#4625=CARTESIAN_POINT('Control Point',(-47.6829049034,-9.2929639623,20.28863858)) ;
#4626=CARTESIAN_POINT('Control Point',(-47.5568950355,-9.15606793548,19.9027962452)) ;
#4627=CARTESIAN_POINT('Control Point',(-47.4704410777,-8.95614194391,19.5323403014)) ;
#4628=CARTESIAN_POINT('Control Point',(-47.3840267523,-8.44713078138,18.8528692882)) ;
#4629=CARTESIAN_POINT('Control Point',(-47.4704410777,-7.76765975506,18.3438581126)) ;
#4630=CARTESIAN_POINT('Control Point',(-47.5568950355,-7.39720379815,18.1439321078)) ;
#4631=CARTESIAN_POINT('Control Point',(-47.6829049034,-7.01136144418,18.0070360619)) ;
#4632=CARTESIAN_POINT('Control Point',(-47.8418838744,-6.62552174219,17.9361958244)) ;
#4633=CARTESIAN_POINT('Control Point',(-48.6836537252,-9.65374313949,20.5585028148)) ;
#4634=CARTESIAN_POINT('Control Point',(-48.5667313797,-9.62604451499,20.1186832961)) ;
#4635=CARTESIAN_POINT('Control Point',(-48.4731066881,-9.51546229317,19.6788584632)) ;
#4636=CARTESIAN_POINT('Control Point',(-48.4085133488,-9.32332174925,19.259851949)) ;
#4637=CARTESIAN_POINT('Control Point',(-48.3439616115,-8.79509955145,18.5049003803)) ;
#4638=CARTESIAN_POINT('Control Point',(-48.4085133488,-8.04014799562,17.9766781954)) ;
#4639=CARTESIAN_POINT('Control Point',(-48.4731066881,-7.62114149431,17.7845376643)) ;
#4640=CARTESIAN_POINT('Control Point',(-48.5667313797,-7.18131668025,17.6739554613)) ;
#4641=CARTESIAN_POINT('Control Point',(-48.6836537252,-6.74149718525,17.6462568605)) ;
#4642=CARTESIAN_POINT('Control Point',(-49.1166294561,-9.75122853622,20.5195085855)) ;
#4643=CARTESIAN_POINT('Control Point',(-49.0332476161,-9.7420512646,20.0587097965)) ;
#4644=CARTESIAN_POINT('Control Point',(-48.9662187214,-9.64356160973,19.5979042607)) ;
#4645=CARTESIAN_POINT('Control Point',(-48.9198732947,-9.45610486321,19.1602138619)) ;
#4646=CARTESIAN_POINT('Control Point',(-48.8735616118,-8.9229764972,18.3770234967)) ;
#4647=CARTESIAN_POINT('Control Point',(-48.9198732947,-8.13978613318,17.8438951319)) ;
#4648=CARTESIAN_POINT('Control Point',(-48.9662187214,-7.70209573563,17.6564383866)) ;
#4649=CARTESIAN_POINT('Control Point',(-49.0332476161,-7.24129020146,17.5579487334)) ;
#4650=CARTESIAN_POINT('Control Point',(-49.1166294561,-6.78049141449,17.5487714638)) ;
#4651=CARTESIAN_POINT('Control Point',(-49.5583147556,-9.8,20.5)) ;
#4652=CARTESIAN_POINT('Control Point',(-49.516686902,-9.8,20.028761102)) ;
#4653=CARTESIAN_POINT('Control Point',(-49.4832301648,-9.70749322116,19.5575147381)) ;
#4654=CARTESIAN_POINT('Control Point',(-49.4601001807,-9.52234061366,19.1105242678)) ;
#4655=CARTESIAN_POINT('Control Point',(-49.4369869083,-8.98673251418,18.3132674858)) ;
#4656=CARTESIAN_POINT('Control Point',(-49.4601001807,-8.18947573221,17.7776593863)) ;
#4657=CARTESIAN_POINT('Control Point',(-49.4832301648,-7.74248526195,17.5925067788)) ;
#4658=CARTESIAN_POINT('Control Point',(-49.516686902,-7.27123889804,17.5)) ;
#4659=CARTESIAN_POINT('Control Point',(-49.5583147556,-6.8,17.5)) ;
#4660=CARTESIAN_POINT('Control Point',(-50.,-9.8,20.5)) ;
#4661=CARTESIAN_POINT('Control Point',(-50.,-9.8,20.028761102)) ;
#4662=CARTESIAN_POINT('Control Point',(-50.,-9.70749322116,19.5575147381)) ;
#4663=CARTESIAN_POINT('Control Point',(-50.,-9.52234061366,19.1105242678)) ;
#4664=CARTESIAN_POINT('Control Point',(-50.,-8.98673251418,18.3132674858)) ;
#4665=CARTESIAN_POINT('Control Point',(-50.,-8.18947573221,17.7776593863)) ;
#4666=CARTESIAN_POINT('Control Point',(-50.,-7.74248526195,17.5925067788)) ;
#4667=CARTESIAN_POINT('Control Point',(-50.,-7.27123889804,17.5)) ;
#4668=CARTESIAN_POINT('Control Point',(-50.,-6.8,17.5)) ;
#4675=CARTESIAN_POINT('Axis2P3D Location',(55.,15.1821245983,7.58212459829)) ;
#4680=CARTESIAN_POINT('Line Origine',(55.,22.,7.58212459829)) ;
#4692=CARTESIAN_POINT('Axis2P3D Location',(70.,22.,0.)) ;
#4697=CARTESIAN_POINT('Line Origine',(-45.8069492464,22.,0.)) ;
#4709=CARTESIAN_POINT('Line Origine',(-45.8069492464,22.,-7.58212459829)) ;
#4721=CARTESIAN_POINT('Axis2P3D Location',(55.,15.1821245983,-7.58212459829)) ;
#4733=CARTESIAN_POINT('Axis2P3D Location',(0.,25.,17.5)) ;
#4751=CARTESIAN_POINT('Line Origine',(55.,22.,7.58212459829)) ;
#4763=CARTESIAN_POINT('Line Origine',(45.8069492464,22.,0.)) ;
#4775=CARTESIAN_POINT('Line Origine',(45.8069492464,22.,-7.58212459829)) ;
#4794=CARTESIAN_POINT('Axis2P3D Location',(-29.95,1.98579625088,2.5)) ;
#4799=CARTESIAN_POINT('Line Origine',(-31.66975,0.992898125439,2.5)) ;
#4803=CARTESIAN_POINT('Vertex',(-29.95,1.98579625088,2.5)) ;
#4806=CARTESIAN_POINT('Line Origine',(-28.23025,0.992898125439,2.5)) ;
#4823=CARTESIAN_POINT('Axis2P3D Location',(29.95,1.98579625088,2.5)) ;
#4828=CARTESIAN_POINT('Line Origine',(28.23025,0.992898125439,2.5)) ;
#4832=CARTESIAN_POINT('Vertex',(29.95,1.98579625088,2.5)) ;
#4835=CARTESIAN_POINT('Line Origine',(31.66975,0.992898125439,2.5)) ;
#4852=CARTESIAN_POINT('Axis2P3D Location',(-39.,-4.3712587576,44.225)) ;
#4857=CARTESIAN_POINT('Line Origine',(-40.36075,-3.5856293788,44.225)) ;
#4861=CARTESIAN_POINT('Vertex',(-39.,-4.3712587576,44.225)) ;
#4864=CARTESIAN_POINT('Line Origine',(-37.63925,-3.5856293788,44.225)) ;
#4881=CARTESIAN_POINT('Axis2P3D Location',(39.,-4.3712587576,44.225)) ;
#4886=CARTESIAN_POINT('Line Origine',(40.36075,-3.5856293788,44.225)) ;
#4890=CARTESIAN_POINT('Vertex',(39.,-4.3712587576,44.225)) ;
#4893=CARTESIAN_POINT('Line Origine',(37.63925,-3.5856293788,44.225)) ;
#4910=CARTESIAN_POINT('Axis2P3D Location',(39.,-4.3712587576,25.525)) ;
#4915=CARTESIAN_POINT('Line Origine',(40.36075,-3.5856293788,25.525)) ;
#4919=CARTESIAN_POINT('Vertex',(39.,-4.3712587576,25.525)) ;
#4922=CARTESIAN_POINT('Line Origine',(37.63925,-3.5856293788,25.525)) ;
#4939=CARTESIAN_POINT('Axis2P3D Location',(-39.,-4.3712587576,25.525)) ;
#4944=CARTESIAN_POINT('Line Origine',(-37.63925,-3.5856293788,25.525)) ;
#4948=CARTESIAN_POINT('Vertex',(-39.,-4.3712587576,25.525)) ;
#4951=CARTESIAN_POINT('Line Origine',(-40.36075,-3.5856293788,25.525)) ;
#8=PRODUCT_RELATED_PRODUCT_CATEGORY('part',$,(#5)) ;
#15=UNCERTAINTY_MEASURE_WITH_UNIT(LENGTH_MEASURE(0.005),#12,'distance_accuracy_value','CONFUSED CURVE UNCERTAINTY') ;
#29=STYLED_ITEM(' ',(#28),#21) ;
#28=PRESENTATION_STYLE_ASSIGNMENT((#27)) ;
#27=SURFACE_STYLE_USAGE(.BOTH.,#26) ;
#26=SURFACE_SIDE_STYLE(' ',(#25)) ;
#25=SURFACE_STYLE_FILL_AREA(#24) ;
#24=FILL_AREA_STYLE(' ',(#23)) ;
#23=FILL_AREA_STYLE_COLOUR(' ',#22) ;
#38=VECTOR('Line Direction',#37,1.) ;
#47=VECTOR('Line Direction',#46,1.) ;
#54=VECTOR('Line Direction',#53,1.) ;
#61=VECTOR('Line Direction',#60,1.) ;
#78=VECTOR('Line Direction',#77,1.) ;
#116=VECTOR('Line Direction',#115,1.) ;
#140=VECTOR('Line Direction',#139,1.) ;
#147=VECTOR('Line Direction',#146,1.) ;
#161=VECTOR('Line Direction',#160,1.) ;
#189=VECTOR('Line Direction',#188,1.) ;
#196=VECTOR('Line Direction',#195,1.) ;
#213=VECTOR('Line Direction',#212,1.) ;
#237=VECTOR('Line Direction',#236,1.) ;
#244=VECTOR('Line Direction',#243,1.) ;
#261=VECTOR('Line Direction',#260,1.) ;
#285=VECTOR('Line Direction',#284,1.) ;
#353=VECTOR('Line Direction',#352,1.) ;
#358=VECTOR('Line Direction',#357,1.) ;
#396=VECTOR('Line Direction',#395,1.) ;
#401=VECTOR('Line Direction',#400,1.) ;
#430=VECTOR('Line Direction',#429,1.) ;
#439=VECTOR('Line Direction',#438,1.) ;
#446=VECTOR('Line Direction',#445,1.) ;
#467=VECTOR('Line Direction',#466,1.) ;
#488=VECTOR('Line Direction',#487,1.) ;
#514=VECTOR('Line Direction',#513,1.) ;
#523=VECTOR('Line Direction',#522,1.) ;
#544=VECTOR('Line Direction',#543,1.) ;
#565=VECTOR('Line Direction',#564,1.) ;
#586=VECTOR('Line Direction',#585,1.) ;
#607=VECTOR('Line Direction',#606,1.) ;
#614=VECTOR('Line Direction',#613,1.) ;
#621=VECTOR('Line Direction',#620,1.) ;
#672=VECTOR('Line Direction',#671,1.) ;
#677=VECTOR('Line Direction',#676,1.) ;
#694=VECTOR('Line Direction',#693,1.) ;
#711=VECTOR('Line Direction',#710,1.) ;
#728=VECTOR('Line Direction',#727,1.) ;
#745=VECTOR('Line Direction',#744,1.) ;
#778=VECTOR('Line Direction',#777,1.) ;
#815=VECTOR('Line Direction',#814,1.) ;
#1050=VECTOR('Line Direction',#1049,1.) ;
#1083=VECTOR('Line Direction',#1082,1.) ;
#1126=VECTOR('Line Direction',#1125,1.) ;
#1133=VECTOR('Line Direction',#1132,1.) ;
#1140=VECTOR('Line Direction',#1139,1.) ;
#1147=VECTOR('Line Direction',#1146,1.) ;
#1154=VECTOR('Line Direction',#1153,1.) ;
#1161=VECTOR('Line Direction',#1160,1.) ;
#1196=VECTOR('Line Direction',#1195,1.) ;
#1203=VECTOR('Line Direction',#1202,1.) ;
#1238=VECTOR('Line Direction',#1237,1.) ;
#1245=VECTOR('Line Direction',#1244,1.) ;
#1252=VECTOR('Line Direction',#1251,1.) ;
#1300=VECTOR('Line Direction',#1299,1.) ;
#1309=VECTOR('Line Direction',#1308,1.) ;
#1316=VECTOR('Line Direction',#1315,1.) ;
#1323=VECTOR('Line Direction',#1322,1.) ;
#1328=VECTOR('Line Direction',#1327,1.) ;
#1349=VECTOR('Line Direction',#1348,1.) ;
#1373=VECTOR('Line Direction',#1372,1.) ;
#1404=VECTOR('Line Direction',#1403,1.) ;
#1445=VECTOR('Line Direction',#1444,1.) ;
#1469=VECTOR('Line Direction',#1468,1.) ;
#1476=VECTOR('Line Direction',#1475,1.) ;
#1493=VECTOR('Line Direction',#1492,1.) ;
#1517=VECTOR('Line Direction',#1516,1.) ;
#1541=VECTOR('Line Direction',#1540,1.) ;
#1548=VECTOR('Line Direction',#1547,1.) ;
#1584=VECTOR('Line Direction',#1583,1.) ;
#1591=VECTOR('Line Direction',#1590,1.) ;
#1598=VECTOR('Line Direction',#1597,1.) ;
#1633=VECTOR('Line Direction',#1632,1.) ;
#1640=VECTOR('Line Direction',#1639,1.) ;
#1675=VECTOR('Line Direction',#1674,1.) ;
#1682=VECTOR('Line Direction',#1681,1.) ;
#1689=VECTOR('Line Direction',#1688,1.) ;
#1696=VECTOR('Line Direction',#1695,1.) ;
#1703=VECTOR('Line Direction',#1702,1.) ;
#1710=VECTOR('Line Direction',#1709,1.) ;
#1758=VECTOR('Line Direction',#1757,1.) ;
#1775=VECTOR('Line Direction',#1774,1.) ;
#1789=VECTOR('Line Direction',#1788,1.) ;
#1818=VECTOR('Line Direction',#1817,1.) ;
#1835=VECTOR('Line Direction',#1834,1.) ;
#1842=VECTOR('Line Direction',#1841,1.) ;
#1994=VECTOR('Line Direction',#1993,1.) ;
#2003=VECTOR('Line Direction',#2002,1.) ;
#2022=VECTOR('Line Direction',#2021,1.) ;
#2029=VECTOR('Line Direction',#2028,1.) ;
#2036=VECTOR('Line Direction',#2035,1.) ;
#2055=VECTOR('Line Direction',#2054,1.) ;
#2062=VECTOR('Line Direction',#2061,1.) ;
#2069=VECTOR('Line Direction',#2068,1.) ;
#2143=VECTOR('Line Direction',#2142,1.) ;
#2167=VECTOR('Line Direction',#2166,1.) ;
#2174=VECTOR('Line Direction',#2173,1.) ;
#2181=VECTOR('Line Direction',#2180,1.) ;
#2188=VECTOR('Line Direction',#2187,1.) ;
#2215=VECTOR('Line Direction',#2214,1.) ;
#2239=VECTOR('Line Direction',#2238,1.) ;
#2246=VECTOR('Line Direction',#2245,1.) ;
#2258=VECTOR('Line Direction',#2257,1.) ;
#2265=VECTOR('Line Direction',#2264,1.) ;
#2282=VECTOR('Line Direction',#2281,1.) ;
#2306=VECTOR('Line Direction',#2305,1.) ;
#2315=VECTOR('Line Direction',#2314,1.) ;
#2327=VECTOR('Line Direction',#2326,1.) ;
#2370=VECTOR('Line Direction',#2369,1.) ;
#2389=VECTOR('Line Direction',#2388,1.) ;
#2398=VECTOR('Line Direction',#2397,1.) ;
#2405=VECTOR('Line Direction',#2404,1.) ;
#2410=VECTOR('Line Direction',#2409,1.) ;
#2448=VECTOR('Line Direction',#2447,1.) ;
#2482=VECTOR('Line Direction',#2481,1.) ;
#2489=VECTOR('Line Direction',#2488,1.) ;
#2494=VECTOR('Line Direction',#2493,1.) ;
#2501=VECTOR('Line Direction',#2500,1.) ;
#2515=VECTOR('Line Direction',#2514,1.) ;
#2600=VECTOR('Line Direction',#2599,1.) ;
#2607=VECTOR('Line Direction',#2606,1.) ;
#2612=VECTOR('Line Direction',#2611,1.) ;
#2619=VECTOR('Line Direction',#2618,1.) ;
#2633=VECTOR('Line Direction',#2632,1.) ;
#2736=VECTOR('Line Direction',#2735,1.) ;
#2743=VECTOR('Line Direction',#2742,1.) ;
#2774=VECTOR('Line Direction',#2773,1.) ;
#2981=VECTOR('Line Direction',#2980,1.) ;
#2988=VECTOR('Line Direction',#2987,1.) ;
#3065=VECTOR('Line Direction',#3064,1.) ;
#3092=VECTOR('Line Direction',#3091,1.) ;
#3099=VECTOR('Line Direction',#3098,1.) ;
#3106=VECTOR('Line Direction',#3105,1.) ;
#3144=VECTOR('Line Direction',#3143,1.) ;
#3181=VECTOR('Line Direction',#3180,1.) ;
#3186=VECTOR('Line Direction',#3185,1.) ;
#3193=VECTOR('Line Direction',#3192,1.) ;
#3200=VECTOR('Line Direction',#3199,1.) ;
#3215=VECTOR('Line Direction',#3214,1.) ;
#3234=VECTOR('Line Direction',#3233,1.) ;
#3241=VECTOR('Line Direction',#3240,1.) ;
#3253=VECTOR('Line Direction',#3252,1.) ;
#3260=VECTOR('Line Direction',#3259,1.) ;
#3272=VECTOR('Line Direction',#3271,1.) ;
#3300=VECTOR('Line Direction',#3299,1.) ;
#3307=VECTOR('Line Direction',#3306,1.) ;
#3319=VECTOR('Line Direction',#3318,1.) ;
#3334=VECTOR('Line Direction',#3333,1.) ;
#3460=VECTOR('Line Direction',#3459,1.) ;
#3469=VECTOR('Line Direction',#3468,1.) ;
#3474=VECTOR('Line Direction',#3473,1.) ;
#3509=VECTOR('Line Direction',#3508,1.) ;
#3516=VECTOR('Line Direction',#3515,1.) ;
#3551=VECTOR('Line Direction',#3550,1.) ;
#3556=VECTOR('Line Direction',#3555,1.) ;
#3588=VECTOR('Line Direction',#3587,1.) ;
#3605=VECTOR('Line Direction',#3604,1.) ;
#3640=VECTOR('Line Direction',#3639,1.) ;
#3647=VECTOR('Line Direction',#3646,1.) ;
#3682=VECTOR('Line Direction',#3681,1.) ;
#3687=VECTOR('Line Direction',#3686,1.) ;
#3694=VECTOR('Line Direction',#3693,1.) ;
#3736=VECTOR('Line Direction',#3735,1.) ;
#3741=VECTOR('Line Direction',#3740,1.) ;
#3770=VECTOR('Line Direction',#3769,1.) ;
#3775=VECTOR('Line Direction',#3774,1.) ;
#3799=VECTOR('Line Direction',#3798,1.) ;
#3806=VECTOR('Line Direction',#3805,1.) ;
#3826=VECTOR('Line Direction',#3825,1.) ;
#3840=VECTOR('Line Direction',#3839,1.) ;
#3847=VECTOR('Line Direction',#3846,1.) ;
#3874=VECTOR('Line Direction',#3873,1.) ;
#3894=VECTOR('Line Direction',#3893,1.) ;
#3899=VECTOR('Line Direction',#3898,1.) ;
#3924=VECTOR('Line Direction',#3923,1.) ;
#3950=VECTOR('Line Direction',#3949,1.) ;
#3974=VECTOR('Line Direction',#3973,1.) ;
#3981=VECTOR('Line Direction',#3980,1.) ;
#4000=VECTOR('Line Direction',#3999,1.) ;
#4024=VECTOR('Line Direction',#4023,1.) ;
#4031=VECTOR('Line Direction',#4030,1.) ;
#4055=VECTOR('Line Direction',#4054,1.) ;
#4072=VECTOR('Line Direction',#4071,1.) ;
#4081=VECTOR('Line Direction',#4080,1.) ;
#4086=VECTOR('Line Direction',#4085,1.) ;
#4105=VECTOR('Line Direction',#4104,1.) ;
#4119=VECTOR('Line Direction',#4118,1.) ;
#4148=VECTOR('Line Direction',#4147,1.) ;
#4162=VECTOR('Line Direction',#4161,1.) ;
#4191=VECTOR('Line Direction',#4190,1.) ;
#4205=VECTOR('Line Direction',#4204,1.) ;
#4234=VECTOR('Line Direction',#4233,1.) ;
#4248=VECTOR('Line Direction',#4247,1.) ;
#4277=VECTOR('Line Direction',#4276,1.) ;
#4291=VECTOR('Line Direction',#4290,1.) ;
#4320=VECTOR('Line Direction',#4319,1.) ;
#4334=VECTOR('Line Direction',#4333,1.) ;
#4386=VECTOR('Line Direction',#4385,1.) ;
#4391=VECTOR('Line Direction',#4390,1.) ;
#4430=VECTOR('Line Direction',#4429,1.) ;
#4448=VECTOR('Line Direction',#4447,1.) ;
#4453=VECTOR('Line Direction',#4452,1.) ;
#4472=VECTOR('Line Direction',#4471,1.) ;
#4479=VECTOR('Line Direction',#4478,1.) ;
#4499=VECTOR('Line Direction',#4498,1.) ;
#4513=VECTOR('Line Direction',#4512,1.) ;
#4520=VECTOR('Line Direction',#4519,1.) ;
#4547=VECTOR('Line Direction',#4546,1.) ;
#4682=VECTOR('Line Direction',#4681,1.) ;
#4699=VECTOR('Line Direction',#4698,1.) ;
#4711=VECTOR('Line Direction',#4710,1.) ;
#4753=VECTOR('Line Direction',#4752,1.) ;
#4765=VECTOR('Line Direction',#4764,1.) ;
#4777=VECTOR('Line Direction',#4776,1.) ;
#4801=VECTOR('Line Direction',#4800,1.) ;
#4808=VECTOR('Line Direction',#4807,1.) ;
#4830=VECTOR('Line Direction',#4829,1.) ;
#4837=VECTOR('Line Direction',#4836,1.) ;
#4859=VECTOR('Line Direction',#4858,1.) ;
#4866=VECTOR('Line Direction',#4865,1.) ;
#4888=VECTOR('Line Direction',#4887,1.) ;
#4895=VECTOR('Line Direction',#4894,1.) ;
#4917=VECTOR('Line Direction',#4916,1.) ;
#4924=VECTOR('Line Direction',#4923,1.) ;
#4946=VECTOR('Line Direction',#4945,1.) ;
#4953=VECTOR('Line Direction',#4952,1.) ;
#32=DIRECTION('Axis2P3D Direction',(0.,0.,1.)) ;
#33=DIRECTION('Axis2P3D XDirection',(-1.,0.,0.)) ;
#37=DIRECTION('Vector Direction',(0.,-1.,0.)) ;
#46=DIRECTION('Vector Direction',(-1.,0.,0.)) ;
#53=DIRECTION('Vector Direction',(0.,-1.,0.)) ;
#60=DIRECTION('Vector Direction',(-1.,0.,0.)) ;
#72=DIRECTION('Axis2P3D Direction',(0.,-1.,0.)) ;
#73=DIRECTION('Axis2P3D XDirection',(1.,0.,0.)) ;
#77=DIRECTION('Vector Direction',(0.,-1.,0.)) ;
#86=DIRECTION('Axis2P3D Direction',(0.,-1.,0.)) ;
#91=DIRECTION('Axis2P3D Direction',(0.,-1.,0.)) ;
#103=DIRECTION('Axis2P3D Direction',(0.,-1.,0.)) ;
#104=DIRECTION('Axis2P3D XDirection',(0.,0.,1.)) ;
#108=DIRECTION('Axis2P3D Direction',(0.,-1.,0.)) ;
#115=DIRECTION('Vector Direction',(0.,-1.,0.)) ;
#122=DIRECTION('Axis2P3D Direction',(0.,-1.,0.)) ;
#134=DIRECTION('Axis2P3D Direction',(0.,1.,-0.)) ;
#135=DIRECTION('Axis2P3D XDirection',(-1.,0.,0.)) ;
#139=DIRECTION('Vector Direction',(0.,0.,-1.)) ;
#146=DIRECTION('Vector Direction',(0.,0.,1.)) ;
#153=DIRECTION('Axis2P3D Direction',(0.,1.,-0.)) ;
#160=DIRECTION('Vector Direction',(1.,0.,0.)) ;
#167=DIRECTION('Axis2P3D Direction',(0.,1.,-0.)) ;
#183=DIRECTION('Axis2P3D Direction',(1.,0.,-0.)) ;
#184=DIRECTION('Axis2P3D XDirection',(0.,0.,1.)) ;
#188=DIRECTION('Vector Direction',(0.,-1.,0.)) ;
#195=DIRECTION('Vector Direction',(0.,0.,1.)) ;
#207=DIRECTION('Axis2P3D Direction',(0.,-1.,0.)) ;
#208=DIRECTION('Axis2P3D XDirection',(0.,0.,-1.)) ;
#212=DIRECTION('Vector Direction',(0.,-1.,0.)) ;
#219=DIRECTION('Axis2P3D Direction',(0.,-1.,0.)) ;
#231=DIRECTION('Axis2P3D Direction',(-1.,0.,0.)) ;
#232=DIRECTION('Axis2P3D XDirection',(-0.,0.,-1.)) ;
#236=DIRECTION('Vector Direction',(0.,-1.,0.)) ;
#243=DIRECTION('Vector Direction',(0.,0.,-1.)) ;
#255=DIRECTION('Axis2P3D Direction',(0.,-1.,0.)) ;
#256=DIRECTION('Axis2P3D XDirection',(-1.,0.,0.)) ;
#260=DIRECTION('Vector Direction',(0.,-1.,0.)) ;
#267=DIRECTION('Axis2P3D Direction',(0.,-1.,0.)) ;
#279=DIRECTION('Axis2P3D Direction',(0.,0.,-1.)) ;
#280=DIRECTION('Axis2P3D XDirection',(1.,0.,0.)) ;
#284=DIRECTION('Vector Direction',(1.,0.,0.)) ;
#296=DIRECTION('Axis2P3D Direction',(0.,-1.,-0.)) ;
#297=DIRECTION('Axis2P3D XDirection',(1.,0.,0.)) ;
#301=DIRECTION('Axis2P3D Direction',(0.,-1.,-0.)) ;
#310=DIRECTION('Axis2P3D Direction',(0.,-1.,-0.)) ;
#319=DIRECTION('Axis2P3D Direction',(0.,-1.,-0.)) ;
#328=DIRECTION('Axis2P3D Direction',(0.,-1.,-0.)) ;
#338=DIRECTION('Axis2P3D Direction',(0.,-1.,-0.)) ;
#339=DIRECTION('Axis2P3D XDirection',(1.,0.,0.)) ;
#343=DIRECTION('Axis2P3D Direction',(0.,-1.,-0.)) ;
#352=DIRECTION('Vector Direction',(0.,-1.,0.)) ;
#357=DIRECTION('Vector Direction',(0.,-1.,0.)) ;
#369=DIRECTION('Axis2P3D Direction',(0.,-1.,-0.)) ;
#381=DIRECTION('Axis2P3D Direction',(0.,-1.,-0.)) ;
#382=DIRECTION('Axis2P3D XDirection',(1.,0.,0.)) ;
#386=DIRECTION('Axis2P3D Direction',(0.,-1.,-0.)) ;
#395=DIRECTION('Vector Direction',(0.,-1.,0.)) ;
#400=DIRECTION('Vector Direction',(0.,-1.,0.)) ;
#412=DIRECTION('Axis2P3D Direction',(0.,-1.,-0.)) ;
#424=DIRECTION('Axis2P3D Direction',(0.,-1.,0.)) ;
#425=DIRECTION('Axis2P3D XDirection',(1.,0.,0.)) ;
#429=DIRECTION('Vector Direction',(1.,0.,0.)) ;
#438=DIRECTION('Vector Direction',(0.,0.,-1.)) ;
#445=DIRECTION('Vector Direction',(1.,0.,0.)) ;
#452=DIRECTION('Axis2P3D Direction',(0.,-1.,0.)) ;
#459=DIRECTION('Axis2P3D Direction',(0.,-1.,0.)) ;
#466=DIRECTION('Vector Direction',(0.,0.,1.)) ;
#473=DIRECTION('Axis2P3D Direction',(0.,-1.,0.)) ;
#480=DIRECTION('Axis2P3D Direction',(0.,-1.,0.)) ;
#487=DIRECTION('Vector Direction',(0.,0.,1.)) ;
#508=DIRECTION('Axis2P3D Direction',(0.,-1.,0.)) ;
#509=DIRECTION('Axis2P3D XDirection',(0.,0.,-1.)) ;
#513=DIRECTION('Vector Direction',(0.,0.,1.)) ;
#522=DIRECTION('Vector Direction',(0.,0.,1.)) ;
#529=DIRECTION('Axis2P3D Direction',(0.,-1.,0.)) ;
#536=DIRECTION('Axis2P3D Direction',(0.,-1.,0.)) ;
#543=DIRECTION('Vector Direction',(0.,0.,1.)) ;
#550=DIRECTION('Axis2P3D Direction',(0.,-1.,0.)) ;
#557=DIRECTION('Axis2P3D Direction',(0.,-1.,0.)) ;
#564=DIRECTION('Vector Direction',(1.,0.,0.)) ;
#571=DIRECTION('Axis2P3D Direction',(0.,-1.,0.)) ;
#578=DIRECTION('Axis2P3D Direction',(0.,-1.,0.)) ;
#585=DIRECTION('Vector Direction',(0.,0.,1.)) ;
#592=DIRECTION('Axis2P3D Direction',(0.,-1.,0.)) ;
#599=DIRECTION('Axis2P3D Direction',(0.,-1.,0.)) ;
#606=DIRECTION('Vector Direction',(0.,0.,1.)) ;
#613=DIRECTION('Vector Direction',(0.,0.,1.)) ;
#620=DIRECTION('Vector Direction',(1.,0.,0.)) ;
#643=DIRECTION('Axis2P3D Direction',(0.,-1.,0.)) ;
#652=DIRECTION('Axis2P3D Direction',(0.,-1.,0.)) ;
#666=DIRECTION('Axis2P3D Direction',(-1.,0.,0.)) ;
#667=DIRECTION('Axis2P3D XDirection',(0.,0.,1.)) ;
#671=DIRECTION('Vector Direction',(0.,1.,0.)) ;
#676=DIRECTION('Vector Direction',(0.,1.,0.)) ;
#688=DIRECTION('Axis2P3D Direction',(0.,-1.,0.)) ;
#689=DIRECTION('Axis2P3D XDirection',(-0.19460325916,0.,0.980882037517)) ;
#693=DIRECTION('Vector Direction',(0.,-1.,0.)) ;
#705=DIRECTION('Axis2P3D Direction',(0.,-1.,0.)) ;
#706=DIRECTION('Axis2P3D XDirection',(0.19460325916,0.,-0.980882037517)) ;
#710=DIRECTION('Vector Direction',(0.,-1.,0.)) ;
#722=DIRECTION('Axis2P3D Direction',(-1.,0.,0.)) ;
#723=DIRECTION('Axis2P3D XDirection',(0.,0.,1.)) ;
#727=DIRECTION('Vector Direction',(0.,1.,0.)) ;
#739=DIRECTION('Axis2P3D Direction',(0.,-1.,0.)) ;
#740=DIRECTION('Axis2P3D XDirection',(1.,0.,1.18423789293E-15)) ;
#744=DIRECTION('Vector Direction',(0.,-1.,0.)) ;
#756=DIRECTION('Axis2P3D Direction',(0.,-1.,0.)) ;
#757=DIRECTION('Axis2P3D XDirection',(-1.83697019872E-16,-0.,-1.)) ;
#777=DIRECTION('Vector Direction',(0.,-1.,0.)) ;
#790=DIRECTION('Axis2P3D Direction',(1.,0.,0.)) ;
#791=DIRECTION('Axis2P3D XDirection',(0.,-1.,0.)) ;
#814=DIRECTION('Vector Direction',(1.,0.,0.)) ;
#1031=DIRECTION('Axis2P3D Direction',(0.,0.,-1.)) ;
#1032=DIRECTION('Axis2P3D XDirection',(0.,-1.,0.)) ;
#1049=DIRECTION('Vector Direction',(0.,0.,-1.)) ;
#1061=DIRECTION('Axis2P3D Direction',(1.,0.,0.)) ;
#1062=DIRECTION('Axis2P3D XDirection',(0.,-1.,0.)) ;
#1082=DIRECTION('Vector Direction',(1.,0.,0.)) ;
#1089=DIRECTION('Axis2P3D Direction',(1.,0.,0.)) ;
#1101=DIRECTION('Axis2P3D Direction',(-0.694658370459,0.719339800339,0.)) ;
#1102=DIRECTION('Axis2P3D XDirection',(0.719339800339,0.694658370459,0.)) ;
#1125=DIRECTION('Vector Direction',(0.590784889178,0.570514335805,0.570514335805)) ;
#1132=DIRECTION('Vector Direction',(0.,0.,1.)) ;
#1139=DIRECTION('Vector Direction',(0.590784889178,0.570514335805,-0.570514335805)) ;
#1146=DIRECTION('Vector Direction',(-0.719339800339,-0.694658370459,0.)) ;
#1153=DIRECTION('Vector Direction',(0.,0.,-1.)) ;
#1160=DIRECTION('Vector Direction',(-0.719339800339,-0.694658370459,0.)) ;
#1195=DIRECTION('Vector Direction',(0.,0.,-1.)) ;
#1202=DIRECTION('Vector Direction',(0.,0.,-1.)) ;
#1237=DIRECTION('Vector Direction',(-0.719339800339,-0.694658370459,0.)) ;
#1244=DIRECTION('Vector Direction',(0.,0.,-1.)) ;
#1251=DIRECTION('Vector Direction',(-0.719339800339,-0.694658370459,-2.54175109717E-16)) ;
#1294=DIRECTION('Axis2P3D Direction',(-0.,0.,1.)) ;
#1295=DIRECTION('Axis2P3D XDirection',(0.,-1.,0.)) ;
#1299=DIRECTION('Vector Direction',(1.,0.,0.)) ;
#1308=DIRECTION('Vector Direction',(0.,-1.,0.)) ;
#1315=DIRECTION('Vector Direction',(1.,0.,0.)) ;
#1322=DIRECTION('Vector Direction',(0.,1.,0.)) ;
#1327=DIRECTION('Vector Direction',(0.,-1.,0.)) ;
#1343=DIRECTION('Axis2P3D Direction',(0.,-1.,0.)) ;
#1344=DIRECTION('Axis2P3D XDirection',(1.,-0.,-1.83697019872E-16)) ;
#1348=DIRECTION('Vector Direction',(0.,-1.,0.)) ;
#1355=DIRECTION('Axis2P3D Direction',(0.,-1.,0.)) ;
#1367=DIRECTION('Axis2P3D Direction',(0.,-1.,0.)) ;
#1368=DIRECTION('Axis2P3D XDirection',(1.83697019872E-16,0.,1.)) ;
#1372=DIRECTION('Vector Direction',(0.,-1.,0.)) ;
#1381=DIRECTION('Axis2P3D Direction',(0.,-1.,0.)) ;
#1386=DIRECTION('Axis2P3D Direction',(0.,-1.,0.)) ;
#1398=DIRECTION('Axis2P3D Direction',(0.,1.,-0.)) ;
#1399=DIRECTION('Axis2P3D XDirection',(1.83697019872E-16,-0.,-1.)) ;
#1403=DIRECTION('Vector Direction',(0.,1.,0.)) ;
#1426=DIRECTION('Axis2P3D Direction',(0.,1.,-0.)) ;
#1439=DIRECTION('Axis2P3D Direction',(0.,1.,-0.)) ;
#1440=DIRECTION('Axis2P3D XDirection',(-1.,0.,1.18423789293E-15)) ;
#1444=DIRECTION('Vector Direction',(0.,1.,0.)) ;
#1451=DIRECTION('Axis2P3D Direction',(0.,1.,-0.)) ;
#1463=DIRECTION('Axis2P3D Direction',(-1.,0.,0.)) ;
#1464=DIRECTION('Axis2P3D XDirection',(0.,0.,1.)) ;
#1468=DIRECTION('Vector Direction',(0.,1.,0.)) ;
#1475=DIRECTION('Vector Direction',(0.,0.,1.)) ;
#1487=DIRECTION('Axis2P3D Direction',(0.,1.,-0.)) ;
#1488=DIRECTION('Axis2P3D XDirection',(-0.19460325916,0.,-0.980882037517)) ;
#1492=DIRECTION('Vector Direction',(0.,1.,0.)) ;
#1499=DIRECTION('Axis2P3D Direction',(0.,1.,-0.)) ;
#1511=DIRECTION('Axis2P3D Direction',(0.,1.,-0.)) ;
#1512=DIRECTION('Axis2P3D XDirection',(0.19460325916,0.,0.980882037517)) ;
#1516=DIRECTION('Vector Direction',(0.,1.,0.)) ;
#1523=DIRECTION('Axis2P3D Direction',(0.,1.,-0.)) ;
#1535=DIRECTION('Axis2P3D Direction',(-1.,0.,0.)) ;
#1536=DIRECTION('Axis2P3D XDirection',(0.,0.,1.)) ;
#1540=DIRECTION('Vector Direction',(0.,0.,1.)) ;
#1547=DIRECTION('Vector Direction',(0.,1.,0.)) ;
#1559=DIRECTION('Axis2P3D Direction',(-0.694658370459,-0.719339800339,-0.)) ;
#1560=DIRECTION('Axis2P3D XDirection',(-0.719339800339,0.694658370459,0.)) ;
#1583=DIRECTION('Vector Direction',(0.719339800339,-0.694658370459,-2.54175109717E-16)) ;
#1590=DIRECTION('Vector Direction',(0.,0.,-1.)) ;
#1597=DIRECTION('Vector Direction',(0.719339800339,-0.694658370459,0.)) ;
#1632=DIRECTION('Vector Direction',(0.,0.,-1.)) ;
#1639=DIRECTION('Vector Direction',(0.,0.,-1.)) ;
#1674=DIRECTION('Vector Direction',(0.719339800339,-0.694658370459,0.)) ;
#1681=DIRECTION('Vector Direction',(0.,0.,-1.)) ;
#1688=DIRECTION('Vector Direction',(0.719339800339,-0.694658370459,0.)) ;
#1695=DIRECTION('Vector Direction',(-0.590784889178,0.570514335805,-0.570514335805)) ;
#1702=DIRECTION('Vector Direction',(0.,0.,1.)) ;
#1709=DIRECTION('Vector Direction',(-0.590784889178,0.570514335805,0.570514335805)) ;
#1752=DIRECTION('Axis2P3D Direction',(1.,0.,0.)) ;
#1753=DIRECTION('Axis2P3D XDirection',(0.,0.,-1.)) ;
#1757=DIRECTION('Vector Direction',(1.,0.,0.)) ;
#1769=DIRECTION('Axis2P3D Direction',(0.,1.,-0.)) ;
#1770=DIRECTION('Axis2P3D XDirection',(-1.,0.,0.)) ;
#1774=DIRECTION('Vector Direction',(0.,1.,0.)) ;
#1781=DIRECTION('Axis2P3D Direction',(0.,1.,-0.)) ;
#1788=DIRECTION('Vector Direction',(0.,1.,0.)) ;
#1800=DIRECTION('Axis2P3D Direction',(0.,1.,-0.)) ;
#1812=DIRECTION('Axis2P3D Direction',(0.,1.,0.)) ;
#1813=DIRECTION('Axis2P3D XDirection',(1.83697019872E-16,0.,-1.)) ;
#1817=DIRECTION('Vector Direction',(0.,1.,0.)) ;
#1829=DIRECTION('Axis2P3D Direction',(1.,0.,0.)) ;
#1830=DIRECTION('Axis2P3D XDirection',(0.,1.,0.)) ;
#1834=DIRECTION('Vector Direction',(0.,1.,0.)) ;
#1841=DIRECTION('Vector Direction',(0.,0.,1.)) ;
#1988=DIRECTION('Axis2P3D Direction',(0.,0.,-1.)) ;
#1989=DIRECTION('Axis2P3D XDirection',(0.,1.,0.)) ;
#1993=DIRECTION('Vector Direction',(1.,0.,0.)) ;
#2002=DIRECTION('Vector Direction',(0.,1.,0.)) ;
#2007=DIRECTION('Axis2P3D Direction',(0.,0.,-1.)) ;
#2014=DIRECTION('Axis2P3D Direction',(0.,0.,-1.)) ;
#2021=DIRECTION('Vector Direction',(-0.719339800339,0.694658370459,0.)) ;
#2028=DIRECTION('Vector Direction',(1.,0.,0.)) ;
#2035=DIRECTION('Vector Direction',(0.719339800339,0.694658370459,0.)) ;
#2042=DIRECTION('Axis2P3D Direction',(0.,0.,-1.)) ;
#2049=DIRECTION('Axis2P3D Direction',(0.,0.,-1.)) ;
#2054=DIRECTION('Vector Direction',(0.,1.,0.)) ;
#2061=DIRECTION('Vector Direction',(1.,0.,0.)) ;
#2068=DIRECTION('Vector Direction',(0.,1.,0.)) ;
#2091=DIRECTION('Axis2P3D Direction',(0.,0.,-1.)) ;
#2100=DIRECTION('Axis2P3D Direction',(0.,0.,-1.)) ;
#2109=DIRECTION('Axis2P3D Direction',(0.,0.,-1.)) ;
#2118=DIRECTION('Axis2P3D Direction',(0.,0.,-1.)) ;
#2128=DIRECTION('Axis2P3D Direction',(0.,0.,1.)) ;
#2129=DIRECTION('Axis2P3D XDirection',(1.,0.,0.)) ;
#2133=DIRECTION('Axis2P3D Direction',(0.,0.,1.)) ;
#2142=DIRECTION('Vector Direction',(0.,0.,1.)) ;
#2147=DIRECTION('Axis2P3D Direction',(0.,0.,1.)) ;
#2161=DIRECTION('Axis2P3D Direction',(-0.,-0.,-1.)) ;
#2162=DIRECTION('Axis2P3D XDirection',(0.,-1.,0.)) ;
#2166=DIRECTION('Vector Direction',(-1.,0.,0.)) ;
#2173=DIRECTION('Vector Direction',(-1.,0.,0.)) ;
#2180=DIRECTION('Vector Direction',(0.,1.,0.)) ;
#2187=DIRECTION('Vector Direction',(-1.,0.,0.)) ;
#2194=DIRECTION('Axis2P3D Direction',(-0.,-0.,-1.)) ;
#2209=DIRECTION('Axis2P3D Direction',(1.,0.,0.)) ;
#2210=DIRECTION('Axis2P3D XDirection',(0.,0.83341572902,0.552646562119)) ;
#2214=DIRECTION('Vector Direction',(1.,0.,0.)) ;
#2221=DIRECTION('Axis2P3D Direction',(1.,0.,0.)) ;
#2233=DIRECTION('Axis2P3D Direction',(0.,1.,0.)) ;
#2234=DIRECTION('Axis2P3D XDirection',(0.,0.,-1.)) ;
#2238=DIRECTION('Vector Direction',(-1.,0.,0.)) ;
#2245=DIRECTION('Vector Direction',(0.,0.,1.)) ;
#2257=DIRECTION('Vector Direction',(-1.,0.,0.)) ;
#2264=DIRECTION('Vector Direction',(0.,0.,-1.)) ;
#2276=DIRECTION('Axis2P3D Direction',(1.,0.,0.)) ;
#2277=DIRECTION('Axis2P3D XDirection',(0.,-1.,1.22464679915E-16)) ;
#2281=DIRECTION('Vector Direction',(1.,0.,0.)) ;
#2288=DIRECTION('Axis2P3D Direction',(1.,0.,0.)) ;
#2300=DIRECTION('Axis2P3D Direction',(0.,-0.,1.)) ;
#2301=DIRECTION('Axis2P3D XDirection',(0.,1.,0.)) ;
#2305=DIRECTION('Vector Direction',(-1.,0.,0.)) ;
#2314=DIRECTION('Vector Direction',(0.,1.,0.)) ;
#2319=DIRECTION('Axis2P3D Direction',(0.,-0.,1.)) ;
#2326=DIRECTION('Vector Direction',(-1.,0.,0.)) ;
#2333=DIRECTION('Axis2P3D Direction',(0.,-0.,1.)) ;
#2348=DIRECTION('Axis2P3D Direction',(0.,0.,1.)) ;
#2355=DIRECTION('Axis2P3D Direction',(0.,0.,1.)) ;
#2362=DIRECTION('Axis2P3D Direction',(0.,0.,1.)) ;
#2369=DIRECTION('Vector Direction',(0.,0.,1.)) ;
#2383=DIRECTION('Axis2P3D Direction',(-0.,0.,1.)) ;
#2384=DIRECTION('Axis2P3D XDirection',(0.,-1.,0.)) ;
#2388=DIRECTION('Vector Direction',(0.,-1.,0.)) ;
#2397=DIRECTION('Vector Direction',(1.,0.,0.)) ;
#2404=DIRECTION('Vector Direction',(-0.719339800339,0.694658370459,0.)) ;
#2409=DIRECTION('Vector Direction',(1.,0.,0.)) ;
#2423=DIRECTION('Axis2P3D Direction',(-0.,0.,1.)) ;
#2432=DIRECTION('Axis2P3D Direction',(-0.,0.,1.)) ;
#2442=DIRECTION('Axis2P3D Direction',(0.,-0.707106781187,-0.707106781187)) ;
#2443=DIRECTION('Axis2P3D XDirection',(1.,0.,0.)) ;
#2447=DIRECTION('Vector Direction',(1.,0.,0.)) ;
#2476=DIRECTION('Axis2P3D Direction',(0.,1.,0.)) ;
#2477=DIRECTION('Axis2P3D XDirection',(0.,0.,1.)) ;
#2481=DIRECTION('Vector Direction',(0.766044443119,0.,-0.642787609687)) ;
#2488=DIRECTION('Vector Direction',(1.,0.,0.)) ;
#2493=DIRECTION('Vector Direction',(1.,0.,0.)) ;
#2500=DIRECTION('Vector Direction',(-0.766044443119,0.,-0.642787609687)) ;
#2507=DIRECTION('Axis2P3D Direction',(0.,1.,0.)) ;
#2514=DIRECTION('Vector Direction',(-1.,0.,0.)) ;
#2521=DIRECTION('Axis2P3D Direction',(0.,1.,0.)) ;
#2538=DIRECTION('Axis2P3D Direction',(0.,1.,0.)) ;
#2547=DIRECTION('Axis2P3D Direction',(0.,1.,0.)) ;
#2556=DIRECTION('Axis2P3D Direction',(0.,1.,0.)) ;
#2565=DIRECTION('Axis2P3D Direction',(0.,1.,0.)) ;
#2575=DIRECTION('Axis2P3D Direction',(0.,-0.707106781187,0.707106781187)) ;
#2576=DIRECTION('Axis2P3D XDirection',(1.,0.,0.)) ;
#2587=DIRECTION('Axis2P3D Direction',(0.,1.,0.)) ;
#2588=DIRECTION('Axis2P3D XDirection',(0.,0.,1.)) ;
#2592=DIRECTION('Axis2P3D Direction',(0.,1.,0.)) ;
#2599=DIRECTION('Vector Direction',(1.,0.,0.)) ;
#2606=DIRECTION('Vector Direction',(1.,0.,0.)) ;
#2611=DIRECTION('Vector Direction',(1.,0.,0.)) ;
#2618=DIRECTION('Vector Direction',(1.,0.,0.)) ;
#2625=DIRECTION('Axis2P3D Direction',(0.,1.,0.)) ;
#2632=DIRECTION('Vector Direction',(0.,0.,1.)) ;
#2657=DIRECTION('Axis2P3D Direction',(0.,1.,0.)) ;
#2666=DIRECTION('Axis2P3D Direction',(0.,1.,0.)) ;
#2675=DIRECTION('Axis2P3D Direction',(0.,1.,0.)) ;
#2684=DIRECTION('Axis2P3D Direction',(0.,1.,0.)) ;
#2693=DIRECTION('Axis2P3D Direction',(0.,1.,0.)) ;
#2702=DIRECTION('Axis2P3D Direction',(0.,1.,0.)) ;
#2711=DIRECTION('Axis2P3D Direction',(0.,1.,0.)) ;
#2720=DIRECTION('Axis2P3D Direction',(0.,1.,0.)) ;
#2730=DIRECTION('Axis2P3D Direction',(1.,0.,0.)) ;
#2731=DIRECTION('Axis2P3D XDirection',(0.,1.,0.)) ;
#2735=DIRECTION('Vector Direction',(0.,1.,0.)) ;
#2742=DIRECTION('Vector Direction',(0.,0.,-1.)) ;
#2773=DIRECTION('Vector Direction',(1.,0.,0.)) ;
#2980=DIRECTION('Vector Direction',(0.,0.,-1.)) ;
#2987=DIRECTION('Vector Direction',(1.,0.,0.)) ;
#3003=DIRECTION('Axis2P3D Direction',(0.,-1.,0.)) ;
#3012=DIRECTION('Axis2P3D Direction',(0.,-1.,0.)) ;
#3022=DIRECTION('Axis2P3D Direction',(0.,-1.,0.)) ;
#3023=DIRECTION('Axis2P3D XDirection',(-1.83697019872E-16,-0.,-1.)) ;
#3064=DIRECTION('Vector Direction',(1.,0.,0.)) ;
#3077=DIRECTION('Axis2P3D Direction',(-0.,0.,1.)) ;
#3084=DIRECTION('Axis2P3D Direction',(-0.,0.,1.)) ;
#3091=DIRECTION('Vector Direction',(0.719339800339,0.694658370459,0.)) ;
#3098=DIRECTION('Vector Direction',(1.,0.,0.)) ;
#3105=DIRECTION('Vector Direction',(0.,-1.,0.)) ;
#3119=DIRECTION('Axis2P3D Direction',(-0.,0.,1.)) ;
#3128=DIRECTION('Axis2P3D Direction',(-0.,0.,1.)) ;
#3138=DIRECTION('Axis2P3D Direction',(0.,0.,-1.)) ;
#3139=DIRECTION('Axis2P3D XDirection',(-1.,0.,0.)) ;
#3143=DIRECTION('Vector Direction',(0.,0.,-1.)) ;
#3150=DIRECTION('Axis2P3D Direction',(0.,0.,-1.)) ;
#3157=DIRECTION('Axis2P3D Direction',(0.,0.,-1.)) ;
#3171=DIRECTION('Axis2P3D Direction',(0.,-0.,1.)) ;
#3180=DIRECTION('Vector Direction',(-1.,0.,0.)) ;
#3185=DIRECTION('Vector Direction',(-1.,0.,0.)) ;
#3192=DIRECTION('Vector Direction',(0.,1.,0.)) ;
#3199=DIRECTION('Vector Direction',(-1.,0.,0.)) ;
#3214=DIRECTION('Vector Direction',(1.,0.,0.)) ;
#3221=DIRECTION('Axis2P3D Direction',(1.,0.,0.)) ;
#3233=DIRECTION('Vector Direction',(-1.,0.,0.)) ;
#3240=DIRECTION('Vector Direction',(0.,0.,-1.)) ;
#3252=DIRECTION('Vector Direction',(-1.,0.,0.)) ;
#3259=DIRECTION('Vector Direction',(0.,0.,1.)) ;
#3271=DIRECTION('Vector Direction',(1.,0.,0.)) ;
#3278=DIRECTION('Axis2P3D Direction',(1.,0.,0.)) ;
#3290=DIRECTION('Axis2P3D Direction',(-0.,-0.,-1.)) ;
#3299=DIRECTION('Vector Direction',(-1.,0.,0.)) ;
#3306=DIRECTION('Vector Direction',(0.,1.,0.)) ;
#3311=DIRECTION('Axis2P3D Direction',(-0.,-0.,-1.)) ;
#3318=DIRECTION('Vector Direction',(-1.,0.,0.)) ;
#3333=DIRECTION('Vector Direction',(0.,0.,-1.)) ;
#3340=DIRECTION('Axis2P3D Direction',(0.,0.,-1.)) ;
#3354=DIRECTION('Axis2P3D Direction',(0.,-1.,-0.)) ;
#3363=DIRECTION('Axis2P3D Direction',(0.,-1.,-0.)) ;
#3377=DIRECTION('Axis2P3D Direction',(0.,1.,0.)) ;
#3378=DIRECTION('Axis2P3D XDirection',(0.,0.,-1.)) ;
#3404=DIRECTION('Axis2P3D Direction',(0.,-1.,0.)) ;
#3405=DIRECTION('Axis2P3D XDirection',(0.,0.,-1.)) ;
#3442=DIRECTION('Axis2P3D Direction',(1.,0.,0.)) ;
#3454=DIRECTION('Axis2P3D Direction',(0.694658370459,-0.719339800339,0.)) ;
#3455=DIRECTION('Axis2P3D XDirection',(-0.719339800339,-0.694658370459,0.)) ;
#3459=DIRECTION('Vector Direction',(0.,0.,-1.)) ;
#3468=DIRECTION('Vector Direction',(-0.590784889178,-0.570514335805,-0.570514335805)) ;
#3473=DIRECTION('Vector Direction',(0.719339800339,0.694658370459,0.)) ;
#3508=DIRECTION('Vector Direction',(0.,0.,-1.)) ;
#3515=DIRECTION('Vector Direction',(0.,0.,-1.)) ;
#3550=DIRECTION('Vector Direction',(0.719339800339,0.694658370459,0.)) ;
#3555=DIRECTION('Vector Direction',(-0.590784889178,-0.570514335805,0.570514335805)) ;
#3576=DIRECTION('Axis2P3D Direction',(-0.,0.707106781187,0.707106781187)) ;
#3577=DIRECTION('Axis2P3D XDirection',(1.,0.,0.)) ;
#3587=DIRECTION('Vector Direction',(1.,0.,0.)) ;
#3599=DIRECTION('Axis2P3D Direction',(0.694658370459,0.719339800339,0.)) ;
#3600=DIRECTION('Axis2P3D XDirection',(0.719339800339,-0.694658370459,0.)) ;
#3604=DIRECTION('Vector Direction',(-0.719339800339,0.694658370459,0.)) ;
#3639=DIRECTION('Vector Direction',(0.,0.,-1.)) ;
#3646=DIRECTION('Vector Direction',(0.,0.,-1.)) ;
#3681=DIRECTION('Vector Direction',(-0.719339800339,0.694658370459,0.)) ;
#3686=DIRECTION('Vector Direction',(0.590784889178,-0.570514335805,-0.570514335805)) ;
#3693=DIRECTION('Vector Direction',(0.,0.,-1.)) ;
#3714=DIRECTION('Axis2P3D Direction',(1.,0.,0.)) ;
#3715=DIRECTION('Axis2P3D XDirection',(0.,-1.,0.)) ;
#3730=DIRECTION('Axis2P3D Direction',(0.,0.,1.)) ;
#3731=DIRECTION('Axis2P3D XDirection',(-1.,0.,0.)) ;
#3735=DIRECTION('Vector Direction',(0.,0.,1.)) ;
#3740=DIRECTION('Vector Direction',(0.,0.,1.)) ;
#3752=DIRECTION('Axis2P3D Direction',(0.,0.,1.)) ;
#3764=DIRECTION('Axis2P3D Direction',(0.,-0.,-1.)) ;
#3765=DIRECTION('Axis2P3D XDirection',(1.,0.,0.)) ;
#3769=DIRECTION('Vector Direction',(0.,0.,-1.)) ;
#3774=DIRECTION('Vector Direction',(0.,0.,-1.)) ;
#3786=DIRECTION('Axis2P3D Direction',(0.,-0.,-1.)) ;
#3798=DIRECTION('Vector Direction',(0.,-1.,0.)) ;
#3805=DIRECTION('Vector Direction',(-1.,0.,0.)) ;
#3820=DIRECTION('Axis2P3D Direction',(1.,0.,0.)) ;
#3821=DIRECTION('Axis2P3D XDirection',(0.,1.,0.)) ;
#3825=DIRECTION('Vector Direction',(0.,-1.,0.)) ;
#3832=DIRECTION('Axis2P3D Direction',(1.,0.,0.)) ;
#3839=DIRECTION('Vector Direction',(0.,0.,-1.)) ;
#3846=DIRECTION('Vector Direction',(0.,0.,1.)) ;
#3853=DIRECTION('Axis2P3D Direction',(1.,0.,0.)) ;
#3873=DIRECTION('Vector Direction',(-1.,0.,0.)) ;
#3878=DIRECTION('Axis2P3D Direction',(0.,-0.,1.)) ;
#3893=DIRECTION('Vector Direction',(0.,0.,-1.)) ;
#3898=DIRECTION('Vector Direction',(0.,0.,-1.)) ;
#3910=DIRECTION('Axis2P3D Direction',(0.,0.707106781187,-0.707106781187)) ;
#3911=DIRECTION('Axis2P3D XDirection',(1.,0.,0.)) ;
#3923=DIRECTION('Vector Direction',(1.,0.,0.)) ;
#3944=DIRECTION('Axis2P3D Direction',(0.,-1.,0.)) ;
#3945=DIRECTION('Axis2P3D XDirection',(-0.642787609687,0.,-0.766044443119)) ;
#3949=DIRECTION('Vector Direction',(0.,-1.,0.)) ;
#3968=DIRECTION('Axis2P3D Direction',(0.642787609687,0.,0.766044443119)) ;
#3969=DIRECTION('Axis2P3D XDirection',(-0.766044443119,0.,0.642787609687)) ;
#3973=DIRECTION('Vector Direction',(0.,-1.,0.)) ;
#3980=DIRECTION('Vector Direction',(-0.766044443119,0.,0.642787609687)) ;
#3994=DIRECTION('Axis2P3D Direction',(0.,-1.,0.)) ;
#3995=DIRECTION('Axis2P3D XDirection',(0.642787609687,0.,0.766044443119)) ;
#3999=DIRECTION('Vector Direction',(0.,-1.,0.)) ;
#4006=DIRECTION('Axis2P3D Direction',(0.,-1.,0.)) ;
#4018=DIRECTION('Axis2P3D Direction',(0.,0.,1.)) ;
#4019=DIRECTION('Axis2P3D XDirection',(-1.,0.,0.)) ;
#4023=DIRECTION('Vector Direction',(0.,-1.,0.)) ;
#4030=DIRECTION('Vector Direction',(-1.,0.,0.)) ;
#4042=DIRECTION('Axis2P3D Direction',(0.,1.,-0.)) ;
#4043=DIRECTION('Axis2P3D XDirection',(-0.642787609687,0.,0.766044443119)) ;
#4047=DIRECTION('Axis2P3D Direction',(0.,1.,-0.)) ;
#4054=DIRECTION('Vector Direction',(0.,1.,0.)) ;
#4066=DIRECTION('Axis2P3D Direction',(0.642787609687,0.,-0.766044443119)) ;
#4067=DIRECTION('Axis2P3D XDirection',(0.766044443119,0.,0.642787609687)) ;
#4071=DIRECTION('Vector Direction',(-0.644400477572,-0.540716203061,-0.540716203061)) ;
#4080=DIRECTION('Vector Direction',(0.766044443119,0.,0.642787609687)) ;
#4085=DIRECTION('Vector Direction',(0.,-1.,0.)) ;
#4099=DIRECTION('Axis2P3D Direction',(-0.,-1.,-0.)) ;
#4100=DIRECTION('Axis2P3D XDirection',(-1.,0.,0.)) ;
#4104=DIRECTION('Vector Direction',(0.,-1.,0.)) ;
#4111=DIRECTION('Axis2P3D Direction',(-0.,-1.,-0.)) ;
#4118=DIRECTION('Vector Direction',(0.,-1.,0.)) ;
#4130=DIRECTION('Axis2P3D Direction',(-0.,-1.,-0.)) ;
#4142=DIRECTION('Axis2P3D Direction',(-0.,1.,0.)) ;
#4143=DIRECTION('Axis2P3D XDirection',(1.,0.,0.)) ;
#4147=DIRECTION('Vector Direction',(0.,1.,0.)) ;
#4154=DIRECTION('Axis2P3D Direction',(-0.,1.,0.)) ;
#4161=DIRECTION('Vector Direction',(0.,1.,0.)) ;
#4173=DIRECTION('Axis2P3D Direction',(-0.,1.,0.)) ;
#4185=DIRECTION('Axis2P3D Direction',(0.,1.,-0.)) ;
#4186=DIRECTION('Axis2P3D XDirection',(-1.,0.,0.)) ;
#4190=DIRECTION('Vector Direction',(0.,1.,0.)) ;
#4197=DIRECTION('Axis2P3D Direction',(0.,1.,-0.)) ;
#4204=DIRECTION('Vector Direction',(0.,1.,0.)) ;
#4216=DIRECTION('Axis2P3D Direction',(0.,1.,-0.)) ;
#4228=DIRECTION('Axis2P3D Direction',(0.,-1.,-0.)) ;
#4229=DIRECTION('Axis2P3D XDirection',(1.,0.,0.)) ;
#4233=DIRECTION('Vector Direction',(0.,-1.,0.)) ;
#4240=DIRECTION('Axis2P3D Direction',(0.,-1.,-0.)) ;
#4247=DIRECTION('Vector Direction',(0.,-1.,0.)) ;
#4259=DIRECTION('Axis2P3D Direction',(0.,-1.,-0.)) ;
#4271=DIRECTION('Axis2P3D Direction',(0.,-1.,-0.)) ;
#4272=DIRECTION('Axis2P3D XDirection',(1.,0.,0.)) ;
#4276=DIRECTION('Vector Direction',(0.,-1.,0.)) ;
#4283=DIRECTION('Axis2P3D Direction',(0.,-1.,-0.)) ;
#4290=DIRECTION('Vector Direction',(0.,-1.,0.)) ;
#4302=DIRECTION('Axis2P3D Direction',(0.,-1.,-0.)) ;
#4314=DIRECTION('Axis2P3D Direction',(0.,1.,-0.)) ;
#4315=DIRECTION('Axis2P3D XDirection',(-1.,0.,0.)) ;
#4319=DIRECTION('Vector Direction',(0.,1.,0.)) ;
#4326=DIRECTION('Axis2P3D Direction',(0.,1.,-0.)) ;
#4333=DIRECTION('Vector Direction',(0.,1.,0.)) ;
#4345=DIRECTION('Axis2P3D Direction',(0.,1.,-0.)) ;
#4357=DIRECTION('Axis2P3D Direction',(0.,0.,1.)) ;
#4358=DIRECTION('Axis2P3D XDirection',(0.,-1.,0.)) ;
#4380=DIRECTION('Axis2P3D Direction',(0.,1.,-0.)) ;
#4381=DIRECTION('Axis2P3D XDirection',(-1.,0.,0.)) ;
#4385=DIRECTION('Vector Direction',(0.,1.,0.)) ;
#4390=DIRECTION('Vector Direction',(0.,1.,0.)) ;
#4409=DIRECTION('Axis2P3D Direction',(0.,1.,0.)) ;
#4410=DIRECTION('Axis2P3D XDirection',(0.642787609687,0.,-0.766044443119)) ;
#4429=DIRECTION('Vector Direction',(1.,0.,0.)) ;
#4442=DIRECTION('Axis2P3D Direction',(0.,0.,1.)) ;
#4447=DIRECTION('Vector Direction',(0.,0.,1.)) ;
#4452=DIRECTION('Vector Direction',(0.,0.,1.)) ;
#4471=DIRECTION('Vector Direction',(0.,-1.,0.)) ;
#4478=DIRECTION('Vector Direction',(-1.,0.,0.)) ;
#4493=DIRECTION('Axis2P3D Direction',(1.,0.,0.)) ;
#4494=DIRECTION('Axis2P3D XDirection',(0.,1.,0.)) ;
#4498=DIRECTION('Vector Direction',(0.,-1.,0.)) ;
#4505=DIRECTION('Axis2P3D Direction',(1.,0.,0.)) ;
#4512=DIRECTION('Vector Direction',(0.,0.,1.)) ;
#4519=DIRECTION('Vector Direction',(0.,0.,-1.)) ;
#4526=DIRECTION('Axis2P3D Direction',(1.,0.,0.)) ;
#4546=DIRECTION('Vector Direction',(-1.,0.,0.)) ;
#4676=DIRECTION('Axis2P3D Direction',(1.,0.,0.)) ;
#4677=DIRECTION('Axis2P3D XDirection',(0.,1.,-2.44929359829E-16)) ;
#4681=DIRECTION('Vector Direction',(1.,0.,0.)) ;
#4693=DIRECTION('Axis2P3D Direction',(0.,1.,0.)) ;
#4694=DIRECTION('Axis2P3D XDirection',(0.,0.,-1.)) ;
#4698=DIRECTION('Vector Direction',(-1.,0.,0.)) ;
#4710=DIRECTION('Vector Direction',(-1.,0.,0.)) ;
#4722=DIRECTION('Axis2P3D Direction',(1.,0.,0.)) ;
#4723=DIRECTION('Axis2P3D XDirection',(-0.,-0.83341572902,-0.552646562119)) ;
#4734=DIRECTION('Axis2P3D Direction',(0.,-1.,0.)) ;
#4735=DIRECTION('Axis2P3D XDirection',(0.,0.,-1.)) ;
#4752=DIRECTION('Vector Direction',(1.,0.,0.)) ;
#4764=DIRECTION('Vector Direction',(-1.,0.,0.)) ;
#4776=DIRECTION('Vector Direction',(-1.,0.,0.)) ;
#4795=DIRECTION('Axis2P3D Direction',(0.,-1.,0.)) ;
#4796=DIRECTION('Axis2P3D XDirection',(-1.,0.,0.)) ;
#4800=DIRECTION('Vector Direction',(-0.866025403784,-0.5,5.5908204285E-16)) ;
#4807=DIRECTION('Vector Direction',(0.866025403784,-0.5,-2.2363281714E-16)) ;
#4824=DIRECTION('Axis2P3D Direction',(0.,-1.,0.)) ;
#4825=DIRECTION('Axis2P3D XDirection',(1.,0.,0.)) ;
#4829=DIRECTION('Vector Direction',(-0.866025403784,-0.5,-2.2363281714E-16)) ;
#4836=DIRECTION('Vector Direction',(0.866025403784,-0.5,5.5908204285E-16)) ;
#4853=DIRECTION('Axis2P3D Direction',(0.,1.,0.)) ;
#4854=DIRECTION('Axis2P3D XDirection',(-1.,0.,0.)) ;
#4858=DIRECTION('Vector Direction',(-0.866025403784,0.5,0.)) ;
#4865=DIRECTION('Vector Direction',(0.866025403784,0.5,0.)) ;
#4882=DIRECTION('Axis2P3D Direction',(-0.,1.,0.)) ;
#4883=DIRECTION('Axis2P3D XDirection',(1.,0.,0.)) ;
#4887=DIRECTION('Vector Direction',(0.866025403784,0.5,0.)) ;
#4894=DIRECTION('Vector Direction',(-0.866025403784,0.5,0.)) ;
#4911=DIRECTION('Axis2P3D Direction',(-0.,1.,0.)) ;
#4912=DIRECTION('Axis2P3D XDirection',(1.,0.,0.)) ;
#4916=DIRECTION('Vector Direction',(0.866025403784,0.5,0.)) ;
#4923=DIRECTION('Vector Direction',(-0.866025403784,0.5,0.)) ;
#4940=DIRECTION('Axis2P3D Direction',(0.,1.,0.)) ;
#4941=DIRECTION('Axis2P3D XDirection',(-1.,0.,0.)) ;
#4945=DIRECTION('Vector Direction',(0.866025403784,0.5,0.)) ;
#4952=DIRECTION('Vector Direction',(-0.866025403784,0.5,0.)) ;
#4969=SHAPE_REPRESENTATION_RELATIONSHIP(' ',' ',#19,#4968) ;
#18=AXIS2_PLACEMENT_3D(' ',#17,$,$) ;
#34=AXIS2_PLACEMENT_3D('Plane Axis2P3D',#31,#32,#33) ;
#74=AXIS2_PLACEMENT_3D('Cylinder Axis2P3D',#71,#72,#73) ;
#87=AXIS2_PLACEMENT_3D('Circle Axis2P3D',#85,#86,$) ;
#92=AXIS2_PLACEMENT_3D('Circle Axis2P3D',#90,#91,$) ;
#105=AXIS2_PLACEMENT_3D('Cylinder Axis2P3D',#102,#103,#104) ;
#109=AXIS2_PLACEMENT_3D('Circle Axis2P3D',#107,#108,$) ;
#123=AXIS2_PLACEMENT_3D('Circle Axis2P3D',#121,#122,$) ;
#136=AXIS2_PLACEMENT_3D('Plane Axis2P3D',#133,#134,#135) ;
#154=AXIS2_PLACEMENT_3D('Circle Axis2P3D',#152,#153,$) ;
#168=AXIS2_PLACEMENT_3D('Circle Axis2P3D',#166,#167,$) ;
#185=AXIS2_PLACEMENT_3D('Plane Axis2P3D',#182,#183,#184) ;
#209=AXIS2_PLACEMENT_3D('Cylinder Axis2P3D',#206,#207,#208) ;
#220=AXIS2_PLACEMENT_3D('Circle Axis2P3D',#218,#219,$) ;
#233=AXIS2_PLACEMENT_3D('Plane Axis2P3D',#230,#231,#232) ;
#257=AXIS2_PLACEMENT_3D('Cylinder Axis2P3D',#254,#255,#256) ;
#268=AXIS2_PLACEMENT_3D('Circle Axis2P3D',#266,#267,$) ;
#281=AXIS2_PLACEMENT_3D('Plane Axis2P3D',#278,#279,#280) ;
#298=AXIS2_PLACEMENT_3D('Plane Axis2P3D',#295,#296,#297) ;
#302=AXIS2_PLACEMENT_3D('Circle Axis2P3D',#300,#301,$) ;
#311=AXIS2_PLACEMENT_3D('Circle Axis2P3D',#309,#310,$) ;
#320=AXIS2_PLACEMENT_3D('Circle Axis2P3D',#318,#319,$) ;
#329=AXIS2_PLACEMENT_3D('Circle Axis2P3D',#327,#328,$) ;
#340=AXIS2_PLACEMENT_3D('Cylinder Axis2P3D',#337,#338,#339) ;
#344=AXIS2_PLACEMENT_3D('Circle Axis2P3D',#342,#343,$) ;
#370=AXIS2_PLACEMENT_3D('Circle Axis2P3D',#368,#369,$) ;
#383=AXIS2_PLACEMENT_3D('Cylinder Axis2P3D',#380,#381,#382) ;
#387=AXIS2_PLACEMENT_3D('Circle Axis2P3D',#385,#386,$) ;
#413=AXIS2_PLACEMENT_3D('Circle Axis2P3D',#411,#412,$) ;
#426=AXIS2_PLACEMENT_3D('Plane Axis2P3D',#423,#424,#425) ;
#453=AXIS2_PLACEMENT_3D('Circle Axis2P3D',#451,#452,$) ;
#460=AXIS2_PLACEMENT_3D('Circle Axis2P3D',#458,#459,$) ;
#474=AXIS2_PLACEMENT_3D('Circle Axis2P3D',#472,#473,$) ;
#481=AXIS2_PLACEMENT_3D('Circle Axis2P3D',#479,#480,$) ;
#510=AXIS2_PLACEMENT_3D('Plane Axis2P3D',#507,#508,#509) ;
#530=AXIS2_PLACEMENT_3D('Circle Axis2P3D',#528,#529,$) ;
#537=AXIS2_PLACEMENT_3D('Circle Axis2P3D',#535,#536,$) ;
#551=AXIS2_PLACEMENT_3D('Circle Axis2P3D',#549,#550,$) ;
#558=AXIS2_PLACEMENT_3D('Circle Axis2P3D',#556,#557,$) ;
#572=AXIS2_PLACEMENT_3D('Circle Axis2P3D',#570,#571,$) ;
#579=AXIS2_PLACEMENT_3D('Circle Axis2P3D',#577,#578,$) ;
#593=AXIS2_PLACEMENT_3D('Circle Axis2P3D',#591,#592,$) ;
#600=AXIS2_PLACEMENT_3D('Circle Axis2P3D',#598,#599,$) ;
#644=AXIS2_PLACEMENT_3D('Circle Axis2P3D',#642,#643,$) ;
#653=AXIS2_PLACEMENT_3D('Circle Axis2P3D',#651,#652,$) ;
#668=AXIS2_PLACEMENT_3D('Plane Axis2P3D',#665,#666,#667) ;
#690=AXIS2_PLACEMENT_3D('Cylinder Axis2P3D',#687,#688,#689) ;
#707=AXIS2_PLACEMENT_3D('Cylinder Axis2P3D',#704,#705,#706) ;
#724=AXIS2_PLACEMENT_3D('Plane Axis2P3D',#721,#722,#723) ;
#741=AXIS2_PLACEMENT_3D('Cylinder Axis2P3D',#738,#739,#740) ;
#758=AXIS2_PLACEMENT_3D('Cylinder Axis2P3D',#755,#756,#757) ;
#792=AXIS2_PLACEMENT_3D('Cylinder Axis2P3D',#789,#790,#791) ;
#1033=AXIS2_PLACEMENT_3D('Cylinder Axis2P3D',#1030,#1031,#1032) ;
#1063=AXIS2_PLACEMENT_3D('Cylinder Axis2P3D',#1060,#1061,#1062) ;
#1090=AXIS2_PLACEMENT_3D('Circle Axis2P3D',#1088,#1089,$) ;
#1103=AXIS2_PLACEMENT_3D('Plane Axis2P3D',#1100,#1101,#1102) ;
#1296=AXIS2_PLACEMENT_3D('Plane Axis2P3D',#1293,#1294,#1295) ;
#1345=AXIS2_PLACEMENT_3D('Cylinder Axis2P3D',#1342,#1343,#1344) ;
#1356=AXIS2_PLACEMENT_3D('Circle Axis2P3D',#1354,#1355,$) ;
#1369=AXIS2_PLACEMENT_3D('Cylinder Axis2P3D',#1366,#1367,#1368) ;
#1382=AXIS2_PLACEMENT_3D('Circle Axis2P3D',#1380,#1381,$) ;
#1387=AXIS2_PLACEMENT_3D('Circle Axis2P3D',#1385,#1386,$) ;
#1400=AXIS2_PLACEMENT_3D('Cylinder Axis2P3D',#1397,#1398,#1399) ;
#1427=AXIS2_PLACEMENT_3D('Circle Axis2P3D',#1425,#1426,$) ;
#1441=AXIS2_PLACEMENT_3D('Cylinder Axis2P3D',#1438,#1439,#1440) ;
#1452=AXIS2_PLACEMENT_3D('Circle Axis2P3D',#1450,#1451,$) ;
#1465=AXIS2_PLACEMENT_3D('Plane Axis2P3D',#1462,#1463,#1464) ;
#1489=AXIS2_PLACEMENT_3D('Cylinder Axis2P3D',#1486,#1487,#1488) ;
#1500=AXIS2_PLACEMENT_3D('Circle Axis2P3D',#1498,#1499,$) ;
#1513=AXIS2_PLACEMENT_3D('Cylinder Axis2P3D',#1510,#1511,#1512) ;
#1524=AXIS2_PLACEMENT_3D('Circle Axis2P3D',#1522,#1523,$) ;
#1537=AXIS2_PLACEMENT_3D('Plane Axis2P3D',#1534,#1535,#1536) ;
#1561=AXIS2_PLACEMENT_3D('Plane Axis2P3D',#1558,#1559,#1560) ;
#1754=AXIS2_PLACEMENT_3D('Cylinder Axis2P3D',#1751,#1752,#1753) ;
#1771=AXIS2_PLACEMENT_3D('Cylinder Axis2P3D',#1768,#1769,#1770) ;
#1782=AXIS2_PLACEMENT_3D('Circle Axis2P3D',#1780,#1781,$) ;
#1801=AXIS2_PLACEMENT_3D('Circle Axis2P3D',#1799,#1800,$) ;
#1814=AXIS2_PLACEMENT_3D('Cylinder Axis2P3D',#1811,#1812,#1813) ;
#1831=AXIS2_PLACEMENT_3D('Plane Axis2P3D',#1828,#1829,#1830) ;
#1990=AXIS2_PLACEMENT_3D('Plane Axis2P3D',#1987,#1988,#1989) ;
#2008=AXIS2_PLACEMENT_3D('Circle Axis2P3D',#2006,#2007,$) ;
#2015=AXIS2_PLACEMENT_3D('Circle Axis2P3D',#2013,#2014,$) ;
#2043=AXIS2_PLACEMENT_3D('Circle Axis2P3D',#2041,#2042,$) ;
#2050=AXIS2_PLACEMENT_3D('Circle Axis2P3D',#2048,#2049,$) ;
#2092=AXIS2_PLACEMENT_3D('Circle Axis2P3D',#2090,#2091,$) ;
#2101=AXIS2_PLACEMENT_3D('Circle Axis2P3D',#2099,#2100,$) ;
#2110=AXIS2_PLACEMENT_3D('Circle Axis2P3D',#2108,#2109,$) ;
#2119=AXIS2_PLACEMENT_3D('Circle Axis2P3D',#2117,#2118,$) ;
#2130=AXIS2_PLACEMENT_3D('Cylinder Axis2P3D',#2127,#2128,#2129) ;
#2134=AXIS2_PLACEMENT_3D('Circle Axis2P3D',#2132,#2133,$) ;
#2148=AXIS2_PLACEMENT_3D('Circle Axis2P3D',#2146,#2147,$) ;
#2163=AXIS2_PLACEMENT_3D('Plane Axis2P3D',#2160,#2161,#2162) ;
#2195=AXIS2_PLACEMENT_3D('Circle Axis2P3D',#2193,#2194,$) ;
#2211=AXIS2_PLACEMENT_3D('Cylinder Axis2P3D',#2208,#2209,#2210) ;
#2222=AXIS2_PLACEMENT_3D('Circle Axis2P3D',#2220,#2221,$) ;
#2235=AXIS2_PLACEMENT_3D('Plane Axis2P3D',#2232,#2233,#2234) ;
#2278=AXIS2_PLACEMENT_3D('Cylinder Axis2P3D',#2275,#2276,#2277) ;
#2289=AXIS2_PLACEMENT_3D('Circle Axis2P3D',#2287,#2288,$) ;
#2302=AXIS2_PLACEMENT_3D('Plane Axis2P3D',#2299,#2300,#2301) ;
#2320=AXIS2_PLACEMENT_3D('Circle Axis2P3D',#2318,#2319,$) ;
#2334=AXIS2_PLACEMENT_3D('Circle Axis2P3D',#2332,#2333,$) ;
#2349=AXIS2_PLACEMENT_3D('Circle Axis2P3D',#2347,#2348,$) ;
#2356=AXIS2_PLACEMENT_3D('Circle Axis2P3D',#2354,#2355,$) ;
#2363=AXIS2_PLACEMENT_3D('Circle Axis2P3D',#2361,#2362,$) ;
#2385=AXIS2_PLACEMENT_3D('Plane Axis2P3D',#2382,#2383,#2384) ;
#2424=AXIS2_PLACEMENT_3D('Circle Axis2P3D',#2422,#2423,$) ;
#2433=AXIS2_PLACEMENT_3D('Circle Axis2P3D',#2431,#2432,$) ;
#2444=AXIS2_PLACEMENT_3D('Plane Axis2P3D',#2441,#2442,#2443) ;
#2478=AXIS2_PLACEMENT_3D('Plane Axis2P3D',#2475,#2476,#2477) ;
#2508=AXIS2_PLACEMENT_3D('Circle Axis2P3D',#2506,#2507,$) ;
#2522=AXIS2_PLACEMENT_3D('Circle Axis2P3D',#2520,#2521,$) ;
#2539=AXIS2_PLACEMENT_3D('Circle Axis2P3D',#2537,#2538,$) ;
#2548=AXIS2_PLACEMENT_3D('Circle Axis2P3D',#2546,#2547,$) ;
#2557=AXIS2_PLACEMENT_3D('Circle Axis2P3D',#2555,#2556,$) ;
#2566=AXIS2_PLACEMENT_3D('Circle Axis2P3D',#2564,#2565,$) ;
#2577=AXIS2_PLACEMENT_3D('Plane Axis2P3D',#2574,#2575,#2576) ;
#2589=AXIS2_PLACEMENT_3D('Plane Axis2P3D',#2586,#2587,#2588) ;
#2593=AXIS2_PLACEMENT_3D('Circle Axis2P3D',#2591,#2592,$) ;
#2626=AXIS2_PLACEMENT_3D('Circle Axis2P3D',#2624,#2625,$) ;
#2658=AXIS2_PLACEMENT_3D('Circle Axis2P3D',#2656,#2657,$) ;
#2667=AXIS2_PLACEMENT_3D('Circle Axis2P3D',#2665,#2666,$) ;
#2676=AXIS2_PLACEMENT_3D('Circle Axis2P3D',#2674,#2675,$) ;
#2685=AXIS2_PLACEMENT_3D('Circle Axis2P3D',#2683,#2684,$) ;
#2694=AXIS2_PLACEMENT_3D('Circle Axis2P3D',#2692,#2693,$) ;
#2703=AXIS2_PLACEMENT_3D('Circle Axis2P3D',#2701,#2702,$) ;
#2712=AXIS2_PLACEMENT_3D('Circle Axis2P3D',#2710,#2711,$) ;
#2721=AXIS2_PLACEMENT_3D('Circle Axis2P3D',#2719,#2720,$) ;
#2732=AXIS2_PLACEMENT_3D('Plane Axis2P3D',#2729,#2730,#2731) ;
#3004=AXIS2_PLACEMENT_3D('Circle Axis2P3D',#3002,#3003,$) ;
#3013=AXIS2_PLACEMENT_3D('Circle Axis2P3D',#3011,#3012,$) ;
#3024=AXIS2_PLACEMENT_3D('Cylinder Axis2P3D',#3021,#3022,#3023) ;
#3078=AXIS2_PLACEMENT_3D('Circle Axis2P3D',#3076,#3077,$) ;
#3085=AXIS2_PLACEMENT_3D('Circle Axis2P3D',#3083,#3084,$) ;
#3120=AXIS2_PLACEMENT_3D('Circle Axis2P3D',#3118,#3119,$) ;
#3129=AXIS2_PLACEMENT_3D('Circle Axis2P3D',#3127,#3128,$) ;
#3140=AXIS2_PLACEMENT_3D('Cylinder Axis2P3D',#3137,#3138,#3139) ;
#3151=AXIS2_PLACEMENT_3D('Circle Axis2P3D',#3149,#3150,$) ;
#3158=AXIS2_PLACEMENT_3D('Circle Axis2P3D',#3156,#3157,$) ;
#3172=AXIS2_PLACEMENT_3D('Circle Axis2P3D',#3170,#3171,$) ;
#3222=AXIS2_PLACEMENT_3D('Circle Axis2P3D',#3220,#3221,$) ;
#3279=AXIS2_PLACEMENT_3D('Circle Axis2P3D',#3277,#3278,$) ;
#3291=AXIS2_PLACEMENT_3D('Circle Axis2P3D',#3289,#3290,$) ;
#3312=AXIS2_PLACEMENT_3D('Circle Axis2P3D',#3310,#3311,$) ;
#3341=AXIS2_PLACEMENT_3D('Circle Axis2P3D',#3339,#3340,$) ;
#3355=AXIS2_PLACEMENT_3D('Circle Axis2P3D',#3353,#3354,$) ;
#3364=AXIS2_PLACEMENT_3D('Circle Axis2P3D',#3362,#3363,$) ;
#3379=AXIS2_PLACEMENT_3D('Cylinder Axis2P3D',#3376,#3377,#3378) ;
#3406=AXIS2_PLACEMENT_3D('Cylinder Axis2P3D',#3403,#3404,#3405) ;
#3443=AXIS2_PLACEMENT_3D('Circle Axis2P3D',#3441,#3442,$) ;
#3456=AXIS2_PLACEMENT_3D('Plane Axis2P3D',#3453,#3454,#3455) ;
#3578=AXIS2_PLACEMENT_3D('Plane Axis2P3D',#3575,#3576,#3577) ;
#3601=AXIS2_PLACEMENT_3D('Plane Axis2P3D',#3598,#3599,#3600) ;
#3716=AXIS2_PLACEMENT_3D('Cylinder Axis2P3D',#3713,#3714,#3715) ;
#3732=AXIS2_PLACEMENT_3D('Cylinder Axis2P3D',#3729,#3730,#3731) ;
#3753=AXIS2_PLACEMENT_3D('Circle Axis2P3D',#3751,#3752,$) ;
#3766=AXIS2_PLACEMENT_3D('Cylinder Axis2P3D',#3763,#3764,#3765) ;
#3787=AXIS2_PLACEMENT_3D('Circle Axis2P3D',#3785,#3786,$) ;
#3822=AXIS2_PLACEMENT_3D('Plane Axis2P3D',#3819,#3820,#3821) ;
#3833=AXIS2_PLACEMENT_3D('Circle Axis2P3D',#3831,#3832,$) ;
#3854=AXIS2_PLACEMENT_3D('Circle Axis2P3D',#3852,#3853,$) ;
#3879=AXIS2_PLACEMENT_3D('Circle Axis2P3D',#3877,#3878,$) ;
#3912=AXIS2_PLACEMENT_3D('Plane Axis2P3D',#3909,#3910,#3911) ;
#3946=AXIS2_PLACEMENT_3D('Cylinder Axis2P3D',#3943,#3944,#3945) ;
#3970=AXIS2_PLACEMENT_3D('Plane Axis2P3D',#3967,#3968,#3969) ;
#3996=AXIS2_PLACEMENT_3D('Cylinder Axis2P3D',#3993,#3994,#3995) ;
#4007=AXIS2_PLACEMENT_3D('Circle Axis2P3D',#4005,#4006,$) ;
#4020=AXIS2_PLACEMENT_3D('Plane Axis2P3D',#4017,#4018,#4019) ;
#4044=AXIS2_PLACEMENT_3D('Cylinder Axis2P3D',#4041,#4042,#4043) ;
#4048=AXIS2_PLACEMENT_3D('Circle Axis2P3D',#4046,#4047,$) ;
#4068=AXIS2_PLACEMENT_3D('Plane Axis2P3D',#4065,#4066,#4067) ;
#4101=AXIS2_PLACEMENT_3D('Cylinder Axis2P3D',#4098,#4099,#4100) ;
#4112=AXIS2_PLACEMENT_3D('Circle Axis2P3D',#4110,#4111,$) ;
#4131=AXIS2_PLACEMENT_3D('Circle Axis2P3D',#4129,#4130,$) ;
#4144=AXIS2_PLACEMENT_3D('Cylinder Axis2P3D',#4141,#4142,#4143) ;
#4155=AXIS2_PLACEMENT_3D('Circle Axis2P3D',#4153,#4154,$) ;
#4174=AXIS2_PLACEMENT_3D('Circle Axis2P3D',#4172,#4173,$) ;
#4187=AXIS2_PLACEMENT_3D('Cylinder Axis2P3D',#4184,#4185,#4186) ;
#4198=AXIS2_PLACEMENT_3D('Circle Axis2P3D',#4196,#4197,$) ;
#4217=AXIS2_PLACEMENT_3D('Circle Axis2P3D',#4215,#4216,$) ;
#4230=AXIS2_PLACEMENT_3D('Cylinder Axis2P3D',#4227,#4228,#4229) ;
#4241=AXIS2_PLACEMENT_3D('Circle Axis2P3D',#4239,#4240,$) ;
#4260=AXIS2_PLACEMENT_3D('Circle Axis2P3D',#4258,#4259,$) ;
#4273=AXIS2_PLACEMENT_3D('Cylinder Axis2P3D',#4270,#4271,#4272) ;
#4284=AXIS2_PLACEMENT_3D('Circle Axis2P3D',#4282,#4283,$) ;
#4303=AXIS2_PLACEMENT_3D('Circle Axis2P3D',#4301,#4302,$) ;
#4316=AXIS2_PLACEMENT_3D('Cylinder Axis2P3D',#4313,#4314,#4315) ;
#4327=AXIS2_PLACEMENT_3D('Circle Axis2P3D',#4325,#4326,$) ;
#4346=AXIS2_PLACEMENT_3D('Circle Axis2P3D',#4344,#4345,$) ;
#4359=AXIS2_PLACEMENT_3D('Cylinder Axis2P3D',#4356,#4357,#4358) ;
#4382=AXIS2_PLACEMENT_3D('Cylinder Axis2P3D',#4379,#4380,#4381) ;
#4411=AXIS2_PLACEMENT_3D('Cylinder Axis2P3D',#4408,#4409,#4410) ;
#4443=AXIS2_PLACEMENT_3D('Circle Axis2P3D',#4441,#4442,$) ;
#4495=AXIS2_PLACEMENT_3D('Plane Axis2P3D',#4492,#4493,#4494) ;
#4506=AXIS2_PLACEMENT_3D('Circle Axis2P3D',#4504,#4505,$) ;
#4527=AXIS2_PLACEMENT_3D('Circle Axis2P3D',#4525,#4526,$) ;
#4678=AXIS2_PLACEMENT_3D('Cylinder Axis2P3D',#4675,#4676,#4677) ;
#4695=AXIS2_PLACEMENT_3D('Plane Axis2P3D',#4692,#4693,#4694) ;
#4724=AXIS2_PLACEMENT_3D('Cylinder Axis2P3D',#4721,#4722,#4723) ;
#4736=AXIS2_PLACEMENT_3D('Plane Axis2P3D',#4733,#4734,#4735) ;
#4797=AXIS2_PLACEMENT_3D('Cone Axis2P3D',#4794,#4795,#4796) ;
#4826=AXIS2_PLACEMENT_3D('Cone Axis2P3D',#4823,#4824,#4825) ;
#4855=AXIS2_PLACEMENT_3D('Cone Axis2P3D',#4852,#4853,#4854) ;
#4884=AXIS2_PLACEMENT_3D('Cone Axis2P3D',#4881,#4882,#4883) ;
#4913=AXIS2_PLACEMENT_3D('Cone Axis2P3D',#4910,#4911,#4912) ;
#4942=AXIS2_PLACEMENT_3D('Cone Axis2P3D',#4939,#4940,#4941) ;
#39=LINE('Line',#36,#38) ;
#48=LINE('Line',#45,#47) ;
#55=LINE('Line',#52,#54) ;
#62=LINE('Line',#59,#61) ;
#79=LINE('Line',#76,#78) ;
#117=LINE('Line',#114,#116) ;
#141=LINE('Line',#138,#140) ;
#148=LINE('Line',#145,#147) ;
#162=LINE('Line',#159,#161) ;
#190=LINE('Line',#187,#189) ;
#197=LINE('Line',#194,#196) ;
#214=LINE('Line',#211,#213) ;
#238=LINE('Line',#235,#237) ;
#245=LINE('Line',#242,#244) ;
#262=LINE('Line',#259,#261) ;
#286=LINE('Line',#283,#285) ;
#354=LINE('Line',#351,#353) ;
#359=LINE('Line',#356,#358) ;
#397=LINE('Line',#394,#396) ;
#402=LINE('Line',#399,#401) ;
#431=LINE('Line',#428,#430) ;
#440=LINE('Line',#437,#439) ;
#447=LINE('Line',#444,#446) ;
#468=LINE('Line',#465,#467) ;
#489=LINE('Line',#486,#488) ;
#515=LINE('Line',#512,#514) ;
#524=LINE('Line',#521,#523) ;
#545=LINE('Line',#542,#544) ;
#566=LINE('Line',#563,#565) ;
#587=LINE('Line',#584,#586) ;
#608=LINE('Line',#605,#607) ;
#615=LINE('Line',#612,#614) ;
#622=LINE('Line',#619,#621) ;
#673=LINE('Line',#670,#672) ;
#678=LINE('Line',#675,#677) ;
#695=LINE('Line',#692,#694) ;
#712=LINE('Line',#709,#711) ;
#729=LINE('Line',#726,#728) ;
#746=LINE('Line',#743,#745) ;
#779=LINE('Line',#776,#778) ;
#816=LINE('Line',#813,#815) ;
#1051=LINE('Line',#1048,#1050) ;
#1084=LINE('Line',#1081,#1083) ;
#1127=LINE('Line',#1124,#1126) ;
#1134=LINE('Line',#1131,#1133) ;
#1141=LINE('Line',#1138,#1140) ;
#1148=LINE('Line',#1145,#1147) ;
#1155=LINE('Line',#1152,#1154) ;
#1162=LINE('Line',#1159,#1161) ;
#1197=LINE('Line',#1194,#1196) ;
#1204=LINE('Line',#1201,#1203) ;
#1239=LINE('Line',#1236,#1238) ;
#1246=LINE('Line',#1243,#1245) ;
#1253=LINE('Line',#1250,#1252) ;
#1301=LINE('Line',#1298,#1300) ;
#1310=LINE('Line',#1307,#1309) ;
#1317=LINE('Line',#1314,#1316) ;
#1324=LINE('Line',#1321,#1323) ;
#1329=LINE('Line',#1326,#1328) ;
#1350=LINE('Line',#1347,#1349) ;
#1374=LINE('Line',#1371,#1373) ;
#1405=LINE('Line',#1402,#1404) ;
#1446=LINE('Line',#1443,#1445) ;
#1470=LINE('Line',#1467,#1469) ;
#1477=LINE('Line',#1474,#1476) ;
#1494=LINE('Line',#1491,#1493) ;
#1518=LINE('Line',#1515,#1517) ;
#1542=LINE('Line',#1539,#1541) ;
#1549=LINE('Line',#1546,#1548) ;
#1585=LINE('Line',#1582,#1584) ;
#1592=LINE('Line',#1589,#1591) ;
#1599=LINE('Line',#1596,#1598) ;
#1634=LINE('Line',#1631,#1633) ;
#1641=LINE('Line',#1638,#1640) ;
#1676=LINE('Line',#1673,#1675) ;
#1683=LINE('Line',#1680,#1682) ;
#1690=LINE('Line',#1687,#1689) ;
#1697=LINE('Line',#1694,#1696) ;
#1704=LINE('Line',#1701,#1703) ;
#1711=LINE('Line',#1708,#1710) ;
#1759=LINE('Line',#1756,#1758) ;
#1776=LINE('Line',#1773,#1775) ;
#1790=LINE('Line',#1787,#1789) ;
#1819=LINE('Line',#1816,#1818) ;
#1836=LINE('Line',#1833,#1835) ;
#1843=LINE('Line',#1840,#1842) ;
#1995=LINE('Line',#1992,#1994) ;
#2004=LINE('Line',#2001,#2003) ;
#2023=LINE('Line',#2020,#2022) ;
#2030=LINE('Line',#2027,#2029) ;
#2037=LINE('Line',#2034,#2036) ;
#2056=LINE('Line',#2053,#2055) ;
#2063=LINE('Line',#2060,#2062) ;
#2070=LINE('Line',#2067,#2069) ;
#2144=LINE('Line',#2141,#2143) ;
#2168=LINE('Line',#2165,#2167) ;
#2175=LINE('Line',#2172,#2174) ;
#2182=LINE('Line',#2179,#2181) ;
#2189=LINE('Line',#2186,#2188) ;
#2216=LINE('Line',#2213,#2215) ;
#2240=LINE('Line',#2237,#2239) ;
#2247=LINE('Line',#2244,#2246) ;
#2259=LINE('Line',#2256,#2258) ;
#2266=LINE('Line',#2263,#2265) ;
#2283=LINE('Line',#2280,#2282) ;
#2307=LINE('Line',#2304,#2306) ;
#2316=LINE('Line',#2313,#2315) ;
#2328=LINE('Line',#2325,#2327) ;
#2371=LINE('Line',#2368,#2370) ;
#2390=LINE('Line',#2387,#2389) ;
#2399=LINE('Line',#2396,#2398) ;
#2406=LINE('Line',#2403,#2405) ;
#2411=LINE('Line',#2408,#2410) ;
#2449=LINE('Line',#2446,#2448) ;
#2483=LINE('Line',#2480,#2482) ;
#2490=LINE('Line',#2487,#2489) ;
#2495=LINE('Line',#2492,#2494) ;
#2502=LINE('Line',#2499,#2501) ;
#2516=LINE('Line',#2513,#2515) ;
#2601=LINE('Line',#2598,#2600) ;
#2608=LINE('Line',#2605,#2607) ;
#2613=LINE('Line',#2610,#2612) ;
#2620=LINE('Line',#2617,#2619) ;
#2634=LINE('Line',#2631,#2633) ;
#2737=LINE('Line',#2734,#2736) ;
#2744=LINE('Line',#2741,#2743) ;
#2775=LINE('Line',#2772,#2774) ;
#2982=LINE('Line',#2979,#2981) ;
#2989=LINE('Line',#2986,#2988) ;
#3066=LINE('Line',#3063,#3065) ;
#3093=LINE('Line',#3090,#3092) ;
#3100=LINE('Line',#3097,#3099) ;
#3107=LINE('Line',#3104,#3106) ;
#3145=LINE('Line',#3142,#3144) ;
#3182=LINE('Line',#3179,#3181) ;
#3187=LINE('Line',#3184,#3186) ;
#3194=LINE('Line',#3191,#3193) ;
#3201=LINE('Line',#3198,#3200) ;
#3216=LINE('Line',#3213,#3215) ;
#3235=LINE('Line',#3232,#3234) ;
#3242=LINE('Line',#3239,#3241) ;
#3254=LINE('Line',#3251,#3253) ;
#3261=LINE('Line',#3258,#3260) ;
#3273=LINE('Line',#3270,#3272) ;
#3301=LINE('Line',#3298,#3300) ;
#3308=LINE('Line',#3305,#3307) ;
#3320=LINE('Line',#3317,#3319) ;
#3335=LINE('Line',#3332,#3334) ;
#3461=LINE('Line',#3458,#3460) ;
#3470=LINE('Line',#3467,#3469) ;
#3475=LINE('Line',#3472,#3474) ;
#3510=LINE('Line',#3507,#3509) ;
#3517=LINE('Line',#3514,#3516) ;
#3552=LINE('Line',#3549,#3551) ;
#3557=LINE('Line',#3554,#3556) ;
#3589=LINE('Line',#3586,#3588) ;
#3606=LINE('Line',#3603,#3605) ;
#3641=LINE('Line',#3638,#3640) ;
#3648=LINE('Line',#3645,#3647) ;
#3683=LINE('Line',#3680,#3682) ;
#3688=LINE('Line',#3685,#3687) ;
#3695=LINE('Line',#3692,#3694) ;
#3737=LINE('Line',#3734,#3736) ;
#3742=LINE('Line',#3739,#3741) ;
#3771=LINE('Line',#3768,#3770) ;
#3776=LINE('Line',#3773,#3775) ;
#3800=LINE('Line',#3797,#3799) ;
#3807=LINE('Line',#3804,#3806) ;
#3827=LINE('Line',#3824,#3826) ;
#3841=LINE('Line',#3838,#3840) ;
#3848=LINE('Line',#3845,#3847) ;
#3875=LINE('Line',#3872,#3874) ;
#3895=LINE('Line',#3892,#3894) ;
#3900=LINE('Line',#3897,#3899) ;
#3925=LINE('Line',#3922,#3924) ;
#3951=LINE('Line',#3948,#3950) ;
#3975=LINE('Line',#3972,#3974) ;
#3982=LINE('Line',#3979,#3981) ;
#4001=LINE('Line',#3998,#4000) ;
#4025=LINE('Line',#4022,#4024) ;
#4032=LINE('Line',#4029,#4031) ;
#4056=LINE('Line',#4053,#4055) ;
#4073=LINE('Line',#4070,#4072) ;
#4082=LINE('Line',#4079,#4081) ;
#4087=LINE('Line',#4084,#4086) ;
#4106=LINE('Line',#4103,#4105) ;
#4120=LINE('Line',#4117,#4119) ;
#4149=LINE('Line',#4146,#4148) ;
#4163=LINE('Line',#4160,#4162) ;
#4192=LINE('Line',#4189,#4191) ;
#4206=LINE('Line',#4203,#4205) ;
#4235=LINE('Line',#4232,#4234) ;
#4249=LINE('Line',#4246,#4248) ;
#4278=LINE('Line',#4275,#4277) ;
#4292=LINE('Line',#4289,#4291) ;
#4321=LINE('Line',#4318,#4320) ;
#4335=LINE('Line',#4332,#4334) ;
#4387=LINE('Line',#4384,#4386) ;
#4392=LINE('Line',#4389,#4391) ;
#4431=LINE('Line',#4428,#4430) ;
#4449=LINE('Line',#4446,#4448) ;
#4454=LINE('Line',#4451,#4453) ;
#4473=LINE('Line',#4470,#4472) ;
#4480=LINE('Line',#4477,#4479) ;
#4500=LINE('Line',#4497,#4499) ;
#4514=LINE('Line',#4511,#4513) ;
#4521=LINE('Line',#4518,#4520) ;
#4548=LINE('Line',#4545,#4547) ;
#4683=LINE('Line',#4680,#4682) ;
#4700=LINE('Line',#4697,#4699) ;
#4712=LINE('Line',#4709,#4711) ;
#4754=LINE('Line',#4751,#4753) ;
#4766=LINE('Line',#4763,#4765) ;
#4778=LINE('Line',#4775,#4777) ;
#4802=LINE('Line',#4799,#4801) ;
#4809=LINE('Line',#4806,#4808) ;
#4831=LINE('Line',#4828,#4830) ;
#4838=LINE('Line',#4835,#4837) ;
#4860=LINE('Line',#4857,#4859) ;
#4867=LINE('Line',#4864,#4866) ;
#4889=LINE('Line',#4886,#4888) ;
#4896=LINE('Line',#4893,#4895) ;
#4918=LINE('Line',#4915,#4917) ;
#4925=LINE('Line',#4922,#4924) ;
#4947=LINE('Line',#4944,#4946) ;
#4954=LINE('Line',#4951,#4953) ;
#88=CIRCLE('generated circle',#87,5.) ;
#93=CIRCLE('generated circle',#92,5.) ;
#110=CIRCLE('generated circle',#109,5.) ;
#124=CIRCLE('generated circle',#123,5.) ;
#155=CIRCLE('generated circle',#154,5.) ;
#169=CIRCLE('generated circle',#168,5.) ;
#221=CIRCLE('generated circle',#220,5.) ;
#269=CIRCLE('generated circle',#268,5.) ;
#303=CIRCLE('generated circle',#302,5.5) ;
#312=CIRCLE('generated circle',#311,5.5) ;
#321=CIRCLE('generated circle',#320,4.) ;
#330=CIRCLE('generated circle',#329,4.) ;
#345=CIRCLE('generated circle',#344,5.5) ;
#371=CIRCLE('generated circle',#370,5.5) ;
#388=CIRCLE('generated circle',#387,4.) ;
#414=CIRCLE('generated circle',#413,4.) ;
#454=CIRCLE('generated circle',#453,20.) ;
#461=CIRCLE('generated circle',#460,12.) ;
#475=CIRCLE('generated circle',#474,5.) ;
#482=CIRCLE('generated circle',#481,15.) ;
#531=CIRCLE('generated circle',#530,15.) ;
#538=CIRCLE('generated circle',#537,5.) ;
#552=CIRCLE('generated circle',#551,12.) ;
#559=CIRCLE('generated circle',#558,20.) ;
#573=CIRCLE('generated circle',#572,20.) ;
#580=CIRCLE('generated circle',#579,12.) ;
#594=CIRCLE('generated circle',#593,5.) ;
#601=CIRCLE('generated circle',#600,15.) ;
#645=CIRCLE('generated circle',#644,4.) ;
#654=CIRCLE('generated circle',#653,4.) ;
#1091=CIRCLE('generated circle',#1090,3.) ;
#1357=CIRCLE('generated circle',#1356,5.) ;
#1383=CIRCLE('generated circle',#1382,5.) ;
#1388=CIRCLE('generated circle',#1387,5.) ;
#1428=CIRCLE('generated circle',#1427,20.) ;
#1453=CIRCLE('generated circle',#1452,12.) ;
#1501=CIRCLE('generated circle',#1500,5.) ;
#1525=CIRCLE('generated circle',#1524,15.) ;
#1783=CIRCLE('generated circle',#1782,4.) ;
#1802=CIRCLE('generated circle',#1801,4.) ;
#2009=CIRCLE('generated circle',#2008,10.) ;
#2016=CIRCLE('generated circle',#2015,10.) ;
#2044=CIRCLE('generated circle',#2043,10.) ;
#2051=CIRCLE('generated circle',#2050,10.) ;
#2093=CIRCLE('generated circle',#2092,4.) ;
#2102=CIRCLE('generated circle',#2101,4.) ;
#2111=CIRCLE('generated circle',#2110,4.) ;
#2120=CIRCLE('generated circle',#2119,4.) ;
#2135=CIRCLE('generated circle',#2134,10.) ;
#2149=CIRCLE('generated circle',#2148,10.) ;
#2196=CIRCLE('generated circle',#2195,4.) ;
#2223=CIRCLE('generated circle',#2222,6.81787540171) ;
#2290=CIRCLE('generated circle',#2289,6.81787540171) ;
#2321=CIRCLE('generated circle',#2320,10.) ;
#2335=CIRCLE('generated circle',#2334,4.) ;
#2350=CIRCLE('generated circle',#2349,10.) ;
#2357=CIRCLE('generated circle',#2356,10.) ;
#2364=CIRCLE('generated circle',#2363,10.) ;
#2425=CIRCLE('generated circle',#2424,4.) ;
#2434=CIRCLE('generated circle',#2433,4.) ;
#2509=CIRCLE('generated circle',#2508,10.) ;
#2523=CIRCLE('generated circle',#2522,10.) ;
#2540=CIRCLE('generated circle',#2539,3.4395) ;
#2549=CIRCLE('generated circle',#2548,3.4395) ;
#2558=CIRCLE('generated circle',#2557,3.4395) ;
#2567=CIRCLE('generated circle',#2566,3.4395) ;
#2594=CIRCLE('generated circle',#2593,5.) ;
#2627=CIRCLE('generated circle',#2626,5.) ;
#2659=CIRCLE('generated circle',#2658,2.7215) ;
#2668=CIRCLE('generated circle',#2667,2.7215) ;
#2677=CIRCLE('generated circle',#2676,2.7215) ;
#2686=CIRCLE('generated circle',#2685,2.7215) ;
#2695=CIRCLE('generated circle',#2694,2.7215) ;
#2704=CIRCLE('generated circle',#2703,2.7215) ;
#2713=CIRCLE('generated circle',#2712,2.7215) ;
#2722=CIRCLE('generated circle',#2721,2.7215) ;
#3005=CIRCLE('generated circle',#3004,5.5) ;
#3014=CIRCLE('generated circle',#3013,5.5) ;
#3079=CIRCLE('generated circle',#3078,10.) ;
#3086=CIRCLE('generated circle',#3085,10.) ;
#3121=CIRCLE('generated circle',#3120,4.) ;
#3130=CIRCLE('generated circle',#3129,4.) ;
#3152=CIRCLE('generated circle',#3151,10.) ;
#3159=CIRCLE('generated circle',#3158,10.) ;
#3173=CIRCLE('generated circle',#3172,4.) ;
#3223=CIRCLE('generated circle',#3222,6.81787540171) ;
#3280=CIRCLE('generated circle',#3279,6.81787540171) ;
#3292=CIRCLE('generated circle',#3291,4.) ;
#3313=CIRCLE('generated circle',#3312,10.) ;
#3342=CIRCLE('generated circle',#3341,10.) ;
#3356=CIRCLE('generated circle',#3355,5.5) ;
#3365=CIRCLE('generated circle',#3364,5.5) ;
#3444=CIRCLE('generated circle',#3443,3.) ;
#3754=CIRCLE('generated circle',#3753,4.) ;
#3788=CIRCLE('generated circle',#3787,4.) ;
#3834=CIRCLE('generated circle',#3833,6.81787540171) ;
#3855=CIRCLE('generated circle',#3854,6.81787540171) ;
#3880=CIRCLE('generated circle',#3879,4.) ;
#4008=CIRCLE('generated circle',#4007,10.) ;
#4049=CIRCLE('generated circle',#4048,10.) ;
#4113=CIRCLE('generated circle',#4112,3.4395) ;
#4132=CIRCLE('generated circle',#4131,3.4395) ;
#4156=CIRCLE('generated circle',#4155,3.4395) ;
#4175=CIRCLE('generated circle',#4174,3.4395) ;
#4199=CIRCLE('generated circle',#4198,2.7215) ;
#4218=CIRCLE('generated circle',#4217,2.7215) ;
#4242=CIRCLE('generated circle',#4241,2.7215) ;
#4261=CIRCLE('generated circle',#4260,2.7215) ;
#4285=CIRCLE('generated circle',#4284,2.7215) ;
#4304=CIRCLE('generated circle',#4303,2.7215) ;
#4328=CIRCLE('generated circle',#4327,2.7215) ;
#4347=CIRCLE('generated circle',#4346,2.7215) ;
#4444=CIRCLE('generated circle',#4443,4.) ;
#4507=CIRCLE('generated circle',#4506,6.81787540171) ;
#4528=CIRCLE('generated circle',#4527,6.81787540171) ;
#35=PLANE('',#34) ;
#137=PLANE('',#136) ;
#186=PLANE('',#185) ;
#234=PLANE('',#233) ;
#282=PLANE('',#281) ;
#299=PLANE('',#298) ;
#427=PLANE('',#426) ;
#511=PLANE('',#510) ;
#669=PLANE('',#668) ;
#725=PLANE('',#724) ;
#1104=PLANE('',#1103) ;
#1297=PLANE('',#1296) ;
#1466=PLANE('',#1465) ;
#1538=PLANE('',#1537) ;
#1562=PLANE('',#1561) ;
#1832=PLANE('',#1831) ;
#1991=PLANE('',#1990) ;
#2164=PLANE('',#2163) ;
#2236=PLANE('',#2235) ;
#2303=PLANE('',#2302) ;
#2386=PLANE('',#2385) ;
#2445=PLANE('',#2444) ;
#2479=PLANE('',#2478) ;
#2578=PLANE('',#2577) ;
#2590=PLANE('',#2589) ;
#2733=PLANE('',#2732) ;
#3457=PLANE('',#3456) ;
#3579=PLANE('',#3578) ;
#3602=PLANE('',#3601) ;
#3823=PLANE('',#3822) ;
#3913=PLANE('',#3912) ;
#3971=PLANE('',#3970) ;
#4021=PLANE('',#4020) ;
#4069=PLANE('',#4068) ;
#4496=PLANE('',#4495) ;
#4696=PLANE('',#4695) ;
#4737=PLANE('',#4736) ;
#75=CYLINDRICAL_SURFACE('generated cylinder',#74,5.) ;
#106=CYLINDRICAL_SURFACE('generated cylinder',#105,5.) ;
#210=CYLINDRICAL_SURFACE('generated cylinder',#209,5.) ;
#258=CYLINDRICAL_SURFACE('generated cylinder',#257,5.) ;
#341=CYLINDRICAL_SURFACE('generated cylinder',#340,5.5) ;
#384=CYLINDRICAL_SURFACE('generated cylinder',#383,4.) ;
#691=CYLINDRICAL_SURFACE('generated cylinder',#690,15.) ;
#708=CYLINDRICAL_SURFACE('generated cylinder',#707,5.) ;
#742=CYLINDRICAL_SURFACE('generated cylinder',#741,12.) ;
#759=CYLINDRICAL_SURFACE('generated cylinder',#758,20.) ;
#793=CYLINDRICAL_SURFACE('generated cylinder',#792,5.) ;
#1034=CYLINDRICAL_SURFACE('generated cylinder',#1033,5.) ;
#1064=CYLINDRICAL_SURFACE('generated cylinder',#1063,3.) ;
#1346=CYLINDRICAL_SURFACE('generated cylinder',#1345,5.) ;
#1370=CYLINDRICAL_SURFACE('generated cylinder',#1369,5.) ;
#1401=CYLINDRICAL_SURFACE('generated cylinder',#1400,20.) ;
#1442=CYLINDRICAL_SURFACE('generated cylinder',#1441,12.) ;
#1490=CYLINDRICAL_SURFACE('generated cylinder',#1489,5.) ;
#1514=CYLINDRICAL_SURFACE('generated cylinder',#1513,15.) ;
#1755=CYLINDRICAL_SURFACE('generated cylinder',#1754,0.2) ;
#1772=CYLINDRICAL_SURFACE('generated cylinder',#1771,4.) ;
#1815=CYLINDRICAL_SURFACE('generated cylinder',#1814,3.) ;
#2131=CYLINDRICAL_SURFACE('generated cylinder',#2130,10.) ;
#2212=CYLINDRICAL_SURFACE('generated cylinder',#2211,6.81787540171) ;
#2279=CYLINDRICAL_SURFACE('generated cylinder',#2278,6.81787540171) ;
#3025=CYLINDRICAL_SURFACE('generated cylinder',#3024,3.) ;
#3141=CYLINDRICAL_SURFACE('generated cylinder',#3140,10.) ;
#3380=CYLINDRICAL_SURFACE('generated cylinder',#3379,5.) ;
#3407=CYLINDRICAL_SURFACE('generated cylinder',#3406,5.) ;
#3717=CYLINDRICAL_SURFACE('generated cylinder',#3716,2.5) ;
#3733=CYLINDRICAL_SURFACE('generated cylinder',#3732,4.) ;
#3767=CYLINDRICAL_SURFACE('generated cylinder',#3766,4.) ;
#3947=CYLINDRICAL_SURFACE('generated cylinder',#3946,10.) ;
#3997=CYLINDRICAL_SURFACE('generated cylinder',#3996,10.) ;
#4045=CYLINDRICAL_SURFACE('generated cylinder',#4044,10.) ;
#4102=CYLINDRICAL_SURFACE('generated cylinder',#4101,3.4395) ;
#4145=CYLINDRICAL_SURFACE('generated cylinder',#4144,3.4395) ;
#4188=CYLINDRICAL_SURFACE('generated cylinder',#4187,2.7215) ;
#4231=CYLINDRICAL_SURFACE('generated cylinder',#4230,2.7215) ;
#4274=CYLINDRICAL_SURFACE('generated cylinder',#4273,2.7215) ;
#4317=CYLINDRICAL_SURFACE('generated cylinder',#4316,2.7215) ;
#4360=CYLINDRICAL_SURFACE('generated cylinder',#4359,5.) ;
#4383=CYLINDRICAL_SURFACE('generated cylinder',#4382,5.5) ;
#4412=CYLINDRICAL_SURFACE('generated cylinder',#4411,10.) ;
#4679=CYLINDRICAL_SURFACE('generated cylinder',#4678,6.81787540171) ;
#4725=CYLINDRICAL_SURFACE('generated cylinder',#4724,6.81787540171) ;
#4798=CONICAL_SURFACE('Cone',#4797,0.,1.0471975512) ;
#4827=CONICAL_SURFACE('Cone',#4826,0.,1.0471975512) ;
#4856=CONICAL_SURFACE('Cone',#4855,0.,1.0471975512) ;
#4885=CONICAL_SURFACE('Cone',#4884,0.,1.0471975512) ;
#4914=CONICAL_SURFACE('Cone',#4913,0.,1.0471975512) ;
#4943=CONICAL_SURFACE('Cone',#4942,0.,1.0471975512) ;
#335=FACE_BOUND('',#332,.T.) ;
#505=FACE_BOUND('',#502,.T.) ;
#659=FACE_BOUND('',#656,.T.) ;
#663=FACE_BOUND('',#660,.T.) ;
#2107=FACE_BOUND('',#2104,.T.) ;
#2125=FACE_BOUND('',#2122,.T.) ;
#2439=FACE_BOUND('',#2436,.T.) ;
#2554=FACE_BOUND('',#2551,.T.) ;
#2572=FACE_BOUND('',#2569,.T.) ;
#2673=FACE_BOUND('',#2670,.T.) ;
#2691=FACE_BOUND('',#2688,.T.) ;
#2709=FACE_BOUND('',#2706,.T.) ;
#2727=FACE_BOUND('',#2724,.T.) ;
#3019=FACE_BOUND('',#3016,.T.) ;
#3135=FACE_BOUND('',#3132,.T.) ;
#3374=FACE_BOUND('',#3371,.T.) ;
#44=EDGE_CURVE('',#41,#43,#39,.F.) ;
#51=EDGE_CURVE('',#50,#41,#48,.F.) ;
#58=EDGE_CURVE('',#50,#57,#55,.F.) ;
#63=EDGE_CURVE('',#57,#43,#62,.F.) ;
#84=EDGE_CURVE('',#81,#83,#79,.F.) ;
#89=EDGE_CURVE('',#41,#81,#88,.F.) ;
#94=EDGE_CURVE('',#83,#43,#93,.T.) ;
#113=EDGE_CURVE('',#112,#50,#110,.F.) ;
#120=EDGE_CURVE('',#112,#119,#117,.F.) ;
#125=EDGE_CURVE('',#57,#119,#124,.T.) ;
#144=EDGE_CURVE('',#143,#112,#141,.F.) ;
#151=EDGE_CURVE('',#81,#150,#148,.F.) ;
#158=EDGE_CURVE('',#150,#157,#155,.T.) ;
#165=EDGE_CURVE('',#157,#164,#162,.F.) ;
#170=EDGE_CURVE('',#164,#143,#169,.T.) ;
#193=EDGE_CURVE('',#150,#192,#190,.F.) ;
#198=EDGE_CURVE('',#83,#192,#197,.F.) ;
#217=EDGE_CURVE('',#157,#216,#214,.F.) ;
#222=EDGE_CURVE('',#216,#192,#221,.T.) ;
#241=EDGE_CURVE('',#143,#240,#238,.F.) ;
#246=EDGE_CURVE('',#240,#119,#245,.F.) ;
#265=EDGE_CURVE('',#164,#264,#262,.F.) ;
#270=EDGE_CURVE('',#240,#264,#269,.T.) ;
#287=EDGE_CURVE('',#264,#216,#286,.T.) ;
#308=EDGE_CURVE('',#305,#307,#303,.T.) ;
#313=EDGE_CURVE('',#307,#305,#312,.T.) ;
#326=EDGE_CURVE('',#323,#325,#321,.T.) ;
#331=EDGE_CURVE('',#325,#323,#330,.T.) ;
#350=EDGE_CURVE('',#347,#349,#345,.T.) ;
#355=EDGE_CURVE('',#307,#347,#354,.F.) ;
#360=EDGE_CURVE('',#305,#349,#359,.F.) ;
#372=EDGE_CURVE('',#349,#347,#371,.T.) ;
#393=EDGE_CURVE('',#390,#392,#388,.T.) ;
#398=EDGE_CURVE('',#392,#323,#397,.F.) ;
#403=EDGE_CURVE('',#390,#325,#402,.F.) ;
#415=EDGE_CURVE('',#392,#390,#414,.T.) ;
#436=EDGE_CURVE('',#433,#435,#431,.F.) ;
#443=EDGE_CURVE('',#435,#442,#440,.F.) ;
#450=EDGE_CURVE('',#442,#449,#447,.F.) ;
#457=EDGE_CURVE('',#456,#449,#454,.F.) ;
#464=EDGE_CURVE('',#463,#456,#461,.T.) ;
#471=EDGE_CURVE('',#470,#463,#468,.T.) ;
#478=EDGE_CURVE('',#477,#470,#475,.T.) ;
#485=EDGE_CURVE('',#484,#477,#482,.F.) ;
#490=EDGE_CURVE('',#433,#484,#489,.T.) ;
#520=EDGE_CURVE('',#517,#519,#515,.T.) ;
#527=EDGE_CURVE('',#519,#526,#524,.T.) ;
#534=EDGE_CURVE('',#526,#533,#531,.F.) ;
#541=EDGE_CURVE('',#533,#540,#538,.T.) ;
#548=EDGE_CURVE('',#540,#547,#545,.T.) ;
#555=EDGE_CURVE('',#547,#554,#552,.T.) ;
#562=EDGE_CURVE('',#554,#561,#559,.F.) ;
#569=EDGE_CURVE('',#561,#568,#566,.F.) ;
#576=EDGE_CURVE('',#575,#568,#573,.T.) ;
#583=EDGE_CURVE('',#582,#575,#580,.F.) ;
#590=EDGE_CURVE('',#589,#582,#587,.T.) ;
#597=EDGE_CURVE('',#596,#589,#594,.F.) ;
#604=EDGE_CURVE('',#603,#596,#601,.T.) ;
#611=EDGE_CURVE('',#610,#603,#608,.T.) ;
#618=EDGE_CURVE('',#617,#610,#615,.T.) ;
#623=EDGE_CURVE('',#617,#517,#622,.T.) ;
#650=EDGE_CURVE('',#647,#649,#645,.F.) ;
#655=EDGE_CURVE('',#649,#647,#654,.F.) ;
#674=EDGE_CURVE('',#519,#433,#673,.T.) ;
#679=EDGE_CURVE('',#526,#484,#678,.T.) ;
#696=EDGE_CURVE('',#533,#477,#695,.F.) ;
#713=EDGE_CURVE('',#540,#470,#712,.F.) ;
#730=EDGE_CURVE('',#547,#463,#729,.T.) ;
#747=EDGE_CURVE('',#554,#456,#746,.F.) ;
#775=EDGE_CURVE('',#449,#774,#760,.T.) ;
#780=EDGE_CURVE('',#561,#774,#779,.F.) ;
#812=EDGE_CURVE('',#811,#442,#794,.F.) ;
#817=EDGE_CURVE('',#811,#774,#816,.F.) ;
#997=EDGE_CURVE('',#996,#811,#988,.F.) ;
#1023=EDGE_CURVE('',#996,#442,#998,.F.) ;
#1047=EDGE_CURVE('',#435,#1046,#1035,.F.) ;
#1052=EDGE_CURVE('',#1046,#996,#1051,.F.) ;
#1080=EDGE_CURVE('',#433,#1079,#1065,.T.) ;
#1087=EDGE_CURVE('',#1079,#1086,#1084,.F.) ;
#1092=EDGE_CURVE('',#1086,#435,#1091,.F.) ;
#1123=EDGE_CURVE('',#517,#1122,#1105,.F.) ;
#1130=EDGE_CURVE('',#1129,#1122,#1127,.T.) ;
#1137=EDGE_CURVE('',#1129,#1136,#1134,.F.) ;
#1144=EDGE_CURVE('',#1136,#1143,#1141,.T.) ;
#1151=EDGE_CURVE('',#1150,#1143,#1148,.T.) ;
#1158=EDGE_CURVE('',#1157,#1150,#1155,.T.) ;
#1165=EDGE_CURVE('',#1157,#1164,#1162,.T.) ;
#1193=EDGE_CURVE('',#1192,#1164,#1166,.T.) ;
#1200=EDGE_CURVE('',#1199,#1192,#1197,.T.) ;
#1207=EDGE_CURVE('',#1206,#1199,#1204,.T.) ;
#1235=EDGE_CURVE('',#1206,#1234,#1208,.T.) ;
#1242=EDGE_CURVE('',#1241,#1234,#1239,.T.) ;
#1249=EDGE_CURVE('',#1248,#1241,#1246,.T.) ;
#1256=EDGE_CURVE('',#1248,#1255,#1253,.T.) ;
#1273=EDGE_CURVE('',#1255,#519,#1257,.T.) ;
#1306=EDGE_CURVE('',#1303,#1305,#1301,.F.) ;
#1313=EDGE_CURVE('',#1305,#1312,#1310,.T.) ;
#1320=EDGE_CURVE('',#1312,#1319,#1317,.T.) ;
#1325=EDGE_CURVE('',#568,#1319,#1324,.T.) ;
#1330=EDGE_CURVE('',#1303,#811,#1329,.T.) ;
#1353=EDGE_CURVE('',#1352,#996,#1350,.T.) ;
#1358=EDGE_CURVE('',#1352,#1303,#1357,.T.) ;
#1379=EDGE_CURVE('',#1376,#1378,#1374,.T.) ;
#1384=EDGE_CURVE('',#1312,#1378,#1383,.T.) ;
#1389=EDGE_CURVE('',#1305,#1376,#1388,.T.) ;
#1408=EDGE_CURVE('',#575,#1407,#1405,.T.) ;
#1424=EDGE_CURVE('',#1423,#1319,#1409,.T.) ;
#1429=EDGE_CURVE('',#1407,#1423,#1428,.F.) ;
#1449=EDGE_CURVE('',#582,#1448,#1446,.T.) ;
#1454=EDGE_CURVE('',#1448,#1407,#1453,.T.) ;
#1473=EDGE_CURVE('',#589,#1472,#1470,.T.) ;
#1478=EDGE_CURVE('',#1472,#1448,#1477,.T.) ;
#1497=EDGE_CURVE('',#596,#1496,#1494,.T.) ;
#1502=EDGE_CURVE('',#1496,#1472,#1501,.T.) ;
#1521=EDGE_CURVE('',#603,#1520,#1518,.T.) ;
#1526=EDGE_CURVE('',#1520,#1496,#1525,.F.) ;
#1545=EDGE_CURVE('',#1544,#1520,#1542,.T.) ;
#1550=EDGE_CURVE('',#610,#1544,#1549,.T.) ;
#1581=EDGE_CURVE('',#1580,#610,#1563,.T.) ;
#1588=EDGE_CURVE('',#1587,#1580,#1585,.T.) ;
#1595=EDGE_CURVE('',#1587,#1594,#1592,.T.) ;
#1602=EDGE_CURVE('',#1594,#1601,#1599,.T.) ;
#1630=EDGE_CURVE('',#1629,#1601,#1603,.T.) ;
#1637=EDGE_CURVE('',#1629,#1636,#1634,.T.) ;
#1644=EDGE_CURVE('',#1636,#1643,#1641,.T.) ;
#1672=EDGE_CURVE('',#1643,#1671,#1645,.T.) ;
#1679=EDGE_CURVE('',#1678,#1671,#1676,.T.) ;
#1686=EDGE_CURVE('',#1678,#1685,#1683,.T.) ;
#1693=EDGE_CURVE('',#1685,#1692,#1690,.T.) ;
#1700=EDGE_CURVE('',#1699,#1692,#1697,.T.) ;
#1707=EDGE_CURVE('',#1706,#1699,#1704,.F.) ;
#1714=EDGE_CURVE('',#1706,#1713,#1711,.T.) ;
#1731=EDGE_CURVE('',#617,#1713,#1715,.F.) ;
#1760=EDGE_CURVE('',#1713,#1122,#1759,.T.) ;
#1779=EDGE_CURVE('',#647,#1778,#1776,.T.) ;
#1786=EDGE_CURVE('',#1778,#1785,#1783,.T.) ;
#1791=EDGE_CURVE('',#649,#1785,#1790,.T.) ;
#1803=EDGE_CURVE('',#1785,#1778,#1802,.T.) ;
#1820=EDGE_CURVE('',#1255,#1079,#1819,.T.) ;
#1839=EDGE_CURVE('',#1838,#1046,#1836,.F.) ;
#1844=EDGE_CURVE('',#1838,#1352,#1843,.T.) ;
#1980=EDGE_CURVE('',#1086,#1046,#1961,.F.) ;
#2000=EDGE_CURVE('',#1997,#1999,#1995,.T.) ;
#2005=EDGE_CURVE('',#1999,#1086,#2004,.F.) ;
#2012=EDGE_CURVE('',#2011,#1248,#2009,.T.) ;
#2019=EDGE_CURVE('',#2018,#2011,#2016,.T.) ;
#2026=EDGE_CURVE('',#2018,#2025,#2023,.T.) ;
#2033=EDGE_CURVE('',#2025,#2032,#2030,.F.) ;
#2040=EDGE_CURVE('',#2039,#2032,#2037,.T.) ;
#2047=EDGE_CURVE('',#2039,#2046,#2044,.F.) ;
#2052=EDGE_CURVE('',#2046,#1587,#2051,.F.) ;
#2059=EDGE_CURVE('',#1580,#2058,#2056,.T.) ;
#2066=EDGE_CURVE('',#2058,#2065,#2063,.T.) ;
#2071=EDGE_CURVE('',#1997,#2065,#2070,.F.) ;
#2098=EDGE_CURVE('',#2095,#2097,#2093,.F.) ;
#2103=EDGE_CURVE('',#2097,#2095,#2102,.F.) ;
#2116=EDGE_CURVE('',#2113,#2115,#2111,.T.) ;
#2121=EDGE_CURVE('',#2115,#2113,#2120,.T.) ;
#2140=EDGE_CURVE('',#2137,#2139,#2135,.F.) ;
#2145=EDGE_CURVE('',#2018,#2137,#2144,.F.) ;
#2150=EDGE_CURVE('',#2139,#1241,#2149,.F.) ;
#2171=EDGE_CURVE('',#2139,#2170,#2168,.T.) ;
#2178=EDGE_CURVE('',#1234,#2177,#2175,.T.) ;
#2185=EDGE_CURVE('',#2184,#2177,#2182,.F.) ;
#2192=EDGE_CURVE('',#2191,#2184,#2189,.T.) ;
#2197=EDGE_CURVE('',#2170,#2191,#2196,.T.) ;
#2219=EDGE_CURVE('',#1206,#2218,#2216,.F.) ;
#2224=EDGE_CURVE('',#2177,#2218,#2223,.T.) ;
#2243=EDGE_CURVE('',#1199,#2242,#2240,.T.) ;
#2248=EDGE_CURVE('',#2218,#2242,#2247,.F.) ;
#2262=EDGE_CURVE('',#1192,#2261,#2259,.T.) ;
#2267=EDGE_CURVE('',#2242,#2261,#2266,.T.) ;
#2286=EDGE_CURVE('',#1164,#2285,#2283,.F.) ;
#2291=EDGE_CURVE('',#2261,#2285,#2290,.T.) ;
#2312=EDGE_CURVE('',#2309,#2311,#2307,.T.) ;
#2317=EDGE_CURVE('',#2285,#2311,#2316,.T.) ;
#2324=EDGE_CURVE('',#1157,#2323,#2321,.T.) ;
#2331=EDGE_CURVE('',#2323,#2330,#2328,.T.) ;
#2336=EDGE_CURVE('',#2309,#2330,#2335,.T.) ;
#2353=EDGE_CURVE('',#2323,#2352,#2350,.T.) ;
#2360=EDGE_CURVE('',#1150,#2359,#2357,.T.) ;
#2367=EDGE_CURVE('',#2359,#2366,#2364,.T.) ;
#2372=EDGE_CURVE('',#2352,#2366,#2371,.F.) ;
#2395=EDGE_CURVE('',#2392,#2394,#2390,.T.) ;
#2402=EDGE_CURVE('',#2392,#2401,#2399,.T.) ;
#2407=EDGE_CURVE('',#2366,#2401,#2406,.T.) ;
#2412=EDGE_CURVE('',#2394,#1143,#2411,.T.) ;
#2430=EDGE_CURVE('',#2427,#2429,#2425,.T.) ;
#2435=EDGE_CURVE('',#2429,#2427,#2434,.T.) ;
#2452=EDGE_CURVE('',#2451,#1136,#2449,.T.) ;
#2458=EDGE_CURVE('',#2451,#2457,#2453,.T.) ;
#2466=EDGE_CURVE('',#2394,#2457,#2459,.T.) ;
#2486=EDGE_CURVE('',#2485,#2451,#2483,.T.) ;
#2491=EDGE_CURVE('',#1129,#1706,#2490,.F.) ;
#2498=EDGE_CURVE('',#2497,#1699,#2495,.F.) ;
#2505=EDGE_CURVE('',#2504,#2497,#2502,.T.) ;
#2512=EDGE_CURVE('',#2511,#2504,#2509,.F.) ;
#2519=EDGE_CURVE('',#2511,#2518,#2516,.F.) ;
#2524=EDGE_CURVE('',#2518,#2485,#2523,.T.) ;
#2545=EDGE_CURVE('',#2542,#2544,#2540,.F.) ;
#2550=EDGE_CURVE('',#2544,#2542,#2549,.F.) ;
#2563=EDGE_CURVE('',#2560,#2562,#2558,.T.) ;
#2568=EDGE_CURVE('',#2562,#2560,#2567,.T.) ;
#2597=EDGE_CURVE('',#1838,#2596,#2594,.F.) ;
#2604=EDGE_CURVE('',#2603,#2596,#2601,.T.) ;
#2609=EDGE_CURVE('',#216,#2603,#2608,.T.) ;
#2616=EDGE_CURVE('',#2615,#264,#2613,.T.) ;
#2623=EDGE_CURVE('',#2622,#2615,#2620,.T.) ;
#2630=EDGE_CURVE('',#2629,#2622,#2627,.T.) ;
#2635=EDGE_CURVE('',#2629,#1376,#2634,.T.) ;
#2664=EDGE_CURVE('',#2661,#2663,#2659,.F.) ;
#2669=EDGE_CURVE('',#2663,#2661,#2668,.F.) ;
#2682=EDGE_CURVE('',#2679,#2681,#2677,.T.) ;
#2687=EDGE_CURVE('',#2681,#2679,#2686,.T.) ;
#2700=EDGE_CURVE('',#2697,#2699,#2695,.T.) ;
#2705=EDGE_CURVE('',#2699,#2697,#2704,.T.) ;
#2718=EDGE_CURVE('',#2715,#2717,#2713,.F.) ;
#2723=EDGE_CURVE('',#2717,#2715,#2722,.F.) ;
#2740=EDGE_CURVE('',#2629,#2739,#2737,.F.) ;
#2745=EDGE_CURVE('',#2739,#1378,#2744,.F.) ;
#2771=EDGE_CURVE('',#1312,#2770,#2753,.F.) ;
#2776=EDGE_CURVE('',#2770,#1423,#2775,.T.) ;
#2972=EDGE_CURVE('',#1378,#2770,#2947,.F.) ;
#2985=EDGE_CURVE('',#2984,#2770,#2982,.F.) ;
#2990=EDGE_CURVE('',#1544,#2984,#2989,.T.) ;
#3010=EDGE_CURVE('',#3007,#3009,#3005,.F.) ;
#3015=EDGE_CURVE('',#3009,#3007,#3014,.F.) ;
#3039=EDGE_CURVE('',#1544,#2058,#3026,.T.) ;
#3058=EDGE_CURVE('',#3055,#3057,#3047,.T.) ;
#3062=EDGE_CURVE('',#2497,#3057,#3059,.T.) ;
#3067=EDGE_CURVE('',#3055,#1692,#3066,.F.) ;
#3082=EDGE_CURVE('',#1685,#3081,#3079,.F.) ;
#3089=EDGE_CURVE('',#3081,#3088,#3086,.F.) ;
#3096=EDGE_CURVE('',#3088,#3095,#3093,.T.) ;
#3103=EDGE_CURVE('',#3102,#3095,#3100,.F.) ;
#3108=EDGE_CURVE('',#3102,#3055,#3107,.T.) ;
#3126=EDGE_CURVE('',#3123,#3125,#3121,.F.) ;
#3131=EDGE_CURVE('',#3125,#3123,#3130,.F.) ;
#3148=EDGE_CURVE('',#3147,#3088,#3145,.T.) ;
#3155=EDGE_CURVE('',#1678,#3154,#3152,.T.) ;
#3160=EDGE_CURVE('',#3154,#3147,#3159,.T.) ;
#3178=EDGE_CURVE('',#3175,#3177,#3173,.F.) ;
#3183=EDGE_CURVE('',#3154,#3177,#3182,.F.) ;
#3190=EDGE_CURVE('',#1671,#3189,#3187,.F.) ;
#3197=EDGE_CURVE('',#3189,#3196,#3194,.T.) ;
#3202=EDGE_CURVE('',#3175,#3196,#3201,.F.) ;
#3219=EDGE_CURVE('',#1643,#3218,#3216,.T.) ;
#3224=EDGE_CURVE('',#3218,#3189,#3223,.T.) ;
#3238=EDGE_CURVE('',#1636,#3237,#3235,.F.) ;
#3243=EDGE_CURVE('',#3237,#3218,#3242,.T.) ;
#3257=EDGE_CURVE('',#1629,#3256,#3254,.F.) ;
#3262=EDGE_CURVE('',#3256,#3237,#3261,.F.) ;
#3276=EDGE_CURVE('',#1601,#3275,#3273,.T.) ;
#3281=EDGE_CURVE('',#3275,#3256,#3280,.T.) ;
#3297=EDGE_CURVE('',#3294,#3296,#3292,.F.) ;
#3304=EDGE_CURVE('',#3296,#3303,#3301,.F.) ;
#3309=EDGE_CURVE('',#3303,#3275,#3308,.F.) ;
#3316=EDGE_CURVE('',#3315,#1594,#3313,.F.) ;
#3321=EDGE_CURVE('',#3315,#3294,#3320,.F.) ;
#3338=EDGE_CURVE('',#2039,#3337,#3335,.T.) ;
#3343=EDGE_CURVE('',#3337,#3315,#3342,.F.) ;
#3361=EDGE_CURVE('',#3358,#3360,#3356,.F.) ;
#3366=EDGE_CURVE('',#3360,#3358,#3365,.F.) ;
#3394=EDGE_CURVE('',#1999,#2596,#3381,.F.) ;
#3421=EDGE_CURVE('',#1997,#2622,#3408,.F.) ;
#3432=EDGE_CURVE('',#2065,#2739,#3422,.F.) ;
#3445=EDGE_CURVE('',#2065,#2984,#3444,.F.) ;
#3466=EDGE_CURVE('',#3463,#3465,#3461,.T.) ;
#3471=EDGE_CURVE('',#3465,#3095,#3470,.T.) ;
#3478=EDGE_CURVE('',#3147,#3477,#3475,.T.) ;
#3506=EDGE_CURVE('',#3505,#3477,#3479,.T.) ;
#3513=EDGE_CURVE('',#3512,#3505,#3510,.T.) ;
#3520=EDGE_CURVE('',#3519,#3512,#3517,.T.) ;
#3548=EDGE_CURVE('',#3519,#3547,#3521,.T.) ;
#3553=EDGE_CURVE('',#3337,#3547,#3552,.T.) ;
#3558=EDGE_CURVE('',#3463,#2032,#3557,.T.) ;
#3585=EDGE_CURVE('',#3584,#2025,#3580,.T.) ;
#3590=EDGE_CURVE('',#3584,#3463,#3589,.F.) ;
#3609=EDGE_CURVE('',#2137,#3608,#3606,.T.) ;
#3637=EDGE_CURVE('',#3636,#3608,#3610,.T.) ;
#3644=EDGE_CURVE('',#3636,#3643,#3641,.T.) ;
#3651=EDGE_CURVE('',#3643,#3650,#3648,.T.) ;
#3679=EDGE_CURVE('',#3650,#3678,#3652,.T.) ;
#3684=EDGE_CURVE('',#2352,#3678,#3683,.T.) ;
#3691=EDGE_CURVE('',#3690,#2401,#3688,.T.) ;
#3696=EDGE_CURVE('',#3584,#3690,#3695,.T.) ;
#3738=EDGE_CURVE('',#3294,#2097,#3737,.T.) ;
#3743=EDGE_CURVE('',#3296,#2095,#3742,.T.) ;
#3755=EDGE_CURVE('',#3296,#3294,#3754,.T.) ;
#3772=EDGE_CURVE('',#2191,#2113,#3771,.F.) ;
#3777=EDGE_CURVE('',#2170,#2115,#3776,.F.) ;
#3789=EDGE_CURVE('',#2191,#2170,#3788,.T.) ;
#3803=EDGE_CURVE('',#3802,#2184,#3800,.T.) ;
#3808=EDGE_CURVE('',#3608,#3802,#3807,.T.) ;
#3830=EDGE_CURVE('',#2311,#3829,#3827,.F.) ;
#3837=EDGE_CURVE('',#3829,#3836,#3834,.T.) ;
#3844=EDGE_CURVE('',#3836,#3843,#3841,.F.) ;
#3851=EDGE_CURVE('',#3843,#3850,#3848,.T.) ;
#3856=EDGE_CURVE('',#3850,#3802,#3855,.T.) ;
#3876=EDGE_CURVE('',#3678,#3829,#3875,.T.) ;
#3881=EDGE_CURVE('',#2330,#2309,#3880,.T.) ;
#3896=EDGE_CURVE('',#2427,#2330,#3895,.F.) ;
#3901=EDGE_CURVE('',#2429,#2309,#3900,.F.) ;
#3921=EDGE_CURVE('',#3918,#3920,#3914,.T.) ;
#3926=EDGE_CURVE('',#3918,#3690,#3925,.T.) ;
#3934=EDGE_CURVE('',#3920,#2392,#3927,.F.) ;
#3952=EDGE_CURVE('',#3920,#2457,#3951,.T.) ;
#3978=EDGE_CURVE('',#2485,#3977,#3975,.F.) ;
#3983=EDGE_CURVE('',#3977,#3918,#3982,.F.) ;
#4004=EDGE_CURVE('',#2518,#4003,#4001,.F.) ;
#4009=EDGE_CURVE('',#3977,#4003,#4008,.T.) ;
#4028=EDGE_CURVE('',#2511,#4027,#4025,.F.) ;
#4033=EDGE_CURVE('',#4003,#4027,#4032,.T.) ;
#4052=EDGE_CURVE('',#4051,#4027,#4049,.T.) ;
#4057=EDGE_CURVE('',#2504,#4051,#4056,.T.) ;
#4078=EDGE_CURVE('',#4075,#4077,#4073,.T.) ;
#4083=EDGE_CURVE('',#4051,#4075,#4082,.F.) ;
#4088=EDGE_CURVE('',#4077,#3057,#4087,.T.) ;
#4109=EDGE_CURVE('',#4108,#2542,#4106,.T.) ;
#4116=EDGE_CURVE('',#4115,#4108,#4113,.T.) ;
#4121=EDGE_CURVE('',#4115,#2544,#4120,.T.) ;
#4133=EDGE_CURVE('',#4108,#4115,#4132,.T.) ;
#4152=EDGE_CURVE('',#4151,#2562,#4149,.F.) ;
#4159=EDGE_CURVE('',#4151,#4158,#4156,.T.) ;
#4164=EDGE_CURVE('',#4158,#2560,#4163,.F.) ;
#4176=EDGE_CURVE('',#4158,#4151,#4175,.T.) ;
#4195=EDGE_CURVE('',#4194,#2661,#4192,.T.) ;
#4202=EDGE_CURVE('',#4201,#4194,#4199,.T.) ;
#4207=EDGE_CURVE('',#4201,#2663,#4206,.T.) ;
#4219=EDGE_CURVE('',#4194,#4201,#4218,.T.) ;
#4238=EDGE_CURVE('',#4237,#2681,#4235,.F.) ;
#4245=EDGE_CURVE('',#4237,#4244,#4242,.T.) ;
#4250=EDGE_CURVE('',#4244,#2679,#4249,.F.) ;
#4262=EDGE_CURVE('',#4244,#4237,#4261,.T.) ;
#4281=EDGE_CURVE('',#4280,#2699,#4278,.F.) ;
#4288=EDGE_CURVE('',#4280,#4287,#4285,.T.) ;
#4293=EDGE_CURVE('',#4287,#2697,#4292,.F.) ;
#4305=EDGE_CURVE('',#4287,#4280,#4304,.T.) ;
#4324=EDGE_CURVE('',#4323,#2715,#4321,.T.) ;
#4331=EDGE_CURVE('',#4330,#4323,#4328,.T.) ;
#4336=EDGE_CURVE('',#4330,#2717,#4335,.T.) ;
#4348=EDGE_CURVE('',#4323,#4330,#4347,.T.) ;
#4371=EDGE_CURVE('',#2984,#2739,#4361,.F.) ;
#4388=EDGE_CURVE('',#3358,#3009,#4387,.T.) ;
#4393=EDGE_CURVE('',#3360,#3007,#4392,.T.) ;
#4420=EDGE_CURVE('',#4077,#3102,#4413,.F.) ;
#4432=EDGE_CURVE('',#4075,#3465,#4431,.F.) ;
#4445=EDGE_CURVE('',#3177,#3175,#4444,.F.) ;
#4450=EDGE_CURVE('',#3125,#3177,#4449,.T.) ;
#4455=EDGE_CURVE('',#3123,#3175,#4454,.T.) ;
#4476=EDGE_CURVE('',#3196,#4475,#4473,.F.) ;
#4481=EDGE_CURVE('',#3477,#4475,#4480,.F.) ;
#4503=EDGE_CURVE('',#4502,#3303,#4500,.T.) ;
#4510=EDGE_CURVE('',#4509,#4502,#4507,.T.) ;
#4517=EDGE_CURVE('',#4516,#4509,#4514,.T.) ;
#4524=EDGE_CURVE('',#4523,#4516,#4521,.F.) ;
#4529=EDGE_CURVE('',#4475,#4523,#4528,.T.) ;
#4549=EDGE_CURVE('',#3547,#4502,#4548,.F.) ;
#4684=EDGE_CURVE('',#3519,#4509,#4683,.T.) ;
#4701=EDGE_CURVE('',#3512,#4516,#4700,.F.) ;
#4713=EDGE_CURVE('',#3505,#4523,#4712,.F.) ;
#4755=EDGE_CURVE('',#3636,#3850,#4754,.F.) ;
#4767=EDGE_CURVE('',#3643,#3843,#4766,.T.) ;
#4779=EDGE_CURVE('',#3650,#3836,#4778,.T.) ;
#4805=EDGE_CURVE('',#4804,#4115,#4802,.T.) ;
#4810=EDGE_CURVE('',#4804,#4108,#4809,.T.) ;
#4834=EDGE_CURVE('',#4833,#4158,#4831,.T.) ;
#4839=EDGE_CURVE('',#4833,#4151,#4838,.T.) ;
#4863=EDGE_CURVE('',#4862,#4201,#4860,.T.) ;
#4868=EDGE_CURVE('',#4862,#4194,#4867,.T.) ;
#4892=EDGE_CURVE('',#4891,#4244,#4889,.T.) ;
#4897=EDGE_CURVE('',#4891,#4237,#4896,.T.) ;
#4921=EDGE_CURVE('',#4920,#4287,#4918,.T.) ;
#4926=EDGE_CURVE('',#4920,#4280,#4925,.T.) ;
#4950=EDGE_CURVE('',#4949,#4330,#4947,.T.) ;
#4955=EDGE_CURVE('',#4949,#4323,#4954,.T.) ;
#30=CLOSED_SHELL('Closed Shell',(#70,#101,#132,#181,#205,#229,#253,#277,#294,#336,#367,#379,#410,#422,#506,#664,#686,#703,#720,#737,#754,#788,#824,#1029,#1059,#1099,#1292,#1341,#1365,#1396,#1437,#1461,#1485,#1509,#1533,#1557,#1750,#1767,#1798,#1810,#1827,#1851,#1986,#2126,#2159,#2207,#2231,#2255,#2274,#2298,#2346,#2381,#2440,#2474,#2573,#2585,#2728,#2752,#2783,#2978,#3020,#3046,#3075,#3136,#3169,#3212,#3231,#3250,#3269,#3288,#3331,#3352,#3375,#3402,#3440,#3452,#3574,#3597,#3712,#3728,#3750,#3762,#3784,#3796,#3818,#3871,#3891,#3908,#3942,#3959,#3966,#3992,#4016,#4040,#4064,#4097,#4128,#4140,#4171,#4183,#4214,#4226,#4257,#4269,#4300,#4312,#4343,#4355,#4378,#4400,#4407,#4427,#4440,#4462,#4469,#4491,#4544,#4559,#4674,#4691,#4708,#4720,#4732,#4750,#4762,#4774,#4786,#4793,#4816,#4822,#4845,#4851,#4874,#4880,#4903,#4909,#4932,#4938,#4961,#4967)) ;
#65=ORIENTED_EDGE('',*,*,#44,.F.) ;
#66=ORIENTED_EDGE('',*,*,#51,.F.) ;
#67=ORIENTED_EDGE('',*,*,#58,.T.) ;
#68=ORIENTED_EDGE('',*,*,#63,.T.) ;
#96=ORIENTED_EDGE('',*,*,#84,.F.) ;
#97=ORIENTED_EDGE('',*,*,#89,.F.) ;
#98=ORIENTED_EDGE('',*,*,#44,.T.) ;
#99=ORIENTED_EDGE('',*,*,#94,.F.) ;
#127=ORIENTED_EDGE('',*,*,#58,.F.) ;
#128=ORIENTED_EDGE('',*,*,#113,.F.) ;
#129=ORIENTED_EDGE('',*,*,#120,.T.) ;
#130=ORIENTED_EDGE('',*,*,#125,.F.) ;
#172=ORIENTED_EDGE('',*,*,#144,.T.) ;
#173=ORIENTED_EDGE('',*,*,#113,.T.) ;
#174=ORIENTED_EDGE('',*,*,#51,.T.) ;
#175=ORIENTED_EDGE('',*,*,#89,.T.) ;
#176=ORIENTED_EDGE('',*,*,#151,.T.) ;
#177=ORIENTED_EDGE('',*,*,#158,.T.) ;
#178=ORIENTED_EDGE('',*,*,#165,.T.) ;
#179=ORIENTED_EDGE('',*,*,#170,.T.) ;
#200=ORIENTED_EDGE('',*,*,#193,.F.) ;
#201=ORIENTED_EDGE('',*,*,#151,.F.) ;
#202=ORIENTED_EDGE('',*,*,#84,.T.) ;
#203=ORIENTED_EDGE('',*,*,#198,.T.) ;
#224=ORIENTED_EDGE('',*,*,#217,.F.) ;
#225=ORIENTED_EDGE('',*,*,#158,.F.) ;
#226=ORIENTED_EDGE('',*,*,#193,.T.) ;
#227=ORIENTED_EDGE('',*,*,#222,.F.) ;
#248=ORIENTED_EDGE('',*,*,#241,.T.) ;
#249=ORIENTED_EDGE('',*,*,#246,.T.) ;
#250=ORIENTED_EDGE('',*,*,#120,.F.) ;
#251=ORIENTED_EDGE('',*,*,#144,.F.) ;
#272=ORIENTED_EDGE('',*,*,#241,.F.) ;
#273=ORIENTED_EDGE('',*,*,#170,.F.) ;
#274=ORIENTED_EDGE('',*,*,#265,.T.) ;
#275=ORIENTED_EDGE('',*,*,#270,.F.) ;
#289=ORIENTED_EDGE('',*,*,#265,.F.) ;
#290=ORIENTED_EDGE('',*,*,#165,.F.) ;
#291=ORIENTED_EDGE('',*,*,#217,.T.) ;
#292=ORIENTED_EDGE('',*,*,#287,.F.) ;
#315=ORIENTED_EDGE('',*,*,#308,.F.) ;
#316=ORIENTED_EDGE('',*,*,#313,.F.) ;
#333=ORIENTED_EDGE('',*,*,#326,.T.) ;
#334=ORIENTED_EDGE('',*,*,#331,.T.) ;
#362=ORIENTED_EDGE('',*,*,#350,.F.) ;
#363=ORIENTED_EDGE('',*,*,#355,.F.) ;
#364=ORIENTED_EDGE('',*,*,#313,.T.) ;
#365=ORIENTED_EDGE('',*,*,#360,.T.) ;
#374=ORIENTED_EDGE('',*,*,#372,.F.) ;
#375=ORIENTED_EDGE('',*,*,#360,.F.) ;
#376=ORIENTED_EDGE('',*,*,#308,.T.) ;
#377=ORIENTED_EDGE('',*,*,#355,.T.) ;
#405=ORIENTED_EDGE('',*,*,#393,.T.) ;
#406=ORIENTED_EDGE('',*,*,#398,.T.) ;
#407=ORIENTED_EDGE('',*,*,#331,.F.) ;
#408=ORIENTED_EDGE('',*,*,#403,.F.) ;
#417=ORIENTED_EDGE('',*,*,#415,.T.) ;
#418=ORIENTED_EDGE('',*,*,#403,.T.) ;
#419=ORIENTED_EDGE('',*,*,#326,.F.) ;
#420=ORIENTED_EDGE('',*,*,#398,.F.) ;
#492=ORIENTED_EDGE('',*,*,#436,.T.) ;
#493=ORIENTED_EDGE('',*,*,#443,.T.) ;
#494=ORIENTED_EDGE('',*,*,#450,.T.) ;
#495=ORIENTED_EDGE('',*,*,#457,.F.) ;
#496=ORIENTED_EDGE('',*,*,#464,.F.) ;
#497=ORIENTED_EDGE('',*,*,#471,.F.) ;
#498=ORIENTED_EDGE('',*,*,#478,.F.) ;
#499=ORIENTED_EDGE('',*,*,#485,.F.) ;
#500=ORIENTED_EDGE('',*,*,#490,.F.) ;
#503=ORIENTED_EDGE('',*,*,#350,.T.) ;
#504=ORIENTED_EDGE('',*,*,#372,.T.) ;
#625=ORIENTED_EDGE('',*,*,#520,.T.) ;
#626=ORIENTED_EDGE('',*,*,#527,.T.) ;
#627=ORIENTED_EDGE('',*,*,#534,.T.) ;
#628=ORIENTED_EDGE('',*,*,#541,.T.) ;
#629=ORIENTED_EDGE('',*,*,#548,.T.) ;
#630=ORIENTED_EDGE('',*,*,#555,.T.) ;
#631=ORIENTED_EDGE('',*,*,#562,.T.) ;
#632=ORIENTED_EDGE('',*,*,#569,.T.) ;
#633=ORIENTED_EDGE('',*,*,#576,.F.) ;
#634=ORIENTED_EDGE('',*,*,#583,.F.) ;
#635=ORIENTED_EDGE('',*,*,#590,.F.) ;
#636=ORIENTED_EDGE('',*,*,#597,.F.) ;
#637=ORIENTED_EDGE('',*,*,#604,.F.) ;
#638=ORIENTED_EDGE('',*,*,#611,.F.) ;
#639=ORIENTED_EDGE('',*,*,#618,.F.) ;
#640=ORIENTED_EDGE('',*,*,#623,.T.) ;
#657=ORIENTED_EDGE('',*,*,#650,.T.) ;
#658=ORIENTED_EDGE('',*,*,#655,.T.) ;
#661=ORIENTED_EDGE('',*,*,#393,.F.) ;
#662=ORIENTED_EDGE('',*,*,#415,.F.) ;
#681=ORIENTED_EDGE('',*,*,#674,.T.) ;
#682=ORIENTED_EDGE('',*,*,#490,.T.) ;
#683=ORIENTED_EDGE('',*,*,#679,.F.) ;
#684=ORIENTED_EDGE('',*,*,#527,.F.) ;
#698=ORIENTED_EDGE('',*,*,#485,.T.) ;
#699=ORIENTED_EDGE('',*,*,#696,.F.) ;
#700=ORIENTED_EDGE('',*,*,#534,.F.) ;
#701=ORIENTED_EDGE('',*,*,#679,.T.) ;
#715=ORIENTED_EDGE('',*,*,#478,.T.) ;
#716=ORIENTED_EDGE('',*,*,#713,.F.) ;
#717=ORIENTED_EDGE('',*,*,#541,.F.) ;
#718=ORIENTED_EDGE('',*,*,#696,.T.) ;
#732=ORIENTED_EDGE('',*,*,#471,.T.) ;
#733=ORIENTED_EDGE('',*,*,#730,.F.) ;
#734=ORIENTED_EDGE('',*,*,#548,.F.) ;
#735=ORIENTED_EDGE('',*,*,#713,.T.) ;
#749=ORIENTED_EDGE('',*,*,#464,.T.) ;
#750=ORIENTED_EDGE('',*,*,#747,.F.) ;
#751=ORIENTED_EDGE('',*,*,#555,.F.) ;
#752=ORIENTED_EDGE('',*,*,#730,.T.) ;
#782=ORIENTED_EDGE('',*,*,#457,.T.) ;
#783=ORIENTED_EDGE('',*,*,#775,.T.) ;
#784=ORIENTED_EDGE('',*,*,#780,.F.) ;
#785=ORIENTED_EDGE('',*,*,#562,.F.) ;
#786=ORIENTED_EDGE('',*,*,#747,.T.) ;
#819=ORIENTED_EDGE('',*,*,#812,.F.) ;
#820=ORIENTED_EDGE('',*,*,#817,.T.) ;
#821=ORIENTED_EDGE('',*,*,#775,.F.) ;
#822=ORIENTED_EDGE('',*,*,#450,.F.) ;
#1025=ORIENTED_EDGE('',*,*,#997,.T.) ;
#1026=ORIENTED_EDGE('',*,*,#812,.T.) ;
#1027=ORIENTED_EDGE('',*,*,#1023,.F.) ;
#1054=ORIENTED_EDGE('',*,*,#1023,.T.) ;
#1055=ORIENTED_EDGE('',*,*,#443,.F.) ;
#1056=ORIENTED_EDGE('',*,*,#1047,.T.) ;
#1057=ORIENTED_EDGE('',*,*,#1052,.T.) ;
#1094=ORIENTED_EDGE('',*,*,#1080,.T.) ;
#1095=ORIENTED_EDGE('',*,*,#1087,.T.) ;
#1096=ORIENTED_EDGE('',*,*,#1092,.T.) ;
#1097=ORIENTED_EDGE('',*,*,#436,.F.) ;
#1275=ORIENTED_EDGE('',*,*,#1123,.T.) ;
#1276=ORIENTED_EDGE('',*,*,#1130,.F.) ;
#1277=ORIENTED_EDGE('',*,*,#1137,.T.) ;
#1278=ORIENTED_EDGE('',*,*,#1144,.T.) ;
#1279=ORIENTED_EDGE('',*,*,#1151,.F.) ;
#1280=ORIENTED_EDGE('',*,*,#1158,.F.) ;
#1281=ORIENTED_EDGE('',*,*,#1165,.T.) ;
#1282=ORIENTED_EDGE('',*,*,#1193,.F.) ;
#1283=ORIENTED_EDGE('',*,*,#1200,.F.) ;
#1284=ORIENTED_EDGE('',*,*,#1207,.F.) ;
#1285=ORIENTED_EDGE('',*,*,#1235,.T.) ;
#1286=ORIENTED_EDGE('',*,*,#1242,.F.) ;
#1287=ORIENTED_EDGE('',*,*,#1249,.F.) ;
#1288=ORIENTED_EDGE('',*,*,#1256,.T.) ;
#1289=ORIENTED_EDGE('',*,*,#1273,.T.) ;
#1290=ORIENTED_EDGE('',*,*,#520,.F.) ;
#1332=ORIENTED_EDGE('',*,*,#1306,.T.) ;
#1333=ORIENTED_EDGE('',*,*,#1313,.T.) ;
#1334=ORIENTED_EDGE('',*,*,#1320,.T.) ;
#1335=ORIENTED_EDGE('',*,*,#1325,.F.) ;
#1336=ORIENTED_EDGE('',*,*,#569,.F.) ;
#1337=ORIENTED_EDGE('',*,*,#780,.T.) ;
#1338=ORIENTED_EDGE('',*,*,#817,.F.) ;
#1339=ORIENTED_EDGE('',*,*,#1330,.F.) ;
#1360=ORIENTED_EDGE('',*,*,#1330,.T.) ;
#1361=ORIENTED_EDGE('',*,*,#997,.F.) ;
#1362=ORIENTED_EDGE('',*,*,#1353,.F.) ;
#1363=ORIENTED_EDGE('',*,*,#1358,.T.) ;
#1391=ORIENTED_EDGE('',*,*,#1379,.T.) ;
#1392=ORIENTED_EDGE('',*,*,#1384,.F.) ;
#1393=ORIENTED_EDGE('',*,*,#1313,.F.) ;
#1394=ORIENTED_EDGE('',*,*,#1389,.T.) ;
#1431=ORIENTED_EDGE('',*,*,#1408,.F.) ;
#1432=ORIENTED_EDGE('',*,*,#576,.T.) ;
#1433=ORIENTED_EDGE('',*,*,#1325,.T.) ;
#1434=ORIENTED_EDGE('',*,*,#1424,.F.) ;
#1435=ORIENTED_EDGE('',*,*,#1429,.F.) ;
#1456=ORIENTED_EDGE('',*,*,#1449,.F.) ;
#1457=ORIENTED_EDGE('',*,*,#583,.T.) ;
#1458=ORIENTED_EDGE('',*,*,#1408,.T.) ;
#1459=ORIENTED_EDGE('',*,*,#1454,.F.) ;
#1480=ORIENTED_EDGE('',*,*,#1473,.F.) ;
#1481=ORIENTED_EDGE('',*,*,#590,.T.) ;
#1482=ORIENTED_EDGE('',*,*,#1449,.T.) ;
#1483=ORIENTED_EDGE('',*,*,#1478,.F.) ;
#1504=ORIENTED_EDGE('',*,*,#1497,.F.) ;
#1505=ORIENTED_EDGE('',*,*,#597,.T.) ;
#1506=ORIENTED_EDGE('',*,*,#1473,.T.) ;
#1507=ORIENTED_EDGE('',*,*,#1502,.F.) ;
#1528=ORIENTED_EDGE('',*,*,#1521,.F.) ;
#1529=ORIENTED_EDGE('',*,*,#604,.T.) ;
#1530=ORIENTED_EDGE('',*,*,#1497,.T.) ;
#1531=ORIENTED_EDGE('',*,*,#1526,.F.) ;
#1552=ORIENTED_EDGE('',*,*,#611,.T.) ;
#1553=ORIENTED_EDGE('',*,*,#1521,.T.) ;
#1554=ORIENTED_EDGE('',*,*,#1545,.F.) ;
#1555=ORIENTED_EDGE('',*,*,#1550,.F.) ;
#1733=ORIENTED_EDGE('',*,*,#618,.T.) ;
#1734=ORIENTED_EDGE('',*,*,#1581,.F.) ;
#1735=ORIENTED_EDGE('',*,*,#1588,.F.) ;
#1736=ORIENTED_EDGE('',*,*,#1595,.T.) ;
#1737=ORIENTED_EDGE('',*,*,#1602,.T.) ;
#1738=ORIENTED_EDGE('',*,*,#1630,.F.) ;
#1739=ORIENTED_EDGE('',*,*,#1637,.T.) ;
#1740=ORIENTED_EDGE('',*,*,#1644,.T.) ;
#1741=ORIENTED_EDGE('',*,*,#1672,.T.) ;
#1742=ORIENTED_EDGE('',*,*,#1679,.F.) ;
#1743=ORIENTED_EDGE('',*,*,#1686,.T.) ;
#1744=ORIENTED_EDGE('',*,*,#1693,.T.) ;
#1745=ORIENTED_EDGE('',*,*,#1700,.F.) ;
#1746=ORIENTED_EDGE('',*,*,#1707,.F.) ;
#1747=ORIENTED_EDGE('',*,*,#1714,.T.) ;
#1748=ORIENTED_EDGE('',*,*,#1731,.F.) ;
#1762=ORIENTED_EDGE('',*,*,#1731,.T.) ;
#1763=ORIENTED_EDGE('',*,*,#1760,.T.) ;
#1764=ORIENTED_EDGE('',*,*,#1123,.F.) ;
#1765=ORIENTED_EDGE('',*,*,#623,.F.) ;
#1793=ORIENTED_EDGE('',*,*,#1779,.T.) ;
#1794=ORIENTED_EDGE('',*,*,#1786,.T.) ;
#1795=ORIENTED_EDGE('',*,*,#1791,.F.) ;
#1796=ORIENTED_EDGE('',*,*,#650,.F.) ;
#1805=ORIENTED_EDGE('',*,*,#1791,.T.) ;
#1806=ORIENTED_EDGE('',*,*,#1803,.T.) ;
#1807=ORIENTED_EDGE('',*,*,#1779,.F.) ;
#1808=ORIENTED_EDGE('',*,*,#655,.F.) ;
#1822=ORIENTED_EDGE('',*,*,#674,.F.) ;
#1823=ORIENTED_EDGE('',*,*,#1273,.F.) ;
#1824=ORIENTED_EDGE('',*,*,#1820,.T.) ;
#1825=ORIENTED_EDGE('',*,*,#1080,.F.) ;
#1846=ORIENTED_EDGE('',*,*,#1052,.F.) ;
#1847=ORIENTED_EDGE('',*,*,#1839,.F.) ;
#1848=ORIENTED_EDGE('',*,*,#1844,.T.) ;
#1849=ORIENTED_EDGE('',*,*,#1353,.T.) ;
#1982=ORIENTED_EDGE('',*,*,#1980,.T.) ;
#1983=ORIENTED_EDGE('',*,*,#1047,.F.) ;
#1984=ORIENTED_EDGE('',*,*,#1092,.F.) ;
#2073=ORIENTED_EDGE('',*,*,#2000,.T.) ;
#2074=ORIENTED_EDGE('',*,*,#2005,.T.) ;
#2075=ORIENTED_EDGE('',*,*,#1087,.F.) ;
#2076=ORIENTED_EDGE('',*,*,#1820,.F.) ;
#2077=ORIENTED_EDGE('',*,*,#1256,.F.) ;
#2078=ORIENTED_EDGE('',*,*,#2012,.F.) ;
#2079=ORIENTED_EDGE('',*,*,#2019,.F.) ;
#2080=ORIENTED_EDGE('',*,*,#2026,.T.) ;
#2081=ORIENTED_EDGE('',*,*,#2033,.T.) ;
#2082=ORIENTED_EDGE('',*,*,#2040,.F.) ;
#2083=ORIENTED_EDGE('',*,*,#2047,.T.) ;
#2084=ORIENTED_EDGE('',*,*,#2052,.T.) ;
#2085=ORIENTED_EDGE('',*,*,#1588,.T.) ;
#2086=ORIENTED_EDGE('',*,*,#2059,.T.) ;
#2087=ORIENTED_EDGE('',*,*,#2066,.T.) ;
#2088=ORIENTED_EDGE('',*,*,#2071,.F.) ;
#2105=ORIENTED_EDGE('',*,*,#2098,.F.) ;
#2106=ORIENTED_EDGE('',*,*,#2103,.F.) ;
#2123=ORIENTED_EDGE('',*,*,#2116,.T.) ;
#2124=ORIENTED_EDGE('',*,*,#2121,.T.) ;
#2152=ORIENTED_EDGE('',*,*,#2140,.F.) ;
#2153=ORIENTED_EDGE('',*,*,#2145,.F.) ;
#2154=ORIENTED_EDGE('',*,*,#2019,.T.) ;
#2155=ORIENTED_EDGE('',*,*,#2012,.T.) ;
#2156=ORIENTED_EDGE('',*,*,#1249,.T.) ;
#2157=ORIENTED_EDGE('',*,*,#2150,.F.) ;
#2199=ORIENTED_EDGE('',*,*,#2171,.F.) ;
#2200=ORIENTED_EDGE('',*,*,#2150,.T.) ;
#2201=ORIENTED_EDGE('',*,*,#1242,.T.) ;
#2202=ORIENTED_EDGE('',*,*,#2178,.T.) ;
#2203=ORIENTED_EDGE('',*,*,#2185,.F.) ;
#2204=ORIENTED_EDGE('',*,*,#2192,.F.) ;
#2205=ORIENTED_EDGE('',*,*,#2197,.F.) ;
#2226=ORIENTED_EDGE('',*,*,#1235,.F.) ;
#2227=ORIENTED_EDGE('',*,*,#2219,.T.) ;
#2228=ORIENTED_EDGE('',*,*,#2224,.F.) ;
#2229=ORIENTED_EDGE('',*,*,#2178,.F.) ;
#2250=ORIENTED_EDGE('',*,*,#2243,.T.) ;
#2251=ORIENTED_EDGE('',*,*,#2248,.F.) ;
#2252=ORIENTED_EDGE('',*,*,#2219,.F.) ;
#2253=ORIENTED_EDGE('',*,*,#1207,.T.) ;
#2269=ORIENTED_EDGE('',*,*,#2262,.T.) ;
#2270=ORIENTED_EDGE('',*,*,#2267,.F.) ;
#2271=ORIENTED_EDGE('',*,*,#2243,.F.) ;
#2272=ORIENTED_EDGE('',*,*,#1200,.T.) ;
#2293=ORIENTED_EDGE('',*,*,#1193,.T.) ;
#2294=ORIENTED_EDGE('',*,*,#2286,.T.) ;
#2295=ORIENTED_EDGE('',*,*,#2291,.F.) ;
#2296=ORIENTED_EDGE('',*,*,#2262,.F.) ;
#2338=ORIENTED_EDGE('',*,*,#2312,.T.) ;
#2339=ORIENTED_EDGE('',*,*,#2317,.F.) ;
#2340=ORIENTED_EDGE('',*,*,#2286,.F.) ;
#2341=ORIENTED_EDGE('',*,*,#1165,.F.) ;
#2342=ORIENTED_EDGE('',*,*,#2324,.T.) ;
#2343=ORIENTED_EDGE('',*,*,#2331,.T.) ;
#2344=ORIENTED_EDGE('',*,*,#2336,.F.) ;
#2374=ORIENTED_EDGE('',*,*,#2353,.F.) ;
#2375=ORIENTED_EDGE('',*,*,#2324,.F.) ;
#2376=ORIENTED_EDGE('',*,*,#1158,.T.) ;
#2377=ORIENTED_EDGE('',*,*,#2360,.T.) ;
#2378=ORIENTED_EDGE('',*,*,#2367,.T.) ;
#2379=ORIENTED_EDGE('',*,*,#2372,.F.) ;
#2414=ORIENTED_EDGE('',*,*,#2395,.F.) ;
#2415=ORIENTED_EDGE('',*,*,#2402,.T.) ;
#2416=ORIENTED_EDGE('',*,*,#2407,.F.) ;
#2417=ORIENTED_EDGE('',*,*,#2367,.F.) ;
#2418=ORIENTED_EDGE('',*,*,#2360,.F.) ;
#2419=ORIENTED_EDGE('',*,*,#1151,.T.) ;
#2420=ORIENTED_EDGE('',*,*,#2412,.F.) ;
#2437=ORIENTED_EDGE('',*,*,#2430,.T.) ;
#2438=ORIENTED_EDGE('',*,*,#2435,.T.) ;
#2468=ORIENTED_EDGE('',*,*,#2412,.T.) ;
#2469=ORIENTED_EDGE('',*,*,#1144,.F.) ;
#2470=ORIENTED_EDGE('',*,*,#2452,.F.) ;
#2471=ORIENTED_EDGE('',*,*,#2458,.T.) ;
#2472=ORIENTED_EDGE('',*,*,#2466,.F.) ;
#2526=ORIENTED_EDGE('',*,*,#2486,.T.) ;
#2527=ORIENTED_EDGE('',*,*,#2452,.T.) ;
#2528=ORIENTED_EDGE('',*,*,#1137,.F.) ;
#2529=ORIENTED_EDGE('',*,*,#2491,.T.) ;
#2530=ORIENTED_EDGE('',*,*,#1707,.T.) ;
#2531=ORIENTED_EDGE('',*,*,#2498,.F.) ;
#2532=ORIENTED_EDGE('',*,*,#2505,.F.) ;
#2533=ORIENTED_EDGE('',*,*,#2512,.F.) ;
#2534=ORIENTED_EDGE('',*,*,#2519,.T.) ;
#2535=ORIENTED_EDGE('',*,*,#2524,.T.) ;
#2552=ORIENTED_EDGE('',*,*,#2545,.F.) ;
#2553=ORIENTED_EDGE('',*,*,#2550,.F.) ;
#2570=ORIENTED_EDGE('',*,*,#2563,.T.) ;
#2571=ORIENTED_EDGE('',*,*,#2568,.T.) ;
#2580=ORIENTED_EDGE('',*,*,#1130,.T.) ;
#2581=ORIENTED_EDGE('',*,*,#1760,.F.) ;
#2582=ORIENTED_EDGE('',*,*,#1714,.F.) ;
#2583=ORIENTED_EDGE('',*,*,#2491,.F.) ;
#2637=ORIENTED_EDGE('',*,*,#1844,.F.) ;
#2638=ORIENTED_EDGE('',*,*,#2597,.T.) ;
#2639=ORIENTED_EDGE('',*,*,#2604,.F.) ;
#2640=ORIENTED_EDGE('',*,*,#2609,.F.) ;
#2641=ORIENTED_EDGE('',*,*,#222,.T.) ;
#2642=ORIENTED_EDGE('',*,*,#198,.F.) ;
#2643=ORIENTED_EDGE('',*,*,#94,.T.) ;
#2644=ORIENTED_EDGE('',*,*,#63,.F.) ;
#2645=ORIENTED_EDGE('',*,*,#125,.T.) ;
#2646=ORIENTED_EDGE('',*,*,#246,.F.) ;
#2647=ORIENTED_EDGE('',*,*,#270,.T.) ;
#2648=ORIENTED_EDGE('',*,*,#2616,.F.) ;
#2649=ORIENTED_EDGE('',*,*,#2623,.F.) ;
#2650=ORIENTED_EDGE('',*,*,#2630,.F.) ;
#2651=ORIENTED_EDGE('',*,*,#2635,.T.) ;
#2652=ORIENTED_EDGE('',*,*,#1389,.F.) ;
#2653=ORIENTED_EDGE('',*,*,#1306,.F.) ;
#2654=ORIENTED_EDGE('',*,*,#1358,.F.) ;
#2671=ORIENTED_EDGE('',*,*,#2664,.T.) ;
#2672=ORIENTED_EDGE('',*,*,#2669,.T.) ;
#2689=ORIENTED_EDGE('',*,*,#2682,.F.) ;
#2690=ORIENTED_EDGE('',*,*,#2687,.F.) ;
#2707=ORIENTED_EDGE('',*,*,#2700,.F.) ;
#2708=ORIENTED_EDGE('',*,*,#2705,.F.) ;
#2725=ORIENTED_EDGE('',*,*,#2718,.T.) ;
#2726=ORIENTED_EDGE('',*,*,#2723,.T.) ;
#2747=ORIENTED_EDGE('',*,*,#1379,.F.) ;
#2748=ORIENTED_EDGE('',*,*,#2635,.F.) ;
#2749=ORIENTED_EDGE('',*,*,#2740,.T.) ;
#2750=ORIENTED_EDGE('',*,*,#2745,.T.) ;
#2778=ORIENTED_EDGE('',*,*,#2771,.T.) ;
#2779=ORIENTED_EDGE('',*,*,#2776,.T.) ;
#2780=ORIENTED_EDGE('',*,*,#1424,.T.) ;
#2781=ORIENTED_EDGE('',*,*,#1320,.F.) ;
#2974=ORIENTED_EDGE('',*,*,#1384,.T.) ;
#2975=ORIENTED_EDGE('',*,*,#2972,.T.) ;
#2976=ORIENTED_EDGE('',*,*,#2771,.F.) ;
#2992=ORIENTED_EDGE('',*,*,#1545,.T.) ;
#2993=ORIENTED_EDGE('',*,*,#1526,.T.) ;
#2994=ORIENTED_EDGE('',*,*,#1502,.T.) ;
#2995=ORIENTED_EDGE('',*,*,#1478,.T.) ;
#2996=ORIENTED_EDGE('',*,*,#1454,.T.) ;
#2997=ORIENTED_EDGE('',*,*,#1429,.T.) ;
#2998=ORIENTED_EDGE('',*,*,#2776,.F.) ;
#2999=ORIENTED_EDGE('',*,*,#2985,.F.) ;
#3000=ORIENTED_EDGE('',*,*,#2990,.F.) ;
#3017=ORIENTED_EDGE('',*,*,#3010,.F.) ;
#3018=ORIENTED_EDGE('',*,*,#3015,.F.) ;
#3041=ORIENTED_EDGE('',*,*,#3039,.T.) ;
#3042=ORIENTED_EDGE('',*,*,#2059,.F.) ;
#3043=ORIENTED_EDGE('',*,*,#1581,.T.) ;
#3044=ORIENTED_EDGE('',*,*,#1550,.T.) ;
#3069=ORIENTED_EDGE('',*,*,#3058,.T.) ;
#3070=ORIENTED_EDGE('',*,*,#3062,.F.) ;
#3071=ORIENTED_EDGE('',*,*,#2498,.T.) ;
#3072=ORIENTED_EDGE('',*,*,#1700,.T.) ;
#3073=ORIENTED_EDGE('',*,*,#3067,.F.) ;
#3110=ORIENTED_EDGE('',*,*,#3067,.T.) ;
#3111=ORIENTED_EDGE('',*,*,#1693,.F.) ;
#3112=ORIENTED_EDGE('',*,*,#3082,.T.) ;
#3113=ORIENTED_EDGE('',*,*,#3089,.T.) ;
#3114=ORIENTED_EDGE('',*,*,#3096,.T.) ;
#3115=ORIENTED_EDGE('',*,*,#3103,.F.) ;
#3116=ORIENTED_EDGE('',*,*,#3108,.T.) ;
#3133=ORIENTED_EDGE('',*,*,#3126,.F.) ;
#3134=ORIENTED_EDGE('',*,*,#3131,.F.) ;
#3162=ORIENTED_EDGE('',*,*,#3148,.T.) ;
#3163=ORIENTED_EDGE('',*,*,#3089,.F.) ;
#3164=ORIENTED_EDGE('',*,*,#3082,.F.) ;
#3165=ORIENTED_EDGE('',*,*,#1686,.F.) ;
#3166=ORIENTED_EDGE('',*,*,#3155,.T.) ;
#3167=ORIENTED_EDGE('',*,*,#3160,.T.) ;
#3204=ORIENTED_EDGE('',*,*,#3178,.T.) ;
#3205=ORIENTED_EDGE('',*,*,#3183,.F.) ;
#3206=ORIENTED_EDGE('',*,*,#3155,.F.) ;
#3207=ORIENTED_EDGE('',*,*,#1679,.T.) ;
#3208=ORIENTED_EDGE('',*,*,#3190,.T.) ;
#3209=ORIENTED_EDGE('',*,*,#3197,.T.) ;
#3210=ORIENTED_EDGE('',*,*,#3202,.F.) ;
#3226=ORIENTED_EDGE('',*,*,#3219,.T.) ;
#3227=ORIENTED_EDGE('',*,*,#3224,.T.) ;
#3228=ORIENTED_EDGE('',*,*,#3190,.F.) ;
#3229=ORIENTED_EDGE('',*,*,#1672,.F.) ;
#3245=ORIENTED_EDGE('',*,*,#1644,.F.) ;
#3246=ORIENTED_EDGE('',*,*,#3238,.T.) ;
#3247=ORIENTED_EDGE('',*,*,#3243,.T.) ;
#3248=ORIENTED_EDGE('',*,*,#3219,.F.) ;
#3264=ORIENTED_EDGE('',*,*,#1637,.F.) ;
#3265=ORIENTED_EDGE('',*,*,#3257,.T.) ;
#3266=ORIENTED_EDGE('',*,*,#3262,.T.) ;
#3267=ORIENTED_EDGE('',*,*,#3238,.F.) ;
#3283=ORIENTED_EDGE('',*,*,#3276,.T.) ;
#3284=ORIENTED_EDGE('',*,*,#3281,.T.) ;
#3285=ORIENTED_EDGE('',*,*,#3257,.F.) ;
#3286=ORIENTED_EDGE('',*,*,#1630,.T.) ;
#3323=ORIENTED_EDGE('',*,*,#3297,.T.) ;
#3324=ORIENTED_EDGE('',*,*,#3304,.T.) ;
#3325=ORIENTED_EDGE('',*,*,#3309,.T.) ;
#3326=ORIENTED_EDGE('',*,*,#3276,.F.) ;
#3327=ORIENTED_EDGE('',*,*,#1602,.F.) ;
#3328=ORIENTED_EDGE('',*,*,#3316,.F.) ;
#3329=ORIENTED_EDGE('',*,*,#3321,.T.) ;
#3345=ORIENTED_EDGE('',*,*,#3316,.T.) ;
#3346=ORIENTED_EDGE('',*,*,#1595,.F.) ;
#3347=ORIENTED_EDGE('',*,*,#2052,.F.) ;
#3348=ORIENTED_EDGE('',*,*,#2047,.F.) ;
#3349=ORIENTED_EDGE('',*,*,#3338,.T.) ;
#3350=ORIENTED_EDGE('',*,*,#3343,.T.) ;
#3368=ORIENTED_EDGE('',*,*,#3361,.T.) ;
#3369=ORIENTED_EDGE('',*,*,#3366,.T.) ;
#3372=ORIENTED_EDGE('',*,*,#1786,.F.) ;
#3373=ORIENTED_EDGE('',*,*,#1803,.F.) ;
#3396=ORIENTED_EDGE('',*,*,#1980,.F.) ;
#3397=ORIENTED_EDGE('',*,*,#2005,.F.) ;
#3398=ORIENTED_EDGE('',*,*,#3394,.T.) ;
#3399=ORIENTED_EDGE('',*,*,#2597,.F.) ;
#3400=ORIENTED_EDGE('',*,*,#1839,.T.) ;
#3434=ORIENTED_EDGE('',*,*,#2740,.F.) ;
#3435=ORIENTED_EDGE('',*,*,#2630,.T.) ;
#3436=ORIENTED_EDGE('',*,*,#3421,.F.) ;
#3437=ORIENTED_EDGE('',*,*,#2071,.T.) ;
#3438=ORIENTED_EDGE('',*,*,#3432,.T.) ;
#3447=ORIENTED_EDGE('',*,*,#2990,.T.) ;
#3448=ORIENTED_EDGE('',*,*,#3445,.F.) ;
#3449=ORIENTED_EDGE('',*,*,#2066,.F.) ;
#3450=ORIENTED_EDGE('',*,*,#3039,.F.) ;
#3560=ORIENTED_EDGE('',*,*,#3466,.T.) ;
#3561=ORIENTED_EDGE('',*,*,#3471,.T.) ;
#3562=ORIENTED_EDGE('',*,*,#3096,.F.) ;
#3563=ORIENTED_EDGE('',*,*,#3148,.F.) ;
#3564=ORIENTED_EDGE('',*,*,#3478,.T.) ;
#3565=ORIENTED_EDGE('',*,*,#3506,.F.) ;
#3566=ORIENTED_EDGE('',*,*,#3513,.F.) ;
#3567=ORIENTED_EDGE('',*,*,#3520,.F.) ;
#3568=ORIENTED_EDGE('',*,*,#3548,.T.) ;
#3569=ORIENTED_EDGE('',*,*,#3553,.F.) ;
#3570=ORIENTED_EDGE('',*,*,#3338,.F.) ;
#3571=ORIENTED_EDGE('',*,*,#2040,.T.) ;
#3572=ORIENTED_EDGE('',*,*,#3558,.F.) ;
#3592=ORIENTED_EDGE('',*,*,#3585,.F.) ;
#3593=ORIENTED_EDGE('',*,*,#3590,.T.) ;
#3594=ORIENTED_EDGE('',*,*,#3558,.T.) ;
#3595=ORIENTED_EDGE('',*,*,#2033,.F.) ;
#3698=ORIENTED_EDGE('',*,*,#3585,.T.) ;
#3699=ORIENTED_EDGE('',*,*,#2026,.F.) ;
#3700=ORIENTED_EDGE('',*,*,#2145,.T.) ;
#3701=ORIENTED_EDGE('',*,*,#3609,.T.) ;
#3702=ORIENTED_EDGE('',*,*,#3637,.F.) ;
#3703=ORIENTED_EDGE('',*,*,#3644,.T.) ;
#3704=ORIENTED_EDGE('',*,*,#3651,.T.) ;
#3705=ORIENTED_EDGE('',*,*,#3679,.T.) ;
#3706=ORIENTED_EDGE('',*,*,#3684,.F.) ;
#3707=ORIENTED_EDGE('',*,*,#2372,.T.) ;
#3708=ORIENTED_EDGE('',*,*,#2407,.T.) ;
#3709=ORIENTED_EDGE('',*,*,#3691,.F.) ;
#3710=ORIENTED_EDGE('',*,*,#3696,.F.) ;
#3719=ORIENTED_EDGE('',*,*,#3421,.T.) ;
#3720=ORIENTED_EDGE('',*,*,#2623,.T.) ;
#3721=ORIENTED_EDGE('',*,*,#2616,.T.) ;
#3722=ORIENTED_EDGE('',*,*,#287,.T.) ;
#3723=ORIENTED_EDGE('',*,*,#2609,.T.) ;
#3724=ORIENTED_EDGE('',*,*,#2604,.T.) ;
#3725=ORIENTED_EDGE('',*,*,#3394,.F.) ;
#3726=ORIENTED_EDGE('',*,*,#2000,.F.) ;
#3745=ORIENTED_EDGE('',*,*,#3297,.F.) ;
#3746=ORIENTED_EDGE('',*,*,#3738,.T.) ;
#3747=ORIENTED_EDGE('',*,*,#2103,.T.) ;
#3748=ORIENTED_EDGE('',*,*,#3743,.F.) ;
#3757=ORIENTED_EDGE('',*,*,#3755,.F.) ;
#3758=ORIENTED_EDGE('',*,*,#3743,.T.) ;
#3759=ORIENTED_EDGE('',*,*,#2098,.T.) ;
#3760=ORIENTED_EDGE('',*,*,#3738,.F.) ;
#3779=ORIENTED_EDGE('',*,*,#3772,.T.) ;
#3780=ORIENTED_EDGE('',*,*,#2121,.F.) ;
#3781=ORIENTED_EDGE('',*,*,#3777,.F.) ;
#3782=ORIENTED_EDGE('',*,*,#2197,.T.) ;
#3791=ORIENTED_EDGE('',*,*,#3777,.T.) ;
#3792=ORIENTED_EDGE('',*,*,#2116,.F.) ;
#3793=ORIENTED_EDGE('',*,*,#3772,.F.) ;
#3794=ORIENTED_EDGE('',*,*,#3789,.T.) ;
#3810=ORIENTED_EDGE('',*,*,#2192,.T.) ;
#3811=ORIENTED_EDGE('',*,*,#3803,.F.) ;
#3812=ORIENTED_EDGE('',*,*,#3808,.F.) ;
#3813=ORIENTED_EDGE('',*,*,#3609,.F.) ;
#3814=ORIENTED_EDGE('',*,*,#2140,.T.) ;
#3815=ORIENTED_EDGE('',*,*,#2171,.T.) ;
#3816=ORIENTED_EDGE('',*,*,#3789,.F.) ;
#3858=ORIENTED_EDGE('',*,*,#2267,.T.) ;
#3859=ORIENTED_EDGE('',*,*,#2291,.T.) ;
#3860=ORIENTED_EDGE('',*,*,#2317,.T.) ;
#3861=ORIENTED_EDGE('',*,*,#3830,.T.) ;
#3862=ORIENTED_EDGE('',*,*,#3837,.T.) ;
#3863=ORIENTED_EDGE('',*,*,#3844,.T.) ;
#3864=ORIENTED_EDGE('',*,*,#3851,.T.) ;
#3865=ORIENTED_EDGE('',*,*,#3856,.T.) ;
#3866=ORIENTED_EDGE('',*,*,#3803,.T.) ;
#3867=ORIENTED_EDGE('',*,*,#2185,.T.) ;
#3868=ORIENTED_EDGE('',*,*,#2224,.T.) ;
#3869=ORIENTED_EDGE('',*,*,#2248,.T.) ;
#3883=ORIENTED_EDGE('',*,*,#2331,.F.) ;
#3884=ORIENTED_EDGE('',*,*,#2353,.T.) ;
#3885=ORIENTED_EDGE('',*,*,#3684,.T.) ;
#3886=ORIENTED_EDGE('',*,*,#3876,.T.) ;
#3887=ORIENTED_EDGE('',*,*,#3830,.F.) ;
#3888=ORIENTED_EDGE('',*,*,#2312,.F.) ;
#3889=ORIENTED_EDGE('',*,*,#3881,.F.) ;
#3903=ORIENTED_EDGE('',*,*,#3896,.F.) ;
#3904=ORIENTED_EDGE('',*,*,#2435,.F.) ;
#3905=ORIENTED_EDGE('',*,*,#3901,.T.) ;
#3906=ORIENTED_EDGE('',*,*,#2336,.T.) ;
#3936=ORIENTED_EDGE('',*,*,#3921,.F.) ;
#3937=ORIENTED_EDGE('',*,*,#3926,.T.) ;
#3938=ORIENTED_EDGE('',*,*,#3691,.T.) ;
#3939=ORIENTED_EDGE('',*,*,#2402,.F.) ;
#3940=ORIENTED_EDGE('',*,*,#3934,.F.) ;
#3954=ORIENTED_EDGE('',*,*,#2466,.T.) ;
#3955=ORIENTED_EDGE('',*,*,#3952,.F.) ;
#3956=ORIENTED_EDGE('',*,*,#3934,.T.) ;
#3957=ORIENTED_EDGE('',*,*,#2395,.T.) ;
#3961=ORIENTED_EDGE('',*,*,#3901,.F.) ;
#3962=ORIENTED_EDGE('',*,*,#2430,.F.) ;
#3963=ORIENTED_EDGE('',*,*,#3896,.T.) ;
#3964=ORIENTED_EDGE('',*,*,#3881,.T.) ;
#3985=ORIENTED_EDGE('',*,*,#3952,.T.) ;
#3986=ORIENTED_EDGE('',*,*,#2458,.F.) ;
#3987=ORIENTED_EDGE('',*,*,#2486,.F.) ;
#3988=ORIENTED_EDGE('',*,*,#3978,.T.) ;
#3989=ORIENTED_EDGE('',*,*,#3983,.T.) ;
#3990=ORIENTED_EDGE('',*,*,#3921,.T.) ;
#4011=ORIENTED_EDGE('',*,*,#3978,.F.) ;
#4012=ORIENTED_EDGE('',*,*,#2524,.F.) ;
#4013=ORIENTED_EDGE('',*,*,#4004,.T.) ;
#4014=ORIENTED_EDGE('',*,*,#4009,.F.) ;
#4035=ORIENTED_EDGE('',*,*,#4004,.F.) ;
#4036=ORIENTED_EDGE('',*,*,#2519,.F.) ;
#4037=ORIENTED_EDGE('',*,*,#4028,.T.) ;
#4038=ORIENTED_EDGE('',*,*,#4033,.F.) ;
#4059=ORIENTED_EDGE('',*,*,#4052,.T.) ;
#4060=ORIENTED_EDGE('',*,*,#4028,.F.) ;
#4061=ORIENTED_EDGE('',*,*,#2512,.T.) ;
#4062=ORIENTED_EDGE('',*,*,#4057,.T.) ;
#4090=ORIENTED_EDGE('',*,*,#4078,.F.) ;
#4091=ORIENTED_EDGE('',*,*,#4083,.F.) ;
#4092=ORIENTED_EDGE('',*,*,#4057,.F.) ;
#4093=ORIENTED_EDGE('',*,*,#2505,.T.) ;
#4094=ORIENTED_EDGE('',*,*,#3062,.T.) ;
#4095=ORIENTED_EDGE('',*,*,#4088,.F.) ;
#4123=ORIENTED_EDGE('',*,*,#4109,.F.) ;
#4124=ORIENTED_EDGE('',*,*,#4116,.F.) ;
#4125=ORIENTED_EDGE('',*,*,#4121,.T.) ;
#4126=ORIENTED_EDGE('',*,*,#2550,.T.) ;
#4135=ORIENTED_EDGE('',*,*,#4121,.F.) ;
#4136=ORIENTED_EDGE('',*,*,#4133,.F.) ;
#4137=ORIENTED_EDGE('',*,*,#4109,.T.) ;
#4138=ORIENTED_EDGE('',*,*,#2545,.T.) ;
#4166=ORIENTED_EDGE('',*,*,#2568,.F.) ;
#4167=ORIENTED_EDGE('',*,*,#4152,.F.) ;
#4168=ORIENTED_EDGE('',*,*,#4159,.T.) ;
#4169=ORIENTED_EDGE('',*,*,#4164,.T.) ;
#4178=ORIENTED_EDGE('',*,*,#2563,.F.) ;
#4179=ORIENTED_EDGE('',*,*,#4164,.F.) ;
#4180=ORIENTED_EDGE('',*,*,#4176,.T.) ;
#4181=ORIENTED_EDGE('',*,*,#4152,.T.) ;
#4209=ORIENTED_EDGE('',*,*,#4195,.F.) ;
#4210=ORIENTED_EDGE('',*,*,#4202,.F.) ;
#4211=ORIENTED_EDGE('',*,*,#4207,.T.) ;
#4212=ORIENTED_EDGE('',*,*,#2664,.F.) ;
#4221=ORIENTED_EDGE('',*,*,#4207,.F.) ;
#4222=ORIENTED_EDGE('',*,*,#4219,.F.) ;
#4223=ORIENTED_EDGE('',*,*,#4195,.T.) ;
#4224=ORIENTED_EDGE('',*,*,#2669,.F.) ;
#4252=ORIENTED_EDGE('',*,*,#2682,.T.) ;
#4253=ORIENTED_EDGE('',*,*,#4238,.F.) ;
#4254=ORIENTED_EDGE('',*,*,#4245,.T.) ;
#4255=ORIENTED_EDGE('',*,*,#4250,.T.) ;
#4264=ORIENTED_EDGE('',*,*,#2687,.T.) ;
#4265=ORIENTED_EDGE('',*,*,#4250,.F.) ;
#4266=ORIENTED_EDGE('',*,*,#4262,.T.) ;
#4267=ORIENTED_EDGE('',*,*,#4238,.T.) ;
#4295=ORIENTED_EDGE('',*,*,#2700,.T.) ;
#4296=ORIENTED_EDGE('',*,*,#4281,.F.) ;
#4297=ORIENTED_EDGE('',*,*,#4288,.T.) ;
#4298=ORIENTED_EDGE('',*,*,#4293,.T.) ;
#4307=ORIENTED_EDGE('',*,*,#2705,.T.) ;
#4308=ORIENTED_EDGE('',*,*,#4293,.F.) ;
#4309=ORIENTED_EDGE('',*,*,#4305,.T.) ;
#4310=ORIENTED_EDGE('',*,*,#4281,.T.) ;
#4338=ORIENTED_EDGE('',*,*,#4324,.F.) ;
#4339=ORIENTED_EDGE('',*,*,#4331,.F.) ;
#4340=ORIENTED_EDGE('',*,*,#4336,.T.) ;
#4341=ORIENTED_EDGE('',*,*,#2718,.F.) ;
#4350=ORIENTED_EDGE('',*,*,#4336,.F.) ;
#4351=ORIENTED_EDGE('',*,*,#4348,.F.) ;
#4352=ORIENTED_EDGE('',*,*,#4324,.T.) ;
#4353=ORIENTED_EDGE('',*,*,#2723,.F.) ;
#4373=ORIENTED_EDGE('',*,*,#2972,.F.) ;
#4374=ORIENTED_EDGE('',*,*,#2745,.F.) ;
#4375=ORIENTED_EDGE('',*,*,#4371,.F.) ;
#4376=ORIENTED_EDGE('',*,*,#2985,.T.) ;
#4395=ORIENTED_EDGE('',*,*,#4388,.F.) ;
#4396=ORIENTED_EDGE('',*,*,#3366,.F.) ;
#4397=ORIENTED_EDGE('',*,*,#4393,.T.) ;
#4398=ORIENTED_EDGE('',*,*,#3010,.T.) ;
#4402=ORIENTED_EDGE('',*,*,#4393,.F.) ;
#4403=ORIENTED_EDGE('',*,*,#3361,.F.) ;
#4404=ORIENTED_EDGE('',*,*,#4388,.T.) ;
#4405=ORIENTED_EDGE('',*,*,#3015,.T.) ;
#4422=ORIENTED_EDGE('',*,*,#3108,.F.) ;
#4423=ORIENTED_EDGE('',*,*,#4420,.F.) ;
#4424=ORIENTED_EDGE('',*,*,#4088,.T.) ;
#4425=ORIENTED_EDGE('',*,*,#3058,.F.) ;
#4434=ORIENTED_EDGE('',*,*,#4420,.T.) ;
#4435=ORIENTED_EDGE('',*,*,#3103,.T.) ;
#4436=ORIENTED_EDGE('',*,*,#3471,.F.) ;
#4437=ORIENTED_EDGE('',*,*,#4432,.F.) ;
#4438=ORIENTED_EDGE('',*,*,#4078,.T.) ;
#4457=ORIENTED_EDGE('',*,*,#4445,.F.) ;
#4458=ORIENTED_EDGE('',*,*,#4450,.F.) ;
#4459=ORIENTED_EDGE('',*,*,#3131,.T.) ;
#4460=ORIENTED_EDGE('',*,*,#4455,.T.) ;
#4464=ORIENTED_EDGE('',*,*,#3178,.F.) ;
#4465=ORIENTED_EDGE('',*,*,#4455,.F.) ;
#4466=ORIENTED_EDGE('',*,*,#3126,.T.) ;
#4467=ORIENTED_EDGE('',*,*,#4450,.T.) ;
#4483=ORIENTED_EDGE('',*,*,#4445,.T.) ;
#4484=ORIENTED_EDGE('',*,*,#3202,.T.) ;
#4485=ORIENTED_EDGE('',*,*,#4476,.T.) ;
#4486=ORIENTED_EDGE('',*,*,#4481,.F.) ;
#4487=ORIENTED_EDGE('',*,*,#3478,.F.) ;
#4488=ORIENTED_EDGE('',*,*,#3160,.F.) ;
#4489=ORIENTED_EDGE('',*,*,#3183,.T.) ;
#4531=ORIENTED_EDGE('',*,*,#3262,.F.) ;
#4532=ORIENTED_EDGE('',*,*,#3281,.F.) ;
#4533=ORIENTED_EDGE('',*,*,#3309,.F.) ;
#4534=ORIENTED_EDGE('',*,*,#4503,.F.) ;
#4535=ORIENTED_EDGE('',*,*,#4510,.F.) ;
#4536=ORIENTED_EDGE('',*,*,#4517,.F.) ;
#4537=ORIENTED_EDGE('',*,*,#4524,.F.) ;
#4538=ORIENTED_EDGE('',*,*,#4529,.F.) ;
#4539=ORIENTED_EDGE('',*,*,#4476,.F.) ;
#4540=ORIENTED_EDGE('',*,*,#3197,.F.) ;
#4541=ORIENTED_EDGE('',*,*,#3224,.F.) ;
#4542=ORIENTED_EDGE('',*,*,#3243,.F.) ;
#4551=ORIENTED_EDGE('',*,*,#3755,.T.) ;
#4552=ORIENTED_EDGE('',*,*,#3321,.F.) ;
#4553=ORIENTED_EDGE('',*,*,#3343,.F.) ;
#4554=ORIENTED_EDGE('',*,*,#3553,.T.) ;
#4555=ORIENTED_EDGE('',*,*,#4549,.T.) ;
#4556=ORIENTED_EDGE('',*,*,#4503,.T.) ;
#4557=ORIENTED_EDGE('',*,*,#3304,.F.) ;
#4670=ORIENTED_EDGE('',*,*,#3445,.T.) ;
#4671=ORIENTED_EDGE('',*,*,#4371,.T.) ;
#4672=ORIENTED_EDGE('',*,*,#3432,.F.) ;
#4686=ORIENTED_EDGE('',*,*,#4684,.T.) ;
#4687=ORIENTED_EDGE('',*,*,#4510,.T.) ;
#4688=ORIENTED_EDGE('',*,*,#4549,.F.) ;
#4689=ORIENTED_EDGE('',*,*,#3548,.F.) ;
#4703=ORIENTED_EDGE('',*,*,#4701,.T.) ;
#4704=ORIENTED_EDGE('',*,*,#4517,.T.) ;
#4705=ORIENTED_EDGE('',*,*,#4684,.F.) ;
#4706=ORIENTED_EDGE('',*,*,#3520,.T.) ;
#4715=ORIENTED_EDGE('',*,*,#4713,.T.) ;
#4716=ORIENTED_EDGE('',*,*,#4524,.T.) ;
#4717=ORIENTED_EDGE('',*,*,#4701,.F.) ;
#4718=ORIENTED_EDGE('',*,*,#3513,.T.) ;
#4727=ORIENTED_EDGE('',*,*,#4481,.T.) ;
#4728=ORIENTED_EDGE('',*,*,#4529,.T.) ;
#4729=ORIENTED_EDGE('',*,*,#4713,.F.) ;
#4730=ORIENTED_EDGE('',*,*,#3506,.T.) ;
#4739=ORIENTED_EDGE('',*,*,#4033,.T.) ;
#4740=ORIENTED_EDGE('',*,*,#4052,.F.) ;
#4741=ORIENTED_EDGE('',*,*,#4083,.T.) ;
#4742=ORIENTED_EDGE('',*,*,#4432,.T.) ;
#4743=ORIENTED_EDGE('',*,*,#3466,.F.) ;
#4744=ORIENTED_EDGE('',*,*,#3590,.F.) ;
#4745=ORIENTED_EDGE('',*,*,#3696,.T.) ;
#4746=ORIENTED_EDGE('',*,*,#3926,.F.) ;
#4747=ORIENTED_EDGE('',*,*,#3983,.F.) ;
#4748=ORIENTED_EDGE('',*,*,#4009,.T.) ;
#4757=ORIENTED_EDGE('',*,*,#3637,.T.) ;
#4758=ORIENTED_EDGE('',*,*,#3808,.T.) ;
#4759=ORIENTED_EDGE('',*,*,#3856,.F.) ;
#4760=ORIENTED_EDGE('',*,*,#4755,.F.) ;
#4769=ORIENTED_EDGE('',*,*,#3644,.F.) ;
#4770=ORIENTED_EDGE('',*,*,#4755,.T.) ;
#4771=ORIENTED_EDGE('',*,*,#3851,.F.) ;
#4772=ORIENTED_EDGE('',*,*,#4767,.F.) ;
#4781=ORIENTED_EDGE('',*,*,#3651,.F.) ;
#4782=ORIENTED_EDGE('',*,*,#4767,.T.) ;
#4783=ORIENTED_EDGE('',*,*,#3844,.F.) ;
#4784=ORIENTED_EDGE('',*,*,#4779,.F.) ;
#4788=ORIENTED_EDGE('',*,*,#3679,.F.) ;
#4789=ORIENTED_EDGE('',*,*,#4779,.T.) ;
#4790=ORIENTED_EDGE('',*,*,#3837,.F.) ;
#4791=ORIENTED_EDGE('',*,*,#3876,.F.) ;
#4812=ORIENTED_EDGE('',*,*,#4805,.T.) ;
#4813=ORIENTED_EDGE('',*,*,#4116,.T.) ;
#4814=ORIENTED_EDGE('',*,*,#4810,.F.) ;
#4818=ORIENTED_EDGE('',*,*,#4810,.T.) ;
#4819=ORIENTED_EDGE('',*,*,#4133,.T.) ;
#4820=ORIENTED_EDGE('',*,*,#4805,.F.) ;
#4841=ORIENTED_EDGE('',*,*,#4834,.T.) ;
#4842=ORIENTED_EDGE('',*,*,#4159,.F.) ;
#4843=ORIENTED_EDGE('',*,*,#4839,.F.) ;
#4847=ORIENTED_EDGE('',*,*,#4839,.T.) ;
#4848=ORIENTED_EDGE('',*,*,#4176,.F.) ;
#4849=ORIENTED_EDGE('',*,*,#4834,.F.) ;
#4870=ORIENTED_EDGE('',*,*,#4863,.T.) ;
#4871=ORIENTED_EDGE('',*,*,#4202,.T.) ;
#4872=ORIENTED_EDGE('',*,*,#4868,.F.) ;
#4876=ORIENTED_EDGE('',*,*,#4868,.T.) ;
#4877=ORIENTED_EDGE('',*,*,#4219,.T.) ;
#4878=ORIENTED_EDGE('',*,*,#4863,.F.) ;
#4899=ORIENTED_EDGE('',*,*,#4892,.T.) ;
#4900=ORIENTED_EDGE('',*,*,#4245,.F.) ;
#4901=ORIENTED_EDGE('',*,*,#4897,.F.) ;
#4905=ORIENTED_EDGE('',*,*,#4897,.T.) ;
#4906=ORIENTED_EDGE('',*,*,#4262,.F.) ;
#4907=ORIENTED_EDGE('',*,*,#4892,.F.) ;
#4928=ORIENTED_EDGE('',*,*,#4921,.T.) ;
#4929=ORIENTED_EDGE('',*,*,#4288,.F.) ;
#4930=ORIENTED_EDGE('',*,*,#4926,.F.) ;
#4934=ORIENTED_EDGE('',*,*,#4926,.T.) ;
#4935=ORIENTED_EDGE('',*,*,#4305,.F.) ;
#4936=ORIENTED_EDGE('',*,*,#4921,.F.) ;
#4957=ORIENTED_EDGE('',*,*,#4950,.T.) ;
#4958=ORIENTED_EDGE('',*,*,#4331,.T.) ;
#4959=ORIENTED_EDGE('',*,*,#4955,.F.) ;
#4963=ORIENTED_EDGE('',*,*,#4955,.T.) ;
#4964=ORIENTED_EDGE('',*,*,#4348,.T.) ;
#4965=ORIENTED_EDGE('',*,*,#4950,.F.) ;
#64=EDGE_LOOP('',(#65,#66,#67,#68)) ;
#95=EDGE_LOOP('',(#96,#97,#98,#99)) ;
#126=EDGE_LOOP('',(#127,#128,#129,#130)) ;
#171=EDGE_LOOP('',(#172,#173,#174,#175,#176,#177,#178,#179)) ;
#199=EDGE_LOOP('',(#200,#201,#202,#203)) ;
#223=EDGE_LOOP('',(#224,#225,#226,#227)) ;
#247=EDGE_LOOP('',(#248,#249,#250,#251)) ;
#271=EDGE_LOOP('',(#272,#273,#274,#275)) ;
#288=EDGE_LOOP('',(#289,#290,#291,#292)) ;
#314=EDGE_LOOP('',(#315,#316)) ;
#332=EDGE_LOOP('',(#333,#334)) ;
#361=EDGE_LOOP('',(#362,#363,#364,#365)) ;
#373=EDGE_LOOP('',(#374,#375,#376,#377)) ;
#404=EDGE_LOOP('',(#405,#406,#407,#408)) ;
#416=EDGE_LOOP('',(#417,#418,#419,#420)) ;
#491=EDGE_LOOP('',(#492,#493,#494,#495,#496,#497,#498,#499,#500)) ;
#502=EDGE_LOOP('',(#503,#504)) ;
#624=EDGE_LOOP('',(#625,#626,#627,#628,#629,#630,#631,#632,#633,#634,#635,#636,#637,#638,#639,#640)) ;
#656=EDGE_LOOP('',(#657,#658)) ;
#660=EDGE_LOOP('',(#661,#662)) ;
#680=EDGE_LOOP('',(#681,#682,#683,#684)) ;
#697=EDGE_LOOP('',(#698,#699,#700,#701)) ;
#714=EDGE_LOOP('',(#715,#716,#717,#718)) ;
#731=EDGE_LOOP('',(#732,#733,#734,#735)) ;
#748=EDGE_LOOP('',(#749,#750,#751,#752)) ;
#781=EDGE_LOOP('',(#782,#783,#784,#785,#786)) ;
#818=EDGE_LOOP('',(#819,#820,#821,#822)) ;
#1024=EDGE_LOOP('',(#1025,#1026,#1027)) ;
#1053=EDGE_LOOP('',(#1054,#1055,#1056,#1057)) ;
#1093=EDGE_LOOP('',(#1094,#1095,#1096,#1097)) ;
#1274=EDGE_LOOP('',(#1275,#1276,#1277,#1278,#1279,#1280,#1281,#1282,#1283,#1284,#1285,#1286,#1287,#1288,#1289,#1290)) ;
#1331=EDGE_LOOP('',(#1332,#1333,#1334,#1335,#1336,#1337,#1338,#1339)) ;
#1359=EDGE_LOOP('',(#1360,#1361,#1362,#1363)) ;
#1390=EDGE_LOOP('',(#1391,#1392,#1393,#1394)) ;
#1430=EDGE_LOOP('',(#1431,#1432,#1433,#1434,#1435)) ;
#1455=EDGE_LOOP('',(#1456,#1457,#1458,#1459)) ;
#1479=EDGE_LOOP('',(#1480,#1481,#1482,#1483)) ;
#1503=EDGE_LOOP('',(#1504,#1505,#1506,#1507)) ;
#1527=EDGE_LOOP('',(#1528,#1529,#1530,#1531)) ;
#1551=EDGE_LOOP('',(#1552,#1553,#1554,#1555)) ;
#1732=EDGE_LOOP('',(#1733,#1734,#1735,#1736,#1737,#1738,#1739,#1740,#1741,#1742,#1743,#1744,#1745,#1746,#1747,#1748)) ;
#1761=EDGE_LOOP('',(#1762,#1763,#1764,#1765)) ;
#1792=EDGE_LOOP('',(#1793,#1794,#1795,#1796)) ;
#1804=EDGE_LOOP('',(#1805,#1806,#1807,#1808)) ;
#1821=EDGE_LOOP('',(#1822,#1823,#1824,#1825)) ;
#1845=EDGE_LOOP('',(#1846,#1847,#1848,#1849)) ;
#1981=EDGE_LOOP('',(#1982,#1983,#1984)) ;
#2072=EDGE_LOOP('',(#2073,#2074,#2075,#2076,#2077,#2078,#2079,#2080,#2081,#2082,#2083,#2084,#2085,#2086,#2087,#2088)) ;
#2104=EDGE_LOOP('',(#2105,#2106)) ;
#2122=EDGE_LOOP('',(#2123,#2124)) ;
#2151=EDGE_LOOP('',(#2152,#2153,#2154,#2155,#2156,#2157)) ;
#2198=EDGE_LOOP('',(#2199,#2200,#2201,#2202,#2203,#2204,#2205)) ;
#2225=EDGE_LOOP('',(#2226,#2227,#2228,#2229)) ;
#2249=EDGE_LOOP('',(#2250,#2251,#2252,#2253)) ;
#2268=EDGE_LOOP('',(#2269,#2270,#2271,#2272)) ;
#2292=EDGE_LOOP('',(#2293,#2294,#2295,#2296)) ;
#2337=EDGE_LOOP('',(#2338,#2339,#2340,#2341,#2342,#2343,#2344)) ;
#2373=EDGE_LOOP('',(#2374,#2375,#2376,#2377,#2378,#2379)) ;
#2413=EDGE_LOOP('',(#2414,#2415,#2416,#2417,#2418,#2419,#2420)) ;
#2436=EDGE_LOOP('',(#2437,#2438)) ;
#2467=EDGE_LOOP('',(#2468,#2469,#2470,#2471,#2472)) ;
#2525=EDGE_LOOP('',(#2526,#2527,#2528,#2529,#2530,#2531,#2532,#2533,#2534,#2535)) ;
#2551=EDGE_LOOP('',(#2552,#2553)) ;
#2569=EDGE_LOOP('',(#2570,#2571)) ;
#2579=EDGE_LOOP('',(#2580,#2581,#2582,#2583)) ;
#2636=EDGE_LOOP('',(#2637,#2638,#2639,#2640,#2641,#2642,#2643,#2644,#2645,#2646,#2647,#2648,#2649,#2650,#2651,#2652,#2653,#2654)) ;
#2670=EDGE_LOOP('',(#2671,#2672)) ;
#2688=EDGE_LOOP('',(#2689,#2690)) ;
#2706=EDGE_LOOP('',(#2707,#2708)) ;
#2724=EDGE_LOOP('',(#2725,#2726)) ;
#2746=EDGE_LOOP('',(#2747,#2748,#2749,#2750)) ;
#2777=EDGE_LOOP('',(#2778,#2779,#2780,#2781)) ;
#2973=EDGE_LOOP('',(#2974,#2975,#2976)) ;
#2991=EDGE_LOOP('',(#2992,#2993,#2994,#2995,#2996,#2997,#2998,#2999,#3000)) ;
#3016=EDGE_LOOP('',(#3017,#3018)) ;
#3040=EDGE_LOOP('',(#3041,#3042,#3043,#3044)) ;
#3068=EDGE_LOOP('',(#3069,#3070,#3071,#3072,#3073)) ;
#3109=EDGE_LOOP('',(#3110,#3111,#3112,#3113,#3114,#3115,#3116)) ;
#3132=EDGE_LOOP('',(#3133,#3134)) ;
#3161=EDGE_LOOP('',(#3162,#3163,#3164,#3165,#3166,#3167)) ;
#3203=EDGE_LOOP('',(#3204,#3205,#3206,#3207,#3208,#3209,#3210)) ;
#3225=EDGE_LOOP('',(#3226,#3227,#3228,#3229)) ;
#3244=EDGE_LOOP('',(#3245,#3246,#3247,#3248)) ;
#3263=EDGE_LOOP('',(#3264,#3265,#3266,#3267)) ;
#3282=EDGE_LOOP('',(#3283,#3284,#3285,#3286)) ;
#3322=EDGE_LOOP('',(#3323,#3324,#3325,#3326,#3327,#3328,#3329)) ;
#3344=EDGE_LOOP('',(#3345,#3346,#3347,#3348,#3349,#3350)) ;
#3367=EDGE_LOOP('',(#3368,#3369)) ;
#3371=EDGE_LOOP('',(#3372,#3373)) ;
#3395=EDGE_LOOP('',(#3396,#3397,#3398,#3399,#3400)) ;
#3433=EDGE_LOOP('',(#3434,#3435,#3436,#3437,#3438)) ;
#3446=EDGE_LOOP('',(#3447,#3448,#3449,#3450)) ;
#3559=EDGE_LOOP('',(#3560,#3561,#3562,#3563,#3564,#3565,#3566,#3567,#3568,#3569,#3570,#3571,#3572)) ;
#3591=EDGE_LOOP('',(#3592,#3593,#3594,#3595)) ;
#3697=EDGE_LOOP('',(#3698,#3699,#3700,#3701,#3702,#3703,#3704,#3705,#3706,#3707,#3708,#3709,#3710)) ;
#3718=EDGE_LOOP('',(#3719,#3720,#3721,#3722,#3723,#3724,#3725,#3726)) ;
#3744=EDGE_LOOP('',(#3745,#3746,#3747,#3748)) ;
#3756=EDGE_LOOP('',(#3757,#3758,#3759,#3760)) ;
#3778=EDGE_LOOP('',(#3779,#3780,#3781,#3782)) ;
#3790=EDGE_LOOP('',(#3791,#3792,#3793,#3794)) ;
#3809=EDGE_LOOP('',(#3810,#3811,#3812,#3813,#3814,#3815,#3816)) ;
#3857=EDGE_LOOP('',(#3858,#3859,#3860,#3861,#3862,#3863,#3864,#3865,#3866,#3867,#3868,#3869)) ;
#3882=EDGE_LOOP('',(#3883,#3884,#3885,#3886,#3887,#3888,#3889)) ;
#3902=EDGE_LOOP('',(#3903,#3904,#3905,#3906)) ;
#3935=EDGE_LOOP('',(#3936,#3937,#3938,#3939,#3940)) ;
#3953=EDGE_LOOP('',(#3954,#3955,#3956,#3957)) ;
#3960=EDGE_LOOP('',(#3961,#3962,#3963,#3964)) ;
#3984=EDGE_LOOP('',(#3985,#3986,#3987,#3988,#3989,#3990)) ;
#4010=EDGE_LOOP('',(#4011,#4012,#4013,#4014)) ;
#4034=EDGE_LOOP('',(#4035,#4036,#4037,#4038)) ;
#4058=EDGE_LOOP('',(#4059,#4060,#4061,#4062)) ;
#4089=EDGE_LOOP('',(#4090,#4091,#4092,#4093,#4094,#4095)) ;
#4122=EDGE_LOOP('',(#4123,#4124,#4125,#4126)) ;
#4134=EDGE_LOOP('',(#4135,#4136,#4137,#4138)) ;
#4165=EDGE_LOOP('',(#4166,#4167,#4168,#4169)) ;
#4177=EDGE_LOOP('',(#4178,#4179,#4180,#4181)) ;
#4208=EDGE_LOOP('',(#4209,#4210,#4211,#4212)) ;
#4220=EDGE_LOOP('',(#4221,#4222,#4223,#4224)) ;
#4251=EDGE_LOOP('',(#4252,#4253,#4254,#4255)) ;
#4263=EDGE_LOOP('',(#4264,#4265,#4266,#4267)) ;
#4294=EDGE_LOOP('',(#4295,#4296,#4297,#4298)) ;
#4306=EDGE_LOOP('',(#4307,#4308,#4309,#4310)) ;
#4337=EDGE_LOOP('',(#4338,#4339,#4340,#4341)) ;
#4349=EDGE_LOOP('',(#4350,#4351,#4352,#4353)) ;
#4372=EDGE_LOOP('',(#4373,#4374,#4375,#4376)) ;
#4394=EDGE_LOOP('',(#4395,#4396,#4397,#4398)) ;
#4401=EDGE_LOOP('',(#4402,#4403,#4404,#4405)) ;
#4421=EDGE_LOOP('',(#4422,#4423,#4424,#4425)) ;
#4433=EDGE_LOOP('',(#4434,#4435,#4436,#4437,#4438)) ;
#4456=EDGE_LOOP('',(#4457,#4458,#4459,#4460)) ;
#4463=EDGE_LOOP('',(#4464,#4465,#4466,#4467)) ;
#4482=EDGE_LOOP('',(#4483,#4484,#4485,#4486,#4487,#4488,#4489)) ;
#4530=EDGE_LOOP('',(#4531,#4532,#4533,#4534,#4535,#4536,#4537,#4538,#4539,#4540,#4541,#4542)) ;
#4550=EDGE_LOOP('',(#4551,#4552,#4553,#4554,#4555,#4556,#4557)) ;
#4669=EDGE_LOOP('',(#4670,#4671,#4672)) ;
#4685=EDGE_LOOP('',(#4686,#4687,#4688,#4689)) ;
#4702=EDGE_LOOP('',(#4703,#4704,#4705,#4706)) ;
#4714=EDGE_LOOP('',(#4715,#4716,#4717,#4718)) ;
#4726=EDGE_LOOP('',(#4727,#4728,#4729,#4730)) ;
#4738=EDGE_LOOP('',(#4739,#4740,#4741,#4742,#4743,#4744,#4745,#4746,#4747,#4748)) ;
#4756=EDGE_LOOP('',(#4757,#4758,#4759,#4760)) ;
#4768=EDGE_LOOP('',(#4769,#4770,#4771,#4772)) ;
#4780=EDGE_LOOP('',(#4781,#4782,#4783,#4784)) ;
#4787=EDGE_LOOP('',(#4788,#4789,#4790,#4791)) ;
#4811=EDGE_LOOP('',(#4812,#4813,#4814)) ;
#4817=EDGE_LOOP('',(#4818,#4819,#4820)) ;
#4840=EDGE_LOOP('',(#4841,#4842,#4843)) ;
#4846=EDGE_LOOP('',(#4847,#4848,#4849)) ;
#4869=EDGE_LOOP('',(#4870,#4871,#4872)) ;
#4875=EDGE_LOOP('',(#4876,#4877,#4878)) ;
#4898=EDGE_LOOP('',(#4899,#4900,#4901)) ;
#4904=EDGE_LOOP('',(#4905,#4906,#4907)) ;
#4927=EDGE_LOOP('',(#4928,#4929,#4930)) ;
#4933=EDGE_LOOP('',(#4934,#4935,#4936)) ;
#4956=EDGE_LOOP('',(#4957,#4958,#4959)) ;
#4962=EDGE_LOOP('',(#4963,#4964,#4965)) ;
#21=MANIFOLD_SOLID_BREP('Corps principal',#30) ;
#41=VERTEX_POINT('',#40) ;
#43=VERTEX_POINT('',#42) ;
#50=VERTEX_POINT('',#49) ;
#57=VERTEX_POINT('',#56) ;
#81=VERTEX_POINT('',#80) ;
#83=VERTEX_POINT('',#82) ;
#112=VERTEX_POINT('',#111) ;
#119=VERTEX_POINT('',#118) ;
#143=VERTEX_POINT('',#142) ;
#150=VERTEX_POINT('',#149) ;
#157=VERTEX_POINT('',#156) ;
#164=VERTEX_POINT('',#163) ;
#192=VERTEX_POINT('',#191) ;
#216=VERTEX_POINT('',#215) ;
#240=VERTEX_POINT('',#239) ;
#264=VERTEX_POINT('',#263) ;
#305=VERTEX_POINT('',#304) ;
#307=VERTEX_POINT('',#306) ;
#323=VERTEX_POINT('',#322) ;
#325=VERTEX_POINT('',#324) ;
#347=VERTEX_POINT('',#346) ;
#349=VERTEX_POINT('',#348) ;
#390=VERTEX_POINT('',#389) ;
#392=VERTEX_POINT('',#391) ;
#433=VERTEX_POINT('',#432) ;
#435=VERTEX_POINT('',#434) ;
#442=VERTEX_POINT('',#441) ;
#449=VERTEX_POINT('',#448) ;
#456=VERTEX_POINT('',#455) ;
#463=VERTEX_POINT('',#462) ;
#470=VERTEX_POINT('',#469) ;
#477=VERTEX_POINT('',#476) ;
#484=VERTEX_POINT('',#483) ;
#517=VERTEX_POINT('',#516) ;
#519=VERTEX_POINT('',#518) ;
#526=VERTEX_POINT('',#525) ;
#533=VERTEX_POINT('',#532) ;
#540=VERTEX_POINT('',#539) ;
#547=VERTEX_POINT('',#546) ;
#554=VERTEX_POINT('',#553) ;
#561=VERTEX_POINT('',#560) ;
#568=VERTEX_POINT('',#567) ;
#575=VERTEX_POINT('',#574) ;
#582=VERTEX_POINT('',#581) ;
#589=VERTEX_POINT('',#588) ;
#596=VERTEX_POINT('',#595) ;
#603=VERTEX_POINT('',#602) ;
#610=VERTEX_POINT('',#609) ;
#617=VERTEX_POINT('',#616) ;
#647=VERTEX_POINT('',#646) ;
#649=VERTEX_POINT('',#648) ;
#774=VERTEX_POINT('',#773) ;
#811=VERTEX_POINT('',#810) ;
#996=VERTEX_POINT('',#995) ;
#1046=VERTEX_POINT('',#1045) ;
#1079=VERTEX_POINT('',#1078) ;
#1086=VERTEX_POINT('',#1085) ;
#1122=VERTEX_POINT('',#1121) ;
#1129=VERTEX_POINT('',#1128) ;
#1136=VERTEX_POINT('',#1135) ;
#1143=VERTEX_POINT('',#1142) ;
#1150=VERTEX_POINT('',#1149) ;
#1157=VERTEX_POINT('',#1156) ;
#1164=VERTEX_POINT('',#1163) ;
#1192=VERTEX_POINT('',#1191) ;
#1199=VERTEX_POINT('',#1198) ;
#1206=VERTEX_POINT('',#1205) ;
#1234=VERTEX_POINT('',#1233) ;
#1241=VERTEX_POINT('',#1240) ;
#1248=VERTEX_POINT('',#1247) ;
#1255=VERTEX_POINT('',#1254) ;
#1303=VERTEX_POINT('',#1302) ;
#1305=VERTEX_POINT('',#1304) ;
#1312=VERTEX_POINT('',#1311) ;
#1319=VERTEX_POINT('',#1318) ;
#1352=VERTEX_POINT('',#1351) ;
#1376=VERTEX_POINT('',#1375) ;
#1378=VERTEX_POINT('',#1377) ;
#1407=VERTEX_POINT('',#1406) ;
#1423=VERTEX_POINT('',#1422) ;
#1448=VERTEX_POINT('',#1447) ;
#1472=VERTEX_POINT('',#1471) ;
#1496=VERTEX_POINT('',#1495) ;
#1520=VERTEX_POINT('',#1519) ;
#1544=VERTEX_POINT('',#1543) ;
#1580=VERTEX_POINT('',#1579) ;
#1587=VERTEX_POINT('',#1586) ;
#1594=VERTEX_POINT('',#1593) ;
#1601=VERTEX_POINT('',#1600) ;
#1629=VERTEX_POINT('',#1628) ;
#1636=VERTEX_POINT('',#1635) ;
#1643=VERTEX_POINT('',#1642) ;
#1671=VERTEX_POINT('',#1670) ;
#1678=VERTEX_POINT('',#1677) ;
#1685=VERTEX_POINT('',#1684) ;
#1692=VERTEX_POINT('',#1691) ;
#1699=VERTEX_POINT('',#1698) ;
#1706=VERTEX_POINT('',#1705) ;
#1713=VERTEX_POINT('',#1712) ;
#1778=VERTEX_POINT('',#1777) ;
#1785=VERTEX_POINT('',#1784) ;
#1838=VERTEX_POINT('',#1837) ;
#1997=VERTEX_POINT('',#1996) ;
#1999=VERTEX_POINT('',#1998) ;
#2011=VERTEX_POINT('',#2010) ;
#2018=VERTEX_POINT('',#2017) ;
#2025=VERTEX_POINT('',#2024) ;
#2032=VERTEX_POINT('',#2031) ;
#2039=VERTEX_POINT('',#2038) ;
#2046=VERTEX_POINT('',#2045) ;
#2058=VERTEX_POINT('',#2057) ;
#2065=VERTEX_POINT('',#2064) ;
#2095=VERTEX_POINT('',#2094) ;
#2097=VERTEX_POINT('',#2096) ;
#2113=VERTEX_POINT('',#2112) ;
#2115=VERTEX_POINT('',#2114) ;
#2137=VERTEX_POINT('',#2136) ;
#2139=VERTEX_POINT('',#2138) ;
#2170=VERTEX_POINT('',#2169) ;
#2177=VERTEX_POINT('',#2176) ;
#2184=VERTEX_POINT('',#2183) ;
#2191=VERTEX_POINT('',#2190) ;
#2218=VERTEX_POINT('',#2217) ;
#2242=VERTEX_POINT('',#2241) ;
#2261=VERTEX_POINT('',#2260) ;
#2285=VERTEX_POINT('',#2284) ;
#2309=VERTEX_POINT('',#2308) ;
#2311=VERTEX_POINT('',#2310) ;
#2323=VERTEX_POINT('',#2322) ;
#2330=VERTEX_POINT('',#2329) ;
#2352=VERTEX_POINT('',#2351) ;
#2359=VERTEX_POINT('',#2358) ;
#2366=VERTEX_POINT('',#2365) ;
#2392=VERTEX_POINT('',#2391) ;
#2394=VERTEX_POINT('',#2393) ;
#2401=VERTEX_POINT('',#2400) ;
#2427=VERTEX_POINT('',#2426) ;
#2429=VERTEX_POINT('',#2428) ;
#2451=VERTEX_POINT('',#2450) ;
#2457=VERTEX_POINT('',#2456) ;
#2485=VERTEX_POINT('',#2484) ;
#2497=VERTEX_POINT('',#2496) ;
#2504=VERTEX_POINT('',#2503) ;
#2511=VERTEX_POINT('',#2510) ;
#2518=VERTEX_POINT('',#2517) ;
#2542=VERTEX_POINT('',#2541) ;
#2544=VERTEX_POINT('',#2543) ;
#2560=VERTEX_POINT('',#2559) ;
#2562=VERTEX_POINT('',#2561) ;
#2596=VERTEX_POINT('',#2595) ;
#2603=VERTEX_POINT('',#2602) ;
#2615=VERTEX_POINT('',#2614) ;
#2622=VERTEX_POINT('',#2621) ;
#2629=VERTEX_POINT('',#2628) ;
#2661=VERTEX_POINT('',#2660) ;
#2663=VERTEX_POINT('',#2662) ;
#2679=VERTEX_POINT('',#2678) ;
#2681=VERTEX_POINT('',#2680) ;
#2697=VERTEX_POINT('',#2696) ;
#2699=VERTEX_POINT('',#2698) ;
#2715=VERTEX_POINT('',#2714) ;
#2717=VERTEX_POINT('',#2716) ;
#2739=VERTEX_POINT('',#2738) ;
#2770=VERTEX_POINT('',#2769) ;
#2984=VERTEX_POINT('',#2983) ;
#3007=VERTEX_POINT('',#3006) ;
#3009=VERTEX_POINT('',#3008) ;
#3055=VERTEX_POINT('',#3054) ;
#3057=VERTEX_POINT('',#3056) ;
#3081=VERTEX_POINT('',#3080) ;
#3088=VERTEX_POINT('',#3087) ;
#3095=VERTEX_POINT('',#3094) ;
#3102=VERTEX_POINT('',#3101) ;
#3123=VERTEX_POINT('',#3122) ;
#3125=VERTEX_POINT('',#3124) ;
#3147=VERTEX_POINT('',#3146) ;
#3154=VERTEX_POINT('',#3153) ;
#3175=VERTEX_POINT('',#3174) ;
#3177=VERTEX_POINT('',#3176) ;
#3189=VERTEX_POINT('',#3188) ;
#3196=VERTEX_POINT('',#3195) ;
#3218=VERTEX_POINT('',#3217) ;
#3237=VERTEX_POINT('',#3236) ;
#3256=VERTEX_POINT('',#3255) ;
#3275=VERTEX_POINT('',#3274) ;
#3294=VERTEX_POINT('',#3293) ;
#3296=VERTEX_POINT('',#3295) ;
#3303=VERTEX_POINT('',#3302) ;
#3315=VERTEX_POINT('',#3314) ;
#3337=VERTEX_POINT('',#3336) ;
#3358=VERTEX_POINT('',#3357) ;
#3360=VERTEX_POINT('',#3359) ;
#3463=VERTEX_POINT('',#3462) ;
#3465=VERTEX_POINT('',#3464) ;
#3477=VERTEX_POINT('',#3476) ;
#3505=VERTEX_POINT('',#3504) ;
#3512=VERTEX_POINT('',#3511) ;
#3519=VERTEX_POINT('',#3518) ;
#3547=VERTEX_POINT('',#3546) ;
#3584=VERTEX_POINT('',#3583) ;
#3608=VERTEX_POINT('',#3607) ;
#3636=VERTEX_POINT('',#3635) ;
#3643=VERTEX_POINT('',#3642) ;
#3650=VERTEX_POINT('',#3649) ;
#3678=VERTEX_POINT('',#3677) ;
#3690=VERTEX_POINT('',#3689) ;
#3802=VERTEX_POINT('',#3801) ;
#3829=VERTEX_POINT('',#3828) ;
#3836=VERTEX_POINT('',#3835) ;
#3843=VERTEX_POINT('',#3842) ;
#3850=VERTEX_POINT('',#3849) ;
#3918=VERTEX_POINT('',#3917) ;
#3920=VERTEX_POINT('',#3919) ;
#3977=VERTEX_POINT('',#3976) ;
#4003=VERTEX_POINT('',#4002) ;
#4027=VERTEX_POINT('',#4026) ;
#4051=VERTEX_POINT('',#4050) ;
#4075=VERTEX_POINT('',#4074) ;
#4077=VERTEX_POINT('',#4076) ;
#4108=VERTEX_POINT('',#4107) ;
#4115=VERTEX_POINT('',#4114) ;
#4151=VERTEX_POINT('',#4150) ;
#4158=VERTEX_POINT('',#4157) ;
#4194=VERTEX_POINT('',#4193) ;
#4201=VERTEX_POINT('',#4200) ;
#4237=VERTEX_POINT('',#4236) ;
#4244=VERTEX_POINT('',#4243) ;
#4280=VERTEX_POINT('',#4279) ;
#4287=VERTEX_POINT('',#4286) ;
#4323=VERTEX_POINT('',#4322) ;
#4330=VERTEX_POINT('',#4329) ;
#4475=VERTEX_POINT('',#4474) ;
#4502=VERTEX_POINT('',#4501) ;
#4509=VERTEX_POINT('',#4508) ;
#4516=VERTEX_POINT('',#4515) ;
#4523=VERTEX_POINT('',#4522) ;
#4804=VERTEX_POINT('',#4803) ;
#4833=VERTEX_POINT('',#4832) ;
#4862=VERTEX_POINT('',#4861) ;
#4891=VERTEX_POINT('',#4890) ;
#4920=VERTEX_POINT('',#4919) ;
#4949=VERTEX_POINT('',#4948) ;
#4968=ADVANCED_BREP_SHAPE_REPRESENTATION('NONE',(#21),#16) ;
#70=ADVANCED_FACE('Corps principal',(#69),#35,.F.) ;
#101=ADVANCED_FACE('Corps principal',(#100),#75,.F.) ;
#132=ADVANCED_FACE('Corps principal',(#131),#106,.F.) ;
#181=ADVANCED_FACE('Corps principal',(#180),#137,.T.) ;
#205=ADVANCED_FACE('Corps principal',(#204),#186,.F.) ;
#229=ADVANCED_FACE('Corps principal',(#228),#210,.F.) ;
#253=ADVANCED_FACE('Corps principal',(#252),#234,.F.) ;
#277=ADVANCED_FACE('Corps principal',(#276),#258,.F.) ;
#294=ADVANCED_FACE('Corps principal',(#293),#282,.F.) ;
#336=ADVANCED_FACE('Corps principal',(#317,#335),#299,.F.) ;
#367=ADVANCED_FACE('Corps principal',(#366),#341,.F.) ;
#379=ADVANCED_FACE('Corps principal',(#378),#341,.F.) ;
#410=ADVANCED_FACE('Corps principal',(#409),#384,.F.) ;
#422=ADVANCED_FACE('Corps principal',(#421),#384,.F.) ;
#506=ADVANCED_FACE('Corps principal',(#501,#505),#427,.F.) ;
#664=ADVANCED_FACE('Corps principal',(#641,#659,#663),#511,.T.) ;
#686=ADVANCED_FACE('Corps principal',(#685),#669,.F.) ;
#703=ADVANCED_FACE('Corps principal',(#702),#691,.F.) ;
#720=ADVANCED_FACE('Corps principal',(#719),#708,.T.) ;
#737=ADVANCED_FACE('Corps principal',(#736),#725,.F.) ;
#754=ADVANCED_FACE('Corps principal',(#753),#742,.T.) ;
#788=ADVANCED_FACE('Corps principal',(#787),#759,.F.) ;
#824=ADVANCED_FACE('Corps principal',(#823),#793,.F.) ;
#1029=ADVANCED_FACE('Corps principal',(#1028),#825,.F.) ;
#1059=ADVANCED_FACE('Corps principal',(#1058),#1034,.F.) ;
#1099=ADVANCED_FACE('Corps principal',(#1098),#1064,.F.) ;
#1292=ADVANCED_FACE('Corps principal',(#1291),#1104,.F.) ;
#1341=ADVANCED_FACE('Corps principal',(#1340),#1297,.T.) ;
#1365=ADVANCED_FACE('Corps principal',(#1364),#1346,.T.) ;
#1396=ADVANCED_FACE('Corps principal',(#1395),#1370,.T.) ;
#1437=ADVANCED_FACE('Corps principal',(#1436),#1401,.F.) ;
#1461=ADVANCED_FACE('Corps principal',(#1460),#1442,.T.) ;
#1485=ADVANCED_FACE('Corps principal',(#1484),#1466,.T.) ;
#1509=ADVANCED_FACE('Corps principal',(#1508),#1490,.T.) ;
#1533=ADVANCED_FACE('Corps principal',(#1532),#1514,.F.) ;
#1557=ADVANCED_FACE('Corps principal',(#1556),#1538,.T.) ;
#1750=ADVANCED_FACE('Corps principal',(#1749),#1562,.T.) ;
#1767=ADVANCED_FACE('Corps principal',(#1766),#1755,.F.) ;
#1798=ADVANCED_FACE('Corps principal',(#1797),#1772,.F.) ;
#1810=ADVANCED_FACE('Corps principal',(#1809),#1772,.F.) ;
#1827=ADVANCED_FACE('Corps principal',(#1826),#1815,.F.) ;
#1851=ADVANCED_FACE('Corps principal',(#1850),#1832,.T.) ;
#1986=ADVANCED_FACE('Corps principal',(#1985),#1852,.T.) ;
#2126=ADVANCED_FACE('Corps principal',(#2089,#2107,#2125),#1991,.F.) ;
#2159=ADVANCED_FACE('Corps principal',(#2158),#2131,.T.) ;
#2207=ADVANCED_FACE('Corps principal',(#2206),#2164,.T.) ;
#2231=ADVANCED_FACE('Corps principal',(#2230),#2212,.F.) ;
#2255=ADVANCED_FACE('Corps principal',(#2254),#2236,.T.) ;
#2274=ADVANCED_FACE('Corps principal',(#2273),#2236,.T.) ;
#2298=ADVANCED_FACE('Corps principal',(#2297),#2279,.F.) ;
#2346=ADVANCED_FACE('Corps principal',(#2345),#2303,.T.) ;
#2381=ADVANCED_FACE('Corps principal',(#2380),#2131,.T.) ;
#2440=ADVANCED_FACE('Corps principal',(#2421,#2439),#2386,.F.) ;
#2474=ADVANCED_FACE('Corps principal',(#2473),#2445,.T.) ;
#2573=ADVANCED_FACE('Corps principal',(#2536,#2554,#2572),#2479,.F.) ;
#2585=ADVANCED_FACE('Corps principal',(#2584),#2578,.T.) ;
#2728=ADVANCED_FACE('Corps principal',(#2655,#2673,#2691,#2709,#2727),#2590,.T.) ;
#2752=ADVANCED_FACE('Corps principal',(#2751),#2733,.F.) ;
#2783=ADVANCED_FACE('Corps principal',(#2782),#793,.F.) ;
#2978=ADVANCED_FACE('Corps principal',(#2977),#2784,.F.) ;
#3020=ADVANCED_FACE('Corps principal',(#3001,#3019),#427,.F.) ;
#3046=ADVANCED_FACE('Corps principal',(#3045),#3025,.F.) ;
#3075=ADVANCED_FACE('Corps principal',(#3074),#2445,.T.) ;
#3136=ADVANCED_FACE('Corps principal',(#3117,#3135),#2386,.F.) ;
#3169=ADVANCED_FACE('Corps principal',(#3168),#3141,.T.) ;
#3212=ADVANCED_FACE('Corps principal',(#3211),#2303,.T.) ;
#3231=ADVANCED_FACE('Corps principal',(#3230),#2279,.F.) ;
#3250=ADVANCED_FACE('Corps principal',(#3249),#2236,.T.) ;
#3269=ADVANCED_FACE('Corps principal',(#3268),#2236,.T.) ;
#3288=ADVANCED_FACE('Corps principal',(#3287),#2212,.F.) ;
#3331=ADVANCED_FACE('Corps principal',(#3330),#2164,.T.) ;
#3352=ADVANCED_FACE('Corps principal',(#3351),#3141,.T.) ;
#3375=ADVANCED_FACE('Corps principal',(#3370,#3374),#299,.F.) ;
#3402=ADVANCED_FACE('Corps principal',(#3401),#3380,.F.) ;
#3440=ADVANCED_FACE('Corps principal',(#3439),#3407,.F.) ;
#3452=ADVANCED_FACE('Corps principal',(#3451),#1064,.F.) ;
#3574=ADVANCED_FACE('Corps principal',(#3573),#3457,.F.) ;
#3597=ADVANCED_FACE('Corps principal',(#3596),#3579,.T.) ;
#3712=ADVANCED_FACE('Corps principal',(#3711),#3602,.T.) ;
#3728=ADVANCED_FACE('Corps principal',(#3727),#3717,.F.) ;
#3750=ADVANCED_FACE('Corps principal',(#3749),#3733,.F.) ;
#3762=ADVANCED_FACE('Corps principal',(#3761),#3733,.F.) ;
#3784=ADVANCED_FACE('Corps principal',(#3783),#3767,.F.) ;
#3796=ADVANCED_FACE('Corps principal',(#3795),#3767,.F.) ;
#3818=ADVANCED_FACE('Corps principal',(#3817),#2164,.T.) ;
#3871=ADVANCED_FACE('Corps principal',(#3870),#3823,.T.) ;
#3891=ADVANCED_FACE('Corps principal',(#3890),#2303,.T.) ;
#3908=ADVANCED_FACE('Corps principal',(#3907),#3767,.F.) ;
#3942=ADVANCED_FACE('Corps principal',(#3941),#3913,.T.) ;
#3959=ADVANCED_FACE('Corps principal',(#3958),#3947,.T.) ;
#3966=ADVANCED_FACE('Corps principal',(#3965),#3767,.F.) ;
#3992=ADVANCED_FACE('Corps principal',(#3991),#3971,.F.) ;
#4016=ADVANCED_FACE('Corps principal',(#4015),#3997,.F.) ;
#4040=ADVANCED_FACE('Corps principal',(#4039),#4021,.F.) ;
#4064=ADVANCED_FACE('Corps principal',(#4063),#4045,.F.) ;
#4097=ADVANCED_FACE('Corps principal',(#4096),#4069,.T.) ;
#4128=ADVANCED_FACE('Corps principal',(#4127),#4102,.F.) ;
#4140=ADVANCED_FACE('Corps principal',(#4139),#4102,.F.) ;
#4171=ADVANCED_FACE('Corps principal',(#4170),#4145,.F.) ;
#4183=ADVANCED_FACE('Corps principal',(#4182),#4145,.F.) ;
#4214=ADVANCED_FACE('Corps principal',(#4213),#4188,.F.) ;
#4226=ADVANCED_FACE('Corps principal',(#4225),#4188,.F.) ;
#4257=ADVANCED_FACE('Corps principal',(#4256),#4231,.F.) ;
#4269=ADVANCED_FACE('Corps principal',(#4268),#4231,.F.) ;
#4300=ADVANCED_FACE('Corps principal',(#4299),#4274,.F.) ;
#4312=ADVANCED_FACE('Corps principal',(#4311),#4274,.F.) ;
#4343=ADVANCED_FACE('Corps principal',(#4342),#4317,.F.) ;
#4355=ADVANCED_FACE('Corps principal',(#4354),#4317,.F.) ;
#4378=ADVANCED_FACE('Corps principal',(#4377),#4360,.F.) ;
#4400=ADVANCED_FACE('Corps principal',(#4399),#4383,.F.) ;
#4407=ADVANCED_FACE('Corps principal',(#4406),#4383,.F.) ;
#4427=ADVANCED_FACE('Corps principal',(#4426),#4412,.T.) ;
#4440=ADVANCED_FACE('Corps principal',(#4439),#3913,.T.) ;
#4462=ADVANCED_FACE('Corps principal',(#4461),#3733,.F.) ;
#4469=ADVANCED_FACE('Corps principal',(#4468),#3733,.F.) ;
#4491=ADVANCED_FACE('Corps principal',(#4490),#2303,.T.) ;
#4544=ADVANCED_FACE('Corps principal',(#4543),#4496,.F.) ;
#4559=ADVANCED_FACE('Corps principal',(#4558),#2164,.T.) ;
#4674=ADVANCED_FACE('Corps principal',(#4673),#4560,.F.) ;
#4691=ADVANCED_FACE('Corps principal',(#4690),#4679,.F.) ;
#4708=ADVANCED_FACE('Corps principal',(#4707),#4696,.F.) ;
#4720=ADVANCED_FACE('Corps principal',(#4719),#4696,.F.) ;
#4732=ADVANCED_FACE('Corps principal',(#4731),#4725,.F.) ;
#4750=ADVANCED_FACE('Corps principal',(#4749),#4737,.F.) ;
#4762=ADVANCED_FACE('Corps principal',(#4761),#4679,.F.) ;
#4774=ADVANCED_FACE('Corps principal',(#4773),#4696,.F.) ;
#4786=ADVANCED_FACE('Corps principal',(#4785),#4696,.F.) ;
#4793=ADVANCED_FACE('Corps principal',(#4792),#4725,.F.) ;
#4816=ADVANCED_FACE('Corps principal',(#4815),#4798,.F.) ;
#4822=ADVANCED_FACE('Corps principal',(#4821),#4798,.F.) ;
#4845=ADVANCED_FACE('Corps principal',(#4844),#4827,.F.) ;
#4851=ADVANCED_FACE('Corps principal',(#4850),#4827,.F.) ;
#4874=ADVANCED_FACE('Corps principal',(#4873),#4856,.F.) ;
#4880=ADVANCED_FACE('Corps principal',(#4879),#4856,.F.) ;
#4903=ADVANCED_FACE('Corps principal',(#4902),#4885,.F.) ;
#4909=ADVANCED_FACE('Corps principal',(#4908),#4885,.F.) ;
#4932=ADVANCED_FACE('Corps principal',(#4931),#4914,.F.) ;
#4938=ADVANCED_FACE('Corps principal',(#4937),#4914,.F.) ;
#4961=ADVANCED_FACE('Corps principal',(#4960),#4943,.F.) ;
#4967=ADVANCED_FACE('Corps principal',(#4966),#4943,.F.) ;
#4=APPLICATION_PROTOCOL_DEFINITION('international standard','ap242_managed_model_based_3d_engineering',2014,#1) ;
#760=B_SPLINE_CURVE_WITH_KNOTS('',5,(#761,#762,#763,#764,#765,#766,#767,#768,#769,#770,#771,#772),.UNSPECIFIED.,.F.,.U.,(6,3,3,6),(0.,7.40196406465,14.0579025675,21.8153517475),.UNSPECIFIED.) ;
#794=B_SPLINE_CURVE_WITH_KNOTS('',5,(#795,#796,#797,#798,#799,#800,#801,#802,#803,#804,#805,#806,#807,#808,#809),.UNSPECIFIED.,.F.,.U.,(6,3,3,3,6),(0.,10.3988300005,12.884033903,16.369308876,18.6298607252),.UNSPECIFIED.) ;
#988=B_SPLINE_CURVE_WITH_KNOTS('',5,(#989,#990,#991,#992,#993,#994),.UNSPECIFIED.,.F.,.U.,(6,6),(0.,5.),.UNSPECIFIED.) ;
#998=B_SPLINE_CURVE_WITH_KNOTS('',5,(#999,#1000,#1001,#1002,#1003,#1004,#1005,#1006,#1007,#1008,#1009,#1010,#1011,#1012,#1013,#1014,#1015,#1016,#1017,#1018,#1019,#1020,#1021,#1022),.UNSPECIFIED.,.F.,.U.,(6,3,3,3,3,3,3,6),(0.,0.0268329927556,1.02463268759,7.55078848588,10.3988300005,12.884033903,16.369308876,18.6298607252),.UNSPECIFIED.) ;
#1035=B_SPLINE_CURVE_WITH_KNOTS('',5,(#1036,#1037,#1038,#1039,#1040,#1041,#1042,#1043,#1044),.UNSPECIFIED.,.F.,.U.,(6,3,6),(0.,5.23034456569,11.5381188125),.UNSPECIFIED.) ;
#1065=B_SPLINE_CURVE_WITH_KNOTS('',5,(#1066,#1067,#1068,#1069,#1070,#1071,#1072,#1073,#1074,#1075,#1076,#1077),.UNSPECIFIED.,.F.,.U.,(6,3,3,6),(0.,1.95577191372,5.28116114571,8.09756726375),.UNSPECIFIED.) ;
#1105=B_SPLINE_CURVE_WITH_KNOTS('',5,(#1106,#1107,#1108,#1109,#1110,#1111,#1112,#1113,#1114,#1115,#1116,#1117,#1118,#1119,#1120),.UNSPECIFIED.,.F.,.U.,(6,3,3,3,6),(0.,0.250825443169,0.363735860006,0.464519442456,0.545176785166),.UNSPECIFIED.) ;
#1166=B_SPLINE_CURVE_WITH_KNOTS('',5,(#1167,#1168,#1169,#1170,#1171,#1172,#1173,#1174,#1175,#1176,#1177,#1178,#1179,#1180,#1181,#1182,#1183,#1184,#1185,#1186,#1187,#1188,#1189,#1190),.UNSPECIFIED.,.F.,.U.,(6,3,3,3,3,3,3,6),(0.,2.28588211629,5.18191695748,10.4293135543,14.8060875685,23.2754572618,28.0721301822,31.2914373949),.UNSPECIFIED.) ;
#1208=B_SPLINE_CURVE_WITH_KNOTS('',5,(#1209,#1210,#1211,#1212,#1213,#1214,#1215,#1216,#1217,#1218,#1219,#1220,#1221,#1222,#1223,#1224,#1225,#1226,#1227,#1228,#1229,#1230,#1231,#1232),.UNSPECIFIED.,.F.,.U.,(6,3,3,3,3,3,3,6),(0.,2.28588211661,5.18191695786,10.4293135548,14.8060875691,23.2754572622,28.0721301826,31.2914373949),.UNSPECIFIED.) ;
#1257=B_SPLINE_CURVE_WITH_KNOTS('',5,(#1258,#1259,#1260,#1261,#1262,#1263,#1264,#1265,#1266,#1267,#1268,#1269,#1270,#1271,#1272),.UNSPECIFIED.,.F.,.U.,(6,3,3,3,6),(0.,2.75825976565,5.29474171872,6.79193575451,8.01623793157),.UNSPECIFIED.) ;
#1409=B_SPLINE_CURVE_WITH_KNOTS('',5,(#1410,#1411,#1412,#1413,#1414,#1415,#1416,#1417,#1418,#1419,#1420,#1421),.UNSPECIFIED.,.F.,.U.,(6,3,3,6),(0.,7.40196406465,14.0579025675,21.8153517475),.UNSPECIFIED.) ;
#1563=B_SPLINE_CURVE_WITH_KNOTS('',5,(#1564,#1565,#1566,#1567,#1568,#1569,#1570,#1571,#1572,#1573,#1574,#1575,#1576,#1577,#1578),.UNSPECIFIED.,.F.,.U.,(6,3,3,3,6),(0.,2.75825976565,5.29474171872,6.79193575451,8.01623793157),.UNSPECIFIED.) ;
#1603=B_SPLINE_CURVE_WITH_KNOTS('',5,(#1604,#1605,#1606,#1607,#1608,#1609,#1610,#1611,#1612,#1613,#1614,#1615,#1616,#1617,#1618,#1619,#1620,#1621,#1622,#1623,#1624,#1625,#1626,#1627),.UNSPECIFIED.,.F.,.U.,(6,3,3,3,3,3,3,6),(0.,2.28588211661,5.18191695786,10.4293135548,14.8060875691,23.2754572622,28.0721301826,31.2914373949),.UNSPECIFIED.) ;
#1645=B_SPLINE_CURVE_WITH_KNOTS('',5,(#1646,#1647,#1648,#1649,#1650,#1651,#1652,#1653,#1654,#1655,#1656,#1657,#1658,#1659,#1660,#1661,#1662,#1663,#1664,#1665,#1666,#1667,#1668,#1669),.UNSPECIFIED.,.F.,.U.,(6,3,3,3,3,3,3,6),(0.,2.28588211629,5.18191695748,10.4293135543,14.8060875685,23.2754572618,28.0721301822,31.2914373949),.UNSPECIFIED.) ;
#1715=B_SPLINE_CURVE_WITH_KNOTS('',5,(#1716,#1717,#1718,#1719,#1720,#1721,#1722,#1723,#1724,#1725,#1726,#1727,#1728,#1729,#1730),.UNSPECIFIED.,.F.,.U.,(6,3,3,3,6),(0.,0.250825443169,0.363735860006,0.464519442456,0.545176785166),.UNSPECIFIED.) ;
#1961=B_SPLINE_CURVE_WITH_KNOTS('',5,(#1962,#1963,#1964,#1965,#1966,#1967,#1968,#1969,#1970,#1971,#1972,#1973,#1974,#1975,#1976,#1977,#1978,#1979),.UNSPECIFIED.,.F.,.U.,(6,3,3,3,3,6),(0.,0.02599717126,0.282964764709,5.23034456569,8.41493249799,11.5381188125),.UNSPECIFIED.) ;
#2453=B_SPLINE_CURVE_WITH_KNOTS('',1,(#2454,#2455),.UNSPECIFIED.,.F.,.U.,(2,2),(-4.62349747584,0.296725769048),.UNSPECIFIED.) ;
#2459=B_SPLINE_CURVE_WITH_KNOTS('',5,(#2460,#2461,#2462,#2463,#2464,#2465),.UNSPECIFIED.,.F.,.U.,(6,6),(0.,10.5597421254),.UNSPECIFIED.) ;
#2753=B_SPLINE_CURVE_WITH_KNOTS('',5,(#2754,#2755,#2756,#2757,#2758,#2759,#2760,#2761,#2762,#2763,#2764,#2765,#2766,#2767,#2768),.UNSPECIFIED.,.F.,.U.,(6,3,3,3,6),(0.,10.3988300007,12.8840339031,16.3693088762,18.6298607253),.UNSPECIFIED.) ;
#2947=B_SPLINE_CURVE_WITH_KNOTS('',5,(#2948,#2949,#2950,#2951,#2952,#2953,#2954,#2955,#2956,#2957,#2958,#2959,#2960,#2961,#2962,#2963,#2964,#2965,#2966,#2967,#2968,#2969,#2970,#2971),.UNSPECIFIED.,.F.,.U.,(6,3,3,3,3,3,3,6),(0.,0.0268329927556,1.02463268763,7.550788486,10.3988300007,12.8840339031,16.3693088762,18.6298607253),.UNSPECIFIED.) ;
#3026=B_SPLINE_CURVE_WITH_KNOTS('',5,(#3027,#3028,#3029,#3030,#3031,#3032,#3033,#3034,#3035,#3036,#3037,#3038),.UNSPECIFIED.,.F.,.U.,(6,3,3,6),(0.,1.95577191372,5.28116114571,8.09756726375),.UNSPECIFIED.) ;
#3047=B_SPLINE_CURVE_WITH_KNOTS('',5,(#3048,#3049,#3050,#3051,#3052,#3053),.UNSPECIFIED.,.F.,.U.,(6,6),(0.,10.5597421254),.UNSPECIFIED.) ;
#3059=B_SPLINE_CURVE_WITH_KNOTS('',1,(#3060,#3061),.UNSPECIFIED.,.F.,.U.,(2,2),(-4.62349747584,0.296725769048),.UNSPECIFIED.) ;
#3381=B_SPLINE_CURVE_WITH_KNOTS('',5,(#3382,#3383,#3384,#3385,#3386,#3387,#3388,#3389,#3390,#3391,#3392,#3393),.UNSPECIFIED.,.F.,.U.,(6,3,3,6),(0.,2.04133036011,4.45378252715,8.32906728667),.UNSPECIFIED.) ;
#3408=B_SPLINE_CURVE_WITH_KNOTS('',5,(#3409,#3410,#3411,#3412,#3413,#3414,#3415,#3416,#3417,#3418,#3419,#3420),.UNSPECIFIED.,.F.,.U.,(6,3,3,6),(0.,2.04133036011,4.45378252715,8.32906728667),.UNSPECIFIED.) ;
#3422=B_SPLINE_CURVE_WITH_KNOTS('',5,(#3423,#3424,#3425,#3426,#3427,#3428,#3429,#3430,#3431),.UNSPECIFIED.,.F.,.U.,(6,3,6),(0.,5.23034456569,11.5381188125),.UNSPECIFIED.) ;
#3479=B_SPLINE_CURVE_WITH_KNOTS('',5,(#3480,#3481,#3482,#3483,#3484,#3485,#3486,#3487,#3488,#3489,#3490,#3491,#3492,#3493,#3494,#3495,#3496,#3497,#3498,#3499,#3500,#3501,#3502,#3503),.UNSPECIFIED.,.F.,.U.,(6,3,3,3,3,3,3,6),(0.,2.28588211628,5.18191695758,10.4293135544,14.8060875684,23.2754572613,28.0721301817,31.2914373945),.UNSPECIFIED.) ;
#3521=B_SPLINE_CURVE_WITH_KNOTS('',5,(#3522,#3523,#3524,#3525,#3526,#3527,#3528,#3529,#3530,#3531,#3532,#3533,#3534,#3535,#3536,#3537,#3538,#3539,#3540,#3541,#3542,#3543,#3544,#3545),.UNSPECIFIED.,.F.,.U.,(6,3,3,3,3,3,3,6),(0.,2.28588211641,5.18191695764,10.4293135543,14.8060875684,23.2754572613,28.0721301815,31.2914373941),.UNSPECIFIED.) ;
#3580=B_SPLINE_CURVE_WITH_KNOTS('',1,(#3581,#3582),.UNSPECIFIED.,.F.,.U.,(2,2),(-4.38201083321,4.38201083321),.UNSPECIFIED.) ;
#3610=B_SPLINE_CURVE_WITH_KNOTS('',5,(#3611,#3612,#3613,#3614,#3615,#3616,#3617,#3618,#3619,#3620,#3621,#3622,#3623,#3624,#3625,#3626,#3627,#3628,#3629,#3630,#3631,#3632,#3633,#3634),.UNSPECIFIED.,.F.,.U.,(6,3,3,3,3,3,3,6),(0.,2.28588211641,5.18191695764,10.4293135543,14.8060875684,23.2754572613,28.0721301815,31.2914373941),.UNSPECIFIED.) ;
#3652=B_SPLINE_CURVE_WITH_KNOTS('',5,(#3653,#3654,#3655,#3656,#3657,#3658,#3659,#3660,#3661,#3662,#3663,#3664,#3665,#3666,#3667,#3668,#3669,#3670,#3671,#3672,#3673,#3674,#3675,#3676),.UNSPECIFIED.,.F.,.U.,(6,3,3,3,3,3,3,6),(0.,2.28588211628,5.18191695758,10.4293135544,14.8060875684,23.2754572613,28.0721301817,31.2914373945),.UNSPECIFIED.) ;
#3914=B_SPLINE_CURVE_WITH_KNOTS('',1,(#3915,#3916),.UNSPECIFIED.,.F.,.U.,(2,2),(-4.62349747584,0.296725769048),.UNSPECIFIED.) ;
#3927=B_SPLINE_CURVE_WITH_KNOTS('',5,(#3928,#3929,#3930,#3931,#3932,#3933),.UNSPECIFIED.,.F.,.U.,(6,6),(0.,10.5597421253),.UNSPECIFIED.) ;
#4361=B_SPLINE_CURVE_WITH_KNOTS('',5,(#4362,#4363,#4364,#4365,#4366,#4367,#4368,#4369,#4370),.UNSPECIFIED.,.F.,.U.,(6,3,6),(0.,5.23034456569,11.5381188125),.UNSPECIFIED.) ;
#4413=B_SPLINE_CURVE_WITH_KNOTS('',5,(#4414,#4415,#4416,#4417,#4418,#4419),.UNSPECIFIED.,.F.,.U.,(6,6),(0.,10.5597421253),.UNSPECIFIED.) ;
#825=B_SPLINE_SURFACE_WITH_KNOTS('',5,5,((#826,#827,#828,#829,#830,#831,#832,#833,#834),(#835,#836,#837,#838,#839,#840,#841,#842,#843),(#844,#845,#846,#847,#848,#849,#850,#851,#852),(#853,#854,#855,#856,#857,#858,#859,#860,#861),(#862,#863,#864,#865,#866,#867,#868,#869,#870),(#871,#872,#873,#874,#875,#876,#877,#878,#879),(#880,#881,#882,#883,#884,#885,#886,#887,#888),(#889,#890,#891,#892,#893,#894,#895,#896,#897),(#898,#899,#900,#901,#902,#903,#904,#905,#906),(#907,#908,#909,#910,#911,#912,#913,#914,#915),(#916,#917,#918,#919,#920,#921,#922,#923,#924),(#925,#926,#927,#928,#929,#930,#931,#932,#933),(#934,#935,#936,#937,#938,#939,#940,#941,#942),(#943,#944,#945,#946,#947,#948,#949,#950,#951),(#952,#953,#954,#955,#956,#957,#958,#959,#960),(#961,#962,#963,#964,#965,#966,#967,#968,#969),(#970,#971,#972,#973,#974,#975,#976,#977,#978),(#979,#980,#981,#982,#983,#984,#985,#986,#987)),.UNSPECIFIED.,.F.,.F.,.U.,(6,3,3,3,3,6),(6,3,6),(0.,7.55078848588,10.3988300005,12.884033903,16.369308876,18.6298607252),(0.,2.5,5.),.UNSPECIFIED.) ;
#1852=B_SPLINE_SURFACE_WITH_KNOTS('',5,5,((#1853,#1854,#1855,#1856,#1857,#1858,#1859,#1860,#1861),(#1862,#1863,#1864,#1865,#1866,#1867,#1868,#1869,#1870),(#1871,#1872,#1873,#1874,#1875,#1876,#1877,#1878,#1879),(#1880,#1881,#1882,#1883,#1884,#1885,#1886,#1887,#1888),(#1889,#1890,#1891,#1892,#1893,#1894,#1895,#1896,#1897),(#1898,#1899,#1900,#1901,#1902,#1903,#1904,#1905,#1906),(#1907,#1908,#1909,#1910,#1911,#1912,#1913,#1914,#1915),(#1916,#1917,#1918,#1919,#1920,#1921,#1922,#1923,#1924),(#1925,#1926,#1927,#1928,#1929,#1930,#1931,#1932,#1933),(#1934,#1935,#1936,#1937,#1938,#1939,#1940,#1941,#1942),(#1943,#1944,#1945,#1946,#1947,#1948,#1949,#1950,#1951),(#1952,#1953,#1954,#1955,#1956,#1957,#1958,#1959,#1960)),.UNSPECIFIED.,.F.,.F.,.U.,(6,3,3,6),(6,3,6),(0.,5.23034456569,8.41493249799,11.5381188125),(0.,1.5,3.),.UNSPECIFIED.) ;
#2784=B_SPLINE_SURFACE_WITH_KNOTS('',5,5,((#2785,#2786,#2787,#2788,#2789,#2790,#2791,#2792,#2793),(#2794,#2795,#2796,#2797,#2798,#2799,#2800,#2801,#2802),(#2803,#2804,#2805,#2806,#2807,#2808,#2809,#2810,#2811),(#2812,#2813,#2814,#2815,#2816,#2817,#2818,#2819,#2820),(#2821,#2822,#2823,#2824,#2825,#2826,#2827,#2828,#2829),(#2830,#2831,#2832,#2833,#2834,#2835,#2836,#2837,#2838),(#2839,#2840,#2841,#2842,#2843,#2844,#2845,#2846,#2847),(#2848,#2849,#2850,#2851,#2852,#2853,#2854,#2855,#2856),(#2857,#2858,#2859,#2860,#2861,#2862,#2863,#2864,#2865),(#2866,#2867,#2868,#2869,#2870,#2871,#2872,#2873,#2874),(#2875,#2876,#2877,#2878,#2879,#2880,#2881,#2882,#2883),(#2884,#2885,#2886,#2887,#2888,#2889,#2890,#2891,#2892),(#2893,#2894,#2895,#2896,#2897,#2898,#2899,#2900,#2901),(#2902,#2903,#2904,#2905,#2906,#2907,#2908,#2909,#2910),(#2911,#2912,#2913,#2914,#2915,#2916,#2917,#2918,#2919),(#2920,#2921,#2922,#2923,#2924,#2925,#2926,#2927,#2928),(#2929,#2930,#2931,#2932,#2933,#2934,#2935,#2936,#2937),(#2938,#2939,#2940,#2941,#2942,#2943,#2944,#2945,#2946)),.UNSPECIFIED.,.F.,.F.,.U.,(6,3,3,3,3,6),(6,3,6),(6.46212470596E-16,7.550788486,10.3988300007,12.8840339031,16.3693088762,18.6298607253),(0.,2.5,5.),.UNSPECIFIED.) ;
#4560=B_SPLINE_SURFACE_WITH_KNOTS('',5,5,((#4561,#4562,#4563,#4564,#4565,#4566,#4567,#4568,#4569),(#4570,#4571,#4572,#4573,#4574,#4575,#4576,#4577,#4578),(#4579,#4580,#4581,#4582,#4583,#4584,#4585,#4586,#4587),(#4588,#4589,#4590,#4591,#4592,#4593,#4594,#4595,#4596),(#4597,#4598,#4599,#4600,#4601,#4602,#4603,#4604,#4605),(#4606,#4607,#4608,#4609,#4610,#4611,#4612,#4613,#4614),(#4615,#4616,#4617,#4618,#4619,#4620,#4621,#4622,#4623),(#4624,#4625,#4626,#4627,#4628,#4629,#4630,#4631,#4632),(#4633,#4634,#4635,#4636,#4637,#4638,#4639,#4640,#4641),(#4642,#4643,#4644,#4645,#4646,#4647,#4648,#4649,#4650),(#4651,#4652,#4653,#4654,#4655,#4656,#4657,#4658,#4659),(#4660,#4661,#4662,#4663,#4664,#4665,#4666,#4667,#4668)),.UNSPECIFIED.,.F.,.F.,.U.,(6,3,3,6),(6,3,6),(0.,5.23034456569,8.41493249799,11.5381188125),(0.,1.5,3.),.UNSPECIFIED.) ;
#22=COLOUR_RGB('Colour',0.823529411765,0.823529411765,1.) ;
#69=FACE_OUTER_BOUND('',#64,.T.) ;
#100=FACE_OUTER_BOUND('',#95,.T.) ;
#131=FACE_OUTER_BOUND('',#126,.T.) ;
#180=FACE_OUTER_BOUND('',#171,.T.) ;
#204=FACE_OUTER_BOUND('',#199,.T.) ;
#228=FACE_OUTER_BOUND('',#223,.T.) ;
#252=FACE_OUTER_BOUND('',#247,.T.) ;
#276=FACE_OUTER_BOUND('',#271,.T.) ;
#293=FACE_OUTER_BOUND('',#288,.T.) ;
#317=FACE_OUTER_BOUND('',#314,.T.) ;
#366=FACE_OUTER_BOUND('',#361,.T.) ;
#378=FACE_OUTER_BOUND('',#373,.T.) ;
#409=FACE_OUTER_BOUND('',#404,.T.) ;
#421=FACE_OUTER_BOUND('',#416,.T.) ;
#501=FACE_OUTER_BOUND('',#491,.T.) ;
#641=FACE_OUTER_BOUND('',#624,.T.) ;
#685=FACE_OUTER_BOUND('',#680,.T.) ;
#702=FACE_OUTER_BOUND('',#697,.T.) ;
#719=FACE_OUTER_BOUND('',#714,.T.) ;
#736=FACE_OUTER_BOUND('',#731,.T.) ;
#753=FACE_OUTER_BOUND('',#748,.T.) ;
#787=FACE_OUTER_BOUND('',#781,.T.) ;
#823=FACE_OUTER_BOUND('',#818,.T.) ;
#1028=FACE_OUTER_BOUND('',#1024,.T.) ;
#1058=FACE_OUTER_BOUND('',#1053,.T.) ;
#1098=FACE_OUTER_BOUND('',#1093,.T.) ;
#1291=FACE_OUTER_BOUND('',#1274,.T.) ;
#1340=FACE_OUTER_BOUND('',#1331,.T.) ;
#1364=FACE_OUTER_BOUND('',#1359,.T.) ;
#1395=FACE_OUTER_BOUND('',#1390,.T.) ;
#1436=FACE_OUTER_BOUND('',#1430,.T.) ;
#1460=FACE_OUTER_BOUND('',#1455,.T.) ;
#1484=FACE_OUTER_BOUND('',#1479,.T.) ;
#1508=FACE_OUTER_BOUND('',#1503,.T.) ;
#1532=FACE_OUTER_BOUND('',#1527,.T.) ;
#1556=FACE_OUTER_BOUND('',#1551,.T.) ;
#1749=FACE_OUTER_BOUND('',#1732,.T.) ;
#1766=FACE_OUTER_BOUND('',#1761,.T.) ;
#1797=FACE_OUTER_BOUND('',#1792,.T.) ;
#1809=FACE_OUTER_BOUND('',#1804,.T.) ;
#1826=FACE_OUTER_BOUND('',#1821,.T.) ;
#1850=FACE_OUTER_BOUND('',#1845,.T.) ;
#1985=FACE_OUTER_BOUND('',#1981,.T.) ;
#2089=FACE_OUTER_BOUND('',#2072,.T.) ;
#2158=FACE_OUTER_BOUND('',#2151,.T.) ;
#2206=FACE_OUTER_BOUND('',#2198,.T.) ;
#2230=FACE_OUTER_BOUND('',#2225,.T.) ;
#2254=FACE_OUTER_BOUND('',#2249,.T.) ;
#2273=FACE_OUTER_BOUND('',#2268,.T.) ;
#2297=FACE_OUTER_BOUND('',#2292,.T.) ;
#2345=FACE_OUTER_BOUND('',#2337,.T.) ;
#2380=FACE_OUTER_BOUND('',#2373,.T.) ;
#2421=FACE_OUTER_BOUND('',#2413,.T.) ;
#2473=FACE_OUTER_BOUND('',#2467,.T.) ;
#2536=FACE_OUTER_BOUND('',#2525,.T.) ;
#2584=FACE_OUTER_BOUND('',#2579,.T.) ;
#2655=FACE_OUTER_BOUND('',#2636,.T.) ;
#2751=FACE_OUTER_BOUND('',#2746,.T.) ;
#2782=FACE_OUTER_BOUND('',#2777,.T.) ;
#2977=FACE_OUTER_BOUND('',#2973,.T.) ;
#3001=FACE_OUTER_BOUND('',#2991,.T.) ;
#3045=FACE_OUTER_BOUND('',#3040,.T.) ;
#3074=FACE_OUTER_BOUND('',#3068,.T.) ;
#3117=FACE_OUTER_BOUND('',#3109,.T.) ;
#3168=FACE_OUTER_BOUND('',#3161,.T.) ;
#3211=FACE_OUTER_BOUND('',#3203,.T.) ;
#3230=FACE_OUTER_BOUND('',#3225,.T.) ;
#3249=FACE_OUTER_BOUND('',#3244,.T.) ;
#3268=FACE_OUTER_BOUND('',#3263,.T.) ;
#3287=FACE_OUTER_BOUND('',#3282,.T.) ;
#3330=FACE_OUTER_BOUND('',#3322,.T.) ;
#3351=FACE_OUTER_BOUND('',#3344,.T.) ;
#3370=FACE_OUTER_BOUND('',#3367,.T.) ;
#3401=FACE_OUTER_BOUND('',#3395,.T.) ;
#3439=FACE_OUTER_BOUND('',#3433,.T.) ;
#3451=FACE_OUTER_BOUND('',#3446,.T.) ;
#3573=FACE_OUTER_BOUND('',#3559,.T.) ;
#3596=FACE_OUTER_BOUND('',#3591,.T.) ;
#3711=FACE_OUTER_BOUND('',#3697,.T.) ;
#3727=FACE_OUTER_BOUND('',#3718,.T.) ;
#3749=FACE_OUTER_BOUND('',#3744,.T.) ;
#3761=FACE_OUTER_BOUND('',#3756,.T.) ;
#3783=FACE_OUTER_BOUND('',#3778,.T.) ;
#3795=FACE_OUTER_BOUND('',#3790,.T.) ;
#3817=FACE_OUTER_BOUND('',#3809,.T.) ;
#3870=FACE_OUTER_BOUND('',#3857,.T.) ;
#3890=FACE_OUTER_BOUND('',#3882,.T.) ;
#3907=FACE_OUTER_BOUND('',#3902,.T.) ;
#3941=FACE_OUTER_BOUND('',#3935,.T.) ;
#3958=FACE_OUTER_BOUND('',#3953,.T.) ;
#3965=FACE_OUTER_BOUND('',#3960,.T.) ;
#3991=FACE_OUTER_BOUND('',#3984,.T.) ;
#4015=FACE_OUTER_BOUND('',#4010,.T.) ;
#4039=FACE_OUTER_BOUND('',#4034,.T.) ;
#4063=FACE_OUTER_BOUND('',#4058,.T.) ;
#4096=FACE_OUTER_BOUND('',#4089,.T.) ;
#4127=FACE_OUTER_BOUND('',#4122,.T.) ;
#4139=FACE_OUTER_BOUND('',#4134,.T.) ;
#4170=FACE_OUTER_BOUND('',#4165,.T.) ;
#4182=FACE_OUTER_BOUND('',#4177,.T.) ;
#4213=FACE_OUTER_BOUND('',#4208,.T.) ;
#4225=FACE_OUTER_BOUND('',#4220,.T.) ;
#4256=FACE_OUTER_BOUND('',#4251,.T.) ;
#4268=FACE_OUTER_BOUND('',#4263,.T.) ;
#4299=FACE_OUTER_BOUND('',#4294,.T.) ;
#4311=FACE_OUTER_BOUND('',#4306,.T.) ;
#4342=FACE_OUTER_BOUND('',#4337,.T.) ;
#4354=FACE_OUTER_BOUND('',#4349,.T.) ;
#4377=FACE_OUTER_BOUND('',#4372,.T.) ;
#4399=FACE_OUTER_BOUND('',#4394,.T.) ;
#4406=FACE_OUTER_BOUND('',#4401,.T.) ;
#4426=FACE_OUTER_BOUND('',#4421,.T.) ;
#4439=FACE_OUTER_BOUND('',#4433,.T.) ;
#4461=FACE_OUTER_BOUND('',#4456,.T.) ;
#4468=FACE_OUTER_BOUND('',#4463,.T.) ;
#4490=FACE_OUTER_BOUND('',#4482,.T.) ;
#4543=FACE_OUTER_BOUND('',#4530,.T.) ;
#4558=FACE_OUTER_BOUND('',#4550,.T.) ;
#4673=FACE_OUTER_BOUND('',#4669,.T.) ;
#4690=FACE_OUTER_BOUND('',#4685,.T.) ;
#4707=FACE_OUTER_BOUND('',#4702,.T.) ;
#4719=FACE_OUTER_BOUND('',#4714,.T.) ;
#4731=FACE_OUTER_BOUND('',#4726,.T.) ;
#4749=FACE_OUTER_BOUND('',#4738,.T.) ;
#4761=FACE_OUTER_BOUND('',#4756,.T.) ;
#4773=FACE_OUTER_BOUND('',#4768,.T.) ;
#4785=FACE_OUTER_BOUND('',#4780,.T.) ;
#4792=FACE_OUTER_BOUND('',#4787,.T.) ;
#4815=FACE_OUTER_BOUND('',#4811,.T.) ;
#4821=FACE_OUTER_BOUND('',#4817,.T.) ;
#4844=FACE_OUTER_BOUND('',#4840,.T.) ;
#4850=FACE_OUTER_BOUND('',#4846,.T.) ;
#4873=FACE_OUTER_BOUND('',#4869,.T.) ;
#4879=FACE_OUTER_BOUND('',#4875,.T.) ;
#4902=FACE_OUTER_BOUND('',#4898,.T.) ;
#4908=FACE_OUTER_BOUND('',#4904,.T.) ;
#4931=FACE_OUTER_BOUND('',#4927,.T.) ;
#4937=FACE_OUTER_BOUND('',#4933,.T.) ;
#4960=FACE_OUTER_BOUND('',#4956,.T.) ;
#4966=FACE_OUTER_BOUND('',#4962,.T.) ;
#9=PRODUCT_CATEGORY_RELATIONSHIP(' ',' ',#7,#8) ;
#6=PRODUCT_DEFINITION_FORMATION_WITH_SPECIFIED_SOURCE('',' ',#5,.NOT_KNOWN.) ;
#20=SHAPE_DEFINITION_REPRESENTATION(#11,#19) ;
#12=(LENGTH_UNIT()NAMED_UNIT(*)SI_UNIT(.MILLI.,.METRE.)) ;
#13=(NAMED_UNIT(*)PLANE_ANGLE_UNIT()SI_UNIT($,.RADIAN.)) ;
#14=(NAMED_UNIT(*)SI_UNIT($,.STERADIAN.)SOLID_ANGLE_UNIT()) ;
#16=(GEOMETRIC_REPRESENTATION_CONTEXT(3)GLOBAL_UNCERTAINTY_ASSIGNED_CONTEXT((#15))GLOBAL_UNIT_ASSIGNED_CONTEXT((#12,#13,#14))REPRESENTATION_CONTEXT(' ',' ')) ;
ENDSEC;
END-ISO-10303-21;
