ZWSOFT                                                                  S      1
,,,29HVW_1K0 121 087R for 888.2.igs,4HZW3D,3H1.0,32,38,8,308,15,,1.0,2, G      1
2HMM,7,1.4,13H260118.015202,1.0000000000000E-02,8.8382319104486E+01,    G      2
4HZW3D,6HZWSOFT,6,0;                                                    G      3
     124       1       1       1       1       0       0       000010000D      1
     124       0       0       1       0       0       0       0       0D      2
     406       2       1       0       1       0       0       000000101D      3
     406       0       0       1       3       0       0       0       0D      4
     314       3       1       1       1       0       0       000010000D      5
     314       0       0       1       0       0       0       0       0D      6
     406       4       1       0       1       0       0       000010001D      7
     406       0      -5       1      15       0       0       0       0D      8
     128       5       1       0       1       0       0       000010000D      9
     128       0      -5      36       0       0       0       0       0D     10
     126      41       1       0       1       0       0       000010000D     11
     126       0      -5       3       1       0       0       0       0D     12
     126      44       1       0       1       0       0       000010000D     13
     126       0      -5       2       1       0       0       0       0D     14
     126      46       1       0       1       0       0       000010000D     15
     126       0      -5       3       1       0       0       0       0D     16
     126      49       1       0       1       0       0       000010000D     17
     126       0      -5       3       1       0       0       0       0D     18
     126      52       1       0       1       0       0       000010000D     19
     126       0      -5       3       1       0       0       0       0D     20
     102      55       1       0       1       0       0       000010000D     21
     102       0      -5       1       0       0       0       0       0D     22
     126      56       1       0       1       0       0       000010000D     23
     126       0      -5      14       0       0       0       0       0D     24
     126      70       1       0       1       0       0       000010000D     25
     126       0      -5       6       0       0       0       0       0D     26
     126      76       1       0       1       0       0       000010000D     27
     126       0      -5      16       0       0       0       0       0D     28
     126      92       1       0       1       0       0       000010000D     29
     126       0      -5       6       0       0       0       0       0D     30
     126      98       1       0       1       0       0       000010000D     31
     126       0      -5      13       0       0       0       0       0D     32
     102     111       1       0       1       0       0       000010000D     33
     102       0      -5       1       0       0       0       0       0D     34
     142     112       1       1       1       0       0       000010000D     35
     142       1       0       1       0       0       0       0       0D     36
     144     113       1       0       1       0       1       000000000D     37
     144       0      -5       1       0       0       0       0       0D     38
     406     114       1       0       1       0       0       000010001D     39
     406       0      -5       1      15       0       0       0       0D     40
     128     115       1       0       1       0       0       000010000D     41
     128       0      -5      36       0       0       0       0       0D     42
     126     151       1       0       1       0       0       000010000D     43
     126       0      -5       3       1       0       0       0       0D     44
     126     154       1       0       1       0       0       000010000D     45
     126       0      -5       2       1       0       0       0       0D     46
     126     156       1       0       1       0       0       000010000D     47
     126       0      -5       2       1       0       0       0       0D     48
     126     158       1       0       1       0       0       000010000D     49
     126       0      -5       2       1       0       0       0       0D     50
     126     160       1       0       1       0       0       000010000D     51
     126       0      -5       3       1       0       0       0       0D     52
     102     163       1       0       1       0       0       000010000D     53
     102       0      -5       1       0       0       0       0       0D     54
     126     164       1       0       1       0       0       000010000D     55
     126       0      -5      14       0       0       0       0       0D     56
     126     178       1       0       1       0       0       000010000D     57
     126       0      -5      13       0       0       0       0       0D     58
     126     191       1       0       1       0       0       000010000D     59
     126       0      -5       6       0       0       0       0       0D     60
     126     197       1       0       1       0       0       000010000D     61
     126       0      -5      16       0       0       0       0       0D     62
     126     213       1       0       1       0       0       000010000D     63
     126       0      -5       7       0       0       0       0       0D     64
     102     220       1       0       1       0       0       000010000D     65
     102       0      -5       1       0       0       0       0       0D     66
     142     221       1       1       1       0       0       000010000D     67
     142       1       0       1       0       0       0       0       0D     68
     144     222       1       0       1       0       1       000000000D     69
     144       0      -5       1       0       0       0       0       0D     70
     406     223       1       0       1       0       0       000010001D     71
     406       0      -5       1      15       0       0       0       0D     72
     128     224       1       0       1       0       0       000010000D     73
     128       0      -5      20       3       0       0       0       0D     74
     126     244       1       0       1       0       0       000010000D     75
     126       0      -5       3       1       0       0       0       0D     76
     126     247       1       0       1       0       0       000010000D     77
     126       0      -5       3       1       0       0       0       0D     78
     126     250       1       0       1       0       0       000010000D     79
     126       0      -5       3       1       0       0       0       0D     80
     126     253       1       0       1       0       0       000010000D     81
     126       0      -5       2       1       0       0       0       0D     82
     126     255       1       0       1       0       0       000010000D     83
     126       0      -5       2       1       0       0       0       0D     84
     126     257       1       0       1       0       0       000010000D     85
     126       0      -5       3       1       0       0       0       0D     86
     102     260       1       0       1       0       0       000010000D     87
     102       0      -5       1       0       0       0       0       0D     88
     126     261       1       0       1       0       0       000010000D     89
     126       0      -5       5       1       0       0       0       0D     90
     126     266       1       0       1       0       0       000010000D     91
     126       0      -5       9       0       0       0       0       0D     92
     126     275       1       0       1       0       0       000010000D     93
     126       0      -5       7       0       0       0       0       0D     94
     126     282       1       0       1       0       0       000010000D     95
     126       0      -5       4       1       0       0       0       0D     96
     126     286       1       0       1       0       0       000010000D     97
     126       0      -5       5       0       0       0       0       0D     98
     126     291       1       0       1       0       0       000010000D     99
     126       0      -5       9       0       0       0       0       0D    100
     102     300       1       0       1       0       0       000010000D    101
     102       0      -5       1       0       0       0       0       0D    102
     142     301       1       1       1       0       0       000010000D    103
     142       1       0       1       0       0       0       0       0D    104
     144     302       1       0       1       0       1       000000000D    105
     144       0      -5       1       0       0       0       0       0D    106
     406     303       1       0       1       0       0       000010001D    107
     406       0      -5       1      15       0       0       0       0D    108
     128     304       1       0       1       0       0       000010000D    109
     128       0      -5      20       3       0       0       0       0D    110
     126     324       1       0       1       0       0       000010000D    111
     126       0      -5       2       1       0       0       0       0D    112
     126     326       1       0       1       0       0       000010000D    113
     126       0      -5       2       1       0       0       0       0D    114
     126     328       1       0       1       0       0       000010000D    115
     126       0      -5       2       1       0       0       0       0D    116
     126     330       1       0       1       0       0       000010000D    117
     126       0      -5       3       1       0       0       0       0D    118
     126     333       1       0       1       0       0       000010000D    119
     126       0      -5       3       1       0       0       0       0D    120
     126     336       1       0       1       0       0       000010000D    121
     126       0      -5       3       1       0       0       0       0D    122
     102     339       1       0       1       0       0       000010000D    123
     102       0      -5       1       0       0       0       0       0D    124
     126     340       1       0       1       0       0       000010000D    125
     126       0      -5       8       0       0       0       0       0D    126
     126     348       1       0       1       0       0       000010000D    127
     126       0      -5       4       1       0       0       0       0D    128
     126     352       1       0       1       0       0       000010000D    129
     126       0      -5       6       0       0       0       0       0D    130
     126     358       1       0       1       0       0       000010000D    131
     126       0      -5       9       0       0       0       0       0D    132
     126     367       1       0       1       0       0       000010000D    133
     126       0      -5       5       1       0       0       0       0D    134
     126     372       1       0       1       0       0       000010000D    135
     126       0      -5       7       0       0       0       0       0D    136
     102     379       1       0       1       0       0       000010000D    137
     102       0      -5       1       0       0       0       0       0D    138
     142     380       1       1       1       0       0       000010000D    139
     142       1       0       1       0       0       0       0       0D    140
     144     381       1       0       1       0       1       000000000D    141
     144       0      -5       1       0       0       0       0       0D    142
     406     382       1       0       1       0       0       000010001D    143
     406       0      -5       1      15       0       0       0       0D    144
     128     383       1       0       1       0       0       000010000D    145
     128       0      -5      55       0       0       0       0       0D    146
     126     438       1       0       1       0       0       000010000D    147
     126       0      -5       3       1       0       0       0       0D    148
     126     441       1       0       1       0       0       000010000D    149
     126       0      -5       3       1       0       0       0       0D    150
     126     444       1       0       1       0       0       000010000D    151
     126       0      -5       3       1       0       0       0       0D    152
     126     447       1       0       1       0       0       000010000D    153
     126       0      -5       2       1       0       0       0       0D    154
     126     449       1       0       1       0       0       000010000D    155
     126       0      -5       2       1       0       0       0       0D    156
     102     451       1       0       1       0       0       000010000D    157
     102       0      -5       1       0       0       0       0       0D    158
     126     452       1       0       1       0       0       000010000D    159
     126       0      -5      11       0       0       0       0       0D    160
     126     463       1       0       1       0       0       000010000D    161
     126       0      -5      14       0       0       0       0       0D    162
     126     477       1       0       1       0       0       000010000D    163
     126       0      -5      14       0       0       0       0       0D    164
     126     491       1       0       1       0       0       000010000D    165
     126       0      -5       8       0       0       0       0       0D    166
     126     499       1       0       1       0       0       000010000D    167
     126       0      -5      16       0       0       0       0       0D    168
     102     515       1       0       1       0       0       000010000D    169
     102       0      -5       1       0       0       0       0       0D    170
     142     516       1       1       1       0       0       000010000D    171
     142       1       0       1       0       0       0       0       0D    172
     144     517       1       0       1       0       1       000000000D    173
     144       0      -5       1       0       0       0       0       0D    174
     406     518       1       0       1       0       0       000010001D    175
     406       0      -5       1      15       0       0       0       0D    176
     128     519       1       0       1       0       0       000010000D    177
     128       0      -5      54       0       0       0       0       0D    178
     126     573       1       0       1       0       0       000010000D    179
     126       0      -5       2       1       0       0       0       0D    180
     126     575       1       0       1       0       0       000010000D    181
     126       0      -5       2       1       0       0       0       0D    182
     126     577       1       0       1       0       0       000010000D    183
     126       0      -5       3       1       0       0       0       0D    184
     126     580       1       0       1       0       0       000010000D    185
     126       0      -5       3       1       0       0       0       0D    186
     126     583       1       0       1       0       0       000010000D    187
     126       0      -5       2       1       0       0       0       0D    188
     102     585       1       0       1       0       0       000010000D    189
     102       0      -5       1       0       0       0       0       0D    190
     126     586       1       0       1       0       0       000010000D    191
     126       0      -5      16       0       0       0       0       0D    192
     126     602       1       0       1       0       0       000010000D    193
     126       0      -5       8       0       0       0       0       0D    194
     126     610       1       0       1       0       0       000010000D    195
     126       0      -5      13       0       0       0       0       0D    196
     126     623       1       0       1       0       0       000010000D    197
     126       0      -5      14       0       0       0       0       0D    198
     126     637       1       0       1       0       0       000010000D    199
     126       0      -5       9       0       0       0       0       0D    200
     102     646       1       0       1       0       0       000010000D    201
     102       0      -5       1       0       0       0       0       0D    202
     142     647       1       1       1       0       0       000010000D    203
     142       1       0       1       0       0       0       0       0D    204
     144     648       1       0       1       0       1       000000000D    205
     144       0      -5       1       0       0       0       0       0D    206
     406     649       1       0       1       0       0       000010001D    207
     406       0      -5       1      15       0       0       0       0D    208
     128     650       1       0       1       0       0       000010000D    209
     128       0      -5      52       0       0       0       0       0D    210
     126     702       1       0       1       0       0       000010000D    211
     126       0      -5       2       1       0       0       0       0D    212
     126     704       1       0       1       0       0       000010000D    213
     126       0      -5       3       1       0       0       0       0D    214
     126     707       1       0       1       0       0       000010000D    215
     126       0      -5       3       1       0       0       0       0D    216
     126     710       1       0       1       0       0       000010000D    217
     126       0      -5       3       1       0       0       0       0D    218
     126     713       1       0       1       0       0       000010000D    219
     126       0      -5       3       1       0       0       0       0D    220
     102     716       1       0       1       0       0       000010000D    221
     102       0      -5       1       0       0       0       0       0D    222
     126     717       1       0       1       0       0       000010000D    223
     126       0      -5      10       0       0       0       0       0D    224
     126     727       1       0       1       0       0       000010000D    225
     126       0      -5       8       0       0       0       0       0D    226
     126     735       1       0       1       0       0       000010000D    227
     126       0      -5       6       0       0       0       0       0D    228
     126     741       1       0       1       0       0       000010000D    229
     126       0      -5       8       0       0       0       0       0D    230
     126     749       1       0       1       0       0       000010000D    231
     126       0      -5      16       0       0       0       0       0D    232
     102     765       1       0       1       0       0       000010000D    233
     102       0      -5       1       0       0       0       0       0D    234
     142     766       1       1       1       0       0       000010000D    235
     142       1       0       1       0       0       0       0       0D    236
     144     767       1       0       1       0       1       000000000D    237
     144       0      -5       1       0       0       0       0       0D    238
     406     768       1       0       1       0       0       000010001D    239
     406       0      -5       1      15       0       0       0       0D    240
     128     769       1       0       1       0       0       000010000D    241
     128       0      -5      52       0       0       0       0       0D    242
     126     821       1       0       1       0       0       000010000D    243
     126       0      -5       3       1       0       0       0       0D    244
     126     824       1       0       1       0       0       000010000D    245
     126       0      -5       2       1       0       0       0       0D    246
     126     826       1       0       1       0       0       000010000D    247
     126       0      -5       2       1       0       0       0       0D    248
     126     828       1       0       1       0       0       000010000D    249
     126       0      -5       3       1       0       0       0       0D    250
     126     831       1       0       1       0       0       000010000D    251
     126       0      -5       3       1       0       0       0       0D    252
     102     834       1       0       1       0       0       000010000D    253
     102       0      -5       1       0       0       0       0       0D    254
     126     835       1       0       1       0       0       000010000D    255
     126       0      -5      16       0       0       0       0       0D    256
     126     851       1       0       1       0       0       000010000D    257
     126       0      -5       8       0       0       0       0       0D    258
     126     859       1       0       1       0       0       000010000D    259
     126       0      -5       7       0       0       0       0       0D    260
     126     866       1       0       1       0       0       000010000D    261
     126       0      -5      13       0       0       0       0       0D    262
     126     879       1       0       1       0       0       000010000D    263
     126       0      -5       9       0       0       0       0       0D    264
     102     888       1       0       1       0       0       000010000D    265
     102       0      -5       1       0       0       0       0       0D    266
     142     889       1       1       1       0       0       000010000D    267
     142       1       0       1       0       0       0       0       0D    268
     144     890       1       0       1       0       1       000000000D    269
     144       0      -5       1       0       0       0       0       0D    270
     406     891       1       0       1       0       0       000010001D    271
     406       0      -5       1      15       0       0       0       0D    272
     128     892       1       0       1       0       0       000010000D    273
     128       0      -5      12       2       0       0       0       0D    274
     126     904       1       0       1       0       0       000010000D    275
     126       0      -5       2       1       0       0       0       0D    276
     126     906       1       0       1       0       0       000010000D    277
     126       0      -5       2       1       0       0       0       0D    278
     126     908       1       0       1       0       0       000010000D    279
     126       0      -5       2       1       0       0       0       0D    280
     126     910       1       0       1       0       0       000010000D    281
     126       0      -5       2       1       0       0       0       0D    282
     126     912       1       0       1       0       0       000010000D    283
     126       0      -5       2       1       0       0       0       0D    284
     126     914       1       0       1       0       0       000010000D    285
     126       0      -5       2       1       0       0       0       0D    286
     102     916       1       0       1       0       0       000010000D    287
     102       0      -5       1       0       0       0       0       0D    288
     126     917       1       0       1       0       0       000010000D    289
     126       0      -5       4       1       0       0       0       0D    290
     126     921       1       0       1       0       0       000010000D    291
     126       0      -5       8       0       0       0       0       0D    292
     126     929       1       0       1       0       0       000010000D    293
     126       0      -5       5       0       0       0       0       0D    294
     126     934       1       0       1       0       0       000010000D    295
     126       0      -5       3       1       0       0       0       0D    296
     126     937       1       0       1       0       0       000010000D    297
     126       0      -5       2       0       0       0       0       0D    298
     126     939       1       0       1       0       0       000010000D    299
     126       0      -5       3       0       0       0       0       0D    300
     102     942       1       0       1       0       0       000010000D    301
     102       0      -5       1       0       0       0       0       0D    302
     142     943       1       1       1       0       0       000010000D    303
     142       1       0       1       0       0       0       0       0D    304
     144     944       1       0       1       0       1       000000000D    305
     144       0      -5       1       0       0       0       0       0D    306
     406     945       1       0       1       0       0       000010001D    307
     406       0      -5       1      15       0       0       0       0D    308
     128     946       1       0       1       0       0       000010000D    309
     128       0      -5      12       2       0       0       0       0D    310
     126     958       1       0       1       0       0       000010000D    311
     126       0      -5       2       1       0       0       0       0D    312
     126     960       1       0       1       0       0       000010000D    313
     126       0      -5       2       1       0       0       0       0D    314
     126     962       1       0       1       0       0       000010000D    315
     126       0      -5       2       1       0       0       0       0D    316
     126     964       1       0       1       0       0       000010000D    317
     126       0      -5       2       1       0       0       0       0D    318
     126     966       1       0       1       0       0       000010000D    319
     126       0      -5       2       1       0       0       0       0D    320
     126     968       1       0       1       0       0       000010000D    321
     126       0      -5       3       1       0       0       0       0D    322
     102     971       1       0       1       0       0       000010000D    323
     102       0      -5       1       0       0       0       0       0D    324
     126     972       1       0       1       0       0       000010000D    325
     126       0      -5       3       0       0       0       0       0D    326
     126     975       1       0       1       0       0       000010000D    327
     126       0      -5       3       1       0       0       0       0D    328
     126     978       1       0       1       0       0       000010000D    329
     126       0      -5       4       0       0       0       0       0D    330
     126     982       1       0       1       0       0       000010000D    331
     126       0      -5       5       0       0       0       0       0D    332
     126     987       1       0       1       0       0       000010000D    333
     126       0      -5       4       0       0       0       0       0D    334
     126     991       1       0       1       0       0       000010000D    335
     126       0      -5       5       0       0       0       0       0D    336
     102     996       1       0       1       0       0       000010000D    337
     102       0      -5       1       0       0       0       0       0D    338
     142     997       1       1       1       0       0       000010000D    339
     142       1       0       1       0       0       0       0       0D    340
     144     998       1       0       1       0       1       000000000D    341
     144       0      -5       1       0       0       0       0       0D    342
     406     999       1       0       1       0       0       000010001D    343
     406       0      -5       1      15       0       0       0       0D    344
     128    1000       1       0       1       0       0       000010000D    345
     128       0      -5      52       0       0       0       0       0D    346
     126    1052       1       0       1       0       0       000010000D    347
     126       0      -5       3       1       0       0       0       0D    348
     126    1055       1       0       1       0       0       000010000D    349
     126       0      -5       3       1       0       0       0       0D    350
     126    1058       1       0       1       0       0       000010000D    351
     126       0      -5       3       1       0       0       0       0D    352
     126    1061       1       0       1       0       0       000010000D    353
     126       0      -5       3       1       0       0       0       0D    354
     126    1064       1       0       1       0       0       000010000D    355
     126       0      -5       3       1       0       0       0       0D    356
     102    1067       1       0       1       0       0       000010000D    357
     102       0      -5       1       0       0       0       0       0D    358
     126    1068       1       0       1       0       0       000010000D    359
     126       0      -5       8       0       0       0       0       0D    360
     126    1076       1       0       1       0       0       000010000D    361
     126       0      -5      15       0       0       0       0       0D    362
     126    1091       1       0       1       0       0       000010000D    363
     126       0      -5       8       0       0       0       0       0D    364
     126    1099       1       0       1       0       0       000010000D    365
     126       0      -5      13       0       0       0       0       0D    366
     126    1112       1       0       1       0       0       000010000D    367
     126       0      -5      14       0       0       0       0       0D    368
     102    1126       1       0       1       0       0       000010000D    369
     102       0      -5       1       0       0       0       0       0D    370
     142    1127       1       1       1       0       0       000010000D    371
     142       1       0       1       0       0       0       0       0D    372
     144    1128       1       0       1       0       1       000000000D    373
     144       0      -5       1       0       0       0       0       0D    374
     406    1129       1       0       1       0       0       000010001D    375
     406       0      -5       1      15       0       0       0       0D    376
     128    1130       1       0       1       0       0       000010000D    377
     128       0      -5      52       0       0       0       0       0D    378
     126    1182       1       0       1       0       0       000010000D    379
     126       0      -5       2       1       0       0       0       0D    380
     126    1184       1       0       1       0       0       000010000D    381
     126       0      -5       2       1       0       0       0       0D    382
     126    1186       1       0       1       0       0       000010000D    383
     126       0      -5       2       1       0       0       0       0D    384
     126    1188       1       0       1       0       0       000010000D    385
     126       0      -5       3       1       0       0       0       0D    386
     126    1191       1       0       1       0       0       000010000D    387
     126       0      -5       3       1       0       0       0       0D    388
     102    1194       1       0       1       0       0       000010000D    389
     102       0      -5       1       0       0       0       0       0D    390
     126    1195       1       0       1       0       0       000010000D    391
     126       0      -5       6       0       0       0       0       0D    392
     126    1201       1       0       1       0       0       000010000D    393
     126       0      -5       7       0       0       0       0       0D    394
     126    1208       1       0       1       0       0       000010000D    395
     126       0      -5      15       0       0       0       0       0D    396
     126    1223       1       0       1       0       0       000010000D    397
     126       0      -5      10       0       0       0       0       0D    398
     126    1233       1       0       1       0       0       000010000D    399
     126       0      -5       5       0       0       0       0       0D    400
     102    1238       1       0       1       0       0       000010000D    401
     102       0      -5       1       0       0       0       0       0D    402
     142    1239       1       1       1       0       0       000010000D    403
     142       1       0       1       0       0       0       0       0D    404
     144    1240       1       0       1       0       1       000000000D    405
     144       0      -5       1       0       0       0       0       0D    406
     406    1241       1       0       1       0       0       000010001D    407
     406       0      -5       1      15       0       0       0       0D    408
     128    1242       1       0       1       0       0       000010000D    409
     128       0      -5       3       1       0       0       0       0D    410
     126    1245       1       0       1       0       0       000010000D    411
     126       0      -5       3       0       0       0       0       0D    412
     126    1248       1       0       1       0       0       000010000D    413
     126       0      -5       3       0       0       0       0       0D    414
     102    1251       1       0       1       0       0       000010000D    415
     102       0      -5       1       0       0       0       0       0D    416
     126    1252       1       0       1       0       0       000010000D    417
     126       0      -5       4       0       0       0       0       0D    418
     126    1256       1       0       1       0       0       000010000D    419
     126       0      -5       4       0       0       0       0       0D    420
     102    1260       1       0       1       0       0       000010000D    421
     102       0      -5       1       0       0       0       0       0D    422
     142    1261       1       1       1       0       0       000010000D    423
     142       1       0       1       0       0       0       0       0D    424
     126    1262       1       0       1       0       0       000010000D    425
     126       0      -5       5       0       0       0       0       0D    426
     126    1267       1       0       1       0       0       000010000D    427
     126       0      -5       5       0       0       0       0       0D    428
     102    1272       1       0       1       0       0       000010000D    429
     102       0      -5       1       0       0       0       0       0D    430
     126    1273       1       0       1       0       0       000010000D    431
     126       0      -5       4       0       0       0       0       0D    432
     126    1277       1       0       1       0       0       000010000D    433
     126       0      -5       4       0       0       0       0       0D    434
     102    1281       1       0       1       0       0       000010000D    435
     102       0      -5       1       0       0       0       0       0D    436
     142    1282       1       1       1       0       0       000010000D    437
     142       1       0       1       0       0       0       0       0D    438
     144    1283       1       0       1       0       1       000000000D    439
     144       0      -5       1       0       0       0       0       0D    440
     406    1284       1       0       1       0       0       000010001D    441
     406       0      -5       1      15       0       0       0       0D    442
     128    1285       1       0       1       0       0       000010000D    443
     128       0      -5      50       0       0       0       0       0D    444
     126    1335       1       0       1       0       0       000010000D    445
     126       0      -5       3       1       0       0       0       0D    446
     126    1338       1       0       1       0       0       000010000D    447
     126       0      -5       3       1       0       0       0       0D    448
     126    1341       1       0       1       0       0       000010000D    449
     126       0      -5       2       1       0       0       0       0D    450
     126    1343       1       0       1       0       0       000010000D    451
     126       0      -5       2       1       0       0       0       0D    452
     126    1345       1       0       1       0       0       000010000D    453
     126       0      -5       2       1       0       0       0       0D    454
     102    1347       1       0       1       0       0       000010000D    455
     102       0      -5       1       0       0       0       0       0D    456
     126    1348       1       0       1       0       0       000010000D    457
     126       0      -5      13       0       0       0       0       0D    458
     126    1361       1       0       1       0       0       000010000D    459
     126       0      -5      10       0       0       0       0       0D    460
     126    1371       1       0       1       0       0       000010000D    461
     126       0      -5      15       0       0       0       0       0D    462
     126    1386       1       0       1       0       0       000010000D    463
     126       0      -5       7       0       0       0       0       0D    464
     126    1393       1       0       1       0       0       000010000D    465
     126       0      -5       4       0       0       0       0       0D    466
     102    1397       1       0       1       0       0       000010000D    467
     102       0      -5       1       0       0       0       0       0D    468
     142    1398       1       1       1       0       0       000010000D    469
     142       1       0       1       0       0       0       0       0D    470
     144    1399       1       0       1       0       1       000000000D    471
     144       0      -5       1       0       0       0       0       0D    472
     406    1400       1       0       1       0       0       000010001D    473
     406       0      -5       1      15       0       0       0       0D    474
     128    1401       1       0       1       0       0       000010000D    475
     128       0      -5      50       0       0       0       0       0D    476
     126    1451       1       0       1       0       0       000010000D    477
     126       0      -5       2       1       0       0       0       0D    478
     126    1453       1       0       1       0       0       000010000D    479
     126       0      -5       3       1       0       0       0       0D    480
     126    1456       1       0       1       0       0       000010000D    481
     126       0      -5       2       1       0       0       0       0D    482
     126    1458       1       0       1       0       0       000010000D    483
     126       0      -5       2       1       0       0       0       0D    484
     126    1460       1       0       1       0       0       000010000D    485
     126       0      -5       2       1       0       0       0       0D    486
     102    1462       1       0       1       0       0       000010000D    487
     102       0      -5       1       0       0       0       0       0D    488
     126    1463       1       0       1       0       0       000010000D    489
     126       0      -5      13       0       0       0       0       0D    490
     126    1476       1       0       1       0       0       000010000D    491
     126       0      -5      13       0       0       0       0       0D    492
     126    1489       1       0       1       0       0       000010000D    493
     126       0      -5       8       0       0       0       0       0D    494
     126    1497       1       0       1       0       0       000010000D    495
     126       0      -5      15       0       0       0       0       0D    496
     126    1512       1       0       1       0       0       000010000D    497
     126       0      -5      11       0       0       0       0       0D    498
     102    1523       1       0       1       0       0       000010000D    499
     102       0      -5       1       0       0       0       0       0D    500
     142    1524       1       1       1       0       0       000010000D    501
     142       1       0       1       0       0       0       0       0D    502
     144    1525       1       0       1       0       1       000000000D    503
     144       0      -5       1       0       0       0       0       0D    504
     406    1526       1       0       1       0       0       000010001D    505
     406       0      -5       1      15       0       0       0       0D    506
     128    1527       1       0       1       0       0       000010000D    507
     128       0      -5      10       2       0       0       0       0D    508
     126    1537       1       0       1       0       0       000010000D    509
     126       0      -5       2       1       0       0       0       0D    510
     126    1539       1       0       1       0       0       000010000D    511
     126       0      -5       2       1       0       0       0       0D    512
     126    1541       1       0       1       0       0       000010000D    513
     126       0      -5       2       1       0       0       0       0D    514
     126    1543       1       0       1       0       0       000010000D    515
     126       0      -5       2       1       0       0       0       0D    516
     126    1545       1       0       1       0       0       000010000D    517
     126       0      -5       2       1       0       0       0       0D    518
     126    1547       1       0       1       0       0       000010000D    519
     126       0      -5       2       1       0       0       0       0D    520
     102    1549       1       0       1       0       0       000010000D    521
     102       0      -5       1       0       0       0       0       0D    522
     126    1550       1       0       1       0       0       000010000D    523
     126       0      -5       3       1       0       0       0       0D    524
     126    1553       1       0       1       0       0       000010000D    525
     126       0      -5       5       0       0       0       0       0D    526
     126    1558       1       0       1       0       0       000010000D    527
     126       0      -5       3       0       0       0       0       0D    528
     126    1561       1       0       1       0       0       000010000D    529
     126       0      -5       2       1       0       0       0       0D    530
     126    1563       1       0       1       0       0       000010000D    531
     126       0      -5       2       0       0       0       0       0D    532
     126    1565       1       0       1       0       0       000010000D    533
     126       0      -5       2       0       0       0       0       0D    534
     102    1567       1       0       1       0       0       000010000D    535
     102       0      -5       1       0       0       0       0       0D    536
     142    1568       1       1       1       0       0       000010000D    537
     142       1       0       1       0       0       0       0       0D    538
     144    1569       1       0       1       0       1       000000000D    539
     144       0      -5       1       0       0       0       0       0D    540
     406    1570       1       0       1       0       0       000010001D    541
     406       0      -5       1      15       0       0       0       0D    542
     128    1571       1       0       1       0       0       000010000D    543
     128       0      -5      10       2       0       0       0       0D    544
     126    1581       1       0       1       0       0       000010000D    545
     126       0      -5       2       1       0       0       0       0D    546
     126    1583       1       0       1       0       0       000010000D    547
     126       0      -5       2       1       0       0       0       0D    548
     126    1585       1       0       1       0       0       000010000D    549
     126       0      -5       2       1       0       0       0       0D    550
     126    1587       1       0       1       0       0       000010000D    551
     126       0      -5       2       1       0       0       0       0D    552
     126    1589       1       0       1       0       0       000010000D    553
     126       0      -5       2       1       0       0       0       0D    554
     126    1591       1       0       1       0       0       000010000D    555
     126       0      -5       3       1       0       0       0       0D    556
     102    1594       1       0       1       0       0       000010000D    557
     102       0      -5       1       0       0       0       0       0D    558
     126    1595       1       0       1       0       0       000010000D    559
     126       0      -5       3       0       0       0       0       0D    560
     126    1598       1       0       1       0       0       000010000D    561
     126       0      -5       2       1       0       0       0       0D    562
     126    1600       1       0       1       0       0       000010000D    563
     126       0      -5       3       0       0       0       0       0D    564
     126    1603       1       0       1       0       0       000010000D    565
     126       0      -5       4       0       0       0       0       0D    566
     126    1607       1       0       1       0       0       000010000D    567
     126       0      -5       4       0       0       0       0       0D    568
     126    1611       1       0       1       0       0       000010000D    569
     126       0      -5       5       0       0       0       0       0D    570
     102    1616       1       0       1       0       0       000010000D    571
     102       0      -5       1       0       0       0       0       0D    572
     142    1617       1       1       1       0       0       000010000D    573
     142       1       0       1       0       0       0       0       0D    574
     144    1618       1       0       1       0       1       000000000D    575
     144       0      -5       1       0       0       0       0       0D    576
     406    1619       1       0       1       0       0       000010001D    577
     406       0      -5       1      15       0       0       0       0D    578
     128    1620       1       0       1       0       0       000010000D    579
     128       0      -5      46       0       0       0       0       0D    580
     126    1666       1       0       1       0       0       000010000D    581
     126       0      -5       3       1       0       0       0       0D    582
     126    1669       1       0       1       0       0       000010000D    583
     126       0      -5       3       1       0       0       0       0D    584
     126    1672       1       0       1       0       0       000010000D    585
     126       0      -5       2       1       0       0       0       0D    586
     126    1674       1       0       1       0       0       000010000D    587
     126       0      -5       2       1       0       0       0       0D    588
     126    1676       1       0       1       0       0       000010000D    589
     126       0      -5       2       1       0       0       0       0D    590
     102    1678       1       0       1       0       0       000010000D    591
     102       0      -5       1       0       0       0       0       0D    592
     126    1679       1       0       1       0       0       000010000D    593
     126       0      -5      10       0       0       0       0       0D    594
     126    1689       1       0       1       0       0       000010000D    595
     126       0      -5      13       0       0       0       0       0D    596
     126    1702       1       0       1       0       0       000010000D    597
     126       0      -5       5       0       0       0       0       0D    598
     126    1707       1       0       1       0       0       000010000D    599
     126       0      -5       7       0       0       0       0       0D    600
     126    1714       1       0       1       0       0       000010000D    601
     126       0      -5      15       0       0       0       0       0D    602
     102    1729       1       0       1       0       0       000010000D    603
     102       0      -5       1       0       0       0       0       0D    604
     142    1730       1       1       1       0       0       000010000D    605
     142       1       0       1       0       0       0       0       0D    606
     144    1731       1       0       1       0       1       000000000D    607
     144       0      -5       1       0       0       0       0       0D    608
     406    1732       1       0       1       0       0       000010001D    609
     406       0      -5       1      15       0       0       0       0D    610
     128    1733       1       0       1       0       0       000010000D    611
     128       0      -5      46       0       0       0       0       0D    612
     126    1779       1       0       1       0       0       000010000D    613
     126       0      -5       2       1       0       0       0       0D    614
     126    1781       1       0       1       0       0       000010000D    615
     126       0      -5       2       1       0       0       0       0D    616
     126    1783       1       0       1       0       0       000010000D    617
     126       0      -5       2       1       0       0       0       0D    618
     126    1785       1       0       1       0       0       000010000D    619
     126       0      -5       2       1       0       0       0       0D    620
     126    1787       1       0       1       0       0       000010000D    621
     126       0      -5       2       1       0       0       0       0D    622
     102    1789       1       0       1       0       0       000010000D    623
     102       0      -5       1       0       0       0       0       0D    624
     126    1790       1       0       1       0       0       000010000D    625
     126       0      -5      13       0       0       0       0       0D    626
     126    1803       1       0       1       0       0       000010000D    627
     126       0      -5       8       0       0       0       0       0D    628
     126    1811       1       0       1       0       0       000010000D    629
     126       0      -5       4       0       0       0       0       0D    630
     126    1815       1       0       1       0       0       000010000D    631
     126       0      -5       4       0       0       0       0       0D    632
     126    1819       1       0       1       0       0       000010000D    633
     126       0      -5       8       0       0       0       0       0D    634
     102    1827       1       0       1       0       0       000010000D    635
     102       0      -5       1       0       0       0       0       0D    636
     142    1828       1       1       1       0       0       000010000D    637
     142       1       0       1       0       0       0       0       0D    638
     144    1829       1       0       1       0       1       000000000D    639
     144       0      -5       1       0       0       0       0       0D    640
     406    1830       1       0       1       0       0       000010001D    641
     406       0      -5       1      15       0       0       0       0D    642
     128    1831       1       0       1       0       0       000010000D    643
     128       0      -5       3       1       0       0       0       0D    644
     126    1834       1       0       1       0       0       000010000D    645
     126       0      -5       4       0       0       0       0       0D    646
     126    1838       1       0       1       0       0       000010000D    647
     126       0      -5       4       0       0       0       0       0D    648
     102    1842       1       0       1       0       0       000010000D    649
     102       0      -5       1       0       0       0       0       0D    650
     126    1843       1       0       1       0       0       000010000D    651
     126       0      -5       4       0       0       0       0       0D    652
     126    1847       1       0       1       0       0       000010000D    653
     126       0      -5       3       0       0       0       0       0D    654
     102    1850       1       0       1       0       0       000010000D    655
     102       0      -5       1       0       0       0       0       0D    656
     142    1851       1       1       1       0       0       000010000D    657
     142       1       0       1       0       0       0       0       0D    658
     126    1852       1       0       1       0       0       000010000D    659
     126       0      -5       5       0       0       0       0       0D    660
     126    1857       1       0       1       0       0       000010000D    661
     126       0      -5       5       0       0       0       0       0D    662
     102    1862       1       0       1       0       0       000010000D    663
     102       0      -5       1       0       0       0       0       0D    664
     126    1863       1       0       1       0       0       000010000D    665
     126       0      -5       3       0       0       0       0       0D    666
     126    1866       1       0       1       0       0       000010000D    667
     126       0      -5       4       0       0       0       0       0D    668
     102    1870       1       0       1       0       0       000010000D    669
     102       0      -5       1       0       0       0       0       0D    670
     142    1871       1       1       1       0       0       000010000D    671
     142       1       0       1       0       0       0       0       0D    672
     144    1872       1       0       1       0       1       000000000D    673
     144       0      -5       1       0       0       0       0       0D    674
     406    1873       1       0       1       0       0       000010001D    675
     406       0      -5       1      15       0       0       0       0D    676
     128    1874       1       0       1       0       0       000010000D    677
     128       0      -5      51       0       0       0       0       0D    678
     126    1925       1       0       1       0       0       000010000D    679
     126       0      -5       2       1       0       0       0       0D    680
     126    1927       1       0       1       0       0       000010000D    681
     126       0      -5       3       1       0       0       0       0D    682
     126    1930       1       0       1       0       0       000010000D    683
     126       0      -5       3       1       0       0       0       0D    684
     126    1933       1       0       1       0       0       000010000D    685
     126       0      -5       3       1       0       0       0       0D    686
     126    1936       1       0       1       0       0       000010000D    687
     126       0      -5       3       1       0       0       0       0D    688
     102    1939       1       0       1       0       0       000010000D    689
     102       0      -5       1       0       0       0       0       0D    690
     126    1940       1       0       1       0       0       000010000D    691
     126       0      -5       9       0       0       0       0       0D    692
     126    1949       1       0       1       0       0       000010000D    693
     126       0      -5       8       0       0       0       0       0D    694
     126    1957       1       0       1       0       0       000010000D    695
     126       0      -5       6       0       0       0       0       0D    696
     126    1963       1       0       1       0       0       000010000D    697
     126       0      -5       8       0       0       0       0       0D    698
     126    1971       1       0       1       0       0       000010000D    699
     126       0      -5      14       0       0       0       0       0D    700
     102    1985       1       0       1       0       0       000010000D    701
     102       0      -5       1       0       0       0       0       0D    702
     142    1986       1       1       1       0       0       000010000D    703
     142       1       0       1       0       0       0       0       0D    704
     144    1987       1       0       1       0       1       000000000D    705
     144       0      -5       1       0       0       0       0       0D    706
     406    1988       1       0       1       0       0       000010001D    707
     406       0      -5       1      15       0       0       0       0D    708
     128    1989       1       0       1       0       0       000010000D    709
     128       0      -5      51       0       0       0       0       0D    710
     126    2040       1       0       1       0       0       000010000D    711
     126       0      -5       2       1       0       0       0       0D    712
     126    2042       1       0       1       0       0       000010000D    713
     126       0      -5       2       1       0       0       0       0D    714
     126    2044       1       0       1       0       0       000010000D    715
     126       0      -5       2       1       0       0       0       0D    716
     126    2046       1       0       1       0       0       000010000D    717
     126       0      -5       3       1       0       0       0       0D    718
     126    2049       1       0       1       0       0       000010000D    719
     126       0      -5       3       1       0       0       0       0D    720
     102    2052       1       0       1       0       0       000010000D    721
     102       0      -5       1       0       0       0       0       0D    722
     126    2053       1       0       1       0       0       000010000D    723
     126       0      -5      15       0       0       0       0       0D    724
     126    2068       1       0       1       0       0       000010000D    725
     126       0      -5       7       0       0       0       0       0D    726
     126    2075       1       0       1       0       0       000010000D    727
     126       0      -5       5       0       0       0       0       0D    728
     126    2080       1       0       1       0       0       000010000D    729
     126       0      -5      13       0       0       0       0       0D    730
     126    2093       1       0       1       0       0       000010000D    731
     126       0      -5       9       0       0       0       0       0D    732
     102    2102       1       0       1       0       0       000010000D    733
     102       0      -5       1       0       0       0       0       0D    734
     142    2103       1       1       1       0       0       000010000D    735
     142       1       0       1       0       0       0       0       0D    736
     144    2104       1       0       1       0       1       000000000D    737
     144       0      -5       1       0       0       0       0       0D    738
     406    2105       1       0       1       0       0       000010001D    739
     406       0      -5       1      15       0       0       0       0D    740
     128    2106       1       0       1       0       0       000010000D    741
     128       0      -5      12       2       0       0       0       0D    742
     126    2118       1       0       1       0       0       000010000D    743
     126       0      -5       2       1       0       0       0       0D    744
     126    2120       1       0       1       0       0       000010000D    745
     126       0      -5       2       1       0       0       0       0D    746
     126    2122       1       0       1       0       0       000010000D    747
     126       0      -5       2       1       0       0       0       0D    748
     126    2124       1       0       1       0       0       000010000D    749
     126       0      -5       2       1       0       0       0       0D    750
     126    2126       1       0       1       0       0       000010000D    751
     126       0      -5       2       1       0       0       0       0D    752
     126    2128       1       0       1       0       0       000010000D    753
     126       0      -5       2       1       0       0       0       0D    754
     102    2130       1       0       1       0       0       000010000D    755
     102       0      -5       1       0       0       0       0       0D    756
     126    2131       1       0       1       0       0       000010000D    757
     126       0      -5       4       1       0       0       0       0D    758
     126    2135       1       0       1       0       0       000010000D    759
     126       0      -5       7       0       0       0       0       0D    760
     126    2142       1       0       1       0       0       000010000D    761
     126       0      -5       4       0       0       0       0       0D    762
     126    2146       1       0       1       0       0       000010000D    763
     126       0      -5       2       1       0       0       0       0D    764
     126    2148       1       0       1       0       0       000010000D    765
     126       0      -5       3       0       0       0       0       0D    766
     126    2151       1       0       1       0       0       000010000D    767
     126       0      -5       3       0       0       0       0       0D    768
     102    2154       1       0       1       0       0       000010000D    769
     102       0      -5       1       0       0       0       0       0D    770
     142    2155       1       1       1       0       0       000010000D    771
     142       1       0       1       0       0       0       0       0D    772
     144    2156       1       0       1       0       1       000000000D    773
     144       0      -5       1       0       0       0       0       0D    774
     406    2157       1       0       1       0       0       000010001D    775
     406       0      -5       1      15       0       0       0       0D    776
     128    2158       1       0       1       0       0       000010000D    777
     128       0      -5      12       2       0       0       0       0D    778
     126    2170       1       0       1       0       0       000010000D    779
     126       0      -5       2       1       0       0       0       0D    780
     126    2172       1       0       1       0       0       000010000D    781
     126       0      -5       2       1       0       0       0       0D    782
     126    2174       1       0       1       0       0       000010000D    783
     126       0      -5       2       1       0       0       0       0D    784
     126    2176       1       0       1       0       0       000010000D    785
     126       0      -5       2       1       0       0       0       0D    786
     126    2178       1       0       1       0       0       000010000D    787
     126       0      -5       2       1       0       0       0       0D    788
     126    2180       1       0       1       0       0       000010000D    789
     126       0      -5       3       1       0       0       0       0D    790
     102    2183       1       0       1       0       0       000010000D    791
     102       0      -5       1       0       0       0       0       0D    792
     126    2184       1       0       1       0       0       000010000D    793
     126       0      -5       4       0       0       0       0       0D    794
     126    2188       1       0       1       0       0       000010000D    795
     126       0      -5       2       1       0       0       0       0D    796
     126    2190       1       0       1       0       0       000010000D    797
     126       0      -5       3       0       0       0       0       0D    798
     126    2193       1       0       1       0       0       000010000D    799
     126       0      -5       4       0       0       0       0       0D    800
     126    2197       1       0       1       0       0       000010000D    801
     126       0      -5       4       0       0       0       0       0D    802
     126    2201       1       0       1       0       0       000010000D    803
     126       0      -5       6       0       0       0       0       0D    804
     102    2207       1       0       1       0       0       000010000D    805
     102       0      -5       1       0       0       0       0       0D    806
     142    2208       1       1       1       0       0       000010000D    807
     142       1       0       1       0       0       0       0       0D    808
     144    2209       1       0       1       0       1       000000000D    809
     144       0      -5       1       0       0       0       0       0D    810
     406    2210       1       0       1       0       0       000010001D    811
     406       0      -5       1      15       0       0       0       0D    812
     128    2211       1       0       1       0       0       000010000D    813
     128       0      -5      51       0       0       0       0       0D    814
     126    2262       1       0       1       0       0       000010000D    815
     126       0      -5       3       1       0       0       0       0D    816
     126    2265       1       0       1       0       0       000010000D    817
     126       0      -5       3       1       0       0       0       0D    818
     126    2268       1       0       1       0       0       000010000D    819
     126       0      -5       3       1       0       0       0       0D    820
     126    2271       1       0       1       0       0       000010000D    821
     126       0      -5       3       1       0       0       0       0D    822
     126    2274       1       0       1       0       0       000010000D    823
     126       0      -5       3       1       0       0       0       0D    824
     102    2277       1       0       1       0       0       000010000D    825
     102       0      -5       1       0       0       0       0       0D    826
     126    2278       1       0       1       0       0       000010000D    827
     126       0      -5       8       0       0       0       0       0D    828
     126    2286       1       0       1       0       0       000010000D    829
     126       0      -5      15       0       0       0       0       0D    830
     126    2301       1       0       1       0       0       000010000D    831
     126       0      -5       8       0       0       0       0       0D    832
     126    2309       1       0       1       0       0       000010000D    833
     126       0      -5      12       0       0       0       0       0D    834
     126    2321       1       0       1       0       0       000010000D    835
     126       0      -5      12       0       0       0       0       0D    836
     102    2333       1       0       1       0       0       000010000D    837
     102       0      -5       1       0       0       0       0       0D    838
     142    2334       1       1       1       0       0       000010000D    839
     142       1       0       1       0       0       0       0       0D    840
     144    2335       1       0       1       0       1       000000000D    841
     144       0      -5       1       0       0       0       0       0D    842
     406    2336       1       0       1       0       0       000010001D    843
     406       0      -5       1      15       0       0       0       0D    844
     128    2337       1       0       1       0       0       000010000D    845
     128       0      -5      51       0       0       0       0       0D    846
     126    2388       1       0       1       0       0       000010000D    847
     126       0      -5       2       1       0       0       0       0D    848
     126    2390       1       0       1       0       0       000010000D    849
     126       0      -5       2       1       0       0       0       0D    850
     126    2392       1       0       1       0       0       000010000D    851
     126       0      -5       2       1       0       0       0       0D    852
     126    2394       1       0       1       0       0       000010000D    853
     126       0      -5       3       1       0       0       0       0D    854
     126    2397       1       0       1       0       0       000010000D    855
     126       0      -5       3       1       0       0       0       0D    856
     102    2400       1       0       1       0       0       000010000D    857
     102       0      -5       1       0       0       0       0       0D    858
     126    2401       1       0       1       0       0       000010000D    859
     126       0      -5       7       0       0       0       0       0D    860
     126    2408       1       0       1       0       0       000010000D    861
     126       0      -5       7       0       0       0       0       0D    862
     126    2415       1       0       1       0       0       000010000D    863
     126       0      -5      16       0       0       0       0       0D    864
     126    2431       1       0       1       0       0       000010000D    865
     126       0      -5      10       0       0       0       0       0D    866
     126    2441       1       0       1       0       0       000010000D    867
     126       0      -5       6       0       0       0       0       0D    868
     102    2447       1       0       1       0       0       000010000D    869
     102       0      -5       1       0       0       0       0       0D    870
     142    2448       1       1       1       0       0       000010000D    871
     142       1       0       1       0       0       0       0       0D    872
     144    2449       1       0       1       0       1       000000000D    873
     144       0      -5       1       0       0       0       0       0D    874
     406    2450       1       0       1       0       0       000010001D    875
     406       0      -5       1      15       0       0       0       0D    876
     128    2451       1       0       1       0       0       000010000D    877
     128       0      -5      53       0       0       0       0       0D    878
     126    2504       1       0       1       0       0       000010000D    879
     126       0      -5       3       1       0       0       0       0D    880
     126    2507       1       0       1       0       0       000010000D    881
     126       0      -5       3       1       0       0       0       0D    882
     126    2510       1       0       1       0       0       000010000D    883
     126       0      -5       3       1       0       0       0       0D    884
     126    2513       1       0       1       0       0       000010000D    885
     126       0      -5       2       1       0       0       0       0D    886
     126    2515       1       0       1       0       0       000010000D    887
     126       0      -5       2       1       0       0       0       0D    888
     102    2517       1       0       1       0       0       000010000D    889
     102       0      -5       1       0       0       0       0       0D    890
     126    2518       1       0       1       0       0       000010000D    891
     126       0      -5      13       0       0       0       0       0D    892
     126    2531       1       0       1       0       0       000010000D    893
     126       0      -5      11       0       0       0       0       0D    894
     126    2542       1       0       1       0       0       000010000D    895
     126       0      -5      16       0       0       0       0       0D    896
     126    2558       1       0       1       0       0       000010000D    897
     126       0      -5       8       0       0       0       0       0D    898
     126    2566       1       0       1       0       0       000010000D    899
     126       0      -5      13       0       0       0       0       0D    900
     102    2579       1       0       1       0       0       000010000D    901
     102       0      -5       1       0       0       0       0       0D    902
     142    2580       1       1       1       0       0       000010000D    903
     142       1       0       1       0       0       0       0       0D    904
     144    2581       1       0       1       0       1       000000000D    905
     144       0      -5       1       0       0       0       0       0D    906
     406    2582       1       0       1       0       0       000010001D    907
     406       0      -5       1      15       0       0       0       0D    908
     128    2583       1       0       1       0       0       000010000D    909
     128       0      -5      53       0       0       0       0       0D    910
     126    2636       1       0       1       0       0       000010000D    911
     126       0      -5       3       1       0       0       0       0D    912
     126    2639       1       0       1       0       0       000010000D    913
     126       0      -5       3       1       0       0       0       0D    914
     126    2642       1       0       1       0       0       000010000D    915
     126       0      -5       2       1       0       0       0       0D    916
     126    2644       1       0       1       0       0       000010000D    917
     126       0      -5       2       1       0       0       0       0D    918
     126    2646       1       0       1       0       0       000010000D    919
     126       0      -5       3       1       0       0       0       0D    920
     102    2649       1       0       1       0       0       000010000D    921
     102       0      -5       1       0       0       0       0       0D    922
     126    2650       1       0       1       0       0       000010000D    923
     126       0      -5      12       0       0       0       0       0D    924
     126    2662       1       0       1       0       0       000010000D    925
     126       0      -5      14       0       0       0       0       0D    926
     126    2676       1       0       1       0       0       000010000D    927
     126       0      -5       8       0       0       0       0       0D    928
     126    2684       1       0       1       0       0       000010000D    929
     126       0      -5      15       0       0       0       0       0D    930
     126    2699       1       0       1       0       0       000010000D    931
     126       0      -5      11       0       0       0       0       0D    932
     102    2710       1       0       1       0       0       000010000D    933
     102       0      -5       1       0       0       0       0       0D    934
     142    2711       1       1       1       0       0       000010000D    935
     142       1       0       1       0       0       0       0       0D    936
     144    2712       1       0       1       0       1       000000000D    937
     144       0      -5       1       0       0       0       0       0D    938
     406    2713       1       0       1       0       0       000010001D    939
     406       0      -5       1      15       0       0       0       0D    940
     128    2714       1       0       1       0       0       000010000D    941
     128       0      -5      20       3       0       0       0       0D    942
     126    2734       1       0       1       0       0       000010000D    943
     126       0      -5       3       1       0       0       0       0D    944
     126    2737       1       0       1       0       0       000010000D    945
     126       0      -5       3       1       0       0       0       0D    946
     126    2740       1       0       1       0       0       000010000D    947
     126       0      -5       3       1       0       0       0       0D    948
     126    2743       1       0       1       0       0       000010000D    949
     126       0      -5       2       1       0       0       0       0D    950
     126    2745       1       0       1       0       0       000010000D    951
     126       0      -5       2       1       0       0       0       0D    952
     126    2747       1       0       1       0       0       000010000D    953
     126       0      -5       3       1       0       0       0       0D    954
     102    2750       1       0       1       0       0       000010000D    955
     102       0      -5       1       0       0       0       0       0D    956
     126    2751       1       0       1       0       0       000010000D    957
     126       0      -5       6       0       0       0       0       0D    958
     126    2757       1       0       1       0       0       000010000D    959
     126       0      -5       6       0       0       0       0       0D    960
     126    2763       1       0       1       0       0       000010000D    961
     126       0      -5       6       0       0       0       0       0D    962
     126    2769       1       0       1       0       0       000010000D    963
     126       0      -5       4       1       0       0       0       0D    964
     126    2773       1       0       1       0       0       000010000D    965
     126       0      -5       8       0       0       0       0       0D    966
     126    2781       1       0       1       0       0       000010000D    967
     126       0      -5       9       0       0       0       0       0D    968
     102    2790       1       0       1       0       0       000010000D    969
     102       0      -5       1       0       0       0       0       0D    970
     142    2791       1       1       1       0       0       000010000D    971
     142       1       0       1       0       0       0       0       0D    972
     144    2792       1       0       1       0       1       000000000D    973
     144       0      -5       1       0       0       0       0       0D    974
     406    2793       1       0       1       0       0       000010001D    975
     406       0      -5       1      15       0       0       0       0D    976
     128    2794       1       0       1       0       0       000010000D    977
     128       0      -5      20       3       0       0       0       0D    978
     126    2814       1       0       1       0       0       000010000D    979
     126       0      -5       3       1       0       0       0       0D    980
     126    2817       1       0       1       0       0       000010000D    981
     126       0      -5       2       1       0       0       0       0D    982
     126    2819       1       0       1       0       0       000010000D    983
     126       0      -5       2       1       0       0       0       0D    984
     126    2821       1       0       1       0       0       000010000D    985
     126       0      -5       3       1       0       0       0       0D    986
     126    2824       1       0       1       0       0       000010000D    987
     126       0      -5       3       1       0       0       0       0D    988
     126    2827       1       0       1       0       0       000010000D    989
     126       0      -5       3       1       0       0       0       0D    990
     102    2830       1       0       1       0       0       000010000D    991
     102       0      -5       1       0       0       0       0       0D    992
     126    2831       1       0       1       0       0       000010000D    993
     126       0      -5       5       0       0       0       0       0D    994
     126    2836       1       0       1       0       0       000010000D    995
     126       0      -5       4       1       0       0       0       0D    996
     126    2840       1       0       1       0       0       000010000D    997
     126       0      -5       4       0       0       0       0       0D    998
     126    2844       1       0       1       0       0       000010000D    999
     126       0      -5       8       0       0       0       0       0D   1000
     126    2852       1       0       1       0       0       000010000D   1001
     126       0      -5       5       1       0       0       0       0D   1002
     126    2857       1       0       1       0       0       000010000D   1003
     126       0      -5      11       0       0       0       0       0D   1004
     102    2868       1       0       1       0       0       000010000D   1005
     102       0      -5       1       0       0       0       0       0D   1006
     142    2869       1       1       1       0       0       000010000D   1007
     142       1       0       1       0       0       0       0       0D   1008
     144    2870       1       0       1       0       1       000000000D   1009
     144       0      -5       1       0       0       0       0       0D   1010
     406    2871       1       0       1       0       0       000010001D   1011
     406       0      -5       1      15       0       0       0       0D   1012
     128    2872       1       0       1       0       0       000010000D   1013
     128       0      -5      35       0       0       0       0       0D   1014
     126    2907       1       0       1       0       0       000010000D   1015
     126       0      -5       3       1       0       0       0       0D   1016
     126    2910       1       0       1       0       0       000010000D   1017
     126       0      -5       3       1       0       0       0       0D   1018
     126    2913       1       0       1       0       0       000010000D   1019
     126       0      -5       3       1       0       0       0       0D   1020
     126    2916       1       0       1       0       0       000010000D   1021
     126       0      -5       3       1       0       0       0       0D   1022
     126    2919       1       0       1       0       0       000010000D   1023
     126       0      -5       3       1       0       0       0       0D   1024
     102    2922       1       0       1       0       0       000010000D   1025
     102       0      -5       1       0       0       0       0       0D   1026
     126    2923       1       0       1       0       0       000010000D   1027
     126       0      -5      10       0       0       0       0       0D   1028
     126    2933       1       0       1       0       0       000010000D   1029
     126       0      -5      13       0       0       0       0       0D   1030
     126    2946       1       0       1       0       0       000010000D   1031
     126       0      -5      13       0       0       0       0       0D   1032
     126    2959       1       0       1       0       0       000010000D   1033
     126       0      -5       6       0       0       0       0       0D   1034
     126    2965       1       0       1       0       0       000010000D   1035
     126       0      -5      15       0       0       0       0       0D   1036
     102    2980       1       0       1       0       0       000010000D   1037
     102       0      -5       1       0       0       0       0       0D   1038
     142    2981       1       1       1       0       0       000010000D   1039
     142       1       0       1       0       0       0       0       0D   1040
     144    2982       1       0       1       0       1       000000000D   1041
     144       0      -5       1       0       0       0       0       0D   1042
     406    2983       1       0       1       0       0       000010001D   1043
     406       0      -5       1      15       0       0       0       0D   1044
     128    2984       1       0       1       0       0       000010000D   1045
     128       0      -5      35       0       0       0       0       0D   1046
     126    3019       1       0       1       0       0       000010000D   1047
     126       0      -5       2       1       0       0       0       0D   1048
     126    3021       1       0       1       0       0       000010000D   1049
     126       0      -5       2       1       0       0       0       0D   1050
     126    3023       1       0       1       0       0       000010000D   1051
     126       0      -5       2       1       0       0       0       0D   1052
     126    3025       1       0       1       0       0       000010000D   1053
     126       0      -5       3       1       0       0       0       0D   1054
     126    3028       1       0       1       0       0       000010000D   1055
     126       0      -5       3       1       0       0       0       0D   1056
     102    3031       1       0       1       0       0       000010000D   1057
     102       0      -5       1       0       0       0       0       0D   1058
     126    3032       1       0       1       0       0       000010000D   1059
     126       0      -5      15       0       0       0       0       0D   1060
     126    3047       1       0       1       0       0       000010000D   1061
     126       0      -5       5       0       0       0       0       0D   1062
     126    3052       1       0       1       0       0       000010000D   1063
     126       0      -5      13       0       0       0       0       0D   1064
     126    3065       1       0       1       0       0       000010000D   1065
     126       0      -5      12       0       0       0       0       0D   1066
     126    3077       1       0       1       0       0       000010000D   1067
     126       0      -5       6       0       0       0       0       0D   1068
     102    3083       1       0       1       0       0       000010000D   1069
     102       0      -5       1       0       0       0       0       0D   1070
     142    3084       1       1       1       0       0       000010000D   1071
     142       1       0       1       0       0       0       0       0D   1072
     144    3085       1       0       1       0       1       000000000D   1073
     144       0      -5       1       0       0       0       0       0D   1074
     406    3086       1       0       1       0       0       000010001D   1075
     406       0      -5       1      15       0       0       0       0D   1076
     128    3087       1       0       1       0       0       000010000D   1077
     128       0      -5       5       1       0       0       0       0D   1078
     126    3092       1       0       1       0       0       000010000D   1079
     126       0      -5       4       0       0       0       0       0D   1080
     126    3096       1       0       1       0       0       000010000D   1081
     126       0      -5       4       0       0       0       0       0D   1082
     102    3100       1       0       1       0       0       000010000D   1083
     102       0      -5       1       0       0       0       0       0D   1084
     126    3101       1       0       1       0       0       000010000D   1085
     126       0      -5       5       0       0       0       0       0D   1086
     126    3106       1       0       1       0       0       000010000D   1087
     126       0      -5       5       0       0       0       0       0D   1088
     102    3111       1       0       1       0       0       000010000D   1089
     102       0      -5       1       0       0       0       0       0D   1090
     142    3112       1       1       1       0       0       000010000D   1091
     142       1       0       1       0       0       0       0       0D   1092
     126    3113       1       0       1       0       0       000010000D   1093
     126       0      -5       5       0       0       0       0       0D   1094
     126    3118       1       0       1       0       0       000010000D   1095
     126       0      -5       5       0       0       0       0       0D   1096
     102    3123       1       0       1       0       0       000010000D   1097
     102       0      -5       1       0       0       0       0       0D   1098
     126    3124       1       0       1       0       0       000010000D   1099
     126       0      -5       3       0       0       0       0       0D   1100
     126    3127       1       0       1       0       0       000010000D   1101
     126       0      -5       3       0       0       0       0       0D   1102
     102    3130       1       0       1       0       0       000010000D   1103
     102       0      -5       1       0       0       0       0       0D   1104
     142    3131       1       1       1       0       0       000010000D   1105
     142       1       0       1       0       0       0       0       0D   1106
     144    3132       1       0       1       0       1       000000000D   1107
     144       0      -5       1       0       0       0       0       0D   1108
     406    3133       1       0       1       0       0       000010001D   1109
     406       0      -5       1      15       0       0       0       0D   1110
     128    3134       1       0       1       0       0       000010000D   1111
     128       0      -5       9       2       0       0       0       0D   1112
     126    3143       1       0       1       0       0       000010000D   1113
     126       0      -5       2       1       0       0       0       0D   1114
     126    3145       1       0       1       0       0       000010000D   1115
     126       0      -5       2       1       0       0       0       0D   1116
     126    3147       1       0       1       0       0       000010000D   1117
     126       0      -5       2       1       0       0       0       0D   1118
     126    3149       1       0       1       0       0       000010000D   1119
     126       0      -5       2       1       0       0       0       0D   1120
     102    3151       1       0       1       0       0       000010000D   1121
     102       0      -5       1       0       0       0       0       0D   1122
     126    3152       1       0       1       0       0       000010000D   1123
     126       0      -5       2       1       0       0       0       0D   1124
     126    3154       1       0       1       0       0       000010000D   1125
     126       0      -5       3       0       0       0       0       0D   1126
     126    3157       1       0       1       0       0       000010000D   1127
     126       0      -5       2       1       0       0       0       0D   1128
     126    3159       1       0       1       0       0       000010000D   1129
     126       0      -5       3       0       0       0       0       0D   1130
     102    3162       1       0       1       0       0       000010000D   1131
     102       0      -5       1       0       0       0       0       0D   1132
     142    3163       1       1       1       0       0       000010000D   1133
     142       1       0       1       0       0       0       0       0D   1134
     144    3164       1       0       1       0       1       000000000D   1135
     144       0      -5       1       0       0       0       0       0D   1136
     406    3165       1       0       1       0       0       000010001D   1137
     406       0      -5       1      15       0       0       0       0D   1138
     128    3166       1       0       1       0       0       000010000D   1139
     128       0      -5       9       2       0       0       0       0D   1140
     126    3175       1       0       1       0       0       000010000D   1141
     126       0      -5       2       1       0       0       0       0D   1142
     126    3177       1       0       1       0       0       000010000D   1143
     126       0      -5       2       1       0       0       0       0D   1144
     126    3179       1       0       1       0       0       000010000D   1145
     126       0      -5       2       1       0       0       0       0D   1146
     126    3181       1       0       1       0       0       000010000D   1147
     126       0      -5       2       1       0       0       0       0D   1148
     102    3183       1       0       1       0       0       000010000D   1149
     102       0      -5       1       0       0       0       0       0D   1150
     126    3184       1       0       1       0       0       000010000D   1151
     126       0      -5       3       0       0       0       0       0D   1152
     126    3187       1       0       1       0       0       000010000D   1153
     126       0      -5       2       1       0       0       0       0D   1154
     126    3189       1       0       1       0       0       000010000D   1155
     126       0      -5       3       0       0       0       0       0D   1156
     126    3192       1       0       1       0       0       000010000D   1157
     126       0      -5       2       1       0       0       0       0D   1158
     102    3194       1       0       1       0       0       000010000D   1159
     102       0      -5       1       0       0       0       0       0D   1160
     142    3195       1       1       1       0       0       000010000D   1161
     142       1       0       1       0       0       0       0       0D   1162
     144    3196       1       0       1       0       1       000000000D   1163
     144       0      -5       1       0       0       0       0       0D   1164
     406    3197       1       0       1       0       0       000010001D   1165
     406       0      -5       1      15       0       0       0       0D   1166
     128    3198       1       0       1       0       0       000010000D   1167
     128       0      -5       6       1       0       0       0       0D   1168
     126    3204       1       0       1       0       0       000010000D   1169
     126       0      -5       3       0       0       0       0       0D   1170
     126    3207       1       0       1       0       0       000010000D   1171
     126       0      -5       3       0       0       0       0       0D   1172
     102    3210       1       0       1       0       0       000010000D   1173
     102       0      -5       1       0       0       0       0       0D   1174
     126    3211       1       0       1       0       0       000010000D   1175
     126       0      -5       6       0       0       0       0       0D   1176
     126    3217       1       0       1       0       0       000010000D   1177
     126       0      -5       6       0       0       0       0       0D   1178
     102    3223       1       0       1       0       0       000010000D   1179
     102       0      -5       1       0       0       0       0       0D   1180
     142    3224       1       1       1       0       0       000010000D   1181
     142       1       0       1       0       0       0       0       0D   1182
     126    3225       1       0       1       0       0       000010000D   1183
     126       0      -5       5       0       0       0       0       0D   1184
     126    3230       1       0       1       0       0       000010000D   1185
     126       0      -5       5       0       0       0       0       0D   1186
     102    3235       1       0       1       0       0       000010000D   1187
     102       0      -5       1       0       0       0       0       0D   1188
     126    3236       1       0       1       0       0       000010000D   1189
     126       0      -5       5       0       0       0       0       0D   1190
     126    3241       1       0       1       0       0       000010000D   1191
     126       0      -5       5       0       0       0       0       0D   1192
     102    3246       1       0       1       0       0       000010000D   1193
     102       0      -5       1       0       0       0       0       0D   1194
     142    3247       1       1       1       0       0       000010000D   1195
     142       1       0       1       0       0       0       0       0D   1196
     144    3248       1       0       1       0       1       000000000D   1197
     144       0      -5       1       0       0       0       0       0D   1198
     406    3249       1       1       1       0       0       000010001D   1199
     406       0       0       1      15       0       0       0       0D   1200
124,1.,0.,0.,0.,0.,1.,0.,0.,0.,0.,1.,0.;                               1P      1
406,2,0,9HLayer0000,0,0;                                               3P      2
314,62.745098039216,62.745098039216,62.745098039216;                   5P      3
406,1,2HF1;                                                            7P      4
128,2,8,2,2,0,1,0,0,0,0.,0.,0.,0.19273294099634,                       9P      5
0.19273294099634,0.19273294099634,0.,0.,0.,14.386082223946,            9P      6
14.386082223946,28.772164447893,28.772164447893,43.158246671839,       9P      7
43.158246671839,57.544328895785,57.544328895785,57.544328895785,       9P      8
0.86981713796285,0.66967585748388,0.80384845591079,                    9P      9
0.61505359664581,0.47353234002377,0.56840669422086,                    9P     10
0.86981713796285,0.66967585748388,0.80384845591079,                    9P     11
0.61505359664581,0.47353234002377,0.56840669422086,                    9P     12
0.86981713796285,0.66967585748388,0.80384845591079,                    9P     13
0.61505359664581,0.47353234002377,0.56840669422086,                    9P     14
0.86981713796285,0.66967585748388,0.80384845591079,                    9P     15
0.61505359664581,0.47353234002377,0.56840669422086,                    9P     16
0.86981713796285,0.66967585748388,0.80384845591079,                    9P     17
-41.856560275032,0.,-15.542291065051,-42.000001173473,0.,              9P     18
-15.499999828985,-42.000000563452,0.,-15.35045438441,                  9P     19
-41.856560275032,15.542291065051,-15.542291065051,                     9P     20
-42.000001173473,15.499999828985,-15.499999828985,                     9P     21
-42.000000563452,15.35045438441,-15.35045438441,                       9P     22
-41.856560275032,15.542291065051,0.,-42.000001173473,                  9P     23
15.499999828985,0.,-42.000000563452,15.35045438441,0.,                 9P     24
-41.856560275032,15.542291065051,15.542291065051,                      9P     25
-42.000001173473,15.499999828985,15.499999828985,                      9P     26
-42.000000563452,15.35045438441,15.35045438441,-41.856560275032,       9P     27
0.,15.542291065051,-42.000001173473,0.,15.499999828985,                9P     28
-42.000000563452,0.,15.35045438441,-41.856560275032,                   9P     29
-15.542291065051,15.542291065051,-42.000001173473,                     9P     30
-15.499999828985,15.499999828985,-42.000000563452,                     9P     31
-15.35045438441,15.35045438441,-41.856560275032,                       9P     32
-15.542291065051,0.,-42.000001173473,-15.499999828985,0.,              9P     33
-42.000000563452,-15.35045438441,0.,-41.856560275032,                  9P     34
-15.542291065051,-15.542291065051,-42.000001173473,                    9P     35
-15.499999828985,-15.499999828985,-42.000000563452,                    9P     36
-15.35045438441,-15.35045438441,-41.856560275032,0.,                   9P     37
-15.542291065051,-42.000001173473,0.,-15.499999828985,                 9P     38
-42.000000563452,0.,-15.35045438441,0.,0.19273293271924,               9P     39
28.772164447886,57.544328895785,0,1,7;                                 9P     40
126,1,1,1,0,1,0,0.,0.,1.,1.,1.,1.,1.3191431895362E-06,                11P     41
43.158245161773,0.,2.4008974029571E-06,28.772164447886,0.,0.,1.,      11P     42
0.,0.,1.;                                                             11P     43
126,1,1,1,0,1,0,0.,0.,1.,1.,1.,1.,0.,28.772164447886,0.,              13P     44
0.19273236437187,28.772164447886,0.,0.,1.,0.,0.,1.;                   13P     45
126,1,1,1,0,1,0,0.,0.,1.,1.,1.,1.,0.19267926333967,                   15P     46
28.772164447959,0.,0.19273293271924,57.544328895785,0.,0.,1.,0.,      15P     47
0.,1.;                                                                15P     48
126,1,1,1,0,1,0,0.,0.,1.,1.,1.,1.,0.19273293271924,                   17P     49
57.544328895785,0.,1.5948661621565E-06,57.544328895785,0.,0.,1.,      17P     50
0.,0.,1.;                                                             17P     51
126,1,1,1,0,1,0,0.,0.,1.,1.,1.,1.,1.5948661621565E-06,                19P     52
57.544328895785,0.,3.2901676133498E-06,43.158245161773,0.,0.,1.,      19P     53
0.,0.,1.;                                                             19P     54
102,5,11,13,15,17,19;                                                 21P     55
126,9,3,0,0,1,0,0.,0.,0.,0.,0.15348755760787,0.46046267282362,        23P     56
0.46046267282362,0.95775610099947,0.95775610099947,                   23P     57
0.98591870033316,1.,1.,1.,1.,1.,1.,1.,1.,1.,1.,1.,1.,1.,1.,           23P     58
-41.856561786768,-15.542290619333,2.3071910417183E-06,                23P     59
-41.856561857801,-15.542290411431,1.2594438325723,                    23P     60
-41.856562060171,-15.083035201188,5.0377683329043,                    23P     61
-41.856562242322,-13.277504299817,8.4611334737011,                    23P     62
-41.856562559669,-8.8962931608528,13.37926862038,                     23P     63
-41.856562744881,-5.1024410243927,15.235635100487,                    23P     64
-41.856562981343,-0.80742862289584,15.523017552704,                   23P     65
-41.856563000523,-0.46142464297088,15.538437438217,                   23P     66
-41.856563019951,-0.1153561607196,15.542290255734,                    23P     67
-41.856563026457,9.4685063603448E-12,15.542290253816,0.,1.,0.,        23P     68
0.,0.;                                                                23P     69
126,2,2,0,0,0,0,0.,0.,0.,0.19273236437187,0.19273236437187,           25P     70
0.19273236437187,0.86981713796309,0.66967645627304,                   25P     71
0.8038476530704,-41.856560275032,1.0119878653147E-11,                 25P     72
15.542291065051,-42.000000616065,1.0092342139248E-11,                 25P     73
15.499999993328,-42.000000563454,9.9949706600402E-12,                 25P     74
15.350455129882,0.,0.19273236437187,0.,0.,0.;                         25P     75
126,11,3,0,0,1,0,0.,0.,0.,0.,0.081463830149367,0.2443914904481,       27P     76
0.2443914904481,0.63080345716853,0.63080345716853,                    27P     77
0.98480162469563,0.98480162469563,0.99493387489855,1.,1.,1.,1.,       27P     78
1.,1.,1.,1.,1.,1.,1.,1.,1.,1.,1.,1.,-42.000000551695,                 27P     79
-9.9511307062205E-11,15.350523783124,-42.000000552431,                27P     80
-1.3435516844011,15.350521635825,-42.000000554416,                    27P     81
-5.3742058915678,14.821342065075,-42.000000555955,                    27P     82
-8.9603263346857,12.748573223421,-42.000000559111,                    27P     83
-15.346692192828,6.3621899414448,-42.000000560881,                    27P     84
-16.602378710583,-0.41345481806558,-42.000000562969,                  27P     85
-11.689386962409,-11.52001098688,-42.000000563436,                    27P     86
-6.5511102483774,-15.049081117126,-42.000000563454,                   27P     87
-0.58200180746941,-15.340319613639,-42.000000563454,                  27P     88
-0.33258658824421,-15.348428265945,-42.000000563453,                  27P     89
-0.083146646251819,-15.350454527986,-42.000000563452,0.,              27P     90
-15.350454395111,0.,1.,0.,0.,0.;                                      27P     91
126,2,2,0,0,0,0,8.277095286946E-09,8.277095286946E-09,                29P     92
8.277095286946E-09,0.19273134613018,0.19273134613018,                 29P     93
0.19273134613018,0.80384844438646,0.66967697635802,                   29P     94
0.86981382564532,-42.000000563452,0.,-15.350454395111,                29P     95
-42.000001165466,0.,-15.499998345921,-41.856562102746,0.,             29P     96
-15.542290526169,8.277095286946E-09,0.19273134613018,0.,0.,0.;        29P     97
126,9,3,0,0,1,0,0.,0.,0.,0.,0.16573970682317,0.49721912046951,        31P     98
0.49721912046951,0.96784623160306,0.96784623160306,                   31P     99
0.98928207720102,1.,1.,1.,1.,1.,1.,1.,1.,1.,1.,1.,1.,1.,1.,           31P    100
-41.856562102746,0.,-15.542290526169,-41.856562222944,                31P    101
-1.3598643306677,-15.54229049073,-41.856562563935,                    31P    102
-5.4394573087175,-15.006877705928,-41.856562869471,                   31P    103
-9.0716912977219,-12.908426768657,-41.856563364756,                   31P    104
-13.713716753041,-8.2664002994954,-41.85656364329,                    31P    105
-15.327114245226,-4.6310573211702,-41.856563991737,                   31P    106
-15.531171826176,-0.61334475206803,-41.856564014499,                  31P    107
-15.540066940152,-0.35049786360525,-41.856564037815,                  31P    108
-15.542289968622,-0.087622735411778,-41.856564045561,                 31P    109
-15.542289953331,2.307190063501E-06,0.,1.,0.,0.,0.;                   31P    110
102,5,23,25,27,29,31;                                                 33P    111
142,0,9,21,33,1;                                                      35P    112
144,9,1,0,35,0,1,7;                                                   37P    113
406,1,2HF2;                                                           39P    114
128,2,8,2,2,0,1,0,0,0,0.,0.,0.,0.19273294099634,                      41P    115
0.19273294099634,0.19273294099634,0.,0.,0.,14.386082223946,           41P    116
14.386082223946,28.772164447893,28.772164447893,43.158246671839,      41P    117
43.158246671839,57.544328895785,57.544328895785,57.544328895785,      41P    118
0.86981713796285,0.66967585748388,0.80384845591079,                   41P    119
0.61505359664581,0.47353234002377,0.56840669422086,                   41P    120
0.86981713796285,0.66967585748388,0.80384845591079,                   41P    121
0.61505359664581,0.47353234002377,0.56840669422086,                   41P    122
0.86981713796285,0.66967585748388,0.80384845591079,                   41P    123
0.61505359664581,0.47353234002377,0.56840669422086,                   41P    124
0.86981713796285,0.66967585748388,0.80384845591079,                   41P    125
0.61505359664581,0.47353234002377,0.56840669422086,                   41P    126
0.86981713796285,0.66967585748388,0.80384845591079,                   41P    127
-41.856560275032,0.,-15.542291065051,-42.000001173473,0.,             41P    128
-15.499999828985,-42.000000563452,0.,-15.35045438441,                 41P    129
-41.856560275032,15.542291065051,-15.542291065051,                    41P    130
-42.000001173473,15.499999828985,-15.499999828985,                    41P    131
-42.000000563452,15.35045438441,-15.35045438441,                      41P    132
-41.856560275032,15.542291065051,0.,-42.000001173473,                 41P    133
15.499999828985,0.,-42.000000563452,15.35045438441,0.,                41P    134
-41.856560275032,15.542291065051,15.542291065051,                     41P    135
-42.000001173473,15.499999828985,15.499999828985,                     41P    136
-42.000000563452,15.35045438441,15.35045438441,-41.856560275032,      41P    137
0.,15.542291065051,-42.000001173473,0.,15.499999828985,               41P    138
-42.000000563452,0.,15.35045438441,-41.856560275032,                  41P    139
-15.542291065051,15.542291065051,-42.000001173473,                    41P    140
-15.499999828985,15.499999828985,-42.000000563452,                    41P    141
-15.35045438441,15.35045438441,-41.856560275032,                      41P    142
-15.542291065051,0.,-42.000001173473,-15.499999828985,0.,             41P    143
-42.000000563452,-15.35045438441,0.,-41.856560275032,                 41P    144
-15.542291065051,-15.542291065051,-42.000001173473,                   41P    145
-15.499999828985,-15.499999828985,-42.000000563452,                   41P    146
-15.35045438441,-15.35045438441,-41.856560275032,0.,                  41P    147
-15.542291065051,-42.000001173473,0.,-15.499999828985,                41P    148
-42.000000563452,0.,-15.35045438441,3.8037583457995E-08,              41P    149
0.19273294099634,0.,28.772164447959,0,1,39;                           41P    150
126,1,1,1,0,1,0,0.,0.,0.5,0.5,1.,1.,3.8037783742229E-08,              43P    151
28.772164447959,0.,3.5875718412993E-06,14.386082223979,0.,0.,         43P    152
0.5,0.,0.,1.;                                                         43P    153
126,1,1,1,0,1,0,0.5,0.5,1.,1.,1.,1.,3.5875718412993E-06,              45P    154
14.386082223979,0.,7.1371058988565E-06,0.,0.,0.5,1.,0.,0.,1.;         45P    155
126,1,1,1,0,1,0,0.,0.,1.,1.,1.,1.,7.1371058988565E-06,0.,0.,          47P    156
0.19273294099634,0.,0.,0.,1.,0.,0.,1.;                                47P    157
126,1,1,1,0,1,0,0.,0.,1.,1.,1.,1.,0.19273294099634,0.,0.,             49P    158
0.19267927161627,28.772164447958,0.,0.,1.,0.,0.,1.;                   49P    159
126,1,1,1,0,1,0,0.,0.,1.,1.,1.,1.,0.19267926333977,                   51P    160
28.772164447959,0.,3.8037583457995E-08,28.772164447959,0.,0.,1.,      51P    161
0.,0.,1.;                                                             51P    162
102,5,43,45,47,49,51;                                                 53P    163
126,9,3,0,0,1,0,0.,0.,0.,0.,0.16573971197608,0.49721913592823,        55P    164
0.49721913592823,0.96784624513493,0.96784624513493,                   55P    165
0.98928208171164,1.,1.,1.,1.,1.,1.,1.,1.,1.,1.,1.,1.,1.,1.,           55P    166
-41.856560318624,-1.0075445758052E-10,15.542291052199,                55P    167
-41.856560570287,1.3598642175053,15.542290978008,                     55P    168
-41.856561366321,5.4394568411131,15.006878166224,                     55P    169
-41.856561923952,9.071690398376,12.908427728607,                      55P    170
-41.856562960952,13.713715985492,8.2664017091405,                     55P    171
-41.856563544132,15.327113704449,4.631059053858,                      55P    172
-41.856564273692,15.531171662267,0.6133467726048,                     55P    173
-41.856564321691,15.540066799598,0.35050000748853,                    55P    174
-41.856564370169,15.542289857618,0.087625001879591,                   55P    175
-41.856564386386,15.542289852837,5.0377224902733E-11,0.,1.,0.,        55P    176
0.,0.;                                                                55P    177
126,9,3,0,0,1,0,0.,0.,0.,0.,0.16573971191933,0.497219135758,          57P    178
0.497219135758,0.96784625295156,0.96784625295156,                     57P    179
0.98928208431719,1.,1.,1.,1.,1.,1.,1.,1.,1.,1.,1.,1.,1.,1.,           57P    180
-41.856564386386,15.542289852837,5.0377224902733E-11,                 57P    181
-41.85656463805,15.542289778636,-1.3598641127435,                     57P    182
-41.856565434086,15.006877008038,-5.4394564219103,                    57P    183
-41.856565991718,12.908426732739,-9.0716896980501,                    57P    184
-41.85656702872,8.2664010235547,-13.713714974815,                     57P    185
-41.856567611902,4.6310585722167,-15.327112575489,                    57P    186
-41.856568341463,0.61334657609035,-15.53117046908,                    57P    187
-41.856568389462,0.35049989515991,-15.540065601395,                   57P    188
-41.856568437941,0.087624973759648,-15.54228865816,                   57P    189
-41.856568454157,0.,-15.542288653378,0.,1.,0.,0.,0.;                  57P    190
126,2,2,0,0,0,0,7.1371058988565E-06,7.1371058988565E-06,              59P    191
7.1371058988565E-06,0.19273294099634,0.19273294099634,                59P    192
0.19273294099634,0.86980231553211,0.66968082603798,                   59P    193
0.80384845591079,-41.856568454157,0.,-15.542288653378,                59P    194
-42.000001173446,0.,-15.499993181679,-42.000000563452,0.,             59P    195
-15.35045438441,7.1371058988565E-06,0.19273294099634,0.,0.,0.;        59P    196
126,11,3,0,0,1,0,0.,0.,0.,0.,0.079728322451992,0.23918496735597,      61P    197
0.23918496735597,0.63156392172835,0.63156392172835,                   61P    198
0.9835003564651,0.9835003564651,0.9945001188217,1.,1.,1.,1.,1.,       61P    199
1.,1.,1.,1.,1.,1.,1.,1.,1.,1.,1.,-42.000000563452,0.,                 61P    200
-15.35045438441,-42.000000563461,1.3143843019178,                     61P    201
-15.350456484899,-42.000000563386,5.2575380170174,                    61P    202
-14.84401311588,-42.000000563089,8.7879416874873,                     61P    203
-12.856336829465,-42.000000562087,15.310637204257,                    61P    204
-6.5467328620214,-42.00000056071,16.643887246785,                     61P    205
0.34300013475661,-42.000000556965,11.684029921665,                    61P    206
11.511161527338,-42.000000555176,6.5800900050628,                     61P    207
15.023438753385,-42.00000055204,0.6318269005405,15.33857671151,       61P    208
-42.000000551896,0.36106203691544,15.348134651153,                    61P    209
-42.000000551748,0.090265510109035,15.350523628159,                   61P    210
-42.000000551698,-9.8900138837169E-11,15.350523772423,0.,1.,0.,       61P    211
0.,0.;                                                                61P    212
126,2,2,0,0,0,0,5.3677656572243E-05,5.3677656572243E-05,              63P    213
5.3677656572243E-05,0.19273290295876,0.19273290295876,                63P    214
0.19273290295876,0.80377374556919,0.6697316248819,                    63P    215
0.86981705896116,-42.000000551695,-9.9564918303967E-11,               63P    216
15.350523783124,-41.99994928897,-1.0053453276496E-10,                 63P    217
15.50001509088,-41.856560318623,-1.0080873856369E-10,                 63P    218
15.542291052199,5.3677656572243E-05,0.19273290295876,0.,0.,0.;        63P    219
102,5,55,57,59,61,63;                                                 65P    220
142,0,41,53,65,1;                                                     67P    221
144,41,1,0,67,0,1,39;                                                 69P    222
406,1,2HF3;                                                           71P    223
128,1,8,1,2,0,1,0,0,0,0.,0.,1.,1.,0.,0.,0.,0.25,0.25,0.5,0.5,         73P    224
0.75,0.75,1.,1.,1.,1.,1.,0.70710678118655,0.70710678118655,1.,        73P    225
1.,0.70710678118655,0.70710678118655,1.,1.,0.70710678118655,          73P    226
0.70710678118655,1.,1.,0.70710678118655,0.70710678118655,1.,1.,       73P    227
-88.382319104486,1.8249243548184,0.,7.040563579655,                   73P    228
29.958816359116,0.,-88.382319104486,1.8249243548184,                  73P    229
-1.8249243548184,7.040563579655,29.958816359116,                      73P    230
-29.958816359116,-88.382319104486,0.,-1.8249243548184,                73P    231
7.040563579655,0.,-29.958816359116,-88.382319104486,                  73P    232
-1.8249243548184,-1.8249243548184,7.040563579655,                     73P    233
-29.958816359116,-29.958816359116,-88.382319104486,                   73P    234
-1.8249243548184,0.,7.040563579655,-29.958816359116,0.,               73P    235
-88.382319104486,-1.8249243548184,1.8249243548184,                    73P    236
7.040563579655,-29.958816359116,29.958816359116,                      73P    237
-88.382319104486,0.,1.8249243548184,7.040563579655,0.,                73P    238
29.958816359116,-88.382319104486,1.8249243548184,                     73P    239
1.8249243548184,7.040563579655,29.958816359116,29.958816359116,       73P    240
-88.382319104486,1.8249243548184,0.,7.040563579655,                   73P    241
29.958816359116,0.,0.48757442975433,0.55498345749136,0.,              73P    242
0.50000000263404,0,1,71;                                              73P    243
126,1,1,1,0,1,0,0.,0.,1.,1.,1.,1.,0.55498345749136,                   75P    244
0.50000000129122,0.,0.48757442975433,0.50000000129122,0.,0.,1.,       75P    245
0.,0.,1.;                                                             75P    246
126,1,1,1,0,1,0,0.,0.,0.5,0.5,1.,1.,0.48757442975433,                 77P    247
0.50000000263404,0.,0.48757442975433,0.2500000014228,0.,0.,0.5,       77P    248
0.,0.,1.;                                                             77P    249
126,1,1,1,0,1,0,0.5,0.5,1.,1.,1.,1.,0.48757442975433,                 79P    250
0.2500000014228,0.,0.48757442975433,2.1156537137891E-10,0.,0.5,       79P    251
1.,0.,0.,1.;                                                          79P    252
126,1,1,1,0,1,0,0.,0.,1.,1.,1.,1.,0.48757442975433,0.,0.,             81P    253
0.55498345689873,0.,0.,0.,1.,0.,0.,1.;                                81P    254
126,1,1,1,0,1,0,0.,0.,0.5,0.5,1.,1.,0.55498345689873,0.,0.,           83P    255
0.55498345689873,0.25000000070164,0.,0.,0.5,0.,0.,1.;                 83P    256
126,1,1,1,0,1,0,0.5,0.5,1.,1.,1.,1.,0.55498345689873,                 85P    257
0.25000000070164,0.,0.55498345689873,0.50000000140329,0.,0.5,1.,      85P    258
0.,0.,1.;                                                             85P    259
102,6,75,77,79,81,83,85;                                              87P    260
126,1,1,0,0,0,0,0.44501654250864,0.44501654250864,                    89P    261
0.51242557024567,0.51242557024567,0.99999999697449,                   89P    262
0.99999999697449,-35.424197748649,-17.438769012052,                   89P    263
1.2737671678493E-07,-41.856561494252,-15.542290705584,                89P    264
1.1352440989533E-07,0.44501654250864,0.51242557024567,0.,0.,0.;       89P    265
126,4,2,0,0,0,0,0.49999999736596,0.49999999736596,                    91P    266
0.49999999736596,0.5,0.5,0.7499999985772,0.7499999985772,             91P    267
0.7499999985772,0.99999999382807,0.99999999691404,1.,                 91P    268
0.70710678285346,0.99999999666617,-41.856561494252,                   91P    269
-15.542290705584,2.3158566020021E-07,-41.856561494252,                91P    270
-15.542290705584,1.1579282914841E-07,-41.856561494252,                91P    271
-15.542290705584,0.,-41.856561494252,-15.542290705584,                91P    272
-15.54229058049,-41.856561494252,-1.2509329639398E-07,                91P    273
-15.542290705584,0.49999999736596,0.7499999985772,0.,0.,0.;           91P    274
126,4,2,0,0,0,0,0.7499999985772,0.7499999985772,0.7499999985772,      93P    275
0.75,0.75,1.,1.,1.,0.99999999666617,0.99999999833309,1.,              93P    276
0.70710678118655,1.,-41.856561494252,-1.2509329639398E-07,            93P    277
-15.542290705584,-41.856561494252,-6.2546647721147E-08,               93P    278
-15.542290705584,-41.856561494252,0.,-15.542290705584,                93P    279
-41.856561494252,15.542290705584,-15.542290705584,                    93P    280
-41.856561494252,15.542290705584,0.,0.7499999985772,1.,0.,0.,0.;      93P    281
126,1,1,0,0,0,0,0.48757442975433,0.48757442975433,                    95P    282
0.55498345689873,0.55498345689873,1.,1.,-41.856561494252,             95P    283
15.542290705584,0.,-35.424197805199,17.438768995379,0.,               95P    284
0.48757442975433,0.55498345689873,0.,0.,0.;                           95P    285
126,2,2,0,0,0,0,0.,0.,0.,0.25000000070164,0.25000000070164,           97P    286
0.25000000070164,1.,0.70710678118655,1.,-35.424197805199,             97P    287
17.438768995379,0.,-35.424197805199,17.438768995379,                  97P    288
-17.438768995379,-35.424197805199,0.,-17.438768995379,0.,             97P    289
0.25000000070164,0.,0.,0.;                                            97P    290
126,4,2,0,0,0,0,0.25000000070164,0.25000000070164,                    99P    291
0.25000000070164,0.5,0.5,0.50000000140329,0.50000000140329,           99P    292
0.50000000140329,1.,0.70710678118655,1.,0.99999999835594,             99P    293
0.99999999671189,-35.424197805199,0.,-17.438768995379,                99P    294
-35.424197805199,-17.438768995379,-17.438768995379,                   99P    295
-35.424197805199,-17.438768995379,0.,-35.424197805199,                99P    296
-17.438768995379,6.9216262562547E-08,-35.424197805199,                99P    297
-17.438768995379,1.3843252726073E-07,0.25000000070164,                99P    298
0.50000000140329,0.,0.,0.;                                            99P    299
102,6,89,91,93,95,97,99;                                             101P    300
142,0,73,87,101,1;                                                   103P    301
144,73,1,0,103,0,1,71;                                               105P    302
406,1,2HF4;                                                          107P    303
128,1,8,1,2,0,1,0,0,0,0.,0.,1.,1.,0.,0.,0.,0.25,0.25,0.5,0.5,        109P    304
0.75,0.75,1.,1.,1.,1.,1.,0.70710678118655,0.70710678118655,1.,       109P    305
1.,0.70710678118655,0.70710678118655,1.,1.,0.70710678118655,         109P    306
0.70710678118655,1.,1.,0.70710678118655,0.70710678118655,1.,1.,      109P    307
-88.382319104486,1.8249243548184,0.,7.040563579655,                  109P    308
29.958816359116,0.,-88.382319104486,1.8249243548184,                 109P    309
-1.8249243548184,7.040563579655,29.958816359116,                     109P    310
-29.958816359116,-88.382319104486,0.,-1.8249243548184,               109P    311
7.040563579655,0.,-29.958816359116,-88.382319104486,                 109P    312
-1.8249243548184,-1.8249243548184,7.040563579655,                    109P    313
-29.958816359116,-29.958816359116,-88.382319104486,                  109P    314
-1.8249243548184,0.,7.040563579655,-29.958816359116,0.,              109P    315
-88.382319104486,-1.8249243548184,1.8249243548184,                   109P    316
7.040563579655,-29.958816359116,29.958816359116,                     109P    317
-88.382319104486,0.,1.8249243548184,7.040563579655,0.,               109P    318
29.958816359116,-88.382319104486,1.8249243548184,                    109P    319
1.8249243548184,7.040563579655,29.958816359116,29.958816359116,      109P    320
-88.382319104486,1.8249243548184,0.,7.040563579655,                  109P    321
29.958816359116,0.,0.4875744301998,0.55498344741688,                 109P    322
0.50000000742663,1.,0,1,107;                                         109P    323
126,1,1,1,0,1,0,0.,0.,1.,1.,1.,1.,0.55498344741688,                  111P    324
0.74999999713626,0.,0.55498344741688,1.,0.,0.,1.,0.,0.,1.;           111P    325
126,1,1,1,0,1,0,0.,0.,1.,1.,1.,1.,0.55498344741688,1.,0.,            113P    326
0.48757443019981,1.,0.,0.,1.,0.,0.,1.;                               113P    327
126,1,1,1,0,1,0,0.,0.,1.,1.,1.,1.,0.48757443019981,1.,0.,            115P    328
0.48757443019981,0.75000000249861,0.,0.,1.,0.,0.,1.;                 115P    329
126,1,1,1,0,1,0,0.,0.,1.,1.,1.,1.,0.4875744301998,                   117P    330
0.75000000249861,0.,0.4875744301998,0.50000001141206,0.,0.,1.,       117P    331
0.,0.,1.;                                                            117P    332
126,1,1,1,0,1,0,0.,0.,1.,1.,1.,1.,0.48757444265457,                  119P    333
0.50000000742663,0.,0.55498344741688,0.50000000742663,0.,0.,1.,      119P    334
0.,0.,1.;                                                            119P    335
126,1,1,1,0,1,0,0.,0.,1.,1.,1.,1.,0.55498344741688,                  121P    336
0.50000001485323,0.,0.55498344741688,0.74999999713626,0.,0.,1.,      121P    337
0.,0.,1.;                                                            121P    338
102,6,111,113,115,117,119,121;                                       123P    339
126,4,2,0,0,0,0,0.74999999713626,0.74999999713626,                   125P    340
0.74999999713626,0.75,0.75,1.,1.,1.,0.99999999328983,                125P    341
0.99999999664492,1.,0.70710678118655,1.,-35.424198709985,            125P    342
-2.8250425414642E-07,17.438768728618,-35.424198709985,               125P    343
-1.4125212867494E-07,17.438768728618,-35.424198709985,0.,            125P    344
17.438768728618,-35.424198709985,17.438768728618,                    125P    345
17.438768728618,-35.424198709985,17.438768728618,0.,                 125P    346
0.74999999713626,1.,0.,0.,0.;                                        125P    347
126,1,1,0,0,0,0,0.44501655258312,0.44501655258312,                   127P    348
0.51242556980019,0.51242556980019,1.,1.,-35.424198709985,            127P    349
17.438768728618,0.,-41.856561451743,15.542290718117,0.,              127P    350
0.44501655258312,0.51242556980019,0.,0.,0.;                          127P    351
126,2,2,0,0,0,0,0.,0.,0.,0.24999999750139,0.24999999750139,          129P    352
0.24999999750139,1.,0.70710678411385,0.99999999414539,               129P    353
-41.856561451743,15.542290718117,0.,-41.856561451743,                129P    354
15.542290718117,15.542290498438,-41.856561451743,                    129P    355
2.1967889221225E-07,15.542290718117,0.,0.24999999750139,0.,0.,       129P    356
0.;                                                                  129P    357
126,4,2,0,0,0,0,0.24999999750139,0.24999999750139,                   131P    358
0.24999999750139,0.25,0.25,0.49999998858794,0.49999998858794,        131P    359
0.49999998858794,0.9999999941454,0.9999999970727,1.,                 131P    360
0.70710679455661,0.99999997325988,-41.856561451743,                  131P    361
2.1967866770618E-07,15.542290718117,-41.856561451743,                131P    362
1.0983933242555E-07,15.542290718117,-41.856561451743,0.,             131P    363
15.542290718117,-41.856561451743,-15.542289714763,                   131P    364
15.542290718117,-41.856561451743,-15.542290718117,                   131P    365
1.0033539297809E-06,0.24999999750139,0.49999998858794,0.,0.,0.;      131P    366
126,1,1,0,0,0,0,0.48757444265457,0.48757444265457,                   133P    367
0.55498344741688,0.55498344741688,0.99999998259833,                  133P    368
0.99999998259833,-41.856560263274,-15.542291068518,                  133P    369
6.5295261661978E-07,-35.424198709985,-17.438768728618,               133P    370
7.3262620174724E-07,0.48757444265457,0.55498344741688,0.,0.,0.;      133P    371
126,2,2,0,0,0,0,0.50000001485323,0.50000001485323,                   135P    372
0.50000001485323,0.74999999713626,0.74999999713626,                  135P    373
0.74999999713626,0.99999996519673,0.70710680194327,                  135P    374
0.99999999328983,-35.424198709985,-17.438768728618,                  135P    375
1.4652495927135E-06,-35.424198709985,-17.438767263368,               135P    376
17.438768446114,-35.424198709985,-2.8250420998155E-07,               135P    377
17.438768728618,0.50000001485323,0.74999999713626,0.,0.,0.;          135P    378
102,6,125,127,129,131,133,135;                                       137P    379
142,0,109,123,137,1;                                                 139P    380
144,109,1,0,139,0,1,107;                                             141P    381
406,1,2HF5;                                                          143P    382
128,4,8,2,2,0,1,0,0,0,0.,0.,0.,0.086489290042416,                    145P    383
0.086489290042416,0.28023426117075,0.28023426117075,                 145P    384
0.28023426117075,0.,0.,0.,0.25,0.25,0.5,0.5,0.75,0.75,1.,1.,1.,      145P    385
0.80785570550112,0.87026606493638,1.,0.70938254330749,               145P    386
0.75659911115267,0.57124024758009,0.61537103595304,                  145P    387
0.70710678118655,0.50160920682809,0.53499636213577,                  145P    388
0.80785570550112,0.87026606493638,1.,0.70938254330749,               145P    389
0.75659911115267,0.57124024758009,0.61537103595304,                  145P    390
0.70710678118655,0.50160920682809,0.53499636213577,                  145P    391
0.80785570550112,0.87026606493638,1.,0.70938254330749,               145P    392
0.75659911115267,0.57124024758009,0.61537103595304,                  145P    393
0.70710678118655,0.50160920682809,0.53499636213577,                  145P    394
0.80785570550112,0.87026606493638,1.,0.70938254330749,               145P    395
0.75659911115267,0.57124024758009,0.61537103595304,                  145P    396
0.70710678118655,0.50160920682809,0.53499636213577,                  145P    397
0.80785570550112,0.87026606493638,1.,0.70938254330749,               145P    398
0.75659911115267,-33.510410932213,0.,-16.176421113047,               145P    399
-33.555963485758,0.,-16.561038263447,-33.782026681515,0.,            145P    400
-16.875523269513,-34.403281143986,0.,-17.739773696231,               145P    401
-35.424202873454,0.,-17.438767501076,-33.510410932213,               145P    402
16.176421113047,-16.176421113047,-33.555963485758,                   145P    403
16.561038263447,-16.561038263447,-33.782026681515,                   145P    404
16.875523269513,-16.875523269513,-34.403281143986,                   145P    405
17.739773696231,-17.739773696231,-35.424202873454,                   145P    406
17.438767501076,-17.438767501076,-33.510410932213,                   145P    407
16.176421113047,0.,-33.555963485758,16.561038263447,0.,              145P    408
-33.782026681515,16.875523269513,0.,-34.403281143986,                145P    409
17.739773696231,0.,-35.424202873454,17.438767501076,0.,              145P    410
-33.510410932213,16.176421113046,16.176421113047,                    145P    411
-33.555963485758,16.561038263447,16.561038263447,                    145P    412
-33.782026681515,16.875523269513,16.875523269513,                    145P    413
-34.403281143986,17.739773696231,17.739773696231,                    145P    414
-35.424202873454,17.438767501076,17.438767501076,                    145P    415
-33.510410932213,0.,16.176421113047,-33.555963485758,0.,             145P    416
16.561038263447,-33.782026681515,0.,16.875523269513,                 145P    417
-34.403281143986,0.,17.739773696231,-35.424202873454,0.,             145P    418
17.438767501076,-33.510410932213,-16.176421113047,                   145P    419
16.176421113046,-33.555963485758,-16.561038263447,                   145P    420
16.561038263447,-33.782026681515,-16.875523269514,                   145P    421
16.875523269513,-34.403281143986,-17.739773696232,                   145P    422
17.739773696231,-35.424202873454,-17.438767501076,                   145P    423
17.438767501076,-33.510410932213,-16.176421113047,0.,                145P    424
-33.555963485758,-16.561038263447,0.,-33.782026681515,               145P    425
-16.875523269513,0.,-34.403281143986,-17.739773696232,0.,            145P    426
-35.424202873454,-17.438767501076,0.,-33.510410932213,               145P    427
-16.176421113047,-16.176421113047,-33.555963485758,                  145P    428
-16.561038263447,-16.561038263447,-33.782026681515,                  145P    429
-16.875523269513,-16.875523269514,-34.403281143986,                  145P    430
-17.739773696231,-17.739773696232,-35.424202873454,                  145P    431
-17.438767501076,-17.438767501076,-33.510410932213,0.,               145P    432
-16.176421113047,-33.555963485758,0.,-16.561038263447,               145P    433
-33.782026681515,0.,-16.875523269513,-34.403281143986,0.,            145P    434
-17.739773696231,-35.424202873454,0.,-17.438767501076,               145P    435
7.0441443708602E-07,0.28023426117075,0.50000000000211,1.,0,1,        145P    436
143;                                                                 145P    437
126,1,1,1,0,1,0,0.,0.,1.,1.,1.,1.,4.8080908118531E-06,               147P    438
0.50000000000211,0.,0.28023374209341,0.50000000000211,0.,0.,1.,      147P    439
0.,0.,1.;                                                            147P    440
126,1,1,1,0,1,0,0.,0.,1.,1.,1.,1.,0.28023374209341,                  149P    441
0.50000000000421,0.,0.28023387093387,0.75000001646113,0.,0.,1.,      149P    442
0.,0.,1.;                                                            149P    443
126,1,1,1,0,1,0,0.,0.,1.,1.,1.,1.,0.280233850336,                    151P    444
0.75000001646113,0.,0.28023426117075,0.99999999999988,0.,0.,1.,      151P    445
0.,0.,1.;                                                            151P    446
126,1,1,1,0,1,0,0.,0.,1.,1.,1.,1.,0.28023426117075,1.,0.,            153P    447
7.0441443708602E-07,1.,0.,0.,1.,0.,0.,1.;                            153P    448
126,1,1,1,0,1,0,0.,0.,1.,1.,1.,1.,7.0441443708602E-07,1.,0.,         155P    449
5.6947139934482E-06,0.50000000171119,0.,0.,1.,0.,0.,1.;              155P    450
102,5,147,149,151,153,155;                                           157P    451
126,4,2,0,0,0,0,4.8080908118531E-06,4.8080908118531E-06,             159P    452
4.8080908118531E-06,0.086489290042416,0.086489290042416,             159P    453
0.28023374209341,0.28023374209341,0.28023374209341,                  159P    454
0.80786264470714,0.8702732770683,0.99999999999506,                   159P    455
0.70938332192001,0.75659885814814,-33.510416388863,                  159P    456
-1.9293548859065E-10,16.176467179477,-33.555977926335,               159P    457
-1.9751811149215E-10,16.561058352276,-33.782026681515,               159P    458
-2.012650547164E-10,16.875523269513,-34.40327879765,                 159P    459
-2.1156281727318E-10,17.739770432155,-35.424197744379,               159P    460
-2.0797573599486E-10,17.438769013311,4.8080908118531E-06,            159P    461
0.28023374209341,0.,0.,0.;                                           159P    462
126,9,3,0,0,1,0,0.,0.,0.,0.,0.16564293222792,0.49692879668376,       161P    463
0.49692879668376,0.97783736491056,0.97783736491056,                  161P    464
0.99261245497019,1.,1.,1.,1.,1.,1.,1.,1.,1.,1.,1.,1.,1.,1.,          161P    465
-35.424197744379,-4.1596881211503E-10,17.438769013311,               161P    466
-35.424197823172,-1.5263663660462,17.438768990044,                   161P    467
-35.424198046696,-6.1054654537725,16.837575441764,                   161P    468
-35.42419824683,-10.179106542893,14.48303713215,                     161P    469
-35.424198575581,-15.454956941371,9.2071860208818,                   161P    470
-35.424198761699,-17.273867919579,5.0181547928178,                   161P    471
-35.424198993108,-17.432843702609,0.47431935223713,                  161P    472
-35.424199003453,-17.437583814909,0.27104485712756,                  161P    473
-35.424199013972,-17.438768645301,0.067759996349377,                 161P    474
-35.42419901747,-17.43876863796,-1.6238672293607E-06,0.,1.,0.,       161P    475
0.,0.;                                                               161P    476
126,9,3,0,0,1,0,0.,0.,0.,0.,0.15206023814195,0.45618071442585,       163P    477
0.45618071442585,0.97787710313555,0.97787710313555,                  163P    478
0.99262570104518,1.,1.,1.,1.,1.,1.,1.,1.,1.,1.,1.,1.,1.,1.,          163P    479
-35.424198813939,-17.438768697968,-1.6238673006617E-06,              163P    480
-35.424199044743,-17.438768499352,-1.4021648432633,                  163P    481
-35.424199702562,-16.93143406603,-5.6086544295877,                   163P    482
-35.424200295076,-14.935665107718,-9.4268958583264,                  163P    483
-35.424201363695,-9.9133753504539,-15.128659495471,                  163P    484
-35.424201995763,-5.4006325980025,-17.26048494804,                   163P    485
-35.42420279577,-0.47432027369364,-17.432842554435,                  163P    486
-35.424202828919,-0.27104607972854,-17.437582665214,                 163P    487
-35.4242028623,-0.067761519926574,-17.438767504365,                  163P    488
-35.424202873454,-1.1751700875265E-11,-17.438767501076,0.,1.,0.,     163P    489
0.,0.;                                                               163P    490
126,4,2,0,0,0,0,0.,0.,0.,0.19374497112834,0.19374497112834,          165P    491
0.28023355675632,0.28023355675632,0.28023355675632,                  165P    492
0.75659911115267,0.70938254330749,1.,0.87026712155803,               165P    493
0.80785672211142,-35.424202873454,0.,-17.438767501076,               165P    494
-34.403281143986,0.,-17.739773696231,-33.782026681515,0.,            165P    495
-16.875523269513,-33.555965601405,0.,-16.561041206603,               165P    496
-33.510411731559,0.,-16.176427862093,0.,0.28023355675632,0.,0.,      165P    497
0.;                                                                  165P    498
126,11,3,0,0,1,0,0.,0.,0.,0.,0.081497562346726,0.24449268704018,     167P    499
0.24449268704018,0.62722758229091,0.62722758229091,                  167P    500
0.98220540946653,0.98220540946653,0.99406846982218,1.,1.,1.,1.,      167P    501
1.,1.,1.,1.,1.,1.,1.,1.,1.,1.,1.,1.,-33.510411731559,0.,             167P    502
-16.176427862093,-33.510411906768,-1.4156063642198,                  167P    503
-16.17642934139,-33.510412403822,-5.662426039422,                    167P    504
-15.618972009405,-33.510412849112,-9.4424764126125,                  167P    505
-13.434460592935,-33.510413847615,-16.125337401188,                  167P    506
-6.7516115638331,-33.510414596939,-17.47393486439,                   167P    507
0.30097057262307,-33.510415993873,-12.446116767789,                  167P    508
12.01697533361,-33.51041653926,-7.0519069302958,15.799895744934,     167P    509
-33.510417307055,-0.71802519150406,16.161833819692,                  167P    510
-33.510417344584,-0.41032409255286,16.173547975718,                  167P    511
-33.510417382533,-0.10258114135055,16.176475565985,                  167P    512
-33.510417395233,-1.5658735779945E-07,16.176475674173,0.,1.,0.,      167P    513
0.,0.;                                                               167P    514
102,5,159,161,163,165,167;                                           169P    515
142,0,145,157,169,1;                                                 171P    516
144,145,1,0,171,0,1,143;                                             173P    517
406,1,2HF6;                                                          175P    518
128,4,8,2,2,0,1,0,0,0,0.,0.,0.,0.086489290042416,                    177P    519
0.086489290042416,0.28023426117075,0.28023426117075,                 177P    520
0.28023426117075,0.,0.,0.,0.25,0.25,0.5,0.5,0.75,0.75,1.,1.,1.,      177P    521
0.80785570550112,0.87026606493638,1.,0.70938254330749,               177P    522
0.75659911115267,0.57124024758009,0.61537103595304,                  177P    523
0.70710678118655,0.50160920682809,0.53499636213577,                  177P    524
0.80785570550112,0.87026606493638,1.,0.70938254330749,               177P    525
0.75659911115267,0.57124024758009,0.61537103595304,                  177P    526
0.70710678118655,0.50160920682809,0.53499636213577,                  177P    527
0.80785570550112,0.87026606493638,1.,0.70938254330749,               177P    528
0.75659911115267,0.57124024758009,0.61537103595304,                  177P    529
0.70710678118655,0.50160920682809,0.53499636213577,                  177P    530
0.80785570550112,0.87026606493638,1.,0.70938254330749,               177P    531
0.75659911115267,0.57124024758009,0.61537103595304,                  177P    532
0.70710678118655,0.50160920682809,0.53499636213577,                  177P    533
0.80785570550112,0.87026606493638,1.,0.70938254330749,               177P    534
0.75659911115267,-33.510410932213,0.,-16.176421113047,               177P    535
-33.555963485758,0.,-16.561038263447,-33.782026681515,0.,            177P    536
-16.875523269513,-34.403281143986,0.,-17.739773696231,               177P    537
-35.424202873454,0.,-17.438767501076,-33.510410932213,               177P    538
16.176421113047,-16.176421113047,-33.555963485758,                   177P    539
16.561038263447,-16.561038263447,-33.782026681515,                   177P    540
16.875523269513,-16.875523269513,-34.403281143986,                   177P    541
17.739773696231,-17.739773696231,-35.424202873454,                   177P    542
17.438767501076,-17.438767501076,-33.510410932213,                   177P    543
16.176421113047,0.,-33.555963485758,16.561038263447,0.,              177P    544
-33.782026681515,16.875523269513,0.,-34.403281143986,                177P    545
17.739773696231,0.,-35.424202873454,17.438767501076,0.,              177P    546
-33.510410932213,16.176421113046,16.176421113047,                    177P    547
-33.555963485758,16.561038263447,16.561038263447,                    177P    548
-33.782026681515,16.875523269513,16.875523269513,                    177P    549
-34.403281143986,17.739773696231,17.739773696231,                    177P    550
-35.424202873454,17.438767501076,17.438767501076,                    177P    551
-33.510410932213,0.,16.176421113047,-33.555963485758,0.,             177P    552
16.561038263447,-33.782026681515,0.,16.875523269513,                 177P    553
-34.403281143986,0.,17.739773696231,-35.424202873454,0.,             177P    554
17.438767501076,-33.510410932213,-16.176421113047,                   177P    555
16.176421113046,-33.555963485758,-16.561038263447,                   177P    556
16.561038263447,-33.782026681515,-16.875523269514,                   177P    557
16.875523269513,-34.403281143986,-17.739773696232,                   177P    558
17.739773696231,-35.424202873454,-17.438767501076,                   177P    559
17.438767501076,-33.510410932213,-16.176421113047,0.,                177P    560
-33.555963485758,-16.561038263447,0.,-33.782026681515,               177P    561
-16.875523269513,0.,-34.403281143986,-17.739773696232,0.,            177P    562
-35.424202873454,-17.438767501076,0.,-33.510410932213,               177P    563
-16.176421113047,-16.176421113047,-33.555963485758,                  177P    564
-16.561038263447,-16.561038263447,-33.782026681515,                  177P    565
-16.875523269513,-16.875523269514,-34.403281143986,                  177P    566
-17.739773696231,-17.739773696232,-35.424202873454,                  177P    567
-17.438767501076,-17.438767501076,-33.510410932213,0.,               177P    568
-16.176421113047,-33.555963485758,0.,-16.561038263447,               177P    569
-33.782026681515,0.,-16.875523269513,-34.403281143986,0.,            177P    570
-17.739773696231,-35.424202873454,0.,-17.438767501076,0.,            177P    571
0.28023373814449,0.,0.5,0,1,175;                                     177P    572
126,1,1,1,0,1,0,0.,0.,1.,1.,1.,1.,5.1625439404235E-06,0.5,0.,0.,     179P    573
1.511361978808E-09,0.,0.,1.,0.,0.,1.;                                179P    574
126,1,1,1,0,1,0,0.,0.,1.,1.,1.,1.,0.,0.,0.,0.28023373814449,0.,      181P    575
0.,0.,1.,0.,0.,1.;                                                   181P    576
126,1,1,1,0,1,0,0.,0.,0.50000041923073,0.50000041923073,1.,1.,       183P    577
0.28023373814449,0.,0.,0.28022923937258,0.24999999999912,0.,0.,      183P    578
0.50000041923073,0.,0.,1.;                                           183P    579
126,1,1,1,0,1,0,0.50000041923073,0.50000041923073,1.,1.,1.,1.,       185P    580
0.28022923937258,0.24999999999912,0.,0.28022474060821,               185P    581
0.49999958076785,0.,0.50000041923073,1.,0.,0.,1.;                    185P    582
126,1,1,1,0,1,0,0.,0.,1.,1.,1.,1.,0.2802277272845,0.5,0.,            187P    583
5.1625439407843E-06,0.5,0.,0.,1.,0.,0.,1.;                           187P    584
102,5,179,181,183,185,187;                                           189P    585
126,11,3,0,0,1,0,0.,0.,0.,0.,0.081497846406368,0.2444935392191,      191P    586
0.2444935392191,0.6272286395604,0.6272286395604,0.9822056244013,     191P    587
0.9822056244013,0.9940685414671,1.,1.,1.,1.,1.,1.,1.,1.,1.,1.,       191P    588
1.,1.,1.,1.,1.,1.,-33.510416791183,0.,16.176470575479,               191P    589
-33.510416609884,1.4156091353087,16.176469045141,                    191P    590
-33.510416036422,5.6624359385931,15.619001965395,                    191P    591
-33.510415634843,9.4424862705986,13.434483994602,                    191P    592
-33.510414601771,16.125343990827,6.7516139748379,                    191P    593
-33.510413826583,17.473930362163,-0.30097237843637,                  191P    594
-33.510412381581,12.446088692094,-12.016956189501,                   191P    595
-33.510411817474,7.0518843260523,-15.799860087718,                   191P    596
-33.510411023406,0.71801675063939,-16.161781069116,                  191P    597
-33.510410984593,0.41031924916303,-16.173494343897,                  191P    598
-33.510410945347,0.10257991523178,-16.176421223065,                  191P    599
-33.510410932213,1.3830119307135E-07,-16.176421113047,0.,1.,0.,      191P    600
0.,0.;                                                               191P    601
126,4,2,0,0,0,0,0.,0.,0.,0.086489290042416,0.086489290042416,        193P    602
0.28023373814449,0.28023373814449,0.28023373814449,                  193P    603
0.80785570550112,0.87026606493638,1.,0.70938332784688,               193P    604
0.75659885622717,-33.510410932213,0.,-16.176421113047,               193P    605
-33.555963485758,0.,-16.561038263447,-33.782026681515,0.,            193P    606
-16.875523269513,-34.4032787798,0.,-17.739770407324,                 193P    607
-35.424197705359,0.,-17.438769024815,0.,0.28023373814449,0.,0.,      193P    608
0.;                                                                  193P    609
126,9,3,0,0,1,0,0.,0.,0.,0.,0.15206017728333,0.45618053184999,       195P    610
0.45618053184999,0.97787699963198,0.97787699963198,                  195P    611
0.99262566654399,1.,1.,1.,1.,1.,1.,1.,1.,1.,1.,1.,1.,1.,1.,          195P    612
-35.424197705359,0.,-17.438769024815,-35.424195177988,               195P    613
1.4021633578098,-17.43876976997,-35.424187974648,                    195P    614
5.6086537008534,-16.931437955409,-35.424181486398,                   195P    615
9.426896730479,-14.93567108069,-35.424169784608,15.128666247516,     195P    616
-9.9133829227632,-35.424162863202,17.260495557698,                   195P    617
-5.4006385913467,-35.424154102748,17.432856854017,                   195P    618
-0.47432271268589,-35.424153741521,17.437597125907,                  195P    619
-0.27104747482537,-35.424153374215,17.438782094391,                  195P    620
-0.067761868929131,-35.424153252074,17.438782130399,                 195P    621
-8.7178806180055E-11,0.,1.,0.,0.,0.;                                 195P    622
126,9,3,0,0,1,0,0.,0.,0.,0.,0.15074257992202,0.45222773976605,       197P    623
0.45222773976605,0.97278287061797,0.97278287061797,                  197P    624
0.99092762353933,1.,1.,1.,1.,1.,1.,1.,1.,1.,1.,1.,1.,1.,1.,          197P    625
-35.424153252074,17.438782130399,-8.7178806180055E-11,               197P    626
-35.42415074781,17.438782868663,1.3893280891823,                     197P    627
-35.424143606892,16.940697070454,5.5573126216665,                    197P    628
-35.424137171646,14.980817438843,9.3475256029649,                    197P    629
-35.424125524385,10.020472068022,15.054137176338,                    197P    630
-35.424118621336,5.5335904236503,17.216524139579,                    197P    631
-35.424109844567,0.58405753364532,17.429810382595,                   197P    632
-35.424109398551,0.3337759572372,17.436997967564,                    197P    633
-35.42410894872,0.083475008164942,17.43879499238,                    197P    634
-35.424108798329,4.1356736056011E-05,17.438795234576,0.,1.,0.,       197P    635
0.,0.;                                                               197P    636
126,4,2,0,0,0,0,6.5338862552666E-06,6.5338862552666E-06,             199P    637
6.5338862552666E-06,0.19374497112834,0.19374497112834,               199P    638
0.28022909862681,0.28022909862681,0.28022909862681,                  199P    639
0.7565959268588,0.70939234413688,1.,0.87027380875229,                199P    640
0.80786315628713,-35.424138310702,0.,17.438786535034,                199P    641
-34.403251609858,0.,17.739732610196,-33.782026681515,0.,             199P    642
16.875523269513,-33.555978990887,0.,16.561059833214,                 199P    643
-33.510416791183,0.,16.176470575479,6.5338862552666E-06,             199P    644
0.28022909862681,0.,0.,0.;                                           199P    645
102,5,191,193,195,197,199;                                           201P    646
142,0,177,189,201,1;                                                 203P    647
144,177,1,0,203,0,1,175;                                             205P    648
406,1,2HF7;                                                          207P    649
128,4,8,2,2,0,1,0,0,0,0.,0.,0.,0.070760831747915,                    209P    650
0.070760831747915,0.23744647785965,0.23744647785965,                 209P    651
0.23744647785965,0.,0.,0.,15.203557088661,15.203557088661,           209P    652
30.407114177321,30.407114177321,45.610671265982,45.610671265982,     209P    653
60.814228354642,60.814228354642,60.814228354642,                     209P    654
0.83278136254317,0.89385875237813,1.,0.7499715308324,                209P    655
0.75000000324197,0.58886534870004,0.63205358522952,                  209P    656
0.70710678118655,0.53030995514845,0.53033008818233,                  209P    657
0.83278136254317,0.89385875237813,1.,0.7499715308324,                209P    658
0.75000000324197,0.58886534870004,0.63205358522952,                  209P    659
0.70710678118655,0.53030995514845,0.53033008818233,                  209P    660
0.83278136254317,0.89385875237813,1.,0.7499715308324,                209P    661
0.75000000324197,0.58886534870004,0.63205358522952,                  209P    662
0.70710678118655,0.53030995514845,0.53033008818233,                  209P    663
0.83278136254317,0.89385875237813,1.,0.7499715308324,                209P    664
0.75000000324197,0.58886534870004,0.63205358522952,                  209P    665
0.70710678118655,0.53030995514845,0.53033008818233,                  209P    666
0.83278136254317,0.89385875237813,1.,0.7499715308324,                209P    667
0.75000000324197,-33.510417001508,0.,-16.176472350892,               209P    668
-33.505578014534,0.,-16.135623496668,-33.485010779143,0.,-16.1,      209P    669
-33.427266985662,0.,-15.999984815868,-33.311779399696,0.,            209P    670
-16.000000001729,-33.510417001508,-16.176472350892,                  209P    671
-16.176472350892,-33.505578014534,-16.135623496668,                  209P    672
-16.135623496668,-33.485010779143,-16.1,-16.1,-33.427266985662,      209P    673
-15.999984815868,-15.999984815868,-33.311779399696,                  209P    674
-16.000000001729,-16.000000001729,-33.510417001508,                  209P    675
-16.176472350892,0.,-33.505578014534,-16.135623496668,0.,            209P    676
-33.485010779143,-16.1,0.,-33.427266985662,-15.999984815868,0.,      209P    677
-33.311779399696,-16.000000001729,0.,-33.510417001508,               209P    678
-16.176472350892,16.176472350892,-33.505578014534,                   209P    679
-16.135623496668,16.135623496668,-33.485010779143,-16.1,16.1,        209P    680
-33.427266985662,-15.999984815868,15.999984815868,                   209P    681
-33.311779399696,-16.000000001729,16.000000001729,                   209P    682
-33.510417001508,0.,16.176472350892,-33.505578014534,0.,             209P    683
16.135623496668,-33.485010779143,0.,16.1,-33.427266985662,0.,        209P    684
15.999984815868,-33.311779399696,0.,16.000000001729,                 209P    685
-33.510417001508,16.176472350892,16.176472350892,                    209P    686
-33.505578014534,16.135623496668,16.135623496668,                    209P    687
-33.485010779143,16.1,16.1,-33.427266985662,15.999984815868,         209P    688
15.999984815868,-33.311779399696,16.000000001729,                    209P    689
16.000000001729,-33.510417001508,16.176472350892,0.,                 209P    690
-33.505578014534,16.135623496668,0.,-33.485010779143,16.1,0.,        209P    691
-33.427266985662,15.999984815868,0.,-33.311779399696,                209P    692
16.000000001729,0.,-33.510417001508,16.176472350892,                 209P    693
-16.176472350892,-33.505578014534,16.135623496668,                   209P    694
-16.135623496668,-33.485010779143,16.1,-16.1,-33.427266985662,       209P    695
15.999984815868,-15.999984815868,-33.311779399696,                   209P    696
16.000000001729,-16.000000001729,-33.510417001508,0.,                209P    697
-16.176472350892,-33.505578014534,0.,-16.135623496668,               209P    698
-33.485010779143,0.,-16.1,-33.427266985662,0.,-15.999984815868,      209P    699
-33.311779399696,0.,-16.000000001729,0.,0.23742749862058,            209P    700
30.407114177321,60.814228354642,0,1,207;                             209P    701
126,1,1,1,0,1,0,0.,0.,1.,1.,1.,1.,0.,30.407114177321,0.,             211P    702
0.23742749862058,30.407115503895,0.,0.,1.,0.,0.,1.;                  211P    703
126,1,1,1,0,1,0,0.,0.,0.5,0.5,1.,1.,0.23742749862058,                213P    704
30.407115503895,0.,0.23742749862058,45.610671929269,0.,0.,0.5,       213P    705
0.,0.,1.;                                                            213P    706
126,1,1,1,0,1,0,0.5,0.5,1.,1.,1.,1.,0.23742749862058,                215P    707
45.610671929269,0.,0.23742749862058,60.814228354642,0.,0.5,1.,       215P    708
0.,0.,1.;                                                            215P    709
126,1,1,1,0,1,0,0.,0.,1.,1.,1.,1.,0.23742749862058,                  217P    710
60.814228354642,0.,3.7118716424978E-06,60.814228354642,0.,0.,1.,     217P    711
0.,0.,1.;                                                            217P    712
126,1,1,1,0,1,0,0.,0.,1.,1.,1.,1.,3.7118716424978E-06,               219P    713
60.814228354642,0.,9.8495046263469E-07,30.407116376539,0.,0.,1.,     219P    714
0.,0.,1.;                                                            219P    715
102,5,211,213,215,217,219;                                           221P    716
126,7,3,0,0,1,0,0.,0.,0.,0.,0.25890360942731,0.77671082828193,       223P    717
0.77671082828193,0.92557027609398,1.,1.,1.,1.,1.,1.,1.,1.,1.,1.,     223P    718
1.,1.,-33.510417001508,0.,16.176472350892,-33.50745895806,           223P    719
1.6940610458241E-07,16.151501693554,-33.484457224043,                223P    720
7.0711312584396E-07,16.078263288435,-33.423412857619,                223P    721
1.2725583809732E-06,16.026614302615,-33.362202426637,                223P    722
1.6690391837181E-06,16.005916686572,-33.340661392134,                223P    723
1.8013114138473E-06,16.001170915537,-33.319019621609,                223P    724
1.9310439409292E-06,15.99999999999,-33.311805698101,                 223P    725
1.974336278804E-06,16.,0.,1.,0.,0.,0.;                               223P    726
126,4,2,0,0,0,0,30.407115503895,30.407115503895,30.407115503895,     225P    727
45.610671265982,45.610671265982,45.610671929269,45.610671929269,     225P    728
45.610671929269,0.74999996166578,0.53033010505702,0.75,              225P    729
0.74999999041644,0.74999998083289,-33.311805698101,                  225P    730
1.974336278804E-06,16.,-33.311805698101,16.,15.999998025664,         225P    731
-33.311805698101,16.,0.,-33.311805698101,16.,                        225P    732
-4.935840599182E-07,-33.311805698101,16.,-9.8716811885667E-07,       225P    733
30.407115503895,45.610671929269,0.,0.,0.;                            225P    734
126,2,2,0,0,0,0,45.610671929269,45.610671929269,45.610671929269,     227P    735
60.814228354642,60.814228354642,60.814228354642,                     227P    736
0.74999998083289,0.53033009547347,0.75,-33.311805698101,16.,         227P    737
-9.8716811885667E-07,-33.311805698101,15.999999012832,-16.,          227P    738
-33.311805698101,0.,-16.,45.610671929269,60.814228354642,0.,0.,      227P    739
0.;                                                                  227P    740
126,4,2,0,0,0,0,1.8979239066241E-05,1.8979239066241E-05,             229P    741
1.8979239066241E-05,0.16668564611173,0.16668564611173,               229P    742
0.237442765988,0.237442765988,0.237442765988,0.75,                   229P    743
0.749999999691,1.,0.89386432018559,0.83278777048985,                 229P    744
-33.311805698101,0.,-16.,-33.427275752129,0.,-15.999999999835,       229P    745
-33.485010779143,0.,-16.1,-33.505576807542,0.,-16.135621406096,      229P    746
-33.51041645655,0.,-16.176467751023,1.8979239066241E-05,             229P    747
0.237442765988,0.,0.,0.;                                             229P    748
126,11,3,0,0,1,0,0.,0.,0.,0.,0.08149765039223,0.24449295117669,      231P    749
0.24449295117669,0.62722792552901,0.62722792552901,                  231P    750
0.98220544315536,0.98220544315536,0.99406848105179,1.,1.,1.,1.,      231P    751
1.,1.,1.,1.,1.,1.,1.,1.,1.,1.,1.,1.,-33.51041645655,0.,              231P    752
-16.176467751023,-33.510416468937,1.4156092485919,                   231P    753
-16.176467855576,-33.51041650408,5.6624370355403,                    231P    754
-15.619005726519,-33.510416535562,9.4424935447506,                   231P    755
-13.434487243943,-33.510416606153,16.125359029679,                   231P    756
-6.751623402438,-33.510416659123,17.473954218329,                    231P    757
0.30096703076028,-33.510416757867,12.446124084722,                   231P    758
12.016977032968,-33.510416796416,7.0519115159332,                    231P    759
15.799896624502,-33.51041685068,0.71802783414661,16.16182984472,     231P    760
-33.510416853333,0.41032694951335,16.173543752607,                   231P    761
-33.510416856015,0.10258421947544,16.176471101744,                   231P    762
-33.510416856912,3.309191125138E-06,16.176471130305,0.,1.,0.,0.,     231P    763
0.;                                                                  231P    764
102,5,223,225,227,229,231;                                           233P    765
142,0,209,221,233,1;                                                 235P    766
144,209,1,0,235,0,1,207;                                             237P    767
406,1,2HF8;                                                          239P    768
128,4,8,2,2,0,1,0,0,0,0.,0.,0.,0.070760831747915,                    241P    769
0.070760831747915,0.23744647785965,0.23744647785965,                 241P    770
0.23744647785965,0.,0.,0.,15.203557088661,15.203557088661,           241P    771
30.407114177321,30.407114177321,45.610671265982,45.610671265982,     241P    772
60.814228354642,60.814228354642,60.814228354642,                     241P    773
0.83278136254317,0.89385875237813,1.,0.7499715308324,                241P    774
0.75000000324197,0.58886534870004,0.63205358522952,                  241P    775
0.70710678118655,0.53030995514845,0.53033008818233,                  241P    776
0.83278136254317,0.89385875237813,1.,0.7499715308324,                241P    777
0.75000000324197,0.58886534870004,0.63205358522952,                  241P    778
0.70710678118655,0.53030995514845,0.53033008818233,                  241P    779
0.83278136254317,0.89385875237813,1.,0.7499715308324,                241P    780
0.75000000324197,0.58886534870004,0.63205358522952,                  241P    781
0.70710678118655,0.53030995514845,0.53033008818233,                  241P    782
0.83278136254317,0.89385875237813,1.,0.7499715308324,                241P    783
0.75000000324197,0.58886534870004,0.63205358522952,                  241P    784
0.70710678118655,0.53030995514845,0.53033008818233,                  241P    785
0.83278136254317,0.89385875237813,1.,0.7499715308324,                241P    786
0.75000000324197,-33.510417001508,0.,-16.176472350892,               241P    787
-33.505578014534,0.,-16.135623496668,-33.485010779143,0.,-16.1,      241P    788
-33.427266985662,0.,-15.999984815868,-33.311779399696,0.,            241P    789
-16.000000001729,-33.510417001508,-16.176472350892,                  241P    790
-16.176472350892,-33.505578014534,-16.135623496668,                  241P    791
-16.135623496668,-33.485010779143,-16.1,-16.1,-33.427266985662,      241P    792
-15.999984815868,-15.999984815868,-33.311779399696,                  241P    793
-16.000000001729,-16.000000001729,-33.510417001508,                  241P    794
-16.176472350892,0.,-33.505578014534,-16.135623496668,0.,            241P    795
-33.485010779143,-16.1,0.,-33.427266985662,-15.999984815868,0.,      241P    796
-33.311779399696,-16.000000001729,0.,-33.510417001508,               241P    797
-16.176472350892,16.176472350892,-33.505578014534,                   241P    798
-16.135623496668,16.135623496668,-33.485010779143,-16.1,16.1,        241P    799
-33.427266985662,-15.999984815868,15.999984815868,                   241P    800
-33.311779399696,-16.000000001729,16.000000001729,                   241P    801
-33.510417001508,0.,16.176472350892,-33.505578014534,0.,             241P    802
16.135623496668,-33.485010779143,0.,16.1,-33.427266985662,0.,        241P    803
15.999984815868,-33.311779399696,0.,16.000000001729,                 241P    804
-33.510417001508,16.176472350892,16.176472350892,                    241P    805
-33.505578014534,16.135623496668,16.135623496668,                    241P    806
-33.485010779143,16.1,16.1,-33.427266985662,15.999984815868,         241P    807
15.999984815868,-33.311779399696,16.000000001729,                    241P    808
16.000000001729,-33.510417001508,16.176472350892,0.,                 241P    809
-33.505578014534,16.135623496668,0.,-33.485010779143,16.1,0.,        241P    810
-33.427266985662,15.999984815868,0.,-33.311779399696,                241P    811
16.000000001729,0.,-33.510417001508,16.176472350892,                 241P    812
-16.176472350892,-33.505578014534,16.135623496668,                   241P    813
-16.135623496668,-33.485010779143,16.1,-16.1,-33.427266985662,       241P    814
15.999984815868,-15.999984815868,-33.311779399696,                   241P    815
16.000000001729,-16.000000001729,-33.510417001508,0.,                241P    816
-16.176472350892,-33.505578014534,0.,-16.135623496668,               241P    817
-33.485010779143,0.,-16.1,-33.427266985662,0.,-15.999984815868,      241P    818
-33.311779399696,0.,-16.000000001729,1.2646120849946E-06,            241P    819
0.23744647785965,0.,30.407113959361,0,1,239;                         241P    820
126,1,1,1,0,1,0,0.,0.,1.,1.,1.,1.,1.2646125508997E-06,               243P    821
30.407113959355,0.,3.9915349453468E-06,1.6911058296927E-09,0.,       243P    822
0.,1.,0.,0.,1.;                                                      243P    823
126,1,1,1,0,1,0,0.,0.,1.,1.,1.,1.,3.9915349453468E-06,0.,0.,         245P    824
0.23742749841466,0.,0.,0.,1.,0.,0.,1.;                               245P    825
126,1,1,1,0,1,0,0.,0.,1.,1.,1.,1.,0.23742749841466,0.,0.,            247P    826
0.23742749841466,15.203557095747,0.,0.,1.,0.,0.,1.;                  247P    827
126,1,1,1,0,1,0,0.,0.,1.,1.,1.,1.,0.23742749841475,                  249P    828
15.203557095747,0.,0.23744372785434,30.407113959361,0.,0.,1.,0.,     249P    829
0.,1.;                                                               249P    830
126,1,1,1,0,1,0,0.,0.,1.,1.,1.,1.,0.23744647785965,                  251P    831
30.407113959354,0.,1.2646120849946E-06,30.407113959354,0.,0.,1.,     251P    832
0.,0.,1.;                                                            251P    833
102,5,243,245,247,249,251;                                           253P    834
126,11,3,0,0,1,0,0.,0.,0.,0.,0.081497664742034,0.2444929942261,      255P    835
0.2444929942261,0.62722798374614,0.62722798374614,                   255P    836
0.98220545809456,0.98220545809456,0.99406848603152,1.,1.,1.,1.,      255P    837
1.,1.,1.,1.,1.,1.,1.,1.,1.,1.,1.,1.,-33.510416815855,                255P    838
-3.2797712390886E-07,16.176470783739,-33.510416803469,               255P    839
-1.4156098697029,16.176470650483,-33.51041676833,                    255P    840
-5.6624384424045,15.61900771575,-33.510416736851,                    255P    841
-9.4424953718271,13.434488129704,-33.510416666264,                   255P    842
-16.125360254844,6.7516221665937,-33.510416613293,                   255P    843
-17.473954039051,-0.30096902693804,-33.510416514545,                 255P    844
-12.446120548574,-12.016977691508,-33.510416475992,                  255P    845
-7.0519072523541,-15.799895610456,-33.51041642172,                   255P    846
-0.7180239728746,-16.161826390317,-33.510416419067,                  255P    847
-0.41032332398141,-16.173540174956,-33.510416416384,                 255P    848
-0.10258083284989,-16.176467412017,-33.510416415487,                 255P    849
-2.5446277692752E-09,-16.176467404457,0.,1.,0.,0.,0.;                255P    850
126,4,2,0,0,0,0,3.9915349453468E-06,3.9915349453468E-06,             257P    851
3.9915349453468E-06,0.070760831747915,0.070760831747915,             257P    852
0.23742749841466,0.23742749841466,0.23742749841466,                  257P    853
0.8327882532934,0.89386473968055,1.,0.74999999999988,0.75,           257P    854
-33.510416415487,0.,-16.176467404457,-33.505576716604,0.,            257P    855
-16.135621248588,-33.485010779143,0.,-16.1,-33.427275752224,0.,      257P    856
-16.,-33.311805698386,0.,-16.,3.9915349453468E-06,                   257P    857
0.23742749841466,0.,0.,0.;                                           257P    858
126,4,2,0,0,0,0,0.,0.,0.,15.203557088661,15.203557088661,            259P    859
15.203557095747,15.203557095747,15.203557095747,0.75,                259P    860
0.53033008588991,0.75,0.74999999989761,0.74999999979523,             259P    861
-33.311805698386,0.,-16.,-33.311805698386,-16.,-16.,                 259P    862
-33.311805698386,-16.,0.,-33.311805698386,-16.,                      259P    863
5.2731848087243E-09,-33.311805698386,-16.,1.0546366678296E-08,       259P    864
0.,15.203557095747,0.,0.,0.;                                         259P    865
126,9,3,0,0,1,0,0.,0.,0.,0.,0.16573934965046,0.49721804895139,       261P    866
0.49721804895139,0.96492293155533,0.96492293155533,                  261P    867
0.98830764385178,1.,1.,1.,1.,1.,1.,1.,1.,1.,1.,1.,1.,1.,1.,          261P    868
-33.311805698386,-16.,1.0546366678296E-08,-33.311804306788,          261P    869
-15.999999999077,1.4002146629337,-33.311800358994,                   261P    870
-15.448580944638,5.6008586197326,-33.311796822744,                   261P    871
-13.287940174734,9.3394767781248,-33.31179111251,                    261P    872
-8.5281367804532,14.099280282243,-33.311787907149,                   261P    873
-4.8151454570735,15.757729549541,-33.31178388937,                    261P    874
-0.68873736359799,15.986380712539,-33.311783600258,                  261P    875
-0.39358591453716,15.997276972633,-33.311783308006,                  261P    876
-0.098396721940649,15.999999999258,-33.311783210215,                 261P    877
-3.2438997693651E-07,16.000000001264,0.,1.,0.,0.,0.;                 261P    878
126,4,2,0,0,0,0,0.,0.,0.,0.16668564611173,0.16668564611173,          263P    879
0.23744521324756,0.23744521324756,0.23744521324756,                  263P    880
0.74999999694334,0.74997152453401,0.99999999160182,                  263P    881
0.89386064178945,0.83278353866989,-33.311779399696,                  263P    882
-3.2440008663669E-07,16.000000001729,-33.427266985662,               263P    883
-3.2439977874326E-07,15.999984815868,-33.485010779143,               263P    884
-3.2642758714289E-07,16.1,-33.505577603317,-3.2714983928981E-07,     263P    885
16.13562278442,-33.510416815855,-3.2797803269712E-07,                263P    886
16.176470783739,0.,0.23744521324756,0.,0.,0.;                        263P    887
102,5,255,257,259,261,263;                                           265P    888
142,0,241,253,265,1;                                                 267P    889
144,241,1,0,267,0,1,239;                                             269P    890
406,1,2HF9;                                                          271P    891
128,1,8,1,2,0,1,0,0,0,0.,0.,0.19881547668807,0.19881547668807,       273P    892
0.,0.,0.,0.25,0.25,0.5,0.5,0.75,0.75,1.,1.,1.,1.,1.,                 273P    893
0.70710678118655,0.70710678118655,1.,1.,0.70710678118655,            273P    894
0.70710678118655,1.,1.,0.70710678118655,0.70710678118655,1.,1.,      273P    895
0.70710678118655,0.70710678118655,1.,1.,-33.311805698387,16.,0.,     273P    896
-13.7,16.,0.,-33.311805698387,16.,-16.,-13.7,16.,-16.,               273P    897
-33.311805698387,0.,-16.,-13.7,0.,-16.,-33.311805698387,-16.,        273P    898
-16.,-13.7,-16.,-16.,-33.311805698387,-16.,0.,-13.7,-16.,0.,         273P    899
-33.311805698387,-16.,16.,-13.7,-16.,16.,-33.311805698387,0.,        273P    900
16.,-13.7,0.,16.,-33.311805698387,16.,16.,-13.7,16.,16.,             273P    901
-33.311805698387,16.,0.,-13.7,16.,0.,0.,0.19881547668807,0.,0.5,     273P    902
0,1,271;                                                             273P    903
126,1,1,1,0,1,0,0.,0.,1.,1.,1.,1.,0.19881547668807,                  275P    904
0.49999998909264,0.,0.,0.49999998909264,0.,0.,1.,0.,0.,1.;           275P    905
126,1,1,1,0,1,0,0.,0.,0.5,0.5,1.,1.,0.,0.49999997818646,0.,0.,       277P    906
0.24999998909323,0.,0.,0.5,0.,0.,1.;                                 277P    907
126,1,1,1,0,1,0,0.5,0.5,1.,1.,1.,1.,0.,0.24999998909323,0.,0.,       279P    908
0.,0.,0.5,1.,0.,0.,1.;                                               279P    909
126,1,1,1,0,1,0,0.,0.,1.,1.,1.,1.,0.,0.,0.,0.19881547668807,0.,      281P    910
0.,0.,1.,0.,0.,1.;                                                   281P    911
126,1,1,1,0,1,0,0.,0.,0.5,0.5,1.,1.,0.19881547668807,0.,0.,          283P    912
0.19881547668807,0.25,0.,0.,0.5,0.,0.,1.;                            283P    913
126,1,1,1,0,1,0,0.5,0.5,1.,1.,1.,1.,0.19881547668807,0.25,0.,        285P    914
0.19881547668807,0.5,0.,0.5,1.,0.,0.,1.;                             285P    915
102,6,275,277,279,281,283,285;                                       287P    916
126,1,1,0,0,0,0,0.,0.,0.19881547668807,0.19881547668807,             289P    917
0.99999997444246,0.99999997444246,-13.7,-16.,                        289P    918
-9.8722172909219E-07,-33.311805698387,-16.,-9.8722172909219E-07,     289P    919
0.,0.19881547668807,0.,0.,0.;                                        289P    920
126,4,2,0,0,0,0,0.50000002181354,0.50000002181354,                   291P    921
0.50000002181354,0.75,0.75,0.75000001090677,0.75000001090677,        291P    922
0.75000001090677,0.9999999488877,0.7071068067427,1.,                 291P    923
0.99999998722192,0.99999997444385,-33.311805698387,-16.,             291P    924
-1.9743362830738E-06,-33.311805698387,-15.999998025664,-16.,         291P    925
-33.311805698387,0.,-16.,-33.311805698387,4.9358406997555E-07,       291P    926
-16.,-33.311805698387,9.8716813897137E-07,-16.,0.50000002181354,     291P    927
0.75000001090677,0.,0.,0.;                                           291P    928
126,2,2,0,0,0,0,0.75000001090677,0.75000001090677,                   293P    929
0.75000001090677,1.,1.,1.,0.99999997444385,0.70710679396462,1.,      293P    930
-33.311805698387,9.8716813897137E-07,-16.,-33.311805698387,16.,      293P    931
-15.999999012832,-33.311805698387,16.,0.,0.75000001090677,1.,0.,     293P    932
0.,0.;                                                               293P    933
126,1,1,0,0,0,0,0.,0.,0.19881547668807,0.19881547668807,1.,1.,       295P    934
-33.311805698387,16.,0.,-13.7,16.,0.,0.,0.19881547668807,0.,0.,      295P    935
0.;                                                                  295P    936
126,2,2,0,0,0,0,0.,0.,0.,0.25,0.25,0.25,1.,0.70710678118655,1.,      297P    937
-13.7,16.,0.,-13.7,16.,-16.,-13.7,0.,-16.,0.,0.25,0.,0.,0.;          297P    938
126,2,2,0,0,0,0,0.25,0.25,0.25,0.5,0.5,0.5,1.,0.70710678118655,      299P    939
1.,-13.7,0.,-16.,-13.7,-16.,-16.,-13.7,-16.,0.,0.25,0.5,0.,0.,       299P    940
0.;                                                                  299P    941
102,6,289,291,293,295,297,299;                                       301P    942
142,0,273,287,301,1;                                                 303P    943
144,273,1,0,303,0,1,271;                                             305P    944
406,1,3HF10;                                                         307P    945
128,1,8,1,2,0,1,0,0,0,0.,0.,0.19881547668807,0.19881547668807,       309P    946
0.,0.,0.,0.25,0.25,0.5,0.5,0.75,0.75,1.,1.,1.,1.,1.,                 309P    947
0.70710678118655,0.70710678118655,1.,1.,0.70710678118655,            309P    948
0.70710678118655,1.,1.,0.70710678118655,0.70710678118655,1.,1.,      309P    949
0.70710678118655,0.70710678118655,1.,1.,-33.311805698387,16.,0.,     309P    950
-13.7,16.,0.,-33.311805698387,16.,-16.,-13.7,16.,-16.,               309P    951
-33.311805698387,0.,-16.,-13.7,0.,-16.,-33.311805698387,-16.,        309P    952
-16.,-13.7,-16.,-16.,-33.311805698387,-16.,0.,-13.7,-16.,0.,         309P    953
-33.311805698387,-16.,16.,-13.7,-16.,16.,-33.311805698387,0.,        309P    954
16.,-13.7,0.,16.,-33.311805698387,16.,16.,-13.7,16.,16.,             309P    955
-33.311805698387,16.,0.,-13.7,16.,0.,0.,0.19881547668807,            309P    956
0.50000000000122,1.,0,1,307;                                         309P    957
126,1,1,1,0,1,0,0.,0.,1.,1.,1.,1.,0.19881547668807,                  311P    958
0.74999999980563,0.,0.19881547668807,1.,0.,0.,1.,0.,0.,1.;           311P    959
126,1,1,1,0,1,0,0.,0.,1.,1.,1.,1.,0.19881547668807,1.,0.,0.,1.,      313P    960
0.,0.,1.,0.,0.,1.;                                                   313P    961
126,1,1,1,0,1,0,0.,0.,1.,1.,1.,1.,0.,1.,0.,0.,0.7499999998835,       315P    962
0.,0.,1.,0.,0.,1.;                                                   315P    963
126,1,1,1,0,1,0,0.,0.,1.,1.,1.,1.,0.,0.7499999998835,0.,0.,          317P    964
0.50000000000122,0.,0.,1.,0.,0.,1.;                                  317P    965
126,1,1,1,0,1,0,0.,0.,1.,1.,1.,1.,0.,0.50000000000122,0.,            319P    966
0.19881547668807,0.50000002247636,0.,0.,1.,0.,0.,1.;                 319P    967
126,1,1,1,0,1,0,0.,0.,1.,1.,1.,1.,0.19881547668807,                  321P    968
0.50000002247636,0.,0.19881547668807,0.74999999980563,0.,0.,1.,      321P    969
0.,0.,1.;                                                            321P    970
102,6,311,313,315,317,319,321;                                       323P    971
126,2,2,0,0,0,0,0.74999999980563,0.74999999980563,                   325P    972
0.74999999980563,1.,1.,1.,1.,0.70710678118655,1.,-13.7,0.,16.,       325P    973
-13.7,16.,16.,-13.7,16.,0.,0.74999999980563,1.,0.,0.,0.;             325P    974
126,1,1,0,0,0,0,0.,0.,0.19881547668807,0.19881547668807,1.,1.,       327P    975
-13.7,16.,0.,-33.311805698387,16.,0.,0.,0.19881547668807,0.,0.,      327P    976
0.;                                                                  327P    977
126,2,2,0,0,0,0,0.,0.,0.,0.2500000001165,0.2500000001165,            329P    978
0.2500000001165,1.,0.70710678118655,1.,-33.311805698387,16.,0.,      329P    979
-33.311805698387,16.,16.,-33.311805698387,0.,16.,0.,                 329P    980
0.2500000001165,0.,0.,0.;                                            329P    981
126,2,2,0,0,0,0,0.2500000001165,0.2500000001165,0.2500000001165,     331P    982
0.49999999999878,0.49999999999878,0.49999999999878,1.,               331P    983
0.70710678118655,1.,-33.311805698387,0.,16.,-33.311805698387,        331P    984
-16.,16.,-33.311805698387,-16.,0.,0.2500000001165,                   331P    985
0.49999999999878,0.,0.,0.;                                           331P    986
126,3,3,0,0,1,0,0.,0.,0.,0.,1.,1.,1.,1.,1.,1.,1.,1.,                 333P    987
-33.311805698387,-16.,1.1046220951447E-10,-28.40885427379,-16.,      333P    988
5.0866476111423E-07,-18.602951424597,-16.,1.5257733857054E-06,       333P    989
-13.7,-16.,2.0343277113919E-06,0.,1.,0.,0.,0.;                       333P    990
126,2,2,0,0,0,0,0.50000002247636,0.50000002247636,                   335P    991
0.50000002247636,0.74999999980563,0.74999999980563,                  335P    992
0.74999999980563,0.99999994733462,0.70710680751924,1.,-13.7,         335P    993
-16.,2.0343277113919E-06,-13.7,-15.999997965672,16.,-13.7,0.,        335P    994
16.,0.50000002247636,0.74999999980563,0.,0.,0.;                      335P    995
102,6,325,327,329,331,333,335;                                       337P    996
142,0,309,323,337,1;                                                 339P    997
144,309,1,0,339,0,1,307;                                             341P    998
406,1,3HF11;                                                         343P    999
128,4,8,2,2,0,1,0,0,0,0.,0.,0.,0.16671078840058,                     345P   1000
0.16671078840058,0.25602892586511,0.25602892586511,                  345P   1001
0.25602892586511,0.,0.,0.,15.20355708866,15.20355708866,             345P   1002
30.407114177321,30.407114177321,45.610671265981,45.610671265981,     345P   1003
60.814228354641,60.814228354641,60.814228354641,                     345P   1004
0.75000001752055,0.74993381739914,1.,0.86602279380321,               345P   1005
0.8038451547276,0.53033009827881,0.53028328772404,                   345P   1006
0.70710678118655,0.61237059016037,0.56840435993184,                  345P   1007
0.75000001752055,0.74993381739914,1.,0.86602279380321,               345P   1008
0.8038451547276,0.53033009827881,0.53028328772404,                   345P   1009
0.70710678118655,0.61237059016037,0.56840435993184,                  345P   1010
0.75000001752055,0.74993381739914,1.,0.86602279380321,               345P   1011
0.8038451547276,0.53033009827881,0.53028328772404,                   345P   1012
0.70710678118655,0.61237059016037,0.56840435993184,                  345P   1013
0.75000001752055,0.74993381739914,1.,0.86602279380321,               345P   1014
0.8038451547276,0.53033009827881,0.53028328772404,                   345P   1015
0.70710678118655,0.61237059016037,0.56840435993184,                  345P   1016
0.75000001752055,0.74993381739914,1.,0.86602279380321,               345P   1017
0.8038451547276,-13.700061136866,0.,-16.000000009344,                345P   1018
-13.584550326917,0.,-15.999964699498,-13.526794919243,0.,-16.1,      345P   1019
-13.499999397249,0.,-16.146411205509,-13.500000000013,0.,            345P   1020
-16.200002249495,-13.700061136866,-16.000000009344,                  345P   1021
-16.000000009344,-13.584550326917,-15.999964699498,                  345P   1022
-15.999964699498,-13.526794919243,-16.1,-16.1,-13.499999397249,      345P   1023
-16.146411205509,-16.146411205509,-13.500000000013,                  345P   1024
-16.200002249495,-16.200002249495,-13.700061136866,                  345P   1025
-16.000000009344,0.,-13.584550326917,-15.999964699498,0.,            345P   1026
-13.526794919243,-16.1,0.,-13.499999397249,-16.146411205509,0.,      345P   1027
-13.500000000013,-16.200002249495,0.,-13.700061136866,               345P   1028
-16.000000009344,16.000000009344,-13.584550326917,                   345P   1029
-15.999964699498,15.999964699498,-13.526794919243,-16.1,16.1,        345P   1030
-13.499999397249,-16.146411205509,16.146411205509,                   345P   1031
-13.500000000013,-16.200002249495,16.200002249495,                   345P   1032
-13.700061136866,0.,16.000000009344,-13.584550326917,0.,             345P   1033
15.999964699498,-13.526794919243,0.,16.1,-13.499999397249,0.,        345P   1034
16.146411205509,-13.500000000013,0.,16.200002249495,                 345P   1035
-13.700061136866,16.000000009344,16.000000009344,                    345P   1036
-13.584550326917,15.999964699498,15.999964699498,                    345P   1037
-13.526794919243,16.1,16.1,-13.499999397249,16.146411205509,         345P   1038
16.146411205509,-13.500000000013,16.200002249495,                    345P   1039
16.200002249495,-13.700061136866,16.000000009344,0.,                 345P   1040
-13.584550326917,15.999964699498,0.,-13.526794919243,16.1,0.,        345P   1041
-13.499999397249,16.146411205509,0.,-13.500000000013,                345P   1042
16.200002249495,0.,-13.700061136866,16.000000009344,                 345P   1043
-16.000000009344,-13.584550326917,15.999964699498,                   345P   1044
-15.999964699498,-13.526794919243,16.1,-16.1,-13.499999397249,       345P   1045
16.146411205509,-16.146411205509,-13.500000000013,                   345P   1046
16.200002249495,-16.200002249495,-13.700061136866,0.,                345P   1047
-16.000000009344,-13.584550326917,0.,-15.999964699498,               345P   1048
-13.526794919243,0.,-16.1,-13.499999397249,0.,-16.146411205509,      345P   1049
-13.500000000013,0.,-16.200002249495,0.,0.25602892584104,            345P   1050
30.407114177321,60.814228354641,0,1,343;                             345P   1051
126,1,1,1,0,1,0,0.,0.,1.,1.,1.,1.,2.10242763371E-05,                 347P   1052
30.407114177321,0.,0.25602732309734,30.407114177321,0.,0.,1.,0.,     347P   1053
0.,1.;                                                               347P   1054
126,1,1,1,0,1,0,0.,0.,1.,1.,1.,1.,0.25602892584104,                  349P   1055
30.407114177321,0.,0.25602417682543,60.814228354641,0.,0.,1.,0.,     349P   1056
0.,1.;                                                               349P   1057
126,1,1,1,0,1,0,0.,0.,1.,1.,1.,1.,0.25602417682543,                  351P   1058
60.814228354641,0.,4.4121733976277E-05,60.814228354641,0.,0.,1.,     351P   1059
0.,0.,1.;                                                            351P   1060
126,1,1,1,0,1,0,0.,0.,0.50000032197023,0.50000032197023,1.,1.,       353P   1061
4.4121733976277E-05,60.814228354641,0.,2.2060852782253E-05,          353P   1062
45.610671266009,0.,0.,0.50000032197023,0.,0.,1.;                     353P   1063
126,1,1,1,0,1,0,0.50000032197023,0.50000032197023,1.,1.,1.,1.,       355P   1064
2.2060852782253E-05,45.610671266009,0.,0.,30.407133757735,0.,        355P   1065
0.50000032197023,1.,0.,0.,1.;                                        355P   1066
102,5,347,349,351,353,355;                                           357P   1067
126,4,2,0,0,0,0,2.10242763371E-05,2.10242763371E-05,                 359P   1068
2.10242763371E-05,0.16671078840058,0.16671078840058,                 359P   1069
0.25602732309734,0.25602732309734,0.25602732309734,                  359P   1070
0.75000000480143,0.74996535381364,1.,0.86602519795486,               359P   1071
0.80384738624186,-13.700032004776,0.,16.000000002561,                359P   1072
-13.584540614914,0.,15.99998152118,-13.526794919243,0.,16.1,         359P   1073
-13.499999952466,0.,16.146410243846,-13.5,0.,16.2000001774,          359P   1074
2.10242763371E-05,0.25602732309734,0.,0.,0.;                         359P   1075
126,11,3,0,0,1,0,0.,0.,0.,0.,0.081498589477901,0.2444957684337,      361P   1076
0.2444957684337,0.6271302701115,0.6271302701115,                     361P   1077
0.98213440576085,0.98213440576085,0.99404480192028,1.,1.,1.,1.,      361P   1078
1.,1.,1.,1.,1.,1.,1.,1.,1.,1.,1.,1.,-13.500000000013,0.,             361P   1079
16.200002249463,-13.500000000011,1.4176623181126,                    361P   1080
16.200002059506,-13.500000000005,5.6706491976456,                    361P   1081
15.641733140306,-13.500000000002,9.4562318188822,                    361P   1082
13.454029359323,-13.499999999999,16.147527813449,                    361P   1083
6.7627318341866,-13.5,17.498764226946,-0.29772308147279,             361P   1084
-13.500000000013,12.467705632381,-12.031070658645,                   361P   1085
-13.50000000002,7.0662206013687,-15.82124139353,                     361P   1086
-13.500000000036,0.72193798305039,-16.185216529316,                  361P   1087
-13.500000000037,0.41256022279034,-16.197041200067,                  361P   1088
-13.500000000038,0.1031400555986,-16.199996123666,                   361P   1089
-13.500000000038,0.,-16.199996109846,0.,1.,0.,0.,0.;                 361P   1090
126,4,2,0,0,0,0,4.7490396711813E-06,4.7490396711813E-06,             363P   1091
4.7490396711813E-06,0.08931813746453,0.08931813746453,               363P   1092
0.25598480413113,0.25598480413113,0.25598480413113,                  363P   1093
0.80385176689279,0.86602991736271,1.,0.7500000000001,0.75,           363P   1094
-13.500000000038,0.,-16.199996109846,-13.500001042361,0.,            363P   1095
-16.146408356092,-13.526794919243,0.,-16.1,-13.584529946162,0.,      363P   1096
-16.,-13.7,0.,-16.,4.7490396711813E-06,0.25598480413113,0.,0.,       363P   1097
0.;                                                                  363P   1098
126,9,3,0,0,1,0,0.,0.,0.,0.,0.16573934999577,0.49721804998731,       365P   1099
0.49721804998731,0.96492292992834,0.96492292992834,                  365P   1100
0.98830764330945,1.,1.,1.,1.,1.,1.,1.,1.,1.,1.,1.,1.,1.,1.,          365P   1101
-13.7,0.,-16.,-13.700001891616,1.400214674051,-16.,                  365P   1102
-13.700007257903,5.6008586962043,-15.448580931304,                   365P   1103
-13.700012064772,9.3394769004189,-13.287940098023,                   365P   1104
-13.700019826765,14.099280401864,-8.5281365974308,                   365P   1105
-13.700024183852,15.75772963017,-4.8151452202752,                    365P   1106
-13.70002964527,15.98638072588,-0.68873708072517,                    365P   1107
-13.700030038264,15.997276981321,-0.39358561379074,                  365P   1108
-13.700030435525,16.000000002316,-0.098396403478791,                 365P   1109
-13.700030568453,16.000000002336,-4.1285741605903E-11,0.,1.,0.,      365P   1110
0.,0.;                                                               365P   1111
126,9,3,0,0,1,0,0.,0.,0.,0.,0.15282292973175,0.45846878919526,       367P   1112
0.45846878919526,0.95613967212144,0.95613967212144,                  367P   1113
0.98537989070715,1.,1.,1.,1.,1.,1.,1.,1.,1.,1.,1.,1.,1.,1.,          367P   1114
-13.700030568453,16.000000002336,-4.1275166615666E-11,               367P   1115
-13.700032312401,16.000000002606,1.2909072055582,                    367P   1116
-13.700037806513,15.531313356055,5.1636288224542,                    367P   1117
-13.700041756408,13.688292348937,8.6758443315062,                    367P   1118
-13.700049572878,9.1993863453158,13.746798083633,                    367P   1119
-13.700054140827,5.2961390319256,15.670581821142,                    367P   1120
-13.700059982228,0.8630581611987,15.978608917461,                    367P   1121
-13.70006047297,0.49323107591034,15.995723264339,                    367P   1122
-13.700060970294,0.12332962704532,15.999999784694,                   367P   1123
-13.700061136866,2.9141493802592E-05,16.000000009318,0.,1.,0.,       367P   1124
0.,0.;                                                               367P   1125
102,5,359,361,363,365,367;                                           369P   1126
142,0,345,357,369,1;                                                 371P   1127
144,345,1,0,371,0,1,343;                                             373P   1128
406,1,3HF12;                                                         375P   1129
128,4,8,2,2,0,1,0,0,0,0.,0.,0.,0.16671078840058,                     377P   1130
0.16671078840058,0.25602892586511,0.25602892586511,                  377P   1131
0.25602892586511,0.,0.,0.,15.20355708866,15.20355708866,             377P   1132
30.407114177321,30.407114177321,45.610671265981,45.610671265981,     377P   1133
60.814228354641,60.814228354641,60.814228354641,                     377P   1134
0.75000001752055,0.74993381739914,1.,0.86602279380321,               377P   1135
0.8038451547276,0.53033009827881,0.53028328772404,                   377P   1136
0.70710678118655,0.61237059016037,0.56840435993184,                  377P   1137
0.75000001752055,0.74993381739914,1.,0.86602279380321,               377P   1138
0.8038451547276,0.53033009827881,0.53028328772404,                   377P   1139
0.70710678118655,0.61237059016037,0.56840435993184,                  377P   1140
0.75000001752055,0.74993381739914,1.,0.86602279380321,               377P   1141
0.8038451547276,0.53033009827881,0.53028328772404,                   377P   1142
0.70710678118655,0.61237059016037,0.56840435993184,                  377P   1143
0.75000001752055,0.74993381739914,1.,0.86602279380321,               377P   1144
0.8038451547276,0.53033009827881,0.53028328772404,                   377P   1145
0.70710678118655,0.61237059016037,0.56840435993184,                  377P   1146
0.75000001752055,0.74993381739914,1.,0.86602279380321,               377P   1147
0.8038451547276,-13.700061136866,0.,-16.000000009344,                377P   1148
-13.584550326917,0.,-15.999964699498,-13.526794919243,0.,-16.1,      377P   1149
-13.499999397249,0.,-16.146411205509,-13.500000000013,0.,            377P   1150
-16.200002249495,-13.700061136866,-16.000000009344,                  377P   1151
-16.000000009344,-13.584550326917,-15.999964699498,                  377P   1152
-15.999964699498,-13.526794919243,-16.1,-16.1,-13.499999397249,      377P   1153
-16.146411205509,-16.146411205509,-13.500000000013,                  377P   1154
-16.200002249495,-16.200002249495,-13.700061136866,                  377P   1155
-16.000000009344,0.,-13.584550326917,-15.999964699498,0.,            377P   1156
-13.526794919243,-16.1,0.,-13.499999397249,-16.146411205509,0.,      377P   1157
-13.500000000013,-16.200002249495,0.,-13.700061136866,               377P   1158
-16.000000009344,16.000000009344,-13.584550326917,                   377P   1159
-15.999964699498,15.999964699498,-13.526794919243,-16.1,16.1,        377P   1160
-13.499999397249,-16.146411205509,16.146411205509,                   377P   1161
-13.500000000013,-16.200002249495,16.200002249495,                   377P   1162
-13.700061136866,0.,16.000000009344,-13.584550326917,0.,             377P   1163
15.999964699498,-13.526794919243,0.,16.1,-13.499999397249,0.,        377P   1164
16.146411205509,-13.500000000013,0.,16.200002249495,                 377P   1165
-13.700061136866,16.000000009344,16.000000009344,                    377P   1166
-13.584550326917,15.999964699498,15.999964699498,                    377P   1167
-13.526794919243,16.1,16.1,-13.499999397249,16.146411205509,         377P   1168
16.146411205509,-13.500000000013,16.200002249495,                    377P   1169
16.200002249495,-13.700061136866,16.000000009344,0.,                 377P   1170
-13.584550326917,15.999964699498,0.,-13.526794919243,16.1,0.,        377P   1171
-13.499999397249,16.146411205509,0.,-13.500000000013,                377P   1172
16.200002249495,0.,-13.700061136866,16.000000009344,                 377P   1173
-16.000000009344,-13.584550326917,15.999964699498,                   377P   1174
-15.999964699498,-13.526794919243,16.1,-16.1,-13.499999397249,       377P   1175
16.146411205509,-16.146411205509,-13.500000000013,                   377P   1176
16.200002249495,-16.200002249495,-13.700061136866,0.,                377P   1177
-16.000000009344,-13.584550326917,0.,-15.999964699498,               377P   1178
-13.526794919243,0.,-16.1,-13.499999397249,0.,-16.146411205509,      377P   1179
-13.500000000013,0.,-16.200002249495,4.4121733908775E-05,            377P   1180
0.25602892586511,0.,30.407114177321,0,1,375;                         377P   1181
126,1,1,1,0,1,0,0.,0.,1.,1.,1.,1.,4.4121733908775E-05,               379P   1182
15.203557100481,0.,4.4121733908775E-05,0.,0.,0.,1.,0.,0.,1.;         379P   1183
126,1,1,1,0,1,0,0.,0.,1.,1.,1.,1.,4.4121733908775E-05,0.,0.,         381P   1184
0.25602417684938,0.,0.,0.,1.,0.,0.,1.;                               381P   1185
126,1,1,1,0,1,0,0.,0.,1.,1.,1.,1.,0.25602417684938,0.,0.,            383P   1186
0.25602892586511,30.407113273491,0.,0.,1.,0.,0.,1.;                  383P   1187
126,1,1,1,0,1,0,0.,0.,1.,1.,1.,1.,0.25602892584115,                  385P   1188
30.407114177321,0.,4.4121733909663E-05,30.407112810461,0.,0.,1.,     385P   1189
0.,0.,1.;                                                            385P   1190
126,1,1,1,0,1,0,0.,0.,1.,1.,1.,1.,4.4121733909663E-05,               387P   1191
30.407112810461,0.,4.4121733909663E-05,15.203557100481,0.,0.,1.,     387P   1192
0.,0.,1.;                                                            387P   1193
102,5,379,381,383,385,387;                                           389P   1194
126,4,2,0,0,0,0,45.61067125416,45.61067125416,45.61067125416,        391P   1195
45.610671265981,45.610671265981,60.814228354641,60.814228354641,     391P   1196
60.814228354641,0.74999999965841,0.74999999982921,0.75,              391P   1197
0.53033008588991,0.75,-13.7,-16.,1.7592788456793E-08,-13.7,-16.,     391P   1198
8.7963956979726E-09,-13.7,-16.,0.,-13.7,-16.,-16.,-13.7,0.,-16.,     391P   1199
45.61067125416,60.814228354641,0.,0.,0.;                             391P   1200
126,4,2,0,0,0,0,4.4121733908775E-05,4.4121733908775E-05,             393P   1201
4.4121733908775E-05,0.16671078840058,0.16671078840058,               393P   1202
0.25602417684938,0.25602417684938,0.25602417684938,0.75,0.75,1.,     393P   1203
0.86602991732679,0.80385176685945,-13.7,0.,-16.,                     393P   1204
-13.584529946162,0.,-16.,-13.526794919243,0.,-16.1,                  393P   1205
-13.500001042353,0.,-16.146408356106,-13.500000000038,0.,            393P   1206
-16.199996109877,4.4121733908775E-05,0.25602417684938,0.,0.,0.;      393P   1207
126,11,3,0,0,1,0,0.,0.,0.,0.,0.081498564908217,0.24449569472465,     395P   1208
0.24449569472465,0.62713015870856,0.62713015870856,                  395P   1209
0.98213438175159,0.98213438175159,0.9940447939172,1.,1.,1.,1.,       395P   1210
1.,1.,1.,1.,1.,1.,1.,1.,1.,1.,1.,1.,-13.500000000038,0.,             395P   1211
-16.199996109877,-13.500000000034,-1.4176618741881,                  395P   1212
-16.199996299833,-13.500000000024,-5.6706475715559,                  395P   1213
-15.641728596456,-13.500000000018,-9.4562294947305,                  395P   1214
-13.454026329255,-13.500000000005,-16.147526011242,                  395P   1215
-6.7627316728452,-13.5,-17.498763964935,0.29772224094462,-13.5,      395P   1216
-12.467709149949,12.031071840367,-13.500000000003,                   395P   1217
-7.0662241041137,15.821244645005,-13.500000000012,                   395P   1218
-0.72194026223202,16.185222384184,-13.500000000012,                  395P   1219
-0.41256211088716,16.197047188366,-13.500000000012,                  395P   1220
-0.10314154936902,16.200002227003,-13.500000000013,                  395P   1221
-1.3619815131599E-06,16.200002249495,0.,1.,0.,0.,0.;                 395P   1222
126,7,3,0,0,1,0,0.,0.,0.,0.,0.24155029606104,0.72465088818313,       397P   1223
0.72465088818313,0.90821696272771,1.,1.,1.,1.,1.,1.,1.,1.,1.,1.,     397P   1224
1.,1.,-13.500000000013,0.,16.200002249464,-13.499999715247,          397P   1225
-1.5757733694777E-07,16.174683718752,-13.514421990893,               397P   1226
-6.5214522220672E-07,16.098727964394,-13.569590388553,               397P   1227
-1.2245389635327E-06,16.040134850244,-13.632914394481,               397P   1228
-1.6426281504953E-06,16.010607163076,-13.6615227264,                 397P   1229
-1.8138841427563E-06,16.002081953946,-13.6903806816,                 397P   1230
-1.9791257619797E-06,16.,-13.7,-2.0342945374128E-06,16.,0.,1.,       397P   1231
0.,0.,0.;                                                            397P   1232
126,2,2,0,0,0,0,30.407115544181,30.407115544181,30.407115544181,     399P   1233
45.61067125416,45.61067125416,45.61067125416,0.74999996050161,       399P   1234
0.5303301058099,0.74999999965841,-13.7,-2.0342945374128E-06,16.,     399P   1235
-13.7,-15.999999982407,15.999997965706,-13.7,-16.,                   399P   1236
1.759278938728E-08,30.407115544181,45.61067125416,0.,0.,0.;          399P   1237
102,5,391,393,395,397,399;                                           401P   1238
142,0,377,389,401,1;                                                 403P   1239
144,377,1,0,403,0,1,375;                                             405P   1240
406,1,3HF13;                                                         407P   1241
128,1,1,1,1,0,0,1,0,0,0.,0.,1.,1.,0.,0.,1.,1.,1.,1.,1.,1.,-13.5,     409P   1242
-18.8,-18.8,-13.5,-18.8,18.8,-13.5,56.4,-18.8,-13.5,56.4,18.8,       409P   1243
0.,1.,0.,0.50265957446809,0,1,407;                                   409P   1244
126,4,2,1,0,0,0,0.,0.,0.,0.25,0.25,0.5,0.5,0.5,1.,                   411P   1245
0.70710678118655,1.,0.70710678118655,1.,1.,0.25,0.,1.,0.5,0.,        411P   1246
0.5,0.5,0.,0.,0.5,0.,0.,0.25,0.,0.,0.5,0.,0.,1.;                     411P   1247
126,4,2,1,0,0,0,0.5,0.5,0.5,0.75,0.75,1.,1.,1.,1.,                   413P   1248
0.70710678118655,1.,0.70710678118655,1.,0.,0.25,0.,0.,0.,0.,0.5,     413P   1249
0.,0.,1.,0.,0.,1.,0.25,0.,0.5,1.,0.,0.,1.;                           413P   1250
102,2,411,413;                                                       415P   1251
126,4,2,0,0,0,0,0.,0.,0.,0.25,0.25,0.5,0.5,0.5,1.,                   417P   1252
0.70710678118655,1.,0.70710678118655,1.,-13.5,0.,18.8,-13.5,         417P   1253
18.8,18.8,-13.5,18.8,0.,-13.5,18.8,-18.8,-13.5,0.,-18.8,0.,0.5,      417P   1254
0.,0.,0.;                                                            417P   1255
126,4,2,0,0,0,0,0.5,0.5,0.5,0.75,0.75,1.,1.,1.,1.,                   419P   1256
0.70710678118655,1.,0.70710678118655,1.,-13.5,0.,-18.8,-13.5,        419P   1257
-18.8,-18.8,-13.5,-18.8,0.,-13.5,-18.8,18.8,-13.5,0.,18.8,0.5,       419P   1258
1.,0.,0.,0.;                                                         419P   1259
102,2,417,419;                                                       421P   1260
142,0,409,415,421,1;                                                 423P   1261
126,4,2,1,0,0,0,0.,0.,0.,0.25,0.25,0.5,0.5,0.5,1.,                   425P   1262
0.70710678118655,1.,0.70710678118655,1.,0.93085106382979,0.25,       425P   1263
0.,0.93085106382979,0.034574468085106,0.,0.5,0.034574468085106,      425P   1264
0.,0.069148936170213,0.034574468085106,0.,0.069148936170213,         425P   1265
0.25,0.,0.,0.5,0.,0.,1.;                                             425P   1266
126,4,2,1,0,0,0,0.5,0.5,0.5,0.75,0.75,1.,1.,1.,1.,                   427P   1267
0.70710678118655,1.,0.70710678118655,1.,0.069148936170213,0.25,      427P   1268
0.,0.069148936170213,0.46542553191489,0.,0.5,0.46542553191489,       427P   1269
0.,0.93085106382979,0.46542553191489,0.,0.93085106382979,0.25,       427P   1270
0.,0.5,1.,0.,0.,1.;                                                  427P   1271
102,2,425,427;                                                       429P   1272
126,4,2,0,0,0,0,0.,0.,0.,0.25,0.25,0.5,0.5,0.5,1.,                   431P   1273
0.70710678118655,1.,0.70710678118655,1.,-13.5,0.,16.2,-13.5,         431P   1274
-16.2,16.2,-13.5,-16.2,0.,-13.5,-16.2,-16.2,-13.5,0.,-16.2,0.,       431P   1275
0.5,0.,0.,0.;                                                        431P   1276
126,4,2,0,0,0,0,0.5,0.5,0.5,0.75,0.75,1.,1.,1.,1.,                   433P   1277
0.70710678118655,1.,0.70710678118655,1.,-13.5,0.,-16.2,-13.5,        433P   1278
16.2,-16.2,-13.5,16.2,0.,-13.5,16.2,16.2,-13.5,0.,16.2,0.5,1.,       433P   1279
0.,0.,0.;                                                            433P   1280
102,2,431,433;                                                       435P   1281
142,0,409,429,435,1;                                                 437P   1282
144,409,1,1,423,437,0,1,407;                                         439P   1283
406,1,3HF14;                                                         441P   1284
128,4,8,2,2,0,1,0,0,0,0.,0.,0.,0.049490760417365,                    443P   1285
0.049490760417365,0.25207669660134,0.25207669660134,                 443P   1286
0.25207669660134,0.,0.,0.,0.25,0.25,0.5,0.5,0.75,0.75,1.,1.,1.,      443P   1287
0.87357173704811,0.92576385937395,1.,0.69612109572404,               443P   1288
0.76161174530391,0.61770849911963,0.65461390274075,                  443P   1289
0.70710678118655,0.49223194731348,0.53854082973572,                  443P   1290
0.87357173704811,0.92576385937395,1.,0.69612109572404,               443P   1291
0.76161174530391,0.61770849911963,0.65461390274075,                  443P   1292
0.70710678118655,0.49223194731348,0.53854082973572,                  443P   1293
0.87357173704811,0.92576385937395,1.,0.69612109572404,               443P   1294
0.76161174530391,0.61770849911963,0.65461390274075,                  443P   1295
0.70710678118655,0.49223194731348,0.53854082973572,                  443P   1296
0.87357173704811,0.92576385937395,1.,0.69612109572404,               443P   1297
0.76161174530391,0.61770849911963,0.65461390274075,                  443P   1298
0.70710678118655,0.49223194731348,0.53854082973572,                  443P   1299
0.87357173704811,0.92576385937395,1.,0.69612109572404,               443P   1300
0.76161174530391,-13.299999486017,0.,-18.999999999999,               443P   1301
-13.327777793848,0.,-19.000000071387,-13.354504669661,0.,            443P   1302
-18.992429833927,-13.499999910938,0.,-18.951219124022,-13.5,0.,      443P   1303
-18.800000117792,-13.299999486017,18.999999999999,-19.,              443P   1304
-13.327777793848,19.000000071387,-19.000000071388,                   443P   1305
-13.354504669661,18.992429833927,-18.992429833927,                   443P   1306
-13.499999910938,18.951219124022,-18.951219124022,-13.5,             443P   1307
18.800000117792,-18.800000117792,-13.299999486017,19.,0.,            443P   1308
-13.327777793848,19.000000071388,0.,-13.354504669661,                443P   1309
18.992429833927,0.,-13.499999910938,18.951219124022,0.,-13.5,        443P   1310
18.800000117792,0.,-13.299999486017,19.,18.999999999999,             443P   1311
-13.327777793848,19.000000071388,19.000000071387,                    443P   1312
-13.354504669661,18.992429833928,18.992429833927,                    443P   1313
-13.499999910938,18.951219124022,18.951219124022,-13.5,              443P   1314
18.800000117793,18.800000117792,-13.299999486017,0.,19.,             443P   1315
-13.327777793848,0.,19.000000071387,-13.354504669661,0.,             443P   1316
18.992429833927,-13.499999910938,0.,18.951219124022,-13.5,0.,        443P   1317
18.800000117792,-13.299999486017,-18.999999999999,19.,               443P   1318
-13.327777793848,-19.000000071387,19.000000071388,                   443P   1319
-13.354504669661,-18.992429833926,18.992429833927,                   443P   1320
-13.499999910938,-18.951219124021,18.951219124022,-13.5,             443P   1321
-18.800000117791,18.800000117793,-13.299999486017,                   443P   1322
-18.999999999999,0.,-13.327777793848,-19.000000071387,0.,            443P   1323
-13.354504669661,-18.992429833927,0.,-13.499999910938,               443P   1324
-18.951219124021,0.,-13.5,-18.800000117792,0.,-13.299999486017,      443P   1325
-18.999999999999,-18.999999999999,-13.327777793848,                  443P   1326
-19.000000071387,-19.000000071387,-13.354504669661,                  443P   1327
-18.992429833927,-18.992429833927,-13.499999910938,                  443P   1328
-18.951219124022,-18.951219124021,-13.5,-18.800000117792,            443P   1329
-18.800000117792,-13.299999486017,0.,-18.999999999999,               443P   1330
-13.327777793848,0.,-19.000000071387,-13.354504669661,0.,            443P   1331
-18.992429833927,-13.499999910938,0.,-18.951219124022,-13.5,0.,      443P   1332
-18.800000117792,3.8818009151509E-07,0.25207669660134,               443P   1333
0.50000000000002,1.,0,1,441;                                         443P   1334
126,1,1,1,0,1,0,0.,0.,1.,1.,1.,1.,4.3205161393001E-07,               445P   1335
0.74999999992808,0.,3.9522215372623E-07,0.50000000000002,0.,0.,      445P   1336
1.,0.,0.,1.;                                                         445P   1337
126,1,1,1,0,1,0,0.,0.,1.,1.,1.,1.,3.8818009151509E-07,               447P   1338
0.50000000000002,0.,0.25206770265654,0.50000000000002,0.,0.,1.,      447P   1339
0.,0.,1.;                                                            447P   1340
126,1,1,1,0,1,0,0.,0.,1.,1.,1.,1.,0.25205778583031,                  449P   1341
0.50000000103089,0.,0.25207669660134,1.,0.,0.,1.,0.,0.,1.;           449P   1342
126,1,1,1,0,1,0,0.,0.,1.,1.,1.,1.,0.25207669660134,1.,0.,            451P   1343
4.3205160554782E-07,1.,0.,0.,1.,0.,0.,1.;                            451P   1344
126,1,1,1,0,1,0,0.,0.,1.,1.,1.,1.,4.3205160554782E-07,1.,0.,         453P   1345
4.3205146788017E-07,0.74999999992808,0.,0.,1.,0.,0.,1.;              453P   1346
102,5,445,447,449,451,453;                                           455P   1347
126,9,3,0,0,1,0,0.,0.,0.,0.,0.15607529763897,0.4682258929169,        457P   1348
0.4682258929169,0.96896905788093,0.96896905788093,                   457P   1349
0.98965635262698,1.,1.,1.,1.,1.,1.,1.,1.,1.,1.,1.,1.,1.,1.,          457P   1350
-13.3,-19.,7.7299085970085E-09,-13.299999997446,                     457P   1351
-18.999999999362,1.5665990536636,-13.29999998939,                    457P   1352
-18.418734388596,6.2663961912281,-13.299999983637,                   457P   1353
-16.134809339051,10.508837389361,-13.299999972304,                   457P   1354
-10.64485138703,16.517357763326,-13.299999965707,                    457P   1355
-5.9388962397079,18.731303934259,-13.29999995736,                    457P   1356
-0.72485909382574,18.987297713772,-13.29999995686,                   457P   1357
-0.41422301862167,18.997460153977,-13.299999956355,                  457P   1358
-0.10355575465623,19.,-13.299999956186,-1.0784524870186E-12,19.,     457P   1359
0.,1.,0.,0.,0.;                                                      457P   1360
126,4,2,0,0,0,0,3.8818009151509E-07,3.8818009151509E-07,             459P   1361
3.8818009151509E-07,0.049490760417365,0.049490760417365,             459P   1362
0.25206770265654,0.25206770265654,0.25206770265654,                  459P   1363
0.8735725557858,0.92576444164406,0.99999999999996,                   459P   1364
0.69613458664121,0.76160593102522,-13.299999947809,                  459P   1365
-1.0307216762763E-12,19.,-13.32777802029,-1.0307162020486E-12,       459P   1366
19.000000007249,-13.354504669661,-1.0300462526571E-12,               459P   1367
18.992429833927,-13.499990632038,-1.026399397018E-12,                459P   1368
18.951221752218,-13.499999999616,-1.0131228029554E-12,               459P   1369
18.80001239021,3.8818009151509E-07,0.25206770265654,0.,0.,0.;        459P   1370
126,11,3,0,0,1,0,0.,0.,0.,0.,0.076949807376811,0.23084942213043,     461P   1371
0.23084942213043,0.61746546895701,0.61746546895701,                  461P   1372
0.98526486690511,0.98526486690511,0.99508828896837,1.,1.,1.,1.,      461P   1373
1.,1.,1.,1.,1.,1.,1.,1.,1.,1.,1.,1.,-13.49999999832,                 461P   1374
-1.0963327932586E-07,18.800025922026,-13.499999998418,               461P   1375
-1.554138847792,18.800025158773,-13.499999998683,                    461P   1376
-6.2165547783374,18.221882161188,-13.499999998892,                   461P   1377
-10.422723802232,15.950548377721,-13.499999999339,                   461P   1378
-18.447458522526,8.5903254878336,-13.499999999595,                   461P   1379
-20.343610178944,0.350820090762,-13.499999999916,                    461P   1380
-14.779831170537,-13.776495986706,-13.49999999999,                   461P   1381
-8.2875530125843,-18.428381600258,-13.5,-0.69228564064664,           461P   1382
-18.788291138901,-13.5,-0.39560764888579,-18.797658971716,-13.5,     461P   1383
-0.098901911937419,-18.800000165786,-13.5,0.,-18.800000117792,       461P   1384
0.,1.,0.,0.,0.;                                                      461P   1385
126,4,2,0,0,0,0,0.,0.,0.,0.20258593618397,0.20258593618397,          463P   1386
0.25207626454973,0.25207626454973,0.25207626454973,                  463P   1387
0.76161174530391,0.69612109572404,1.,0.92576450745136,               463P   1388
0.87357264831848,-13.5,0.,-18.800000117792,-13.499999910938,0.,      463P   1389
-18.951219124022,-13.354504669661,0.,-18.992429833927,               463P   1390
-13.327778045882,0.,-19.,-13.3,0.,-19.,0.,0.25207626454973,0.,       463P   1391
0.,0.;                                                               463P   1392
126,2,2,0,0,0,0,0.,0.,0.,0.25000000007192,0.25000000007192,          465P   1393
0.25000000007192,0.87357264831833,0.61770914348498,                  465P   1394
0.87357264831833,-13.3,0.,-19.,-13.3,-19.,-19.,-13.3,-19.,0.,0.,     465P   1395
0.25000000007192,0.,0.,0.;                                           465P   1396
102,5,457,459,461,463,465;                                           467P   1397
142,0,443,455,467,1;                                                 469P   1398
144,443,1,0,469,0,1,441;                                             471P   1399
406,1,3HF15;                                                         473P   1400
128,4,8,2,2,0,1,0,0,0,0.,0.,0.,0.049490760417365,                    475P   1401
0.049490760417365,0.25207669660134,0.25207669660134,                 475P   1402
0.25207669660134,0.,0.,0.,0.25,0.25,0.5,0.5,0.75,0.75,1.,1.,1.,      475P   1403
0.87357173704811,0.92576385937395,1.,0.69612109572404,               475P   1404
0.76161174530391,0.61770849911963,0.65461390274075,                  475P   1405
0.70710678118655,0.49223194731348,0.53854082973572,                  475P   1406
0.87357173704811,0.92576385937395,1.,0.69612109572404,               475P   1407
0.76161174530391,0.61770849911963,0.65461390274075,                  475P   1408
0.70710678118655,0.49223194731348,0.53854082973572,                  475P   1409
0.87357173704811,0.92576385937395,1.,0.69612109572404,               475P   1410
0.76161174530391,0.61770849911963,0.65461390274075,                  475P   1411
0.70710678118655,0.49223194731348,0.53854082973572,                  475P   1412
0.87357173704811,0.92576385937395,1.,0.69612109572404,               475P   1413
0.76161174530391,0.61770849911963,0.65461390274075,                  475P   1414
0.70710678118655,0.49223194731348,0.53854082973572,                  475P   1415
0.87357173704811,0.92576385937395,1.,0.69612109572404,               475P   1416
0.76161174530391,-13.299999486017,0.,-18.999999999999,               475P   1417
-13.327777793848,0.,-19.000000071387,-13.354504669661,0.,            475P   1418
-18.992429833927,-13.499999910938,0.,-18.951219124022,-13.5,0.,      475P   1419
-18.800000117792,-13.299999486017,18.999999999999,-19.,              475P   1420
-13.327777793848,19.000000071387,-19.000000071388,                   475P   1421
-13.354504669661,18.992429833927,-18.992429833927,                   475P   1422
-13.499999910938,18.951219124022,-18.951219124022,-13.5,             475P   1423
18.800000117792,-18.800000117792,-13.299999486017,19.,0.,            475P   1424
-13.327777793848,19.000000071388,0.,-13.354504669661,                475P   1425
18.992429833927,0.,-13.499999910938,18.951219124022,0.,-13.5,        475P   1426
18.800000117792,0.,-13.299999486017,19.,18.999999999999,             475P   1427
-13.327777793848,19.000000071388,19.000000071387,                    475P   1428
-13.354504669661,18.992429833928,18.992429833927,                    475P   1429
-13.499999910938,18.951219124022,18.951219124022,-13.5,              475P   1430
18.800000117793,18.800000117792,-13.299999486017,0.,19.,             475P   1431
-13.327777793848,0.,19.000000071387,-13.354504669661,0.,             475P   1432
18.992429833927,-13.499999910938,0.,18.951219124022,-13.5,0.,        475P   1433
18.800000117792,-13.299999486017,-18.999999999999,19.,               475P   1434
-13.327777793848,-19.000000071387,19.000000071388,                   475P   1435
-13.354504669661,-18.992429833926,18.992429833927,                   475P   1436
-13.499999910938,-18.951219124021,18.951219124022,-13.5,             475P   1437
-18.800000117791,18.800000117793,-13.299999486017,                   475P   1438
-18.999999999999,0.,-13.327777793848,-19.000000071387,0.,            475P   1439
-13.354504669661,-18.992429833927,0.,-13.499999910938,               475P   1440
-18.951219124021,0.,-13.5,-18.800000117792,0.,-13.299999486017,      475P   1441
-18.999999999999,-18.999999999999,-13.327777793848,                  475P   1442
-19.000000071387,-19.000000071387,-13.354504669661,                  475P   1443
-18.992429833927,-18.992429833927,-13.499999910938,                  475P   1444
-18.951219124022,-18.951219124021,-13.5,-18.800000117792,            475P   1445
-18.800000117792,-13.299999486017,0.,-18.999999999999,               475P   1446
-13.327777793848,0.,-19.000000071387,-13.354504669661,0.,            475P   1447
-18.992429833927,-13.499999910938,0.,-18.951219124022,-13.5,0.,      475P   1448
-18.800000117792,0.,0.25207669647515,0.,0.50000000103089,0,1,        475P   1449
473;                                                                 475P   1450
126,1,1,1,0,1,0,0.,0.,0.5,0.5,1.,1.,0.,0.50000000103089,0.,          477P   1451
4.1428799879561E-07,0.25000000103089,0.,0.,0.5,0.,0.,1.;             477P   1452
126,1,1,1,0,1,0,0.5,0.5,1.,1.,1.,1.,4.1428799879561E-07,             479P   1453
0.25000000103089,0.,8.2857596578334E-07,1.0308947186846E-09,0.,      479P   1454
0.5,1.,0.,0.,1.;                                                     479P   1455
126,1,1,1,0,1,0,0.,0.,1.,1.,1.,1.,8.2857596578334E-07,0.,0.,         481P   1456
0.25207669647515,0.,0.,0.,1.,0.,0.,1.;                               481P   1457
126,1,1,1,0,1,0,0.,0.,1.,1.,1.,1.,0.25207669647515,0.,0.,            483P   1458
0.25205778733088,0.50000000103089,0.,0.,1.,0.,0.,1.;                 483P   1459
126,1,1,1,0,1,0,0.,0.,1.,1.,1.,1.,0.25205778583028,                  485P   1460
0.50000000103089,0.,0.,0.50000000103089,0.,0.,1.,0.,0.,1.;           485P   1461
102,5,477,479,481,483,485;                                           487P   1462
126,9,3,0,0,1,0,0.,0.,0.,0.,0.15716057498792,0.47148172496376,       489P   1463
0.47148172496376,0.96897374262987,0.96897374262987,                  489P   1464
0.98965791420996,1.,1.,1.,1.,1.,1.,1.,1.,1.,1.,1.,1.,1.,1.,          489P   1465
-13.299999486017,-1.1079945678821E-07,19.,-13.299999514946,          489P   1466
1.5771834898562,19.000000009197,-13.299999606208,6.308734295259,     489P   1467
18.410853379116,-13.299999671202,10.571757357583,                    489P   1468
16.097877270343,-13.299999798504,16.545278456308,                    489P   1469
10.586006464139,-13.299999872346,18.732863147739,                    489P   1470
5.9071377769547,-13.299999965665,18.987297709141,                    489P   1471
0.72485921606171,-13.299999971289,18.997460151481,                   489P   1472
0.41422313598452,-13.299999976968,18.999999999397,                   489P   1473
0.10355586710001,-13.299999978868,19.,1.1080023531271E-07,0.,1.,     489P   1474
0.,0.,0.;                                                            489P   1475
126,9,3,0,0,1,0,0.,0.,0.,0.,0.15716057498791,0.47148172496374,       491P   1476
0.47148172496374,0.96897374262987,0.96897374262987,                  491P   1477
0.98965791420996,1.,1.,1.,1.,1.,1.,1.,1.,1.,1.,1.,1.,1.,1.,          491P   1478
-13.299999978868,19.,1.1080023531271E-07,-13.300000007797,           491P   1479
19.000000009198,-1.5771834898556,-13.300000099059,                   491P   1480
18.410853379117,-6.3087342952589,-13.300000164052,                   491P   1481
16.097877270343,-10.571757357582,-13.300000291354,                   491P   1482
10.586006464139,-16.545278456307,-13.300000365196,                   491P   1483
5.907137776955,-18.732863147738,-13.300000458515,                    491P   1484
0.72485921606223,-18.98729770914,-13.30000046414,                    491P   1485
0.41422313598506,-18.99746015148,-13.300000469819,                   491P   1486
0.10355586710057,-18.999999999396,-13.300000471718,                  491P   1487
1.1080080236705E-07,-18.999999999999,0.,1.,0.,0.,0.;                 491P   1488
126,4,2,0,0,0,0,8.2857596578334E-07,8.2857596578334E-07,             493P   1489
8.2857596578334E-07,0.049490760417365,0.049490760417365,             493P   1490
0.25207669660134,0.25207669660134,0.25207669660134,                  493P   1491
0.8735734846588,0.9257651022379,1.,0.69612109572404,                 493P   1492
0.76161174530391,-13.300000471718,0.,-18.999999999999,               493P   1493
-13.327778277191,0.,-18.999999934483,-13.354504669661,0.,            493P   1494
-18.992429833927,-13.499999910938,0.,-18.951219124022,-13.5,0.,      493P   1495
-18.800000117792,8.2857596578334E-07,0.25207669660134,0.,0.,0.;      493P   1496
126,11,3,0,0,1,0,0.,0.,0.,0.,0.071141148517881,0.21342344555364,     495P   1497
0.21342344555364,0.59685455058177,0.59685455058177,                  495P   1498
0.98183208530543,0.98183208530543,0.99394402843514,1.,1.,1.,1.,      495P   1499
1.,1.,1.,1.,1.,1.,1.,1.,1.,1.,1.,1.,-13.5,0.,-18.800000117964,       495P   1500
-13.5,1.4383097763183,-18.800000815875,-13.499999999987,             495P   1501
5.7532393455474,-18.30482687931,-13.49999999995,9.707313651997,      495P   1502
-16.353943642354,-13.499999999823,17.907622331946,                   495P   1503
-9.6240373601836,-13.499999999649,20.264282994768,                   495P   1504
-1.5728828533422,-13.499999999115,15.506225567463,                   495P   1505
13.15882487938,-13.499999998855,8.8463432222905,18.314479443878,     495P   1506
-13.499999998373,0.85457859186955,18.78217981393,                    495P   1507
-13.499999998351,0.48836042814751,18.796457764279,                   495P   1508
-13.499999998328,0.12209002523956,18.800025861448,                   495P   1509
-13.49999999832,-1.0963324389258E-07,18.800025919978,0.,1.,0.,       495P   1510
0.,0.;                                                               495P   1511
126,4,2,0,0,0,0,1.8910771054537E-05,1.8910771054537E-05,             497P   1512
1.8910771054537E-05,0.20258593618397,0.20258593618397,               497P   1513
0.25207669660134,0.25207669660134,0.25207669660134,                  497P   1514
0.76159951998333,0.69614946019906,0.99999999758448,                  497P   1515
0.92576385713775,0.87357173493797,-13.49999999832,                   497P   1516
-1.096333265543E-07,18.800025922026,-13.499980401433,                497P   1517
-1.1051505490855E-07,18.951224649979,-13.354504669661,               497P   1518
-1.1075534650264E-07,18.992429833927,-13.327777793848,               497P   1519
-1.1079949299715E-07,19.000000071387,-13.299999486017,               497P   1520
-1.1079949258632E-07,19.,1.8910771054537E-05,0.25207669660134,       497P   1521
0.,0.,0.;                                                            497P   1522
102,5,489,491,493,495,497;                                           499P   1523
142,0,475,487,499,1;                                                 501P   1524
144,475,1,0,501,0,1,473;                                             503P   1525
406,1,3HF16;                                                         505P   1526
128,1,8,1,2,0,1,0,0,0,0.,0.,0.22180348768357,0.22180348768357,       507P   1527
0.,0.,0.,0.25,0.25,0.5,0.5,0.75,0.75,1.,1.,1.,1.,1.,                 507P   1528
0.70710678118655,0.70710678118655,1.,1.,0.70710678118655,            507P   1529
0.70710678118655,1.,1.,0.70710678118655,0.70710678118655,1.,1.,      507P   1530
0.70710678118655,0.70710678118655,1.,1.,-13.3,19.,0.,13.3,19.,       507P   1531
0.,-13.3,19.,-19.,13.3,19.,-19.,-13.3,0.,-19.,13.3,0.,-19.,          507P   1532
-13.3,-19.,-19.,13.3,-19.,-19.,-13.3,-19.,0.,13.3,-19.,0.,-13.3,     507P   1533
-19.,19.,13.3,-19.,19.,-13.3,0.,19.,13.3,0.,19.,-13.3,19.,19.,       507P   1534
13.3,19.,19.,-13.3,19.,0.,13.3,19.,0.,0.,0.22180348768357,0.,        507P   1535
0.5,0,1,505;                                                         507P   1536
126,1,1,1,0,1,0,0.,0.,1.,1.,1.,1.,0.22180348768357,                  509P   1537
0.49999999999577,0.,0.,0.49999999999577,0.,0.,1.,0.,0.,1.;           509P   1538
126,1,1,1,0,1,0,0.,0.,0.5,0.5,1.,1.,0.,0.49999999999154,0.,0.,       511P   1539
0.24999999999577,0.,0.,0.5,0.,0.,1.;                                 511P   1540
126,1,1,1,0,1,0,0.5,0.5,1.,1.,1.,1.,0.,0.24999999999577,0.,0.,       513P   1541
0.,0.,0.5,1.,0.,0.,1.;                                               513P   1542
126,1,1,1,0,1,0,0.,0.,1.,1.,1.,1.,0.,0.,0.,0.22180348768357,0.,      515P   1543
0.,0.,1.,0.,0.,1.;                                                   515P   1544
126,1,1,1,0,1,0,0.,0.,0.5,0.5,1.,1.,0.22180348768357,0.,0.,          517P   1545
0.22180348768357,0.25,0.,0.,0.5,0.,0.,1.;                            517P   1546
126,1,1,1,0,1,0,0.5,0.5,1.,1.,1.,1.,0.22180348768357,0.25,0.,        519P   1547
0.22180348768357,0.5,0.,0.5,1.,0.,0.,1.;                             519P   1548
102,6,509,511,513,515,517,519;                                       521P   1549
126,1,1,0,0,0,0,0.,0.,0.22180348768357,0.22180348768357,             523P   1550
1.0000000000099,1.0000000000099,13.3,-19.,-4.5460846740642E-10,      523P   1551
-13.3,-19.,-4.5460846740642E-10,0.,0.22180348768357,0.,0.,0.;        523P   1552
126,2,2,0,0,0,0,0.50000000000846,0.50000000000846,                   525P   1553
0.50000000000846,0.75000000000423,0.75000000000423,                  525P   1554
0.75000000000423,1.,0.70710678118655,1.,-13.3,-19.,0.,-13.3,         525P   1555
-19.,-19.,-13.3,0.,-19.,0.50000000000846,0.75000000000423,0.,0.,     525P   1556
0.;                                                                  525P   1557
126,2,2,0,0,0,0,0.75000000000423,0.75000000000423,                   527P   1558
0.75000000000423,1.,1.,1.,1.,0.70710678118655,1.,-13.3,0.,-19.,      527P   1559
-13.3,19.,-19.,-13.3,19.,0.,0.75000000000423,1.,0.,0.,0.;            527P   1560
126,1,1,0,0,0,0,0.,0.,0.22180348768357,0.22180348768357,1.,1.,       529P   1561
-13.3,19.,0.,13.3,19.,0.,0.,0.22180348768357,0.,0.,0.;               529P   1562
126,2,2,0,0,0,0,0.,0.,0.,0.25,0.25,0.25,1.,0.70710678118655,1.,      531P   1563
13.3,19.,0.,13.3,19.,-19.,13.3,0.,-19.,0.,0.25,0.,0.,0.;             531P   1564
126,2,2,0,0,0,0,0.25,0.25,0.25,0.5,0.5,0.5,1.,0.70710678118655,      533P   1565
1.,13.3,0.,-19.,13.3,-19.,-19.,13.3,-19.,0.,0.25,0.5,0.,0.,0.;       533P   1566
102,6,523,525,527,529,531,533;                                       535P   1567
142,0,507,521,535,1;                                                 537P   1568
144,507,1,0,537,0,1,505;                                             539P   1569
406,1,3HF17;                                                         541P   1570
128,1,8,1,2,0,1,0,0,0,0.,0.,0.22180348768357,0.22180348768357,       543P   1571
0.,0.,0.,0.25,0.25,0.5,0.5,0.75,0.75,1.,1.,1.,1.,1.,                 543P   1572
0.70710678118655,0.70710678118655,1.,1.,0.70710678118655,            543P   1573
0.70710678118655,1.,1.,0.70710678118655,0.70710678118655,1.,1.,      543P   1574
0.70710678118655,0.70710678118655,1.,1.,-13.3,19.,0.,13.3,19.,       543P   1575
0.,-13.3,19.,-19.,13.3,19.,-19.,-13.3,0.,-19.,13.3,0.,-19.,          543P   1576
-13.3,-19.,-19.,13.3,-19.,-19.,-13.3,-19.,0.,13.3,-19.,0.,-13.3,     543P   1577
-19.,19.,13.3,-19.,19.,-13.3,0.,19.,13.3,0.,19.,-13.3,19.,19.,       543P   1578
13.3,19.,19.,-13.3,19.,0.,13.3,19.,0.,0.,0.22180348768357,           543P   1579
0.50000000006086,1.,0,1,541;                                         543P   1580
126,1,1,1,0,1,0,0.,0.,1.,1.,1.,1.,0.22180348768357,                  545P   1581
0.74999999997415,0.,0.22180348768357,1.,0.,0.,1.,0.,0.,1.;           545P   1582
126,1,1,1,0,1,0,0.,0.,1.,1.,1.,1.,0.22180348768357,1.,0.,0.,1.,      547P   1583
0.,0.,1.,0.,0.,1.;                                                   547P   1584
126,1,1,1,0,1,0,0.,0.,1.,1.,1.,1.,0.,1.,0.,0.,0.74999999992808,      549P   1585
0.,0.,1.,0.,0.,1.;                                                   549P   1586
126,1,1,1,0,1,0,0.,0.,1.,1.,1.,1.,0.,0.74999999992808,0.,0.,         551P   1587
0.50000000006086,0.,0.,1.,0.,0.,1.;                                  551P   1588
126,1,1,1,0,1,0,0.,0.,1.,1.,1.,1.,0.,0.50000000006086,0.,            553P   1589
0.22180348768357,0.50000042904528,0.,0.,1.,0.,0.,1.;                 553P   1590
126,1,1,1,0,1,0,0.,0.,1.,1.,1.,1.,0.22180348768357,                  555P   1591
0.50000042904528,0.,0.22180348768357,0.74999999997415,0.,0.,1.,      555P   1592
0.,0.,1.;                                                            555P   1593
102,6,545,547,549,551,553,555;                                       557P   1594
126,2,2,0,0,0,0,0.74999999997415,0.74999999997415,                   559P   1595
0.74999999997415,1.,1.,1.,1.,0.70710678118655,1.,13.3,0.,19.,        559P   1596
13.3,19.,19.,13.3,19.,0.,0.74999999997415,1.,0.,0.,0.;               559P   1597
126,1,1,0,0,0,0,0.,0.,0.22180348768357,0.22180348768357,1.,1.,       561P   1598
13.3,19.,0.,-13.3,19.,0.,0.,0.22180348768357,0.,0.,0.;               561P   1599
126,2,2,0,0,0,0,0.,0.,0.,0.25000000007192,0.25000000007192,          563P   1600
0.25000000007192,1.,0.70710678118655,1.,-13.3,19.,0.,-13.3,19.,      563P   1601
19.,-13.3,0.,19.,0.,0.25000000007192,0.,0.,0.;                       563P   1602
126,2,2,0,0,0,0,0.25000000007192,0.25000000007192,                   565P   1603
0.25000000007192,0.49999999993914,0.49999999993914,                  565P   1604
0.49999999993914,1.,0.70710678118655,1.,-13.3,0.,19.,-13.3,-19.,     565P   1605
19.,-13.3,-19.,0.,0.25000000007192,0.49999999993914,0.,0.,0.;        565P   1606
126,3,3,0,0,1,0,0.,0.,0.,0.,1.,1.,1.,1.,1.,1.,1.,1.,-13.3,-19.,      567P   1607
6.5408251220477E-09,-6.65,-19.,1.1533377069073E-05,6.65,             567P   1608
-18.999999999972,3.4587061143427E-05,13.3,-18.999999999944,          567P   1609
4.6113908973801E-05,0.,1.,0.,0.,0.;                                  567P   1610
126,2,2,0,0,0,0,0.50000042904528,0.50000042904528,                   569P   1611
0.50000042904528,0.74999999997415,0.74999999997415,                  569P   1612
0.74999999997415,0.9999989946861,0.70710728384436,1.,13.3,           569P   1613
-18.999999999944,4.6113908973801E-05,13.3,-18.999953886147,19.,      569P   1614
13.3,0.,19.,0.50000042904528,0.74999999997415,0.,0.,0.;              569P   1615
102,6,559,561,563,565,567,569;                                       571P   1616
142,0,543,557,571,1;                                                 573P   1617
144,543,1,0,573,0,1,541;                                             575P   1618
406,1,3HF18;                                                         577P   1619
128,4,8,2,2,0,1,0,0,0,0.,0.,0.,0.20259907397181,                     579P   1620
0.20259907397181,0.25207442003536,0.25207442003536,                  579P   1621
0.25207442003536,0.,0.,0.,0.25,0.25,0.5,0.5,0.75,0.75,1.,1.,1.,      579P   1622
0.76162024105269,0.69610138904228,1.,0.92578698090468,               579P   1623
0.87360425062232,0.53854683713729,0.49221801258517,                  579P   1624
0.70710678118655,0.65463025213192,0.61773148968844,                  579P   1625
0.76162024105269,0.69610138904228,1.,0.92578698090468,               579P   1626
0.87360425062232,0.53854683713729,0.49221801258517,                  579P   1627
0.70710678118655,0.65463025213192,0.61773148968844,                  579P   1628
0.76162024105269,0.69610138904228,1.,0.92578698090468,               579P   1629
0.87360425062232,0.53854683713729,0.49221801258517,                  579P   1630
0.70710678118655,0.65463025213192,0.61773148968844,                  579P   1631
0.76162024105269,0.69610138904228,1.,0.92578698090468,               579P   1632
0.87360425062232,0.53854683713729,0.49221801258517,                  579P   1633
0.70710678118655,0.65463025213192,0.61773148968844,                  579P   1634
0.76162024105269,0.69610138904228,1.,0.92578698090468,               579P   1635
0.87360425062232,13.5,0.,-18.800000115776,13.499999912454,0.,        579P   1636
-18.951233209925,13.354487423313,0.,-18.992434718023,                579P   1637
13.327768860996,0.,-19.00000001409,13.299999898522,0.,-19.,13.5,     579P   1638
18.800000115776,-18.800000115776,13.499999912454,                    579P   1639
18.951233209924,-18.951233209924,13.354487423313,                    579P   1640
18.992434718023,-18.992434718023,13.327768860996,19.00000001409,     579P   1641
-19.000000014089,13.299999898522,19.,-19.,13.5,18.800000115776,      579P   1642
0.,13.499999912454,18.951233209924,0.,13.354487423313,               579P   1643
18.992434718023,0.,13.327768860996,19.000000014089,0.,               579P   1644
13.299999898522,19.,0.,13.5,18.800000115776,18.800000115776,         579P   1645
13.499999912454,18.951233209924,18.951233209925,13.354487423313,     579P   1646
18.992434718023,18.992434718023,13.327768860996,19.000000014089,     579P   1647
19.00000001409,13.299999898522,18.999999999999,19.,13.5,0.,          579P   1648
18.800000115776,13.499999912454,0.,18.951233209924,                  579P   1649
13.354487423313,0.,18.992434718023,13.327768860996,0.,               579P   1650
19.000000014089,13.299999898522,0.,19.,13.5,-18.800000115777,        579P   1651
18.800000115776,13.499999912454,-18.951233209925,                    579P   1652
18.951233209924,13.354487423313,-18.992434718024,                    579P   1653
18.992434718023,13.327768860996,-19.00000001409,19.000000014089,     579P   1654
13.299999898522,-19.,19.,13.5,-18.800000115777,0.,                   579P   1655
13.499999912454,-18.951233209925,0.,13.354487423313,                 579P   1656
-18.992434718023,0.,13.327768860996,-19.00000001409,0.,              579P   1657
13.299999898522,-19.,0.,13.5,-18.800000115776,-18.800000115777,      579P   1658
13.499999912454,-18.951233209924,-18.951233209925,                   579P   1659
13.354487423313,-18.992434718023,-18.992434718024,                   579P   1660
13.327768860996,-19.00000001409,-19.00000001409,13.299999898522,     579P   1661
-19.,-19.,13.5,0.,-18.800000115776,13.499999912454,0.,               579P   1662
-18.951233209925,13.354487423313,0.,-18.992434718023,                579P   1663
13.327768860996,0.,-19.00000001409,13.299999898522,0.,-19.,0.,       579P   1664
0.25207442003536,0.49999981511162,1.,0,1,577;                        579P   1665
126,1,1,1,0,1,0,0.,0.,1.,1.,1.,1.,6.0106466659438E-07,               581P   1666
0.50000000003596,0.,0.25207433473057,0.50000000003596,0.,0.,1.,      581P   1667
0.,0.,1.;                                                            581P   1668
126,1,1,1,0,1,0,0.,0.,1.,1.,1.,1.,0.25207433473057,                  583P   1669
0.50000000007191,0.,0.25207440634286,0.75000042904527,0.,0.,1.,      583P   1670
0.,0.,1.;                                                            583P   1671
126,1,1,1,0,1,0,0.,0.,1.,1.,1.,1.,0.25207442003536,                  585P   1672
0.75000042904527,0.,0.25207442003536,1.,0.,0.,1.,0.,0.,1.;           585P   1673
126,1,1,1,0,1,0,0.,0.,1.,1.,1.,1.,0.25207442003536,1.,0.,0.,1.,      587P   1674
0.,0.,1.,0.,0.,1.;                                                   587P   1675
126,1,1,1,0,1,0,0.,0.,1.,1.,1.,1.,0.,1.,0.,9.038207560319E-06,       589P   1676
0.49999981511162,0.,0.,1.,0.,0.,1.;                                  589P   1677
102,5,581,583,585,587,589;                                           591P   1678
126,4,2,0,0,0,0,6.0106466659438E-07,6.0106466659438E-07,             593P   1679
6.0106466659438E-07,0.20259907397181,0.20259907397181,               593P   1680
0.25207433473057,0.25207433473057,0.25207433473057,                  593P   1681
0.76161985223317,0.69610229058063,0.99999999991575,                  593P   1682
0.92578710878387,0.87360443049445,13.499999999998,                   593P   1683
-3.8242526923038E-09,18.800000935929,13.499999292284,                593P   1684
-3.8550122828956E-09,18.951233385524,13.354487423313,                593P   1685
-3.8633923514028E-09,18.992434718023,13.327768910757,                593P   1686
-3.8649310778807E-09,19.,13.3,-3.8649310806172E-09,19.,              593P   1687
6.0106466659438E-07,0.25207433473057,0.,0.,0.;                       593P   1688
126,9,3,0,0,1,0,0.,0.,0.,0.,0.157160578903,0.47148173670901,         595P   1689
0.47148173670901,0.96897355461598,0.96897355461598,                  595P   1690
0.98965785153866,1.,1.,1.,1.,1.,1.,1.,1.,1.,1.,1.,1.,1.,1.,13.3,     595P   1691
-7.7298618848839E-09,19.,13.299999995,-1.5771861145423,              595P   1692
18.999999999358,13.299999980772,-6.30874443474,18.410851467441,      595P   1693
13.299999967991,-10.571772811089,16.097868091998,                    595P   1694
13.299999945987,-16.545295229334,10.585982945581,                    595P   1695
13.299999933223,-18.732875029348,5.9071049493252,                    595P   1696
13.299999917093,-18.987299279056,0.72481854255168,                   595P   1697
13.299999916127,-18.997461120498,0.41418007231694,                   595P   1698
13.299999915139,-19.000000251281,0.10351043110673,                   595P   1699
13.299999914811,-18.999999999944,-4.6113908529789E-05,0.,1.,0.,      595P   1700
0.,0.;                                                               595P   1701
126,2,2,0,0,0,0,0.75000042904527,0.75000042904527,                   597P   1702
0.75000042904527,1.,1.,1.,0.87360337237584,0.61773192881243,         597P   1703
0.87360425062232,13.299999898522,-18.999999999944,                   597P   1704
-4.6113908553654E-05,13.299999898522,-18.999953886148,-19.,          597P   1705
13.299999898522,0.,-19.,0.75000042904527,1.,0.,0.,0.;                597P   1706
126,4,2,0,0,0,0,0.,0.,0.,0.04947534606355,0.04947534606355,          599P   1707
0.25207442003536,0.25207442003536,0.25207442003536,                  599P   1708
0.87360425062232,0.92578698090468,1.,0.69610138904228,               599P   1709
0.76162024105269,13.299999898522,0.,-19.,13.327768860996,0.,         599P   1710
-19.00000001409,13.354487423313,0.,-18.992434718023,                 599P   1711
13.499999912454,0.,-18.951233209925,13.5,0.,-18.800000115776,0.,     599P   1712
0.25207442003536,0.,0.,0.;                                           599P   1713
126,11,3,0,0,1,0,0.,0.,0.,0.,0.071141170604287,0.21342351181286,     601P   1714
0.21342351181286,0.59685464234699,0.59685464234699,                  601P   1715
0.98183212978105,0.98183212978105,0.99394404326035,1.,1.,1.,1.,      601P   1716
1.,1.,1.,1.,1.,1.,1.,1.,1.,1.,1.,1.,13.5,0.,-18.800000115776,        601P   1717
13.5,-1.4383101978908,-18.80000044936,13.499999999997,               601P   1718
-5.7532409064081,-18.304825181437,13.499999999988,                   601P   1719
-9.7073157041801,-16.353939873582,13.499999999958,                   601P   1720
-17.907622154872,-9.6240289262316,13.499999999918,                   601P   1721
-20.264278069375,-1.5728725556172,13.499999999795,                   601P   1722
-15.506208152922,13.158830661495,13.499999999735,                    601P   1723
-8.8463209134025,18.314478320075,13.499999999625,                    601P   1724
-0.85455699054291,18.782167519642,13.49999999962,                    601P   1725
-0.48833969591165,18.796444939485,13.499999999614,                   601P   1726
-0.12207017623789,18.800012547819,13.499999999613,                   601P   1727
1.9662685321148E-05,18.800012448444,0.,1.,0.,0.,0.;                  601P   1728
102,5,593,595,597,599,601;                                           603P   1729
142,0,579,591,603,1;                                                 605P   1730
144,579,1,0,605,0,1,577;                                             607P   1731
406,1,3HF19;                                                         609P   1732
128,4,8,2,2,0,1,0,0,0,0.,0.,0.,0.20259907397181,                     611P   1733
0.20259907397181,0.25207442003536,0.25207442003536,                  611P   1734
0.25207442003536,0.,0.,0.,0.25,0.25,0.5,0.5,0.75,0.75,1.,1.,1.,      611P   1735
0.76162024105269,0.69610138904228,1.,0.92578698090468,               611P   1736
0.87360425062232,0.53854683713729,0.49221801258517,                  611P   1737
0.70710678118655,0.65463025213192,0.61773148968844,                  611P   1738
0.76162024105269,0.69610138904228,1.,0.92578698090468,               611P   1739
0.87360425062232,0.53854683713729,0.49221801258517,                  611P   1740
0.70710678118655,0.65463025213192,0.61773148968844,                  611P   1741
0.76162024105269,0.69610138904228,1.,0.92578698090468,               611P   1742
0.87360425062232,0.53854683713729,0.49221801258517,                  611P   1743
0.70710678118655,0.65463025213192,0.61773148968844,                  611P   1744
0.76162024105269,0.69610138904228,1.,0.92578698090468,               611P   1745
0.87360425062232,0.53854683713729,0.49221801258517,                  611P   1746
0.70710678118655,0.65463025213192,0.61773148968844,                  611P   1747
0.76162024105269,0.69610138904228,1.,0.92578698090468,               611P   1748
0.87360425062232,13.5,0.,-18.800000115776,13.499999912454,0.,        611P   1749
-18.951233209925,13.354487423313,0.,-18.992434718023,                611P   1750
13.327768860996,0.,-19.00000001409,13.299999898522,0.,-19.,13.5,     611P   1751
18.800000115776,-18.800000115776,13.499999912454,                    611P   1752
18.951233209924,-18.951233209924,13.354487423313,                    611P   1753
18.992434718023,-18.992434718023,13.327768860996,19.00000001409,     611P   1754
-19.000000014089,13.299999898522,19.,-19.,13.5,18.800000115776,      611P   1755
0.,13.499999912454,18.951233209924,0.,13.354487423313,               611P   1756
18.992434718023,0.,13.327768860996,19.000000014089,0.,               611P   1757
13.299999898522,19.,0.,13.5,18.800000115776,18.800000115776,         611P   1758
13.499999912454,18.951233209924,18.951233209925,13.354487423313,     611P   1759
18.992434718023,18.992434718023,13.327768860996,19.000000014089,     611P   1760
19.00000001409,13.299999898522,18.999999999999,19.,13.5,0.,          611P   1761
18.800000115776,13.499999912454,0.,18.951233209924,                  611P   1762
13.354487423313,0.,18.992434718023,13.327768860996,0.,               611P   1763
19.000000014089,13.299999898522,0.,19.,13.5,-18.800000115777,        611P   1764
18.800000115776,13.499999912454,-18.951233209925,                    611P   1765
18.951233209924,13.354487423313,-18.992434718024,                    611P   1766
18.992434718023,13.327768860996,-19.00000001409,19.000000014089,     611P   1767
13.299999898522,-19.,19.,13.5,-18.800000115777,0.,                   611P   1768
13.499999912454,-18.951233209925,0.,13.354487423313,                 611P   1769
-18.992434718023,0.,13.327768860996,-19.00000001409,0.,              611P   1770
13.299999898522,-19.,0.,13.5,-18.800000115776,-18.800000115777,      611P   1771
13.499999912454,-18.951233209924,-18.951233209925,                   611P   1772
13.354487423313,-18.992434718023,-18.992434718024,                   611P   1773
13.327768860996,-19.00000001409,-19.00000001409,13.299999898522,     611P   1774
-19.,-19.,13.5,0.,-18.800000115776,13.499999912454,0.,               611P   1775
-18.951233209925,13.354487423313,0.,-18.992434718023,                611P   1776
13.327768860996,0.,-19.00000001409,13.299999898522,0.,-19.,          611P   1777
1.9759793246088E-09,0.25207437861958,0.,0.5,0,1,609;                 611P   1778
126,1,1,1,0,1,0,0.,0.,1.,1.,1.,1.,9.0385510089774E-06,0.5,0.,        613P   1779
1.9759793246088E-09,0.,0.,0.,1.,0.,0.,1.;                            613P   1780
126,1,1,1,0,1,0,0.,0.,1.,1.,1.,1.,1.9759793246088E-09,0.,0.,         615P   1781
0.25207435667509,0.,0.,0.,1.,0.,0.,1.;                               615P   1782
126,1,1,1,0,1,0,0.,0.,0.5,0.5,1.,1.,0.25207435667509,0.,0.,          617P   1783
0.25207435667509,0.25,0.,0.,0.5,0.,0.,1.;                            617P   1784
126,1,1,1,0,1,0,0.5,0.5,1.,1.,1.,1.,0.25207435667509,0.25,0.,        619P   1785
0.25207435667509,0.5,0.,0.5,1.,0.,0.,1.;                             619P   1786
126,1,1,1,0,1,0,0.,0.,1.,1.,1.,1.,0.25207437861958,0.5,0.,           621P   1787
9.0385510395641E-06,0.5,0.,0.,1.,0.,0.,1.;                           621P   1788
102,5,613,615,617,619,621;                                           623P   1789
126,11,3,0,0,1,0,0.,0.,0.,0.,0.076949813333613,0.23084944000084,     625P   1790
0.23084944000084,0.61746540751871,0.61746540751871,                  625P   1791
0.98526486385511,0.98526486385511,0.9950882879517,1.,1.,1.,1.,       625P   1792
1.,1.,1.,1.,1.,1.,1.,1.,1.,1.,1.,1.,13.499999999613,0.,              625P   1793
18.800012448922,13.499999999635,1.5541379658311,18.800012088537,     625P   1794
13.499999999703,6.2165517292609,18.221870288098,13.499999999744,     625P   1795
10.42271808354,15.950539089727,13.499999999847,18.447450639517,      625P   1796
8.5903202350603,13.499999999905,20.343602429407,                     625P   1797
0.35081879919283,13.49999999998,14.77982823504,-13.776493988709,     625P   1798
13.499999999997,8.2875516205631,-18.428379637795,13.5,               625P   1799
0.69228555878943,-18.788290968017,13.5,0.39560760320297,             625P   1800
-18.797658872935,13.5,0.098901900665011,-18.800000141407,13.5,       625P   1801
0.,-18.800000118473,0.,1.,0.,0.,0.;                                  625P   1802
126,4,2,0,0,0,0,1.9759793246088E-09,1.9759793246088E-09,             627P   1803
1.9759793246088E-09,0.20259907397181,0.20259907397181,               627P   1804
0.25207435667509,0.25207435667509,0.25207435667509,                  627P   1805
0.76162023977466,0.69610139200625,1.,0.92578707594508,               627P   1806
0.87360438427729,13.5,0.,-18.800000118473,13.499999910415,0.,        627P   1807
-18.951233210502,13.354487423313,0.,-18.992434718023,                627P   1808
13.327768897956,0.,-19.000000003625,13.299999973895,0.,-19.,         627P   1809
1.9759793246088E-09,0.25207435667509,0.,0.,0.;                       627P   1810
126,2,2,0,0,0,0,0.,0.,0.,0.25,0.25,0.25,0.87360438427729,            629P   1811
0.61773158419677,0.87360438427729,13.299999973895,0.,-19.,           629P   1812
13.299999973895,19.,-19.,13.299999973895,19.,0.,0.,0.25,0.,0.,       629P   1813
0.;                                                                  629P   1814
126,2,2,0,0,0,0,0.25,0.25,0.25,0.5,0.5,0.5,0.87360438427729,         631P   1815
0.61773158419677,0.87360438427729,13.299999973895,19.,0.,            631P   1816
13.299999973895,18.999999999999,19.,13.299999973895,0.,19.,0.25,     631P   1817
0.5,0.,0.,0.;                                                        631P   1818
126,4,2,0,0,0,0,4.1415780360765E-08,4.1415780360765E-08,             633P   1819
4.1415780360765E-08,0.04947534606355,0.04947534606355,               633P   1820
0.25206538148432,0.25206538148432,0.25206538148432,                  633P   1821
0.87360433798661,0.92578704302836,1.,0.69611494686885,               633P   1822
0.7616143958038,13.29999994779,0.,19.,13.327768885155,0.,            633P   1823
19.000000007249,13.354487423313,0.,18.992434718023,                  633P   1824
13.49999058677,0.,18.951235850469,13.499999999613,0.,                633P   1825
18.800012448922,4.1415780360765E-08,0.25206538148432,0.,0.,0.;       633P   1826
102,5,625,627,629,631,633;                                           635P   1827
142,0,611,623,635,1;                                                 637P   1828
144,611,1,0,637,0,1,609;                                             639P   1829
406,1,3HF20;                                                         641P   1830
128,1,1,1,1,0,0,1,0,0,0.,0.,1.,1.,0.,0.,1.,1.,1.,1.,1.,1.,13.5,      643P   1831
-18.8,18.8,13.5,-18.8,-18.8,13.5,51.2,18.8,13.5,51.2,-18.8,0.,       643P   1832
1.,0.,0.53980243161094,0,1,641;                                      643P   1833
126,4,2,1,0,0,0,0.,0.,0.,0.25,0.25,0.5,0.5,0.5,1.,                   645P   1834
0.70710678118655,1.,0.70710678118655,1.,0.,0.26857142857143,0.,      645P   1835
0.,0.,0.,0.5,0.,0.,1.,0.,0.,1.,0.26857142857143,0.,0.,0.5,0.,0.,     645P   1836
1.;                                                                  645P   1837
126,4,2,1,0,0,0,0.5,0.5,0.5,0.75,0.75,1.,1.,1.,1.,                   647P   1838
0.70710678118655,1.,0.70710678118655,1.,1.,0.26857142857143,0.,      647P   1839
1.,0.53714285714286,0.,0.5,0.53714285714286,0.,0.,                   647P   1840
0.53714285714286,0.,0.,0.26857142857143,0.,0.5,1.,0.,0.,1.;          647P   1841
102,2,645,647;                                                       649P   1842
126,4,2,0,0,0,0,0.,0.,0.,0.25,0.25,0.5,0.5,0.5,1.,                   651P   1843
0.70710678118655,1.,0.70710678118655,1.,13.5,0.,18.8,13.5,-18.8,     651P   1844
18.8,13.5,-18.8,0.,13.5,-18.8,-18.8,13.5,0.,-18.8,0.,0.5,0.,0.,      651P   1845
0.;                                                                  651P   1846
126,4,2,0,0,0,0,0.5,0.5,0.5,0.75,0.75,1.,1.,1.,1.,                   653P   1847
0.70710678118655,1.,0.70710678118655,1.,13.5,0.,-18.8,13.5,18.8,     653P   1848
-18.8,13.5,18.8,0.,13.5,18.8,18.8,13.5,0.,18.8,0.5,1.,0.,0.,0.;      653P   1849
102,2,651,653;                                                       655P   1850
142,0,643,649,655,1;                                                 657P   1851
126,4,2,1,0,0,0,0.,0.,0.,0.25,0.25,0.5,0.5,0.5,1.,                   659P   1852
0.70710678118655,1.,0.70710678118655,1.,0.069148936170213,           659P   1853
0.26857142857143,0.,0.069148936170213,0.5,0.,0.5,0.5,0.,             659P   1854
0.93085106382979,0.5,0.,0.93085106382979,0.26857142857143,0.,0.,     659P   1855
0.5,0.,0.,1.;                                                        659P   1856
126,4,2,1,0,0,0,0.5,0.5,0.5,0.75,0.75,1.,1.,1.,1.,                   661P   1857
0.70710678118655,1.,0.70710678118655,1.,0.93085106382979,            661P   1858
0.26857142857143,0.,0.93085106382979,0.037142857142857,0.,0.5,       661P   1859
0.037142857142857,0.,0.069148936170213,0.037142857142857,0.,         661P   1860
0.069148936170213,0.26857142857143,0.,0.5,1.,0.,0.,1.;               661P   1861
102,2,659,661;                                                       663P   1862
126,4,2,0,0,0,0,0.,0.,0.,0.25,0.25,0.5,0.5,0.5,1.,                   665P   1863
0.70710678118655,1.,0.70710678118655,1.,13.5,0.,16.2,13.5,16.2,      665P   1864
16.2,13.5,16.2,0.,13.5,16.2,-16.2,13.5,0.,-16.2,0.,0.5,0.,0.,0.;     665P   1865
126,4,2,0,0,0,0,0.5,0.5,0.5,0.75,0.75,1.,1.,1.,1.,                   667P   1866
0.70710678118655,1.,0.70710678118655,1.,13.5,0.,-16.2,13.5,          667P   1867
-16.2,-16.2,13.5,-16.2,0.,13.5,-16.2,16.2,13.5,0.,16.2,0.5,1.,       667P   1868
0.,0.,0.;                                                            667P   1869
102,2,665,667;                                                       669P   1870
142,0,643,663,669,1;                                                 671P   1871
144,643,1,1,657,671,0,1,641;                                         673P   1872
406,1,3HF21;                                                         675P   1873
128,4,8,2,2,0,1,0,0,0,0.,0.,0.,0.089318137440578,                    677P   1874
0.089318137440578,0.25600785090623,0.25600785090623,                 677P   1875
0.25600785090623,0.,0.,0.,15.20355708866,15.20355708866,             677P   1876
30.407114177321,30.407114177321,45.610671265981,45.610671265981,     677P   1877
60.814228354641,60.814228354641,60.814228354641,                     677P   1878
0.80384515476095,0.86602279383913,1.,0.74996542980153,               677P   1879
0.75000000478039,0.56840435995542,0.61237059018577,                  677P   1880
0.70710678118655,0.53030564106814,0.53033008927016,                  677P   1881
0.80384515476095,0.86602279383913,1.,0.74996542980153,               677P   1882
0.75000000478039,0.56840435995542,0.61237059018577,                  677P   1883
0.70710678118655,0.53030564106814,0.53033008927016,                  677P   1884
0.80384515476095,0.86602279383913,1.,0.74996542980153,               677P   1885
0.75000000478039,0.56840435995542,0.61237059018577,                  677P   1886
0.70710678118655,0.53030564106814,0.53033008927016,                  677P   1887
0.80384515476095,0.86602279383913,1.,0.74996542980153,               677P   1888
0.75000000478039,0.56840435995542,0.61237059018577,                  677P   1889
0.70710678118655,0.53030564106814,0.53033008927016,                  677P   1890
0.80384515476095,0.86602279383913,1.,0.74996542980153,               677P   1891
0.75000000478039,13.500000000013,0.,-16.200002249464,                677P   1892
13.499999397257,0.,-16.146411205495,13.526794919243,0.,-16.1,        677P   1893
13.584540591513,0.,-15.999981561711,13.700031934581,0.,              677P   1894
-16.00000000255,13.500000000013,-16.200002249464,                    677P   1895
-16.200002249464,13.499999397257,-16.146411205495,                   677P   1896
-16.146411205495,13.526794919243,-16.1,-16.1,13.584540591513,        677P   1897
-15.999981561711,-15.999981561711,13.700031934581,                   677P   1898
-16.00000000255,-16.00000000255,13.500000000013,                     677P   1899
-16.200002249464,0.,13.499999397257,-16.146411205495,0.,             677P   1900
13.526794919243,-16.1,0.,13.584540591513,-15.999981561711,0.,        677P   1901
13.700031934581,-16.00000000255,0.,13.500000000013,                  677P   1902
-16.200002249464,16.200002249464,13.499999397257,                    677P   1903
-16.146411205495,16.146411205495,13.526794919243,-16.1,16.1,         677P   1904
13.584540591513,-15.999981561711,15.999981561711,                    677P   1905
13.700031934581,-16.00000000255,16.00000000255,13.500000000013,      677P   1906
0.,16.200002249464,13.499999397257,0.,16.146411205495,               677P   1907
13.526794919243,0.,16.1,13.584540591513,0.,15.999981561711,          677P   1908
13.700031934581,0.,16.00000000255,13.500000000013,                   677P   1909
16.200002249464,16.200002249464,13.499999397257,16.146411205495,     677P   1910
16.146411205495,13.526794919243,16.1,16.1,13.584540591513,           677P   1911
15.999981561711,15.999981561711,13.700031934581,16.00000000255,      677P   1912
16.00000000255,13.500000000013,16.200002249464,0.,                   677P   1913
13.499999397257,16.146411205495,0.,13.526794919243,16.1,0.,          677P   1914
13.584540591513,15.999981561711,0.,13.700031934581,                  677P   1915
16.00000000255,0.,13.500000000013,16.200002249464,                   677P   1916
-16.200002249464,13.499999397257,16.146411205495,                    677P   1917
-16.146411205495,13.526794919243,16.1,-16.1,13.584540591513,         677P   1918
15.999981561711,-15.999981561711,13.700031934581,16.00000000255,     677P   1919
-16.00000000255,13.500000000013,0.,-16.200002249464,                 677P   1920
13.499999397257,0.,-16.146411205495,13.526794919243,0.,-16.1,        677P   1921
13.584540591513,0.,-15.999981561711,13.700031934581,0.,              677P   1922
-16.00000000255,0.,0.25598480431324,30.407114177321,                 677P   1923
60.814228354641,0,1,675;                                             677P   1924
126,1,1,1,0,1,0,0.,0.,1.,1.,1.,1.,0.,30.407114177321,0.,             679P   1925
0.25598480431324,30.407115503894,0.,0.,1.,0.,0.,1.;                  679P   1926
126,1,1,1,0,1,0,0.,0.,0.5,0.5,1.,1.,0.25598480431324,                681P   1927
30.407115503894,0.,0.25598480431324,45.610671929268,0.,0.,0.5,       681P   1928
0.,0.,1.;                                                            681P   1929
126,1,1,1,0,1,0,0.5,0.5,1.,1.,1.,1.,0.25598480431324,                683P   1930
45.610671929268,0.,0.25598480431324,60.814228354641,0.,0.5,1.,       683P   1931
0.,0.,1.;                                                            683P   1932
126,1,1,1,0,1,0,0.,0.,1.,1.,1.,1.,0.25598480431324,                  685P   1933
60.814228354641,0.,4.7489917734123E-06,60.814228354641,0.,0.,1.,     685P   1934
0.,0.,1.;                                                            685P   1935
126,1,1,1,0,1,0,0.,0.,1.,1.,1.,1.,4.7489917734123E-06,               687P   1936
60.814228354641,0.,1.6027106537198E-06,30.40711639634,0.,0.,1.,      687P   1937
0.,0.,1.;                                                            687P   1938
102,5,679,681,683,685,687;                                           689P   1939
126,6,3,0,0,1,0,0.,0.,0.,0.,0.27745670142183,0.8323701042655,        691P   1940
0.9441233680885,1.,1.,1.,1.,1.,1.,1.,1.,1.,1.,1.,                    691P   1941
13.500000000013,0.,16.200002249464,13.49999967042,                   691P   1942
1.7700701699148E-07,16.170698179079,13.51932007382,                  691P   1943
7.364175356498E-07,16.082785750613,13.601126828357,                  691P   1944
1.4253237408868E-06,16.014119520711,13.676559588947,                 691P   1945
1.8439583473492E-06,16.000772668084,13.694139897451,                 691P   1946
1.9417179598664E-06,15.999999999992,13.700000000285,                 691P   1947
1.9743362788041E-06,16.,0.,1.,0.,0.,0.;                              691P   1948
126,4,2,0,0,0,0,30.407115503894,30.407115503894,30.407115503894,     693P   1949
45.610671265981,45.610671265981,45.610671929268,45.610671929268,     693P   1950
45.610671929268,0.74999996166578,0.53033010505702,0.75,              693P   1951
0.74999999041644,0.74999998083289,13.700000000285,                   693P   1952
1.9743362788041E-06,16.,13.700000000285,16.,15.999998025664,         693P   1953
13.700000000285,16.,0.,13.700000000285,16.,-4.935840652057E-07,      693P   1954
13.700000000285,16.,-9.8716812943168E-07,30.407115503894,            693P   1955
45.610671929268,0.,0.,0.;                                            693P   1956
126,2,2,0,0,0,0,45.610671929268,45.610671929268,45.610671929268,     695P   1957
60.814228354641,60.814228354641,60.814228354641,                     695P   1958
0.74999998083289,0.53033009547347,0.75,13.700000000285,16.,          695P   1959
-9.8716812943168E-07,13.700000000285,15.999999012832,-16.,           695P   1960
13.700000000285,0.,-16.,45.610671929268,60.814228354641,0.,0.,       695P   1961
0.;                                                                  695P   1962
126,4,2,0,0,0,0,2.3046592984799E-05,2.3046592984799E-05,             697P   1963
2.3046592984799E-05,0.16668971346565,0.16668971346565,               697P   1964
0.25600310191445,0.25600310191445,0.25600310191445,0.75,             697P   1965
0.749999999691,1.,0.86602991732679,0.80385176685945,                 697P   1966
13.700000000285,0.,-16.,13.584529946257,0.,-15.999999999835,         697P   1967
13.526794919243,0.,-16.1,13.500001042353,0.,-16.146408356106,        697P   1968
13.500000000038,0.,-16.199996109877,2.3046592984799E-05,             697P   1969
0.25600310191445,0.,0.,0.;                                           697P   1970
126,11,3,0,0,1,0,0.,0.,0.,0.,0.081498568556436,0.24449570566931,     699P   1971
0.24449570566931,0.62713018646078,0.62713018646078,                  699P   1972
0.98213438897655,0.98213438897655,0.99404479632552,1.,1.,1.,1.,      699P   1973
1.,1.,1.,1.,1.,1.,1.,1.,1.,1.,1.,1.,13.500000000038,0.,              699P   1974
-16.199996109877,13.500000000035,1.4176617865513,                    699P   1975
-16.199996235725,13.500000000029,5.6706471957635,                    699P   1976
-15.641728419504,13.500000000024,9.4562288456697,                    699P   1977
-13.454026256799,13.500000000013,16.147524930823,                    699P   1978
-6.7627319947217,13.500000000008,17.498762861439,                    699P   1979
0.29772142879384,13.500000000001,12.467708624794,                    699P   1980
12.031069781863,13.5,7.066224646251,15.821242231249,13.5,            699P   1981
0.72194188075427,16.185220269141,13.5,0.41256388552089,              699P   1982
16.197045087032,13.5,0.10314347948131,16.200000146998,13.5,          699P   1983
3.3438440359576E-06,16.200000177443,0.,1.,0.,0.,0.;                  699P   1984
102,5,691,693,695,697,699;                                           701P   1985
142,0,677,689,701,1;                                                 703P   1986
144,677,1,0,703,0,1,675;                                             705P   1987
406,1,3HF22;                                                         707P   1988
128,4,8,2,2,0,1,0,0,0,0.,0.,0.,0.089318137440578,                    709P   1989
0.089318137440578,0.25600785090623,0.25600785090623,                 709P   1990
0.25600785090623,0.,0.,0.,15.20355708866,15.20355708866,             709P   1991
30.407114177321,30.407114177321,45.610671265981,45.610671265981,     709P   1992
60.814228354641,60.814228354641,60.814228354641,                     709P   1993
0.80384515476095,0.86602279383913,1.,0.74996542980153,               709P   1994
0.75000000478039,0.56840435995542,0.61237059018577,                  709P   1995
0.70710678118655,0.53030564106814,0.53033008927016,                  709P   1996
0.80384515476095,0.86602279383913,1.,0.74996542980153,               709P   1997
0.75000000478039,0.56840435995542,0.61237059018577,                  709P   1998
0.70710678118655,0.53030564106814,0.53033008927016,                  709P   1999
0.80384515476095,0.86602279383913,1.,0.74996542980153,               709P   2000
0.75000000478039,0.56840435995542,0.61237059018577,                  709P   2001
0.70710678118655,0.53030564106814,0.53033008927016,                  709P   2002
0.80384515476095,0.86602279383913,1.,0.74996542980153,               709P   2003
0.75000000478039,0.56840435995542,0.61237059018577,                  709P   2004
0.70710678118655,0.53030564106814,0.53033008927016,                  709P   2005
0.80384515476095,0.86602279383913,1.,0.74996542980153,               709P   2006
0.75000000478039,13.500000000013,0.,-16.200002249464,                709P   2007
13.499999397257,0.,-16.146411205495,13.526794919243,0.,-16.1,        709P   2008
13.584540591513,0.,-15.999981561711,13.700031934581,0.,              709P   2009
-16.00000000255,13.500000000013,-16.200002249464,                    709P   2010
-16.200002249464,13.499999397257,-16.146411205495,                   709P   2011
-16.146411205495,13.526794919243,-16.1,-16.1,13.584540591513,        709P   2012
-15.999981561711,-15.999981561711,13.700031934581,                   709P   2013
-16.00000000255,-16.00000000255,13.500000000013,                     709P   2014
-16.200002249464,0.,13.499999397257,-16.146411205495,0.,             709P   2015
13.526794919243,-16.1,0.,13.584540591513,-15.999981561711,0.,        709P   2016
13.700031934581,-16.00000000255,0.,13.500000000013,                  709P   2017
-16.200002249464,16.200002249464,13.499999397257,                    709P   2018
-16.146411205495,16.146411205495,13.526794919243,-16.1,16.1,         709P   2019
13.584540591513,-15.999981561711,15.999981561711,                    709P   2020
13.700031934581,-16.00000000255,16.00000000255,13.500000000013,      709P   2021
0.,16.200002249464,13.499999397257,0.,16.146411205495,               709P   2022
13.526794919243,0.,16.1,13.584540591513,0.,15.999981561711,          709P   2023
13.700031934581,0.,16.00000000255,13.500000000013,                   709P   2024
16.200002249464,16.200002249464,13.499999397257,16.146411205495,     709P   2025
16.146411205495,13.526794919243,16.1,16.1,13.584540591513,           709P   2026
15.999981561711,15.999981561711,13.700031934581,16.00000000255,      709P   2027
16.00000000255,13.500000000013,16.200002249464,0.,                   709P   2028
13.499999397257,16.146411205495,0.,13.526794919243,16.1,0.,          709P   2029
13.584540591513,15.999981561711,0.,13.700031934581,                  709P   2030
16.00000000255,0.,13.500000000013,16.200002249464,                   709P   2031
-16.200002249464,13.499999397257,16.146411205495,                    709P   2032
-16.146411205495,13.526794919243,16.1,-16.1,13.584540591513,         709P   2033
15.999981561711,-15.999981561711,13.700031934581,16.00000000255,     709P   2034
-16.00000000255,13.500000000013,0.,-16.200002249464,                 709P   2035
13.499999397257,0.,-16.146411205495,13.526794919243,0.,-16.1,        709P   2036
13.584540591513,0.,-15.999981561711,13.700031934581,0.,              709P   2037
-16.00000000255,1.6027436910704E-06,0.25600785090623,0.,             709P   2038
30.40711394717,0,1,707;                                              709P   2039
126,1,1,1,0,1,0,0.,0.,1.,1.,1.,1.,1.6027436910704E-06,               711P   2040
30.407113947161,0.,4.7490246405657E-06,0.,0.,0.,1.,0.,0.,1.;         711P   2041
126,1,1,1,0,1,0,0.,0.,1.,1.,1.,1.,4.7490246405657E-06,0.,0.,         713P   2042
0.25598480410725,0.,0.,0.,1.,0.,0.,1.;                               713P   2043
126,1,1,1,0,1,0,0.,0.,1.,1.,1.,1.,0.25598480410725,0.,0.,            715P   2044
0.25598480410725,15.203557095745,0.,0.,1.,0.,0.,1.;                  715P   2045
126,1,1,1,0,1,0,0.,0.,1.,1.,1.,1.,0.25598480410725,                  717P   2046
15.203557095745,0.,0.25600451172041,30.40711394717,0.,0.,1.,0.,      717P   2047
0.,1.;                                                               717P   2048
126,1,1,1,0,1,0,0.,0.,1.,1.,1.,1.,0.25600785090623,                  719P   2049
30.407113947161,0.,1.6027438174693E-06,30.407113947161,0.,0.,1.,     719P   2050
0.,0.,1.;                                                            719P   2051
102,5,711,713,715,717,719;                                           721P   2052
126,11,3,0,0,1,0,0.,0.,0.,0.,0.081498585645909,0.24449575693773,     723P   2053
0.24449575693773,0.62713025596062,0.62713025596062,                  723P   2054
0.98213440559841,0.98213440559841,0.99404480186614,1.,1.,1.,1.,      723P   2055
1.,1.,1.,1.,1.,1.,1.,1.,1.,1.,1.,1.,13.5,-3.4682816407891E-07,       723P   2056
16.200000177401,13.5,-1.4176625024857,16.200000021201,13.5,          723P   2057
-5.6706489079475,15.641731249359,13.500000000001,                    723P   2058
-9.4562311269112,13.454027774435,13.500000000004,                    723P   2059
-16.147526668792,6.7627309667854,13.500000000008,                    723P   2060
-17.498763073714,-0.29772342724761,13.50000000002,                   723P   2061
-12.467705059598,-12.031070457343,13.500000000026,                   723P   2062
-7.0662202878481,-15.821241121455,13.500000000037,                   723P   2063
-0.72193793291649,-16.185216498947,13.500000000037,                  723P   2064
-0.41256019438458,-16.197041181859,13.500000000038,                  723P   2065
-0.10314004853056,-16.199996118991,13.500000000038,0.,               723P   2066
-16.199996109835,0.,1.,0.,0.,0.;                                     723P   2067
126,4,2,0,0,0,0,4.7490246405657E-06,4.7490246405657E-06,             725P   2068
4.7490246405657E-06,0.089318137440578,0.089318137440578,             725P   2069
0.25598480410725,0.25598480410725,0.25598480410725,                  725P   2070
0.80385176690521,0.86602991737609,1.,0.75,0.75,13.500000000038,      725P   2071
0.,-16.199996109835,13.500001042364,0.,-16.146408356087,             725P   2072
13.526794919243,0.,-16.1,13.584529946162,0.,-16.,13.7,0.,-16.,       725P   2073
4.7490246405657E-06,0.25598480410725,0.,0.,0.;                       725P   2074
126,4,2,0,0,0,0,0.,0.,0.,15.20355708866,15.20355708866,              727P   2075
15.203557095745,15.203557095745,15.203557095745,0.75,                727P   2076
0.53033008588991,0.75,0.74999999989763,0.74999999979527,13.7,0.,     727P   2077
-16.,13.7,-16.,-16.,13.7,-16.,0.,13.7,-16.,5.2722528877096E-09,      727P   2078
13.7,-16.,1.0544502836267E-08,0.,15.203557095745,0.,0.,0.;           727P   2079
126,9,3,0,0,1,0,0.,0.,0.,0.,0.16573934962868,0.49721804888603,       729P   2080
0.49721804888603,0.96492293163962,0.96492293163962,                  729P   2081
0.98830764387987,1.,1.,1.,1.,1.,1.,1.,1.,1.,1.,1.,1.,1.,1.,13.7,     729P   2082
-16.,1.0544502836267E-08,13.700001689835,-15.999999999077,           729P   2083
1.4002146617525,13.700006483691,-15.448580945588,                    729P   2084
5.6008586150134,13.700010777805,-13.287940179341,                    729P   2085
9.3394767710182,13.700017711813,-8.5281367910722,                    729P   2086
14.099280275663,13.700021604124,-4.8151454706545,                    729P   2087
15.757729545366,13.700026482964,-0.68873737957687,                   729P   2088
15.986380712408,13.700026834036,-0.3935859314492,                    729P   2089
15.997276972783,13.700027188921,-0.098396739776532,                  729P   2090
15.999999999742,13.70002730767,-3.425327264565E-07,                  729P   2091
16.000000001864,0.,1.,0.,0.,0.;                                      729P   2092
126,4,2,0,0,0,0,0.,0.,0.,0.16668971346565,0.16668971346565,          731P   2093
0.25600624816241,0.25600624816241,0.25600624816241,                  731P   2094
0.74999999812943,0.74996542315086,0.99999999113204,                  731P   2095
0.86602519027498,0.80384737911337,13.700031934581,                   731P   2096
-3.4254629947126E-07,16.00000000255,13.584540591513,                 731P   2097
-3.425459046687E-07,15.999981561711,13.526794919243,                 731P   2098
-3.4468721378803E-07,16.1,13.499999952466,-3.456808173683E-07,       731P   2099
16.146410243846,13.5,-3.4682813195738E-07,16.2000001774,0.,          731P   2100
0.25600624816241,0.,0.,0.;                                           731P   2101
102,5,723,725,727,729,731;                                           733P   2102
142,0,709,721,733,1;                                                 735P   2103
144,709,1,0,735,0,1,707;                                             737P   2104
406,1,3HF23;                                                         739P   2105
128,1,8,1,2,0,1,0,0,0,0.,0.,0.19881547668807,0.19881547668807,       741P   2106
0.,0.,0.,0.25,0.25,0.5,0.5,0.75,0.75,1.,1.,1.,1.,1.,                 741P   2107
0.70710678118655,0.70710678118655,1.,1.,0.70710678118655,            741P   2108
0.70710678118655,1.,1.,0.70710678118655,0.70710678118655,1.,1.,      741P   2109
0.70710678118655,0.70710678118655,1.,1.,13.7,16.,0.,                 741P   2110
33.311805698387,16.,0.,13.7,16.,-16.,33.311805698387,16.,-16.,       741P   2111
13.7,0.,-16.,33.311805698387,0.,-16.,13.7,-16.,-16.,                 741P   2112
33.311805698387,-16.,-16.,13.7,-16.,0.,33.311805698387,-16.,0.,      741P   2113
13.7,-16.,16.,33.311805698387,-16.,16.,13.7,0.,16.,                  741P   2114
33.311805698387,0.,16.,13.7,16.,16.,33.311805698387,16.,16.,         741P   2115
13.7,16.,0.,33.311805698387,16.,0.,0.,0.19881547668807,0.,0.5,0,     741P   2116
1,739;                                                               741P   2117
126,1,1,1,0,1,0,0.,0.,1.,1.,1.,1.,0.19881547668807,                  743P   2118
0.49999998909264,0.,0.,0.49999998909264,0.,0.,1.,0.,0.,1.;           743P   2119
126,1,1,1,0,1,0,0.,0.,0.5,0.5,1.,1.,0.,0.49999997818646,0.,0.,       745P   2120
0.24999998909323,0.,0.,0.5,0.,0.,1.;                                 745P   2121
126,1,1,1,0,1,0,0.5,0.5,1.,1.,1.,1.,0.,0.24999998909323,0.,0.,       747P   2122
0.,0.,0.5,1.,0.,0.,1.;                                               747P   2123
126,1,1,1,0,1,0,0.,0.,1.,1.,1.,1.,0.,0.,0.,0.19881547668807,0.,      749P   2124
0.,0.,1.,0.,0.,1.;                                                   749P   2125
126,1,1,1,0,1,0,0.,0.,0.5,0.5,1.,1.,0.19881547668807,0.,0.,          751P   2126
0.19881547668807,0.25,0.,0.,0.5,0.,0.,1.;                            751P   2127
126,1,1,1,0,1,0,0.5,0.5,1.,1.,1.,1.,0.19881547668807,0.25,0.,        753P   2128
0.19881547668807,0.5,0.,0.5,1.,0.,0.,1.;                             753P   2129
102,6,743,745,747,749,751,753;                                       755P   2130
126,1,1,0,0,0,0,0.,0.,0.19881547668807,0.19881547668807,             757P   2131
0.99999997444246,0.99999997444246,33.311805698387,-16.,              757P   2132
-9.8722172909219E-07,13.7,-16.,-9.8722172909219E-07,0.,              757P   2133
0.19881547668807,0.,0.,0.;                                           757P   2134
126,4,2,0,0,0,0,0.50000002181354,0.50000002181354,                   759P   2135
0.50000002181354,0.75,0.75,0.75000001090677,0.75000001090677,        759P   2136
0.75000001090677,0.9999999488877,0.7071068067427,1.,                 759P   2137
0.99999998722192,0.99999997444385,13.7,-16.,                         759P   2138
-1.9743362830738E-06,13.7,-15.999998025664,-16.,13.7,0.,-16.,        759P   2139
13.7,4.9358406997555E-07,-16.,13.7,9.8716813897137E-07,-16.,         759P   2140
0.50000002181354,0.75000001090677,0.,0.,0.;                          759P   2141
126,2,2,0,0,0,0,0.75000001090677,0.75000001090677,                   761P   2142
0.75000001090677,1.,1.,1.,0.99999997444385,0.70710679396462,1.,      761P   2143
13.7,9.8716813897137E-07,-16.,13.7,16.,-15.999999012832,13.7,        761P   2144
16.,0.,0.75000001090677,1.,0.,0.,0.;                                 761P   2145
126,1,1,0,0,0,0,0.,0.,0.19881547668807,0.19881547668807,1.,1.,       763P   2146
13.7,16.,0.,33.311805698387,16.,0.,0.,0.19881547668807,0.,0.,0.;     763P   2147
126,2,2,0,0,0,0,0.,0.,0.,0.25,0.25,0.25,1.,0.70710678118655,1.,      765P   2148
33.311805698387,16.,0.,33.311805698387,16.,-16.,33.311805698387,     765P   2149
0.,-16.,0.,0.25,0.,0.,0.;                                            765P   2150
126,2,2,0,0,0,0,0.25,0.25,0.25,0.5,0.5,0.5,1.,0.70710678118655,      767P   2151
1.,33.311805698387,0.,-16.,33.311805698387,-16.,-16.,                767P   2152
33.311805698387,-16.,0.,0.25,0.5,0.,0.,0.;                           767P   2153
102,6,757,759,761,763,765,767;                                       769P   2154
142,0,741,755,769,1;                                                 771P   2155
144,741,1,0,771,0,1,739;                                             773P   2156
406,1,3HF24;                                                         775P   2157
128,1,8,1,2,0,1,0,0,0,0.,0.,0.19881547668807,0.19881547668807,       777P   2158
0.,0.,0.,0.25,0.25,0.5,0.5,0.75,0.75,1.,1.,1.,1.,1.,                 777P   2159
0.70710678118655,0.70710678118655,1.,1.,0.70710678118655,            777P   2160
0.70710678118655,1.,1.,0.70710678118655,0.70710678118655,1.,1.,      777P   2161
0.70710678118655,0.70710678118655,1.,1.,13.7,16.,0.,                 777P   2162
33.311805698387,16.,0.,13.7,16.,-16.,33.311805698387,16.,-16.,       777P   2163
13.7,0.,-16.,33.311805698387,0.,-16.,13.7,-16.,-16.,                 777P   2164
33.311805698387,-16.,-16.,13.7,-16.,0.,33.311805698387,-16.,0.,      777P   2165
13.7,-16.,16.,33.311805698387,-16.,16.,13.7,0.,16.,                  777P   2166
33.311805698387,0.,16.,13.7,16.,16.,33.311805698387,16.,16.,         777P   2167
13.7,16.,0.,33.311805698387,16.,0.,0.,0.19881547668807,              777P   2168
0.50000000000122,1.,0,1,775;                                         777P   2169
126,1,1,1,0,1,0,0.,0.,1.,1.,1.,1.,0.19881547668807,                  779P   2170
0.74999999980563,0.,0.19881547668807,1.,0.,0.,1.,0.,0.,1.;           779P   2171
126,1,1,1,0,1,0,0.,0.,1.,1.,1.,1.,0.19881547668807,1.,0.,0.,1.,      781P   2172
0.,0.,1.,0.,0.,1.;                                                   781P   2173
126,1,1,1,0,1,0,0.,0.,1.,1.,1.,1.,0.,1.,0.,0.,0.7499999998835,       783P   2174
0.,0.,1.,0.,0.,1.;                                                   783P   2175
126,1,1,1,0,1,0,0.,0.,1.,1.,1.,1.,0.,0.7499999998835,0.,0.,          785P   2176
0.50000000000122,0.,0.,1.,0.,0.,1.;                                  785P   2177
126,1,1,1,0,1,0,0.,0.,1.,1.,1.,1.,0.,0.50000000000122,0.,            787P   2178
0.19881547668807,0.50000002247636,0.,0.,1.,0.,0.,1.;                 787P   2179
126,1,1,1,0,1,0,0.,0.,1.,1.,1.,1.,0.19881547668807,                  789P   2180
0.50000002247636,0.,0.19881547668807,0.74999999980563,0.,0.,1.,      789P   2181
0.,0.,1.;                                                            789P   2182
102,6,779,781,783,785,787,789;                                       791P   2183
126,2,2,0,0,0,0,0.74999999980563,0.74999999980563,                   793P   2184
0.74999999980563,1.,1.,1.,1.,0.70710678118655,1.,                    793P   2185
33.311805698387,0.,16.,33.311805698387,16.,16.,33.311805698387,      793P   2186
16.,0.,0.74999999980563,1.,0.,0.,0.;                                 793P   2187
126,1,1,0,0,0,0,0.,0.,0.19881547668807,0.19881547668807,1.,1.,       795P   2188
33.311805698387,16.,0.,13.7,16.,0.,0.,0.19881547668807,0.,0.,0.;     795P   2189
126,2,2,0,0,0,0,0.,0.,0.,0.2500000001165,0.2500000001165,            797P   2190
0.2500000001165,1.,0.70710678118655,1.,13.7,16.,0.,13.7,16.,16.,     797P   2191
13.7,0.,16.,0.,0.2500000001165,0.,0.,0.;                             797P   2192
126,2,2,0,0,0,0,0.2500000001165,0.2500000001165,0.2500000001165,     799P   2193
0.49999999999878,0.49999999999878,0.49999999999878,1.,               799P   2194
0.70710678118655,1.,13.7,0.,16.,13.7,-16.,16.,13.7,-16.,0.,          799P   2195
0.2500000001165,0.49999999999878,0.,0.,0.;                           799P   2196
126,3,3,0,0,1,0,0.,0.,0.,0.,1.,1.,1.,1.,1.,1.,1.,1.,13.7,-16.,       801P   2197
1.1046220951447E-10,18.602951424597,-16.,5.0866476111423E-07,        801P   2198
28.40885427379,-16.,1.5257733857054E-06,33.311805698387,-16.,        801P   2199
2.0343277113919E-06,0.,1.,0.,0.,0.;                                  801P   2200
126,2,2,0,0,0,0,0.50000002247636,0.50000002247636,                   803P   2201
0.50000002247636,0.74999999980563,0.74999999980563,                  803P   2202
0.74999999980563,0.99999994733462,0.70710680751924,1.,               803P   2203
33.311805698387,-16.,2.0343277113919E-06,33.311805698387,            803P   2204
-15.999997965672,16.,33.311805698387,0.,16.,0.50000002247636,        803P   2205
0.74999999980563,0.,0.,0.;                                           803P   2206
102,6,793,795,797,799,801,803;                                       805P   2207
142,0,777,791,805,1;                                                 807P   2208
144,777,1,0,807,0,1,775;                                             809P   2209
406,1,3HF25;                                                         811P   2210
128,4,8,2,2,0,1,0,0,0,0.,0.,0.,0.16670300317463,                     813P   2211
0.16670300317463,0.23746425035696,0.23746425035696,                  813P   2212
0.23746425035696,0.,0.,0.,15.203557088661,15.203557088661,           813P   2213
30.407114177321,30.407114177321,45.610671265982,45.610671265982,     813P   2214
60.814228354642,60.814228354642,60.814228354642,                     813P   2215
0.75000001188308,0.74994549523806,1.,0.89385812922651,               813P   2216
0.8327806453782,0.53033009429251,0.53029154520313,                   813P   2217
0.70710678118655,0.63205314459479,0.58886484158784,                  813P   2218
0.75000001188308,0.74994549523806,1.,0.89385812922651,               813P   2219
0.8327806453782,0.53033009429251,0.53029154520313,                   813P   2220
0.70710678118655,0.63205314459479,0.58886484158784,                  813P   2221
0.75000001188308,0.74994549523806,1.,0.89385812922651,               813P   2222
0.8327806453782,0.53033009429251,0.53029154520313,                   813P   2223
0.70710678118655,0.63205314459479,0.58886484158784,                  813P   2224
0.75000001188308,0.74994549523806,1.,0.89385812922651,               813P   2225
0.8327806453782,0.53033009429251,0.53029154520313,                   813P   2226
0.70710678118655,0.63205314459479,0.58886484158784,                  813P   2227
0.75000001188308,0.74994549523806,1.,0.89385812922651,               813P   2228
0.8327806453782,33.311755349045,0.,-16.000000006338,                 813P   2229
33.427258967891,0.,-15.999970928681,33.485010779143,0.,-16.1,        813P   2230
33.505578149622,0.,-16.135623730647,33.510417062493,0.,              813P   2231
-16.176472865715,33.311755349045,-16.000000006338,                   813P   2232
-16.000000006338,33.427258967891,-15.999970928681,                   813P   2233
-15.999970928681,33.485010779143,-16.1,-16.1,33.505578149622,        813P   2234
-16.135623730647,-16.135623730647,33.510417062493,                   813P   2235
-16.176472865715,-16.176472865715,33.311755349045,                   813P   2236
-16.000000006338,0.,33.427258967891,-15.999970928681,0.,             813P   2237
33.485010779143,-16.1,0.,33.505578149622,-16.135623730647,0.,        813P   2238
33.510417062493,-16.176472865715,0.,33.311755349045,                 813P   2239
-16.000000006338,16.000000006338,33.427258967891,                    813P   2240
-15.999970928681,15.999970928681,33.485010779143,-16.1,16.1,         813P   2241
33.505578149622,-16.135623730647,16.135623730647,                    813P   2242
33.510417062493,-16.176472865715,16.176472865715,                    813P   2243
33.311755349045,0.,16.000000006338,33.427258967891,0.,               813P   2244
15.999970928681,33.485010779143,0.,16.1,33.505578149622,0.,          813P   2245
16.135623730647,33.510417062493,0.,16.176472865715,                  813P   2246
33.311755349045,16.000000006338,16.000000006338,33.427258967891,     813P   2247
15.999970928681,15.999970928681,33.485010779143,16.1,16.1,           813P   2248
33.505578149622,16.135623730647,16.135623730647,33.510417062493,     813P   2249
16.176472865715,16.176472865715,33.311755349045,16.000000006338,     813P   2250
0.,33.427258967891,15.999970928681,0.,33.485010779143,16.1,0.,       813P   2251
33.505578149622,16.135623730647,0.,33.510417062493,                  813P   2252
16.176472865715,0.,33.311755349045,16.000000006338,                  813P   2253
-16.000000006338,33.427258967891,15.999970928681,                    813P   2254
-15.999970928681,33.485010779143,16.1,-16.1,33.505578149622,         813P   2255
16.135623730647,-16.135623730647,33.510417062493,                    813P   2256
16.176472865715,-16.176472865715,33.311755349045,0.,                 813P   2257
-16.000000006338,33.427258967891,0.,-15.999970928681,                813P   2258
33.485010779143,0.,-16.1,33.505578149622,0.,-16.135623730647,        813P   2259
33.510417062493,0.,-16.176472865715,0.,0.23746383492211,             813P   2260
30.407114177321,60.814228354642,0,1,811;                             813P   2261
126,1,1,1,0,1,0,0.,0.,1.,1.,1.,1.,1.7315216915115E-05,               815P   2262
30.407114177321,0.,0.23746257031045,30.407114177321,0.,0.,1.,0.,     815P   2263
0.,1.;                                                               815P   2264
126,1,1,1,0,1,0,0.,0.,1.,1.,1.,1.,0.23746383492211,                  817P   2265
30.407114177321,0.,0.23745970761229,60.8142283511,0.,0.,1.,0.,       817P   2266
0.,1.;                                                               817P   2267
126,1,1,1,0,1,0,0.,0.,1.,1.,1.,1.,0.23745970761229,                  819P   2268
60.814228354642,0.,3.6336507762691E-05,60.814228354642,0.,0.,1.,     819P   2269
0.,0.,1.;                                                            819P   2270
126,1,1,1,0,1,0,0.,0.,0.50000026515393,0.50000026515393,1.,1.,       821P   2271
3.6336507762691E-05,60.814228354642,0.,1.8168244246578E-05,          821P   2272
45.610671266,0.,0.,0.50000026515393,0.,0.,1.;                        821P   2273
126,1,1,1,0,1,0,0.50000026515393,0.50000026515393,1.,1.,1.,1.,       823P   2274
1.8168244246578E-05,45.610671266,0.,0.,30.407130302482,0.,           823P   2275
0.50000026515393,1.,0.,0.,1.;                                        823P   2276
102,5,815,817,819,821,823;                                           825P   2277
126,4,2,0,0,0,0,1.7315216915115E-05,1.7315216915115E-05,             827P   2278
1.7315216915115E-05,0.16670300317463,0.16670300317463,               827P   2279
0.23746257031045,0.23746257031045,0.23746257031045,                  827P   2280
0.75000000325629,0.74997146806343,1.,0.89386064929626,               827P   2281
0.83278354566377,33.311779341713,0.,16.000000001737,                 827P   2282
33.427266966332,0.,15.999984782388,33.485010779143,0.,16.1,          827P   2283
33.505577603317,0.,16.13562278442,33.510416815855,0.,                827P   2284
16.176470783739,1.7315216915115E-05,0.23746257031045,0.,0.,0.;       827P   2285
126,11,3,0,0,1,0,0.,0.,0.,0.,0.081497667912959,0.24449300373888,     829P   2286
0.24449300373888,0.62722799508608,0.62722799508608,                  829P   2287
0.98220545864978,0.98220545864978,0.99406848621659,1.,1.,1.,1.,      829P   2288
1.,1.,1.,1.,1.,1.,1.,1.,1.,1.,1.,1.,33.510417001508,0.,              829P   2289
16.176472350892,33.510416982762,1.4156096635223,16.176472192644,     829P   2290
33.51041692958,5.6624385917701,15.619009149773,33.510416881938,      829P   2291
9.442495824522,13.434489337655,33.510416775107,16.125361030732,      829P   2292
6.7516228574251,33.510416694936,17.473954823033,                     829P   2293
-0.30096869472268,33.510416545479,12.446120919054,                   829P   2294
-12.016977724673,33.510416487129,7.0519074436644,                    829P   2295
-15.799895680852,33.510416404985,0.71802399354659,                   829P   2296
-16.161826248093,33.510416400969,0.41032333678549,                   829P   2297
-16.173540021974,33.510416396909,0.10258083811229,                   829P   2298
-16.176467247634,33.510416395551,5.3299776765621E-09,                829P   2299
-16.176467236201,0.,1.,0.,0.,0.;                                     829P   2300
126,4,2,0,0,0,0,4.5427446684343E-06,4.5427446684343E-06,             831P   2301
4.5427446684343E-06,0.070761247182328,0.070761247182328,             831P   2302
0.23742791384919,0.23742791384919,0.23742791384919,                  831P   2303
0.83278848769293,0.89386494334351,1.,0.7499999999997,0.75,           831P   2304
33.510416395551,0.,-16.176467236201,33.505576672455,0.,              831P   2305
-16.135621172118,33.485010779143,0.,-16.1,33.427275752224,0.,        831P   2306
-16.,33.311805698386,0.,-16.,4.5427446684343E-06,                    831P   2307
0.23742791384919,0.,0.,0.;                                           831P   2308
126,9,3,0,0,1,0,0.,0.,0.,0.,0.16573934999786,0.49721804999359,       833P   2309
0.49721804999359,0.9649229299297,0.9649229299297,                    833P   2310
0.9883076433099,1.,1.,1.,1.,1.,1.,1.,1.,1.,1.,1.,1.,1.,1.,           833P   2311
33.311805698386,0.,-16.,33.311804140543,1.400214674046,-16.,         833P   2312
33.311799721132,5.6008586961842,-15.448580931282,                    833P   2313
33.311795762429,9.3394769003545,-13.287940097935,                    833P   2314
33.311789370032,14.099280401583,-8.528136597285,33.311785781747,     833P   2315
15.757729629733,-4.8151452201361,33.311781283991,                    833P   2316
15.986380725174,-0.68873708067664,33.31178096034,                    833P   2317
15.997276980596,-0.39358561375698,33.311780633175,                   833P   2318
16.00000000157,-0.098396403460336,33.311780523702,                   833P   2319
16.000000001584,-2.7992978875639E-11,0.,1.,0.,0.,0.;                 833P   2320
126,9,3,0,0,1,0,0.,0.,0.,0.,0.15282292492156,0.45846877476467,       835P   2321
0.45846877476467,0.95613966226212,0.95613966226212,                  835P   2322
0.98537988742071,1.,1.,1.,1.,1.,1.,1.,1.,1.,1.,1.,1.,1.,1.,          835P   2323
33.311780523702,16.000000001584,-2.7992978875639E-11,                835P   2324
33.311779087472,16.000000001767,1.2909074337793,33.311774562789,     835P   2325
15.531313189189,5.1636297352676,33.311771309848,13.6882915395,       835P   2326
8.6758457402358,33.311764872584,9.1993839875572,13.746799935814,     835P   2327
33.311761110643,5.2961353700238,15.67058329936,33.311756299949,      835P   2328
0.86305339818918,15.978609173471,33.311755895798,                    835P   2329
0.49322614778394,15.995723416229,33.311755486226,                    835P   2330
0.12332453783334,15.999999821342,33.311755349045,                    835P   2331
2.3999044904683E-05,16.00000000632,0.,1.,0.,0.,0.;                   835P   2332
102,5,827,829,831,833,835;                                           837P   2333
142,0,813,825,837,1;                                                 839P   2334
144,813,1,0,839,0,1,811;                                             841P   2335
406,1,3HF26;                                                         843P   2336
128,4,8,2,2,0,1,0,0,0,0.,0.,0.,0.16670300317463,                     845P   2337
0.16670300317463,0.23746425035696,0.23746425035696,                  845P   2338
0.23746425035696,0.,0.,0.,15.203557088661,15.203557088661,           845P   2339
30.407114177321,30.407114177321,45.610671265982,45.610671265982,     845P   2340
60.814228354642,60.814228354642,60.814228354642,                     845P   2341
0.75000001188308,0.74994549523806,1.,0.89385812922651,               845P   2342
0.8327806453782,0.53033009429251,0.53029154520313,                   845P   2343
0.70710678118655,0.63205314459479,0.58886484158784,                  845P   2344
0.75000001188308,0.74994549523806,1.,0.89385812922651,               845P   2345
0.8327806453782,0.53033009429251,0.53029154520313,                   845P   2346
0.70710678118655,0.63205314459479,0.58886484158784,                  845P   2347
0.75000001188308,0.74994549523806,1.,0.89385812922651,               845P   2348
0.8327806453782,0.53033009429251,0.53029154520313,                   845P   2349
0.70710678118655,0.63205314459479,0.58886484158784,                  845P   2350
0.75000001188308,0.74994549523806,1.,0.89385812922651,               845P   2351
0.8327806453782,0.53033009429251,0.53029154520313,                   845P   2352
0.70710678118655,0.63205314459479,0.58886484158784,                  845P   2353
0.75000001188308,0.74994549523806,1.,0.89385812922651,               845P   2354
0.8327806453782,33.311755349045,0.,-16.000000006338,                 845P   2355
33.427258967891,0.,-15.999970928681,33.485010779143,0.,-16.1,        845P   2356
33.505578149622,0.,-16.135623730647,33.510417062493,0.,              845P   2357
-16.176472865715,33.311755349045,-16.000000006338,                   845P   2358
-16.000000006338,33.427258967891,-15.999970928681,                   845P   2359
-15.999970928681,33.485010779143,-16.1,-16.1,33.505578149622,        845P   2360
-16.135623730647,-16.135623730647,33.510417062493,                   845P   2361
-16.176472865715,-16.176472865715,33.311755349045,                   845P   2362
-16.000000006338,0.,33.427258967891,-15.999970928681,0.,             845P   2363
33.485010779143,-16.1,0.,33.505578149622,-16.135623730647,0.,        845P   2364
33.510417062493,-16.176472865715,0.,33.311755349045,                 845P   2365
-16.000000006338,16.000000006338,33.427258967891,                    845P   2366
-15.999970928681,15.999970928681,33.485010779143,-16.1,16.1,         845P   2367
33.505578149622,-16.135623730647,16.135623730647,                    845P   2368
33.510417062493,-16.176472865715,16.176472865715,                    845P   2369
33.311755349045,0.,16.000000006338,33.427258967891,0.,               845P   2370
15.999970928681,33.485010779143,0.,16.1,33.505578149622,0.,          845P   2371
16.135623730647,33.510417062493,0.,16.176472865715,                  845P   2372
33.311755349045,16.000000006338,16.000000006338,33.427258967891,     845P   2373
15.999970928681,15.999970928681,33.485010779143,16.1,16.1,           845P   2374
33.505578149622,16.135623730647,16.135623730647,33.510417062493,     845P   2375
16.176472865715,16.176472865715,33.311755349045,16.000000006338,     845P   2376
0.,33.427258967891,15.999970928681,0.,33.485010779143,16.1,0.,       845P   2377
33.505578149622,16.135623730647,0.,33.510417062493,                  845P   2378
16.176472865715,0.,33.311755349045,16.000000006338,                  845P   2379
-16.000000006338,33.427258967891,15.999970928681,                    845P   2380
-15.999970928681,33.485010779143,16.1,-16.1,33.505578149622,         845P   2381
16.135623730647,-16.135623730647,33.510417062493,                    845P   2382
16.176472865715,-16.176472865715,33.311755349045,0.,                 845P   2383
-16.000000006338,33.427258967891,0.,-15.999970928681,                845P   2384
33.485010779143,0.,-16.1,33.505578149622,0.,-16.135623730647,        845P   2385
33.510417062493,0.,-16.176472865715,3.6336507958423E-05,             845P   2386
0.23746425035696,0.,30.407114177321,0,1,843;                         845P   2387
126,1,1,1,0,1,0,0.,0.,1.,1.,1.,1.,3.6336507961421E-05,               847P   2388
15.203557100481,0.,3.6336507961421E-05,0.,0.,0.,1.,0.,0.,1.;         847P   2389
126,1,1,1,0,1,0,0.,0.,1.,1.,1.,1.,3.6336507961421E-05,0.,0.,         849P   2390
0.23746012305099,0.,0.,0.,1.,0.,0.,1.;                               849P   2391
126,1,1,1,0,1,0,0.,0.,1.,1.,1.,1.,0.23746012305099,0.,0.,            851P   2392
0.23746425035696,30.40711297305,0.,0.,1.,0.,0.,1.;                   851P   2393
126,1,1,1,0,1,0,0.,0.,1.,1.,1.,1.,0.23746383492254,                  853P   2394
30.407114177321,0.,3.6336507958423E-05,30.407112810439,0.,0.,1.,     853P   2395
0.,0.,1.;                                                            853P   2396
126,1,1,1,0,1,0,0.,0.,1.,1.,1.,1.,3.6336507958423E-05,               855P   2397
30.407112810439,0.,3.6336507958423E-05,15.203557100481,0.,0.,1.,     855P   2398
0.,0.,1.;                                                            855P   2399
102,5,847,849,851,853,855;                                           857P   2400
126,4,2,0,0,0,0,45.610671254161,45.610671254161,45.610671254161,     859P   2401
45.610671265982,45.610671265982,60.814228354642,60.814228354642,     859P   2402
60.814228354642,0.74999999965841,0.74999999982921,0.75,              859P   2403
0.53033008588991,0.75,33.311805698387,-16.,1.7592788456793E-08,      859P   2404
33.311805698387,-16.,8.7963956979726E-09,33.311805698387,-16.,       859P   2405
0.,33.311805698387,-16.,-16.,33.311805698387,0.,-16.,                859P   2406
45.610671254161,60.814228354642,0.,0.,0.;                            859P   2407
126,4,2,0,0,0,0,3.6336507961421E-05,3.6336507961421E-05,             861P   2408
3.6336507961421E-05,0.16670300317463,0.16670300317463,               861P   2409
0.23746012305099,0.23746012305099,0.23746012305099,0.75,0.75,1.,     861P   2410
0.89386432018546,0.8327877704897,33.311805698387,0.,-16.,            861P   2411
33.427275752225,0.,-16.,33.485010779143,0.,-16.1,                    861P   2412
33.505576807542,0.,-16.135621406096,33.51041645655,0.,               861P   2413
-16.176467751023,3.6336507961421E-05,0.23746012305099,0.,0.,0.;      861P   2414
126,11,3,0,0,1,0,0.,0.,0.,0.,0.081497647298598,0.24449294189579,     863P   2415
0.24449294189579,0.62722790260629,0.62722790260629,                  863P   2416
0.98220543709743,0.98220543709743,0.99406847903248,1.,1.,1.,1.,      863P   2417
1.,1.,1.,1.,1.,1.,1.,1.,1.,1.,1.,1.,33.51041645655,0.,               863P   2418
-16.176467751023,33.510416475299,-1.41560931668,                     863P   2419
-16.176467909269,33.510416528489,-5.6624373290367,                   863P   2420
-15.619005878904,33.510416576137,-9.4424940562386,                   863P   2421
-13.434487324982,33.510416682977,-16.125359904755,                   863P   2422
-6.7516231902938,33.510416763148,-17.473955138565,                   863P   2423
0.30096763090912,33.510416912594,-12.446124598849,                   863P   2424
12.016978666297,33.510416970935,-7.0519111911345,15.79989857797,     863P   2425
33.510417053062,-0.71802663851621,16.161831608871,                   863P   2426
33.510417057076,-0.41032562440475,16.173545508336,                   863P   2427
33.510417061135,-0.10258276532653,16.176472842757,                   863P   2428
33.510417062493,-1.8120820801429E-06,16.176472865715,0.,1.,0.,       863P   2429
0.,0.;                                                               863P   2430
126,7,3,0,0,1,0,0.,0.,0.,0.,0.24099970428575,0.72299911285725,       865P   2431
0.72299911285725,0.90766637095241,1.,1.,1.,1.,1.,1.,1.,1.,1.,1.,     865P   2432
1.,1.,33.510417001508,0.,16.176472350892,33.507670760478,            865P   2433
-1.6205519786148E-07,16.153289647549,33.487255138257,                865P   2434
-6.7441005688207E-07,16.085184022441,33.433653452061,                865P   2435
-1.2275859410899E-06,16.034662174811,33.374266485435,                865P   2436
-1.6421190842863E-06,16.009161967309,33.347610985157,                865P   2437
-1.8131524351913E-06,16.001802838601,33.320757020079,                865P   2438
-1.9789765903476E-06,16.,33.311805698387,-2.0343277164464E-06,       865P   2439
16.,0.,1.,0.,0.,0.;                                                  865P   2440
126,2,2,0,0,0,0,30.407115544203,30.407115544203,30.407115544203,     867P   2441
45.610671254161,45.610671254161,45.610671254161,                     867P   2442
0.74999996050097,0.53033010581022,0.74999999965841,                  867P   2443
33.311805698387,-2.0343277164464E-06,16.,33.311805698387,            867P   2444
-15.999999982407,15.999997965672,33.311805698387,-16.,               867P   2445
1.7592789387254E-08,30.407115544203,45.610671254161,0.,0.,0.;        867P   2446
102,5,859,861,863,865,867;                                           869P   2447
142,0,845,857,869,1;                                                 871P   2448
144,845,1,0,871,0,1,843;                                             873P   2449
406,1,3HF27;                                                         875P   2450
128,4,8,2,2,0,1,0,0,0,0.,0.,0.,0.19374647302061,                     877P   2451
0.19374647302061,0.28023666705099,0.28023666705099,                  877P   2452
0.28023666705099,0.,0.,0.,0.25,0.25,0.5,0.5,0.75,0.75,1.,1.,1.,      877P   2453
0.75659984320951,0.70938029046908,1.,0.87026470895444,               877P   2454
0.80785440087958,0.53499687977812,0.50160761383077,                  877P   2455
0.70710678118655,0.61537007712902,0.57123932507335,                  877P   2456
0.75659984320951,0.70938029046908,1.,0.87026470895444,               877P   2457
0.80785440087958,0.53499687977812,0.50160761383077,                  877P   2458
0.70710678118655,0.61537007712902,0.57123932507335,                  877P   2459
0.75659984320951,0.70938029046908,1.,0.87026470895444,               877P   2460
0.80785440087958,0.53499687977812,0.50160761383077,                  877P   2461
0.70710678118655,0.61537007712902,0.57123932507335,                  877P   2462
0.75659984320951,0.70938029046908,1.,0.87026470895444,               877P   2463
0.80785440087958,0.53499687977812,0.50160761383077,                  877P   2464
0.70710678118655,0.61537007712902,0.57123932507335,                  877P   2465
0.75659984320951,0.70938029046908,1.,0.87026470895444,               877P   2466
0.80785440087958,35.424227706497,0.,-17.438760179127,                877P   2467
34.403300016261,0.,-17.739787284832,33.782032762345,0.,              877P   2468
-16.875531728721,33.555964667307,0.,-16.561044515749,                877P   2469
33.510411131719,0.,-16.176422797547,35.424227706497,                 877P   2470
17.438760179127,-17.438760179127,34.403300016261,                    877P   2471
17.739787284832,-17.739787284833,33.782032762345,                    877P   2472
16.875531728721,-16.875531728722,33.555964667307,                    877P   2473
16.561044515749,-16.561044515749,33.510411131719,                    877P   2474
16.176422797547,-16.176422797547,35.424227706497,                    877P   2475
17.438760179127,0.,34.403300016261,17.739787284833,0.,               877P   2476
33.782032762345,16.875531728722,0.,33.555964667307,                  877P   2477
16.561044515749,0.,33.510411131719,16.176422797548,0.,               877P   2478
35.424227706497,17.438760179127,17.438760179127,34.403300016261,     877P   2479
17.739787284833,17.739787284832,33.782032762345,16.875531728722,     877P   2480
16.875531728721,33.555964667307,16.561044515749,16.561044515749,     877P   2481
33.510411131719,16.176422797548,16.176422797547,35.424227706497,     877P   2482
0.,17.438760179127,34.403300016261,0.,17.739787284833,               877P   2483
33.782032762345,0.,16.875531728722,33.555964667307,0.,               877P   2484
16.561044515749,33.510411131719,0.,16.176422797548,                  877P   2485
35.424227706497,-17.438760179127,17.438760179127,                    877P   2486
34.403300016262,-17.739787284832,17.739787284833,                    877P   2487
33.782032762345,-16.875531728721,16.875531728722,                    877P   2488
33.555964667307,-16.561044515749,16.561044515749,                    877P   2489
33.510411131719,-16.176422797547,16.176422797548,                    877P   2490
35.424227706497,-17.438760179127,0.,34.403300016261,                 877P   2491
-17.739787284832,0.,33.782032762345,-16.875531728721,0.,             877P   2492
33.555964667307,-16.561044515749,0.,33.510411131719,                 877P   2493
-16.176422797547,0.,35.424227706497,-17.438760179127,                877P   2494
-17.438760179127,34.403300016261,-17.739787284832,                   877P   2495
-17.739787284832,33.782032762345,-16.875531728722,                   877P   2496
-16.875531728721,33.555964667307,-16.561044515749,                   877P   2497
-16.561044515749,33.510411131719,-16.176422797547,                   877P   2498
-16.176422797547,35.424227706497,0.,-17.438760179127,                877P   2499
34.403300016261,0.,-17.739787284832,33.782032762345,0.,              877P   2500
-16.875531728721,33.555964667307,0.,-16.561044515749,                877P   2501
33.510411131719,0.,-16.176422797547,3.0042370992023E-06,             877P   2502
0.28023666705099,0.49999999899218,1.,0,1,875;                        877P   2503
126,1,1,1,0,1,0,0.,0.,1.,1.,1.,1.,3.0322618250755E-06,               879P   2504
0.74999999999579,0.,3.1028281782808E-06,0.49999999899218,0.,0.,      879P   2505
1.,0.,0.,1.;                                                         879P   2506
126,1,1,1,0,1,0,0.,0.,1.,1.,1.,1.,3.1378739392407E-06,               881P   2507
0.49999999899218,0.,0.28023116489374,0.49999999899218,0.,0.,1.,      881P   2508
0.,0.,1.;                                                            881P   2509
126,1,1,1,0,1,0,0.,0.,1.,1.,1.,1.,0.28023171012475,                  883P   2510
0.49999999981887,0.,0.28023666705099,0.99999999861565,0.,0.,1.,      883P   2511
0.,0.,1.;                                                            883P   2512
126,1,1,1,0,1,0,0.,0.,1.,1.,1.,1.,0.28023666705099,1.,0.,            885P   2513
3.032254479618E-06,1.,0.,0.,1.,0.,0.,1.;                             885P   2514
126,1,1,1,0,1,0,0.,0.,1.,1.,1.,1.,3.032254479618E-06,1.,0.,          887P   2515
3.0042370992023E-06,0.74999999999579,0.,0.,1.,0.,0.,1.;              887P   2516
102,5,879,881,883,885,887;                                           889P   2517
126,9,3,0,0,1,0,0.,0.,0.,0.,0.16564292837735,0.49692878513205,       891P   2518
0.49692878513205,0.97783736856635,0.97783736856635,                  891P   2519
0.99261245618878,1.,1.,1.,1.,1.,1.,1.,1.,1.,1.,1.,1.,1.,1.,          891P   2520
35.424197744379,-17.438769013311,4.1574835836549E-10,                891P   2521
35.424197701224,-17.438769025998,1.5263662780444,                    891P   2522
35.424197564718,-16.837575653191,6.1054651159274,                    891P   2523
35.424197469185,-14.483037669637,10.179106109257,                    891P   2524
35.424197289127,-9.2071871208649,15.45495669772,35.424197187189,     891P   2525
-5.018156111356,17.273867989663,35.424197060446,                     891P   2526
-0.47432077625568,17.432844233651,35.42419705478,                    891P   2527
-0.271046324427,17.437584366288,35.424197049018,                     891P   2528
-0.067761506542633,17.438769218713,35.424197047102,                  891P   2529
9.9419864520971E-08,17.438769218892,0.,1.,0.,0.,0.;                  891P   2530
126,4,2,0,0,0,0,3.1378739392407E-06,3.1378739392407E-06,             893P   2531
3.1378739392407E-06,0.19374647302061,0.19374647302061,               893P   2532
0.28023116489374,0.28023116489374,0.28023116489374,                  893P   2533
0.75659831199711,0.7093849956048,0.99999999763854,                   893P   2534
0.8702729601352,0.80786233982839,35.42419670081,                     893P   2535
9.9419876055235E-08,17.43876932099,34.40328583228,                   893P   2536
1.0113588935316E-07,17.739767553252,33.782032762345,                 893P   2537
9.6208815064515E-08,16.875531728722,33.555981192629,                 893P   2538
9.4416030560172E-08,16.561067504408,33.510417376242,                 893P   2539
9.2223442421473E-08,16.176475513876,3.1378739392407E-06,             893P   2540
0.28023116489374,0.,0.,0.;                                           893P   2541
126,11,3,0,0,1,0,0.,0.,0.,0.,0.079432025189683,0.23829607556905,     895P   2542
0.23829607556905,0.62844355939599,0.62844355939599,                  895P   2543
0.98036934093035,0.98036934093035,0.99345644697678,1.,1.,1.,1.,      895P   2544
1.,1.,1.,1.,1.,1.,1.,1.,1.,1.,1.,1.,33.510416757366,                 895P   2545
1.657472867549E-08,16.176470290035,33.510416587862,                  895P   2546
-1.378418429814,16.176468860662,33.510416106277,                     895P   2547
-5.5136732208859,15.647908927791,33.510415674215,                    895P   2548
-9.2181477330559,13.574491643156,33.510414676614,                    895P   2549
-16.074552108988,6.9929749734521,33.510413922625,                    895P   2550
-17.52624653255,-0.20352088678919,33.510412526261,                   895P   2551
-12.447863667359,-11.990683996199,33.510411987091,                   895P   2552
-7.108221126644,-15.759473367041,33.510411228457,                    895P   2553
-0.79389837646491,-16.158522971617,33.510411187313,                  895P   2554
-0.45368859644911,-16.172844561529,33.510411145663,                  895P   2555
-0.11342224319931,-16.176422914392,33.510411131719,                  895P   2556
-1.2667826902625E-07,-16.176422797547,0.,1.,0.,0.,0.;                895P   2557
126,4,2,0,0,0,0,0.,0.,0.,0.086490194030376,0.086490194030376,        897P   2558
0.28023363479651,0.28023363479651,0.28023363479651,                  897P   2559
0.80785440087958,0.87026470895444,1.,0.7093848388508,                897P   2560
0.7565983652607,33.510411131719,0.,-16.176422797547,                 897P   2561
33.555964667307,0.,-16.561044515749,33.782032762345,0.,              897P   2562
-16.875531728721,34.403286309704,0.,-17.739768217404,                897P   2563
35.424197744452,0.,-17.438769013289,0.,0.28023363479651,0.,0.,       897P   2564
0.;                                                                  897P   2565
126,9,3,0,0,1,0,0.,0.,0.,0.,0.16564292988701,0.49692878966104,       899P   2566
0.49692878966104,0.97783737090847,0.97783737090847,                  899P   2567
0.99261245696949,1.,1.,1.,1.,1.,1.,1.,1.,1.,1.,1.,1.,1.,1.,          899P   2568
35.424197744452,0.,-17.438769013289,35.424197761586,                 899P   2569
-1.5263662657833,-17.438769008238,35.424197810193,                   899P   2570
-6.1054650611436,-16.837575590292,35.424197853714,                   899P   2571
-10.179105974659,-14.483037629529,35.424197925203,                   899P   2572
-15.454956500488,-9.2071870737443,35.424197965676,                   899P   2573
-17.273867750181,-5.0181560969829,35.424198015998,                   899P   2574
-17.432843950455,-0.47432082229985,35.424198018259,                  899P   2575
-17.437584080928,-0.27104639315353,35.424198020535,                  899P   2576
-17.438768931892,-0.067761597975765,35.424198021296,                 899P   2577
-17.438768931666,4.1550740819912E-10,0.,1.,0.,0.,0.;                 899P   2578
102,5,891,893,895,897,899;                                           901P   2579
142,0,877,889,901,1;                                                 903P   2580
144,877,1,0,903,0,1,875;                                             905P   2581
406,1,3HF28;                                                         907P   2582
128,4,8,2,2,0,1,0,0,0,0.,0.,0.,0.19374647302061,                     909P   2583
0.19374647302061,0.28023666705099,0.28023666705099,                  909P   2584
0.28023666705099,0.,0.,0.,0.25,0.25,0.5,0.5,0.75,0.75,1.,1.,1.,      909P   2585
0.75659984320951,0.70938029046908,1.,0.87026470895444,               909P   2586
0.80785440087958,0.53499687977812,0.50160761383077,                  909P   2587
0.70710678118655,0.61537007712902,0.57123932507335,                  909P   2588
0.75659984320951,0.70938029046908,1.,0.87026470895444,               909P   2589
0.80785440087958,0.53499687977812,0.50160761383077,                  909P   2590
0.70710678118655,0.61537007712902,0.57123932507335,                  909P   2591
0.75659984320951,0.70938029046908,1.,0.87026470895444,               909P   2592
0.80785440087958,0.53499687977812,0.50160761383077,                  909P   2593
0.70710678118655,0.61537007712902,0.57123932507335,                  909P   2594
0.75659984320951,0.70938029046908,1.,0.87026470895444,               909P   2595
0.80785440087958,0.53499687977812,0.50160761383077,                  909P   2596
0.70710678118655,0.61537007712902,0.57123932507335,                  909P   2597
0.75659984320951,0.70938029046908,1.,0.87026470895444,               909P   2598
0.80785440087958,35.424227706497,0.,-17.438760179127,                909P   2599
34.403300016261,0.,-17.739787284832,33.782032762345,0.,              909P   2600
-16.875531728721,33.555964667307,0.,-16.561044515749,                909P   2601
33.510411131719,0.,-16.176422797547,35.424227706497,                 909P   2602
17.438760179127,-17.438760179127,34.403300016261,                    909P   2603
17.739787284832,-17.739787284833,33.782032762345,                    909P   2604
16.875531728721,-16.875531728722,33.555964667307,                    909P   2605
16.561044515749,-16.561044515749,33.510411131719,                    909P   2606
16.176422797547,-16.176422797547,35.424227706497,                    909P   2607
17.438760179127,0.,34.403300016261,17.739787284833,0.,               909P   2608
33.782032762345,16.875531728722,0.,33.555964667307,                  909P   2609
16.561044515749,0.,33.510411131719,16.176422797548,0.,               909P   2610
35.424227706497,17.438760179127,17.438760179127,34.403300016261,     909P   2611
17.739787284833,17.739787284832,33.782032762345,16.875531728722,     909P   2612
16.875531728721,33.555964667307,16.561044515749,16.561044515749,     909P   2613
33.510411131719,16.176422797548,16.176422797547,35.424227706497,     909P   2614
0.,17.438760179127,34.403300016261,0.,17.739787284833,               909P   2615
33.782032762345,0.,16.875531728722,33.555964667307,0.,               909P   2616
16.561044515749,33.510411131719,0.,16.176422797548,                  909P   2617
35.424227706497,-17.438760179127,17.438760179127,                    909P   2618
34.403300016262,-17.739787284832,17.739787284833,                    909P   2619
33.782032762345,-16.875531728721,16.875531728722,                    909P   2620
33.555964667307,-16.561044515749,16.561044515749,                    909P   2621
33.510411131719,-16.176422797547,16.176422797548,                    909P   2622
35.424227706497,-17.438760179127,0.,34.403300016261,                 909P   2623
-17.739787284832,0.,33.782032762345,-16.875531728721,0.,             909P   2624
33.555964667307,-16.561044515749,0.,33.510411131719,                 909P   2625
-16.176422797547,0.,35.424227706497,-17.438760179127,                909P   2626
-17.438760179127,34.403300016261,-17.739787284832,                   909P   2627
-17.739787284832,33.782032762345,-16.875531728722,                   909P   2628
-16.875531728721,33.555964667307,-16.561044515749,                   909P   2629
-16.561044515749,33.510411131719,-16.176422797547,                   909P   2630
-16.176422797547,35.424227706497,0.,-17.438760179127,                909P   2631
34.403300016261,0.,-17.739787284832,33.782032762345,0.,              909P   2632
-16.875531728721,33.555964667307,0.,-16.561044515749,                909P   2633
33.510411131719,0.,-16.176422797547,0.,0.28023629406344,0.,          909P   2634
0.49999999981887,0,1,907;                                            909P   2635
126,1,1,1,0,1,0,0.,0.,0.50000041003807,0.50000041003807,1.,1.,       911P   2636
9.1486221850956E-06,0.49999999981887,0.,4.5743073412644E-06,         911P   2637
0.24999999999969,0.,0.,0.50000041003807,0.,0.,1.;                    911P   2638
126,1,1,1,0,1,0,0.50000041003807,0.50000041003807,1.,1.,1.,1.,       913P   2639
4.5743073412644E-06,0.24999999999969,0.,0.,4.1021825039378E-07,      913P   2640
0.,0.50000041003807,1.,0.,0.,1.;                                     913P   2641
126,1,1,1,0,1,0,0.,0.,1.,1.,1.,1.,0.,0.,0.,0.28023629406344,0.,      915P   2642
0.,0.,1.,0.,0.,1.;                                                   915P   2643
126,1,1,1,0,1,0,0.,0.,1.,1.,1.,1.,0.28023629406344,0.,0.,            917P   2644
0.28023116489374,0.49999999798436,0.,0.,1.,0.,0.,1.;                 917P   2645
126,1,1,1,0,1,0,0.,0.,1.,1.,1.,1.,0.28023171012475,                  919P   2646
0.49999999981887,0.,9.1486221832637E-06,0.49999999981887,0.,0.,      919P   2647
1.,0.,0.,1.;                                                         919P   2648
102,5,911,913,915,917,919;                                           921P   2649
126,9,3,0,0,1,0,0.,0.,0.,0.,0.15074268973427,0.45222806920282,       923P   2650
0.45222806920282,0.97278286717588,0.97278286717588,                  923P   2651
0.99092762239196,1.,1.,1.,1.,1.,1.,1.,1.,1.,1.,1.,1.,1.,1.,          923P   2652
35.424137307202,1.7868119297586E-08,17.438786830854,                 923P   2653
35.424139853533,1.3893300527582,17.438786078802,35.424147870649,     923P   2654
5.5573198878093,16.940694547012,35.424153657683,9.3475334341779,     923P   2655
14.980807968819,35.42416550047,15.054142360446,10.020445426801,      923P   2656
35.424172519365,17.216520573428,5.5335546245563,35.424181443373,     923P   2657
17.429790621977,0.58401710320915,35.424181896871,                    923P   2658
17.436977379228,0.33373511840272,35.424182354249,                    923P   2659
17.438773550752,0.083433779335259,35.424182507162,                   923P   2660
17.43877350567,-3.0355464281311E-11,0.,1.,0.,0.,0.;                  923P   2661
126,9,3,0,0,1,0,0.,0.,0.,0.,0.15206041528675,0.45618124586025,       925P   2662
0.45618124586025,0.97787733450814,0.97787733450814,                  925P   2663
0.99262577816938,1.,1.,1.,1.,1.,1.,1.,1.,1.,1.,1.,1.,1.,1.,          925P   2664
35.424182507162,17.43877350567,-3.0355464281311E-11,                 925P   2665
35.424185076983,17.438772748027,-1.4021622011041,                    925P   2666
35.424193171578,16.931437390627,-5.6086485301928,                    925P   2667
35.424198998465,14.935672272001,-9.4268852048542,                    925P   2668
35.424210896661,9.9133898719752,-15.128644071881,                    925P   2669
35.424217934198,5.4006575052019,-17.260470120618,                    925P   2670
35.424226841569,0.47435522812586,-17.432834498888,                   925P   2671
35.424227210647,0.2710834007014,-17.437574874316,                    925P   2672
35.424227582309,0.067801201286108,-17.438760058455,                  925P   2673
35.424227706497,4.0467444624288E-05,-17.43876017908,0.,1.,0.,0.,     925P   2674
0.;                                                                  925P   2675
126,4,2,0,0,0,0,0.,0.,0.,0.19374647302061,0.19374647302061,          927P   2676
0.28023629406344,0.28023629406344,0.28023629406344,                  927P   2677
0.75659984320951,0.70938029046908,1.,0.87026526843575,               927P   2678
0.8078549391677,35.424227706497,0.,-17.438760179127,                 927P   2679
34.403300016261,0.,-17.739787284832,33.782032762345,0.,              927P   2680
-16.875531728721,33.555965787558,0.,-16.561046074149,                927P   2681
33.510411554974,0.,-16.176426371175,0.,0.28023629406344,0.,0.,       927P   2682
0.;                                                                  927P   2683
126,11,3,0,0,1,0,0.,0.,0.,0.,0.081497559673148,0.24449267901945,     929P   2684
0.24449267901945,0.62722757351481,0.62722757351481,                  929P   2685
0.98220540935649,0.98220540935649,0.9940684697855,1.,1.,1.,1.,       929P   2686
1.,1.,1.,1.,1.,1.,1.,1.,1.,1.,1.,1.,33.510411554974,0.,              929P   2687
-16.176426371175,33.510411735058,1.4156062479979,                    929P   2688
-16.176427891641,33.510412245941,5.6624255907467,                    929P   2689
-15.618970716606,33.51041270362,9.4424757024184,                     929P   2690
-13.434459563995,33.510413729905,16.125336451841,                    929P   2691
-6.7516111125702,33.510414500079,17.473933969329,                    929P   2692
0.30097065934367,33.510415935885,12.446116332797,                    929P   2693
12.016975036979,33.510416496449,7.051906709995,15.799895398597,      929P   2694
33.51041728561,0.71802518334839,16.161833638751,33.510417324184,     929P   2695
0.41032409999602,16.173547803078,33.510417363189,                    929P   2696
0.10258116412853,16.176475402529,33.510417376242,                    929P   2697
1.8444688698984E-07,16.176475513876,0.,1.,0.,0.,0.;                  929P   2698
126,4,2,0,0,0,0,4.9569262391413E-06,4.9569262391413E-06,             931P   2699
4.9569262391413E-06,0.086490194030376,0.086490194030376,             931P   2700
0.28022751842881,0.28022751842881,0.28022751842881,                  931P   2701
0.80786155516308,0.87027214471314,1.0000000004244,                   931P   2702
0.70939401370342,0.75659538491138,33.510416757366,                   931P   2703
1.6574627081274E-08,16.176470290035,33.555979555082,                 931P   2704
1.6968685153021E-08,16.561065226388,33.782032762345,                 931P   2705
1.7290889333756E-08,16.875531728722,34.403258662708,                 931P   2706
1.8176351587097E-08,17.739729757194,35.424137307202,                 931P   2707
1.7868004299454E-08,17.438786830854,4.9569262391413E-06,             931P   2708
0.28022751842881,0.,0.,0.;                                           931P   2709
102,5,923,925,927,929,931;                                           933P   2710
142,0,909,921,933,1;                                                 935P   2711
144,909,1,0,935,0,1,907;                                             937P   2712
406,1,3HF29;                                                         939P   2713
128,1,8,1,2,0,1,0,0,0,0.,0.,1.,1.,0.,0.,0.,0.25,0.25,0.5,0.5,        941P   2714
0.75,0.75,1.,1.,1.,1.,1.,0.70710678118655,0.70710678118655,1.,       941P   2715
1.,0.70710678118655,0.70710678118655,1.,1.,0.70710678118655,         941P   2716
0.70710678118655,1.,1.,0.70710678118655,0.70710678118655,1.,1.,      941P   2717
88.382319104486,1.8249243548184,0.,-7.040563579655,                  941P   2718
29.958816359116,0.,88.382319104486,1.8249243548184,                  941P   2719
1.8249243548184,-7.040563579655,29.958816359116,29.958816359116,     941P   2720
88.382319104486,0.,1.8249243548184,-7.040563579655,0.,               941P   2721
29.958816359116,88.382319104486,-1.8249243548184,                    941P   2722
1.8249243548184,-7.040563579655,-29.958816359116,                    941P   2723
29.958816359116,88.382319104486,-1.8249243548184,0.,                 941P   2724
-7.040563579655,-29.958816359116,0.,88.382319104486,                 941P   2725
-1.8249243548184,-1.8249243548184,-7.040563579655,                   941P   2726
-29.958816359116,-29.958816359116,88.382319104486,0.,                941P   2727
-1.8249243548184,-7.040563579655,0.,-29.958816359116,                941P   2728
88.382319104486,1.8249243548184,-1.8249243548184,                    941P   2729
-7.040563579655,29.958816359116,-29.958816359116,                    941P   2730
88.382319104486,1.8249243548184,0.,-7.040563579655,                  941P   2731
29.958816359116,0.,0.48757443361175,0.55498322464903,                941P   2732
0.49999998938113,1.,0,1,939;                                         941P   2733
126,1,1,1,0,1,0,0.,0.,1.,1.,1.,1.,0.48757444265457,                  943P   2734
0.50000000000066,0.,0.55498322464903,0.50000034114379,0.,0.,1.,      943P   2735
0.,0.,1.;                                                            943P   2736
126,1,1,1,0,1,0,0.,0.,0.49999979260964,0.49999979260964,1.,1.,       945P   2737
0.55498322464903,0.50000034114379,0.,0.55498322464903,0.75,0.,       945P   2738
0.,0.49999979260964,0.,0.,1.;                                        945P   2739
126,1,1,1,0,1,0,0.49999979260964,0.49999979260964,1.,1.,1.,1.,       947P   2740
0.55498322464903,0.75,0.,0.55498322464903,0.99999986624637,0.,       947P   2741
0.49999979260964,1.,0.,0.,1.;                                        947P   2742
126,1,1,1,0,1,0,0.,0.,1.,1.,1.,1.,0.55498322464903,1.,0.,            949P   2743
0.48757443361175,1.,0.,0.,1.,0.,0.,1.;                               949P   2744
126,1,1,1,0,1,0,0.,0.,0.5,0.5,1.,1.,0.48757443361175,1.,0.,          951P   2745
0.48757443361175,0.74999999469057,0.,0.,0.5,0.,0.,1.;                951P   2746
126,1,1,1,0,1,0,0.5,0.5,1.,1.,1.,1.,0.48757443361175,                953P   2747
0.74999999469057,0.,0.48757443361175,0.49999998938113,0.,0.5,1.,     953P   2748
0.,0.,1.;                                                            953P   2749
102,6,943,945,947,949,951,953;                                       955P   2750
126,3,3,0,0,1,0,0.,0.,0.,0.,1.,1.,1.,1.,1.,1.,1.,1.,                 957P   2751
41.856560263274,-15.542291068518,-5.7852335459256E-11,               957P   2752
40.248475189237,-16.016408916712,-7.4984262165866E-06,               957P   2753
37.032305041168,-16.964644613083,-2.4325071689694E-05,               957P   2754
35.424219967135,-17.438762461259,-3.3653349529892E-05,0.,1.,0.,      957P   2755
0.,0.;                                                               957P   2756
126,2,2,0,0,0,0,0.50000034114379,0.50000034114379,                   959P   2757
0.50000034114379,0.75,0.75,0.75,0.99999920065147,                    959P   2758
0.70710718086136,1.,35.424219967135,-17.438762461259,                959P   2759
-3.3653349529892E-05,35.424219967135,-17.438728807974,               959P   2760
-17.438762461291,35.424219967135,0.,-17.438762461291,                959P   2761
0.50000034114379,0.75,0.,0.,0.;                                      959P   2762
126,2,2,0,0,0,0,0.75,0.75,0.75,0.99999986624637,                     961P   2763
0.99999986624637,0.99999986624637,1.,0.70710693788867,               961P   2764
0.99999968659592,35.424219967135,0.,-17.438762461291,                961P   2765
35.424219967135,17.438749266694,-17.438762461291,                    961P   2766
35.424219967135,17.438762461286,-1.3194601855002E-05,0.75,           961P   2767
0.99999986624637,0.,0.,0.;                                           961P   2768
126,1,1,0,0,0,0,0.44501677535097,0.44501677535097,                   963P   2769
0.51242556638825,0.51242556638825,1.,1.,35.424219967135,             963P   2770
17.438762461291,0.,41.856561126165,15.542290814108,0.,               963P   2771
0.44501677535097,0.51242556638825,0.,0.,0.;                          963P   2772
126,4,2,0,0,0,0,0.,0.,0.,0.25,0.25,0.25000000530943,                 965P   2773
0.25000000530943,0.25000000530943,1.,0.70710678118655,1.,            965P   2774
0.99999999377961,0.99999998755922,41.856561126165,                   965P   2775
15.542290814108,0.,41.856561126165,15.542290814108,                  965P   2776
-15.542290814108,41.856561126165,0.,-15.542290814108,                965P   2777
41.856561126165,-2.3340397613053E-07,-15.542290814108,               965P   2778
41.856561126165,-4.6680794940598E-07,-15.542290814108,0.,            965P   2779
0.25000000530943,0.,0.,0.;                                           965P   2780
126,4,2,0,0,0,0,0.25000000530943,0.25000000530943,                   967P   2781
0.25000000530943,0.5,0.5,0.50000001061887,0.50000001061887,          967P   2782
0.50000001061887,0.99999998755922,0.70710678740694,1.,               967P   2783
0.99999998755922,0.99999997511845,41.856561126165,                   967P   2784
-4.6680794940598E-07,-15.542290814108,41.856561126165,               967P   2785
-15.542290814108,-15.5422903473,41.856561126165,                     967P   2786
-15.542290814108,0.,41.856561126165,-15.542290814108,                967P   2787
4.6680795135802E-07,41.856561126165,-15.542290814108,                967P   2788
9.3361590081265E-07,0.25000000530943,0.50000001061887,0.,0.,0.;      967P   2789
102,6,957,959,961,963,965,967;                                       969P   2790
142,0,941,955,969,1;                                                 971P   2791
144,941,1,0,971,0,1,939;                                             973P   2792
406,1,3HF30;                                                         975P   2793
128,1,8,1,2,0,1,0,0,0,0.,0.,1.,1.,0.,0.,0.,0.25,0.25,0.5,0.5,        977P   2794
0.75,0.75,1.,1.,1.,1.,1.,0.70710678118655,0.70710678118655,1.,       977P   2795
1.,0.70710678118655,0.70710678118655,1.,1.,0.70710678118655,         977P   2796
0.70710678118655,1.,1.,0.70710678118655,0.70710678118655,1.,1.,      977P   2797
88.382319104486,1.8249243548184,0.,-7.040563579655,                  977P   2798
29.958816359116,0.,88.382319104486,1.8249243548184,                  977P   2799
1.8249243548184,-7.040563579655,29.958816359116,29.958816359116,     977P   2800
88.382319104486,0.,1.8249243548184,-7.040563579655,0.,               977P   2801
29.958816359116,88.382319104486,-1.8249243548184,                    977P   2802
1.8249243548184,-7.040563579655,-29.958816359116,                    977P   2803
29.958816359116,88.382319104486,-1.8249243548184,0.,                 977P   2804
-7.040563579655,-29.958816359116,0.,88.382319104486,                 977P   2805
-1.8249243548184,-1.8249243548184,-7.040563579655,                   977P   2806
-29.958816359116,-29.958816359116,88.382319104486,0.,                977P   2807
-1.8249243548184,-7.040563579655,0.,-29.958816359116,                977P   2808
88.382319104486,1.8249243548184,-1.8249243548184,                    977P   2809
-7.040563579655,29.958816359116,-29.958816359116,                    977P   2810
88.382319104486,1.8249243548184,0.,-7.040563579655,                  977P   2811
29.958816359116,0.,0.4875744286296,0.55498345749136,0.,              977P   2812
0.50000000298581,0,1,975;                                            977P   2813
126,1,1,1,0,1,0,0.,0.,1.,1.,1.,1.,0.4875744286296,                   979P   2814
0.2499999970112,0.,0.4875744286296,5.0246234565935E-10,0.,0.,1.,     979P   2815
0.,0.,1.;                                                            979P   2816
126,1,1,1,0,1,0,0.,0.,1.,1.,1.,1.,0.4875744286296,0.,0.,             981P   2817
0.55498345744438,0.,0.,0.,1.,0.,0.,1.;                               981P   2818
126,1,1,1,0,1,0,0.,0.,1.,1.,1.,1.,0.55498345744438,0.,0.,            983P   2819
0.55498345744438,0.25000000000209,0.,0.,1.,0.,0.,1.;                 983P   2820
126,1,1,1,0,1,0,0.,0.,1.,1.,1.,1.,0.55498345744438,                  985P   2821
0.2500000000021,0.,0.55498345744438,0.50000000147706,0.,0.,1.,       985P   2822
0.,0.,1.;                                                            985P   2823
126,1,1,1,0,1,0,0.,0.,1.,1.,1.,1.,0.55498345749136,                  987P   2824
0.50000000146366,0.,0.4875744286296,0.50000000146366,0.,0.,1.,       987P   2825
0.,0.,1.;                                                            987P   2826
126,1,1,1,0,1,0,0.,0.,1.,1.,1.,1.,0.4875744286296,                   989P   2827
0.50000000298581,0.,0.4875744286296,0.2499999970112,0.,0.,1.,0.,     989P   2828
0.,1.;                                                               989P   2829
102,6,979,981,983,985,987,989;                                       991P   2830
126,2,2,0,0,0,0,0.7500000029888,0.7500000029888,0.7500000029888,     993P   2831
1.,1.,1.,0.99999999299681,0.70710678468814,1.,41.856561601577,       993P   2832
2.6277665185006E-07,15.542290673941,41.856561601577,                 993P   2833
15.542290673941,15.542290411164,41.856561601577,15.542290673941,     993P   2834
0.,0.7500000029888,1.,0.,0.,0.;                                      993P   2835
126,1,1,0,0,0,0,0.4875744286296,0.4875744286296,                     995P   2836
0.55498345744438,0.55498345744438,1.,1.,41.856561601577,             995P   2837
15.542290673941,0.,35.424197753132,17.43876901073,0.,                995P   2838
0.4875744286296,0.55498345744438,0.,0.,0.;                           995P   2839
126,2,2,0,0,0,0,0.,0.,0.,0.25000000000209,0.25000000000209,          997P   2840
0.25000000000209,1.,0.70710678118655,1.,35.424197753132,             997P   2841
17.43876901073,0.,35.424197753132,17.43876901073,17.43876901073,     997P   2842
35.424197753132,0.,17.43876901073,0.,0.25000000000209,0.,0.,0.;      997P   2843
126,4,2,0,0,0,0,0.2500000000021,0.2500000000021,0.2500000000021,     999P   2844
0.5,0.5,0.50000000147706,0.50000000147706,0.50000000147706,1.,       999P   2845
0.70710678118655,1.,0.99999999826952,0.99999999653903,               999P   2846
35.424197753132,0.,17.43876901073,35.424197753132,                   999P   2847
-17.43876901073,17.43876901073,35.424197753132,-17.43876901073,      999P   2848
0.,35.424197753132,-17.43876901073,-7.2854892917419E-08,             999P   2849
35.424197753132,-17.43876901073,-1.4570978797047E-07,                999P   2850
0.2500000000021,0.50000000147706,0.,0.,0.;                           999P   2851
126,1,1,0,0,0,0,0.44501654250864,0.44501654250864,                  1001P   2852
0.5124255713704,0.5124255713704,0.99999999657043,                   1001P   2853
0.99999999657043,35.424197748649,-17.438769012052,                  1001P   2854
-1.443880555558E-07,41.856561601577,-15.542290673941,               1001P   2855
-1.2868575343491E-07,0.44501654250864,0.5124255713704,0.,0.,0.;     1001P   2856
126,6,2,0,0,0,0,0.49999999701419,0.49999999701419,                  1003P   2857
0.49999999701419,0.5,0.5,0.75,0.75,0.7500000029888,                 1003P   2858
0.7500000029888,0.7500000029888,0.9999999930038,0.9999999965019,    1003P   2859
1.,0.70710678118655,1.,0.9999999964984,0.99999999299681,            1003P   2860
41.856561601577,-15.542290673941,-2.6251424044528E-07,              1003P   2861
41.856561601577,-15.542290673941,-1.3125711927095E-07,              1003P   2862
41.856561601577,-15.542290673941,0.,41.856561601577,                1003P   2863
-15.542290673941,15.542290673941,41.856561601577,0.,                1003P   2864
15.542290673941,41.856561601577,1.3138832152031E-07,                1003P   2865
15.542290673941,41.856561601577,2.6277664208893E-07,                1003P   2866
15.542290673941,0.49999999701419,0.7500000029888,0.,0.,0.;          1003P   2867
102,6,993,995,997,999,1001,1003;                                    1005P   2868
142,0,977,991,1005,1;                                               1007P   2869
144,977,1,0,1007,0,1,975;                                           1009P   2870
406,1,3HF31;                                                        1011P   2871
128,2,8,2,2,0,1,0,0,0,0.,0.,0.,0.19273707843596,                    1013P   2872
0.19273707843596,0.19273707843596,0.,0.,0.,14.386082223946,         1013P   2873
14.386082223946,28.772164447893,28.772164447893,43.158246671839,    1013P   2874
43.158246671839,57.544328895785,57.544328895785,57.544328895785,    1013P   2875
0.80384845591279,0.66967297717127,0.86982573106602,                 1013P   2876
0.56840669422227,0.47353030333519,0.61505967288733,                 1013P   2877
0.80384845591279,0.66967297717127,0.86982573106602,                 1013P   2878
0.56840669422227,0.47353030333519,0.61505967288733,                 1013P   2879
0.80384845591279,0.66967297717127,0.86982573106602,                 1013P   2880
0.56840669422227,0.47353030333519,0.61505967288733,                 1013P   2881
0.80384845591279,0.66967297717127,0.86982573106602,                 1013P   2882
0.56840669422227,0.47353030333519,0.61505967288733,                 1013P   2883
0.80384845591279,0.66967297717127,0.86982573106602,                 1013P   2884
42.000000563452,0.,-15.350454384408,42.00000117349,0.,              1013P   2885
-15.500003682527,41.856555533544,0.,-15.542292462938,               1013P   2886
42.000000563452,15.350454384408,-15.350454384408,42.00000117349,    1013P   2887
15.500003682527,-15.500003682527,41.856555533544,                   1013P   2888
15.542292462938,-15.542292462938,42.000000563452,                   1013P   2889
15.350454384408,0.,42.00000117349,15.500003682527,0.,               1013P   2890
41.856555533544,15.542292462938,0.,42.000000563452,                 1013P   2891
15.350454384408,15.350454384408,42.00000117349,15.500003682527,     1013P   2892
15.500003682527,41.856555533544,15.542292462938,15.542292462938,    1013P   2893
42.000000563452,0.,15.350454384408,42.00000117349,0.,               1013P   2894
15.500003682527,41.856555533544,0.,15.542292462938,                 1013P   2895
42.000000563452,-15.350454384408,15.350454384408,42.00000117349,    1013P   2896
-15.500003682527,15.500003682527,41.856555533544,                   1013P   2897
-15.542292462938,15.542292462938,42.000000563452,                   1013P   2898
-15.350454384408,0.,42.00000117349,-15.500003682527,0.,             1013P   2899
41.856555533544,-15.542292462938,0.,42.000000563452,                1013P   2900
-15.350454384408,-15.350454384408,42.00000117349,                   1013P   2901
-15.500003682527,-15.500003682527,41.856555533544,                  1013P   2902
-15.542292462938,-15.542292462938,42.000000563452,0.,               1013P   2903
-15.350454384408,42.00000117349,0.,-15.500003682527,                1013P   2904
41.856555533544,0.,-15.542292462938,1.2108092306562E-12,            1013P   2905
0.19273134606762,28.772164447892,57.544328895785,0,1,1011;          1013P   2906
126,1,1,1,0,1,0,0.,0.,1.,1.,1.,1.,1.0916653579995E-06,              1015P   2907
28.772164447893,0.,0.19273134606762,28.772166272501,0.,0.,1.,0.,    1015P   2908
0.,1.;                                                              1015P   2909
126,1,1,1,0,1,0,0.,0.,1.,1.,1.,1.,0.19273134606762,                 1017P   2910
28.772166272501,0.,0.19272856448114,43.158247943808,0.,0.,1.,0.,    1017P   2911
0.,1.;                                                              1017P   2912
126,1,1,1,0,1,0,0.,0.,1.,1.,1.,1.,0.19273032485254,                 1019P   2913
43.158247943809,0.,0.19271213394702,57.544328895785,0.,0.,1.,0.,    1019P   2914
0.,1.;                                                              1019P   2915
126,1,1,1,0,1,0,0.,0.,1.,1.,1.,1.,0.19271213394702,                 1021P   2916
57.544328895785,0.,1.2108092306562E-12,57.544328895785,0.,0.,1.,    1021P   2917
0.,0.,1.;                                                           1021P   2918
126,1,1,1,0,1,0,0.,0.,1.,1.,1.,1.,1.2108092306562E-12,              1023P   2919
57.544328895785,0.,5.7662719665785E-07,28.772164447892,0.,0.,1.,    1023P   2920
0.,0.,1.;                                                           1023P   2921
102,5,1015,1017,1019,1021,1023;                                     1025P   2922
126,7,3,0,0,1,0,0.,0.,0.,0.,0.17174172458749,0.51522517376246,      1027P   2923
0.51522517376246,0.83840839125415,1.,1.,1.,1.,1.,1.,1.,1.,1.,1.,    1027P   2924
1.,1.,42.000000563453,0.,15.350455795735,42.000000520067,           1027P   2925
-1.61020573941E-07,15.365027363166,41.995222951917,                 1027P   2926
-6.3131238557936E-07,15.408742051235,41.976395407165,               1027P   2927
-1.0805532297975E-06,15.449140129033,41.941840375185,               1027P   2928
-1.6765194207687E-06,15.494112357231,41.908102492123,               1027P   2929
-2.1394876776932E-06,15.522661171885,41.869747824661,               1027P   2930
-2.6206464781579E-06,15.538402792116,41.856562102819,               1027P   2931
-2.7877720936125E-06,15.542290526147,0.,1.,0.,0.,0.;                1027P   2932
126,9,3,0,0,1,0,0.,0.,0.,0.,0.1534875596265,0.4604626788795,        1029P   2933
0.4604626788795,0.95775610256101,0.95775610256101,                  1029P   2934
0.98591870085367,1.,1.,1.,1.,1.,1.,1.,1.,1.,1.,1.,1.,1.,1.,         1029P   2935
41.856562102819,-2.7877720936125E-06,15.542290526147,               1029P   2936
41.856562285472,-1.2594443751439,15.542290246391,41.85656280584,    1029P   2937
-5.0377690352465,15.083034777596,41.856563274216,                   1029P   2938
-8.4611342058621,13.277503500462,41.856564090233,                   1029P   2939
-13.379269089904,8.8962917164554,41.856564566479,                   1029P   2940
-15.235635180768,5.102439238784,41.856565174511,                    1029P   2941
-15.523017006176,0.80742668223191,41.856565223367,                  1029P   2942
-15.538436840332,0.46142270005634,41.856565273787,                  1029P   2943
-15.542289605602,0.11535421729577,41.856565290517,                  1029P   2944
-15.542289586245,-1.9434089097751E-06,0.,1.,0.,0.,0.;               1029P   2945
126,9,3,0,0,1,0,0.,0.,0.,0.,0.16571406188178,0.49714218564535,      1031P   2946
0.49714218564535,0.96784137959254,0.96784137959254,                 1031P   2947
0.98928045986418,1.,1.,1.,1.,1.,1.,1.,1.,1.,1.,1.,1.,1.,1.,         1031P   2948
41.856563273131,-15.542290181084,-1.9434100046363E-06,              1031P   2949
41.856564563275,-15.542289630594,-1.3602850027743,                  1031P   2950
41.85656822324,-15.006545566241,-5.4411339640591,                   1031P   2951
41.856571500935,-12.907833922117,-9.0722804921541,                  1031P   2952
41.856576814784,-8.2663985468545,-13.713712971252,                  1031P   2953
41.856579803533,-4.631056435532,-15.327109377171,                   1031P   2954
41.856583542473,-0.61334548018555,-15.531166022486,                 1031P   2955
41.856583788462,-0.35049926792498,-15.540061067171,                 1031P   2956
41.856584036911,-0.087624816825763,-15.542284057644,                1031P   2957
41.856584120019,0.,-15.54228403313,0.,1.,0.,0.,0.;                  1031P   2958
126,2,2,0,0,0,0,2.4944488937084E-05,2.4944488937084E-05,            1033P   2959
2.4944488937084E-05,0.19273707843596,0.19273707843596,              1033P   2960
0.19273707843596,0.86977392817965,0.66969034247935,                 1033P   2961
0.80384845591279,41.856584120019,0.,-15.54228403313,                1033P   2962
42.000001173396,0.,-15.499980450139,42.000000563452,0.,             1033P   2963
-15.350454384408,2.4944488937084E-05,0.19273707843596,0.,0.,0.;     1033P   2964
126,11,3,0,0,1,0,0.,0.,0.,0.,0.079728477832179,0.23918543349654,    1035P   2965
0.23918543349654,0.63156474442913,0.63156474442913,                 1035P   2966
0.9835006611387,0.9835006611387,0.99450022037957,1.,1.,1.,1.,1.,    1035P   2967
1.,1.,1.,1.,1.,1.,1.,1.,1.,1.,1.,42.000000563452,0.,                1035P   2968
-15.35045438441,42.000000563452,-1.3143838076221,                   1035P   2969
-15.350454406978,42.000000563452,-5.2575352391841,                  1035P   2970
-14.844005516726,42.000000563453,-8.7879349137448,                  1035P   2971
-12.856325418716,42.000000563453,-15.310613919274,                  1035P   2972
-6.5467186205405,42.000000563453,-16.64385194046,                   1035P   2973
0.34300626837925,42.000000563454,-11.683982073988,11.5111304475,    1035P   2974
42.000000563454,-6.5800541995566,15.023387045464,                   1035P   2975
42.000000563454,-0.63181399616956,15.338509495849,                  1035P   2976
42.000000563454,-0.36105465509504,15.348066668102,                  1035P   2977
42.000000563454,-0.090263663783893,15.350455128334,                 1035P   2978
42.000000563454,0.,15.350455129883,0.,1.,0.,0.,0.;                  1035P   2979
102,5,1027,1029,1031,1033,1035;                                     1037P   2980
142,0,1013,1025,1037,1;                                             1039P   2981
144,1013,1,0,1039,0,1,1011;                                         1041P   2982
406,1,3HF32;                                                        1043P   2983
128,2,8,2,2,0,1,0,0,0,0.,0.,0.,0.19273707843596,                    1045P   2984
0.19273707843596,0.19273707843596,0.,0.,0.,14.386082223946,         1045P   2985
14.386082223946,28.772164447893,28.772164447893,43.158246671839,    1045P   2986
43.158246671839,57.544328895785,57.544328895785,57.544328895785,    1045P   2987
0.80384845591279,0.66967297717127,0.86982573106602,                 1045P   2988
0.56840669422227,0.47353030333519,0.61505967288733,                 1045P   2989
0.80384845591279,0.66967297717127,0.86982573106602,                 1045P   2990
0.56840669422227,0.47353030333519,0.61505967288733,                 1045P   2991
0.80384845591279,0.66967297717127,0.86982573106602,                 1045P   2992
0.56840669422227,0.47353030333519,0.61505967288733,                 1045P   2993
0.80384845591279,0.66967297717127,0.86982573106602,                 1045P   2994
0.56840669422227,0.47353030333519,0.61505967288733,                 1045P   2995
0.80384845591279,0.66967297717127,0.86982573106602,                 1045P   2996
42.000000563452,0.,-15.350454384408,42.00000117349,0.,              1045P   2997
-15.500003682527,41.856555533544,0.,-15.542292462938,               1045P   2998
42.000000563452,15.350454384408,-15.350454384408,42.00000117349,    1045P   2999
15.500003682527,-15.500003682527,41.856555533544,                   1045P   3000
15.542292462938,-15.542292462938,42.000000563452,                   1045P   3001
15.350454384408,0.,42.00000117349,15.500003682527,0.,               1045P   3002
41.856555533544,15.542292462938,0.,42.000000563452,                 1045P   3003
15.350454384408,15.350454384408,42.00000117349,15.500003682527,     1045P   3004
15.500003682527,41.856555533544,15.542292462938,15.542292462938,    1045P   3005
42.000000563452,0.,15.350454384408,42.00000117349,0.,               1045P   3006
15.500003682527,41.856555533544,0.,15.542292462938,                 1045P   3007
42.000000563452,-15.350454384408,15.350454384408,42.00000117349,    1045P   3008
-15.500003682527,15.500003682527,41.856555533544,                   1045P   3009
-15.542292462938,15.542292462938,42.000000563452,                   1045P   3010
-15.350454384408,0.,42.00000117349,-15.500003682527,0.,             1045P   3011
41.856555533544,-15.542292462938,0.,42.000000563452,                1045P   3012
-15.350454384408,-15.350454384408,42.00000117349,                   1045P   3013
-15.500003682527,-15.500003682527,41.856555533544,                  1045P   3014
-15.542292462938,-15.542292462938,42.000000563452,0.,               1045P   3015
-15.350454384408,42.00000117349,0.,-15.500003682527,                1045P   3016
41.856555533544,0.,-15.542292462938,0.,0.19273707843596,0.,         1045P   3017
28.772165133009,0,1,1043;                                           1045P   3018
126,1,1,1,0,1,0,0.,0.,1.,1.,1.,1.,5.7662596297803E-07,              1047P   3019
28.772164447892,0.,0.,0.,0.,0.,1.,0.,0.,1.;                         1047P   3020
126,1,1,1,0,1,0,0.,0.,1.,1.,1.,1.,0.,0.,0.,0.19272990202751,0.,     1049P   3021
0.,0.,1.,0.,0.,1.;                                                  1049P   3022
126,1,1,1,0,1,0,0.,0.,0.5,0.5,1.,1.,0.19272990202751,0.,0.,         1051P   3023
0.19273349023173,14.386082566505,0.,0.,0.5,0.,0.,1.;                1051P   3024
126,1,1,1,0,1,0,0.5,0.5,1.,1.,1.,1.,0.19273349023173,               1053P   3025
14.386082566505,0.,0.19273707843596,28.772165133009,0.,0.5,1.,      1053P   3026
0.,0.,1.;                                                           1053P   3027
126,1,1,1,0,1,0,0.,0.,1.,1.,1.,1.,0.19273294098768,                 1055P   3028
28.772164447893,0.,5.7662591046448E-07,28.772164447893,0.,0.,1.,    1055P   3029
0.,0.,1.;                                                           1055P   3030
102,5,1047,1049,1051,1053,1055;                                     1057P   3031
126,11,3,0,0,1,0,0.,0.,0.,0.,0.081463686645439,0.24439105993632,    1059P   3032
0.24439105993632,0.63080293036955,0.63080293036955,                 1059P   3033
0.98480159919379,0.98480159919379,0.99493386639793,1.,1.,1.,1.,     1059P   3034
1.,1.,1.,1.,1.,1.,1.,1.,1.,1.,1.,1.,42.000000563454,0.,             1059P   3035
15.350455129882,42.000000563454,1.3435464573986,15.350455106813,    1059P   3036
42.000000563454,5.374185820508,14.821283305344,42.000000563454,     1059P   3037
8.9602947590636,12.748526866168,42.000000563454,15.346651109862,    1059P   3038
6.3621703281812,42.000000563453,16.602341281748,                    1059P   3039
-0.41345814311615,42.000000563453,11.689372078171,                  1059P   3040
-11.520001161623,42.000000563453,6.5511031634969,                   1059P   3041
-15.049071471049,42.000000563452,0.58200133768214,                  1059P   3042
-15.340318705014,42.000000563452,0.33258632569114,                  1059P   3043
-15.34842773394,42.000000563452,0.083146581414085,                  1059P   3044
-15.350454385836,42.000000563452,0.,-15.350454384408,0.,1.,0.,      1059P   3045
0.,0.;                                                              1059P   3046
126,2,2,0,0,0,0,0.,0.,0.,0.19272990202751,0.19272990202751,         1061P   3047
0.19272990202751,0.80384845591279,0.66967797308616,                 1061P   3048
0.86981082647932,42.000000563452,0.,-15.350454384408,               1061P   3049
42.000001173463,0.,-15.499996998558,41.856563757688,0.,             1061P   3050
-15.542290038211,0.,0.19272990202751,0.,0.,0.;                      1061P   3051
126,9,3,0,0,1,0,0.,0.,0.,0.,0.16573969996104,0.49721909988311,      1063P   3052
0.49721909988311,0.96784623132382,0.96784623132382,                 1063P   3053
0.98928207710794,1.,1.,1.,1.,1.,1.,1.,1.,1.,1.,1.,1.,1.,1.,         1063P   3054
41.856563757688,0.,-15.542290038211,41.856563503282,                1063P   3055
1.3598642110412,-15.542290113224,41.856562781555,                   1063P   3056
5.4394568736989,-15.006877719154,41.856562134869,                   1063P   3057
9.0716907530336,-12.908427361709,41.856561086572,                   1063P   3058
13.713716661173,-8.2664017075374,41.856560497039,                   1063P   3059
15.327114670191,-4.6310590073778,41.856559759533,                   1063P   3060
15.531173005456,-0.61334650860843,41.856559711356,                  1063P   3061
15.540068169044,-0.35049963263351,41.856559662005,                  1063P   3062
15.542291248742,-0.087624515630743,41.856559645612,                 1063P   3063
15.542291250624,5.2338609963001E-07,0.,1.,0.,0.,0.;                 1063P   3064
126,9,3,0,0,1,0,0.,0.,0.,0.,0.1657397012362,0.4972191037086,        1065P   3065
0.4972191037086,0.96784622586066,0.96784622586066,                  1065P   3066
0.98928207528689,1.,1.,1.,1.,1.,1.,1.,1.,1.,1.,1.,1.,1.,1.,         1065P   3067
41.856559645612,15.542291250624,5.2338609963001E-07,                1065P   3068
41.856559391206,15.542291279837,1.3598648504335,41.85655866948,     1065P   3069
15.006878698787,5.4394578430776,41.856558022796,12.908428024482,    1065P   3070
9.0716919561856,41.856556974501,8.2664018664773,13.713718001842,    1065P   3071
41.856556384969,4.6310589083009,15.327115985653,41.856555647465,    1065P   3072
0.6133461375741,15.531174233783,41.856555599288,                    1065P   3073
0.35049919617592,15.540069392234,41.856555549937,                   1065P   3074
0.08762401395798,15.542292464007,41.856555533544,                   1065P   3075
-1.0467722936379E-06,15.542292462938,0.,1.,0.,0.,0.;                1065P   3076
126,2,2,0,0,0,0,4.137448280539E-06,4.137448280539E-06,              1067P   3077
4.137448280539E-06,0.19273650181005,0.19273650181005,               1067P   3078
0.19273650181005,0.86981713794188,0.66967645627989,                 1067P   3079
0.80384765307019,41.856560275044,0.,15.542291065047,                1067P   3080
42.000000616065,0.,15.499999993319,42.000000563454,0.,              1067P   3081
15.350455129882,4.137448280539E-06,0.19273650181005,0.,0.,0.;       1067P   3082
102,5,1059,1061,1063,1065,1067;                                     1069P   3083
142,0,1045,1057,1069,1;                                             1071P   3084
144,1045,1,0,1071,0,1,1043;                                         1073P   3085
406,1,3HF33;                                                        1075P   3086
128,1,1,1,1,0,0,1,0,0,0.,0.,1.,1.,0.,0.,1.,1.,1.,1.,1.,1.,42.,      1077P   3087
-15.350455116797,15.350455116798,42.,-15.350455116797,              1077P   3088
-15.350455116798,42.,43.350455116797,15.350455116798,42.,           1077P   3089
43.350455116797,-15.350455116798,0.,1.,0.,0.52626292536689,0,1,     1077P   3090
1075;                                                               1077P   3091
126,4,2,1,0,0,0,0.,0.,0.,0.25,0.25,0.5,0.5,0.5,1.,                  1079P   3092
0.70710678118655,1.,0.70710678118655,1.,0.,0.26150284647566,0.,     1079P   3093
0.,0.,0.,0.5,0.,0.,1.,0.,0.,1.,0.26150284647566,0.,0.,0.5,0.,0.,    1079P   3094
1.;                                                                 1079P   3095
126,4,2,1,0,0,0,0.5,0.5,0.5,0.75,0.75,1.,1.,1.,1.,                  1081P   3096
0.70710678118655,1.,0.70710678118655,1.,1.,0.26150284647566,0.,     1081P   3097
1.,0.52300569295133,0.,0.5,0.52300569295133,0.,0.,                  1081P   3098
0.52300569295133,0.,0.,0.26150284647566,0.,0.5,1.,0.,0.,1.;         1081P   3099
102,2,1079,1081;                                                    1083P   3100
126,4,2,0,0,0,0,0.,0.,0.,0.25,0.25,0.5,0.5,0.5,1.,                  1085P   3101
0.70710678118655,1.,0.70710678118655,1.,42.,0.,15.350455116798,     1085P   3102
42.,-15.350455116797,15.350455116798,42.,-15.350455116797,0.,       1085P   3103
42.,-15.350455116797,-15.350455116798,42.,0.,-15.350455116798,      1085P   3104
0.,0.5,0.,0.,0.;                                                    1085P   3105
126,4,2,0,0,0,0,0.5,0.5,0.5,0.75,0.75,1.,1.,1.,1.,                  1087P   3106
0.70710678118655,1.,0.70710678118655,1.,42.,0.,-15.350455116798,    1087P   3107
42.,15.350455116797,-15.350455116798,42.,15.350455116797,0.,42.,    1087P   3108
15.350455116797,15.350455116798,42.,0.,15.350455116798,0.5,1.,      1087P   3109
0.,0.,0.;                                                           1087P   3110
102,2,1085,1087;                                                    1089P   3111
142,0,1077,1083,1089,1;                                             1091P   3112
126,4,2,1,0,0,0,0.,0.,0.,0.25,0.25,0.5,0.5,0.5,1.,                  1093P   3113
0.70710678118655,1.,0.70710678118655,1.,0.5,0.023005692951327,      1093P   3114
0.,0.043987461821889,0.023005692951327,0.,0.043987461821889,        1093P   3115
0.26150284647566,0.,0.043987461821889,0.5,0.,0.5,0.5,0.,0.,0.5,     1093P   3116
0.,0.,1.;                                                           1093P   3117
126,4,2,1,0,0,0,0.5,0.5,0.5,0.75,0.75,1.,1.,1.,1.,                  1095P   3118
0.70710678118655,1.,0.70710678118655,1.,0.5,0.5,0.,                 1095P   3119
0.95601253817811,0.5,0.,0.95601253817811,0.26150284647566,0.,       1095P   3120
0.95601253817811,0.023005692951327,0.,0.5,0.023005692951327,0.,     1095P   3121
0.5,1.,0.,0.,1.;                                                    1095P   3122
102,2,1093,1095;                                                    1097P   3123
126,4,2,0,0,0,0,0.,0.,0.,0.25,0.25,0.5,0.5,0.5,1.,                  1099P   3124
0.70710678118655,1.,0.70710678118655,1.,42.,-14.,0.,42.,-14.,       1099P   3125
14.,42.,0.,14.,42.,14.,14.,42.,14.,0.,0.,0.5,0.,0.,0.;              1099P   3126
126,4,2,0,0,0,0,0.5,0.5,0.5,0.75,0.75,1.,1.,1.,1.,                  1101P   3127
0.70710678118655,1.,0.70710678118655,1.,42.,14.,0.,42.,14.,-14.,    1101P   3128
42.,0.,-14.,42.,-14.,-14.,42.,-14.,0.,0.5,1.,0.,0.,0.;              1101P   3129
102,2,1099,1101;                                                    1103P   3130
142,0,1077,1097,1103,1;                                             1105P   3131
144,1077,1,1,1091,1105,0,1,1075;                                    1107P   3132
406,1,3HF34;                                                        1109P   3133
128,1,8,1,2,0,1,0,0,0,0.,0.,0.45226701686665,0.45226701686665,      1111P   3134
0.,0.,0.,0.25,0.25,0.5,0.5,0.75,0.75,1.,1.,1.,1.,1.,                1111P   3135
0.70710678118655,0.70710678118655,1.,1.,0.70710678118655,           1111P   3136
0.70710678118655,1.,1.,0.70710678118655,0.70710678118655,1.,1.,     1111P   3137
0.70710678118655,0.70710678118655,1.,1.,-42.,14.,0.,42.,14.,0.,     1111P   3138
-42.,14.,14.,42.,14.,14.,-42.,0.,14.,42.,0.,14.,-42.,-14.,14.,      1111P   3139
42.,-14.,14.,-42.,-14.,0.,42.,-14.,0.,-42.,-14.,-14.,42.,-14.,      1111P   3140
-14.,-42.,0.,-14.,42.,0.,-14.,-42.,14.,-14.,42.,14.,-14.,-42.,      1111P   3141
14.,0.,42.,14.,0.,0.,0.45226701686665,0.,0.5,0,1,1109;              1111P   3142
126,1,1,1,0,1,0,0.,0.,1.,1.,1.,1.,0.45226701686665,0.5,0.,0.,       1113P   3143
0.5,0.,0.,1.,0.,0.,1.;                                              1113P   3144
126,1,1,1,0,1,0,0.,0.,1.,1.,1.,1.,0.,0.5,0.,0.,0.,0.,0.,1.,0.,      1115P   3145
0.,1.;                                                              1115P   3146
126,1,1,1,0,1,0,0.,0.,1.,1.,1.,1.,0.,0.,0.,0.45226701686665,0.,     1117P   3147
0.,0.,1.,0.,0.,1.;                                                  1117P   3148
126,1,1,1,0,1,0,0.,0.,1.,1.,1.,1.,0.45226701686665,0.,0.,           1119P   3149
0.45226701686665,0.5,0.,0.,1.,0.,0.,1.;                             1119P   3150
102,4,1113,1115,1117,1119;                                          1121P   3151
126,1,1,0,0,0,0,0.,0.,0.45226701686665,0.45226701686665,1.,1.,      1123P   3152
42.,-14.,0.,-42.,-14.,0.,0.,0.45226701686665,0.,0.,0.;              1123P   3153
126,4,2,0,0,0,0,0.5,0.5,0.5,0.75,0.75,1.,1.,1.,1.,                  1125P   3154
0.70710678118655,1.,0.70710678118655,1.,-42.,-14.,0.,-42.,-14.,     1125P   3155
14.,-42.,0.,14.,-42.,14.,14.,-42.,14.,0.,0.5,1.,0.,0.,0.;           1125P   3156
126,1,1,0,0,0,0,0.,0.,0.45226701686665,0.45226701686665,1.,1.,      1127P   3157
-42.,14.,0.,42.,14.,0.,0.,0.45226701686665,0.,0.,0.;                1127P   3158
126,4,2,0,0,0,0,0.,0.,0.,0.25,0.25,0.5,0.5,0.5,1.,                  1129P   3159
0.70710678118655,1.,0.70710678118655,1.,42.,14.,0.,42.,14.,14.,     1129P   3160
42.,0.,14.,42.,-14.,14.,42.,-14.,0.,0.,0.5,0.,0.,0.;                1129P   3161
102,4,1123,1125,1127,1129;                                          1131P   3162
142,0,1111,1121,1131,1;                                             1133P   3163
144,1111,1,0,1133,0,1,1109;                                         1135P   3164
406,1,3HF35;                                                        1137P   3165
128,1,8,1,2,0,1,0,0,0,0.,0.,0.45226701686665,0.45226701686665,      1139P   3166
0.,0.,0.,0.25,0.25,0.5,0.5,0.75,0.75,1.,1.,1.,1.,1.,                1139P   3167
0.70710678118655,0.70710678118655,1.,1.,0.70710678118655,           1139P   3168
0.70710678118655,1.,1.,0.70710678118655,0.70710678118655,1.,1.,     1139P   3169
0.70710678118655,0.70710678118655,1.,1.,-42.,14.,0.,42.,14.,0.,     1139P   3170
-42.,14.,14.,42.,14.,14.,-42.,0.,14.,42.,0.,14.,-42.,-14.,14.,      1139P   3171
42.,-14.,14.,-42.,-14.,0.,42.,-14.,0.,-42.,-14.,-14.,42.,-14.,      1139P   3172
-14.,-42.,0.,-14.,42.,0.,-14.,-42.,14.,-14.,42.,14.,-14.,-42.,      1139P   3173
14.,0.,42.,14.,0.,0.,0.45226701686665,0.5,1.,0,1,1137;              1139P   3174
126,1,1,1,0,1,0,0.,0.,1.,1.,1.,1.,0.45226701686665,0.5,0.,          1141P   3175
0.45226701686665,1.,0.,0.,1.,0.,0.,1.;                              1141P   3176
126,1,1,1,0,1,0,0.,0.,1.,1.,1.,1.,0.45226701686665,1.,0.,0.,1.,     1143P   3177
0.,0.,1.,0.,0.,1.;                                                  1143P   3178
126,1,1,1,0,1,0,0.,0.,1.,1.,1.,1.,0.,1.,0.,0.,0.5,0.,0.,1.,0.,      1145P   3179
0.,1.;                                                              1145P   3180
126,1,1,1,0,1,0,0.,0.,1.,1.,1.,1.,0.,0.5,0.,0.45226701686665,       1147P   3181
0.5,0.,0.,1.,0.,0.,1.;                                              1147P   3182
102,4,1141,1143,1145,1147;                                          1149P   3183
126,4,2,0,0,0,0,0.5,0.5,0.5,0.75,0.75,1.,1.,1.,1.,                  1151P   3184
0.70710678118655,1.,0.70710678118655,1.,42.,-14.,0.,42.,-14.,       1151P   3185
-14.,42.,0.,-14.,42.,14.,-14.,42.,14.,0.,0.5,1.,0.,0.,0.;           1151P   3186
126,1,1,0,0,0,0,0.,0.,0.45226701686665,0.45226701686665,1.,1.,      1153P   3187
42.,14.,0.,-42.,14.,0.,0.,0.45226701686665,0.,0.,0.;                1153P   3188
126,4,2,0,0,0,0,0.,0.,0.,0.25,0.25,0.5,0.5,0.5,1.,                  1155P   3189
0.70710678118655,1.,0.70710678118655,1.,-42.,14.,0.,-42.,14.,       1155P   3190
-14.,-42.,0.,-14.,-42.,-14.,-14.,-42.,-14.,0.,0.,0.5,0.,0.,0.;      1155P   3191
126,1,1,0,0,0,0,0.,0.,0.45226701686665,0.45226701686665,1.,1.,      1157P   3192
-42.,-14.,0.,42.,-14.,0.,0.,0.45226701686665,0.,0.,0.;              1157P   3193
102,4,1151,1153,1155,1157;                                          1159P   3194
142,0,1139,1149,1159,1;                                             1161P   3195
144,1139,1,0,1161,0,1,1137;                                         1163P   3196
406,1,3HF36;                                                        1165P   3197
128,1,1,1,1,0,0,1,0,0,0.,0.,1.,1.,0.,0.,1.,1.,1.,1.,1.,1.,          1167P   3198
-42.000000563454,-15.350455116797,-15.350455116798,                 1167P   3199
-42.000000563454,-15.350455116797,15.350455116798,                  1167P   3200
-42.000000563454,46.051365350393,-15.350455116798,                  1167P   3201
-42.000000563454,46.051365350393,15.350455116798,0.,1.,0.,          1167P   3202
0.50325723241556,0,1,1165;                                          1167P   3203
126,4,2,1,0,0,0,0.,0.,0.,0.25,0.25,0.5,0.5,0.5,1.,                  1169P   3204
0.70710678118655,1.,0.70710678118655,1.,1.,0.25,0.,1.,0.5,0.,       1169P   3205
0.5,0.5,0.,0.,0.5,0.,0.,0.25,0.,0.,0.5,0.,0.,1.;                    1169P   3206
126,4,2,1,0,0,0,0.5,0.5,0.5,0.75,0.75,1.,1.,1.,1.,                  1171P   3207
0.70710678118655,1.,0.70710678118655,1.,0.,0.25,0.,0.,0.,0.,0.5,    1171P   3208
0.,0.,1.,0.,0.,1.,0.25,0.,0.5,1.,0.,0.,1.;                          1171P   3209
102,2,1169,1171;                                                    1173P   3210
126,4,2,0,0,0,0,0.,0.,0.,0.25,0.25,0.5,0.5,0.5,1.,                  1175P   3211
0.70710678118655,1.,0.70710678118655,1.,-42.000000563454,0.,        1175P   3212
15.350455116798,-42.000000563454,15.350455116797,                   1175P   3213
15.350455116798,-42.000000563454,15.350455116797,0.,                1175P   3214
-42.000000563454,15.350455116797,-15.350455116798,                  1175P   3215
-42.000000563454,0.,-15.350455116798,0.,0.5,0.,0.,0.;               1175P   3216
126,4,2,0,0,0,0,0.5,0.5,0.5,0.75,0.75,1.,1.,1.,1.,                  1177P   3217
0.70710678118655,1.,0.70710678118655,1.,-42.000000563454,0.,        1177P   3218
-15.350455116798,-42.000000563454,-15.350455116797,                 1177P   3219
-15.350455116798,-42.000000563454,-15.350455116797,0.,              1177P   3220
-42.000000563454,-15.350455116797,15.350455116798,                  1177P   3221
-42.000000563454,0.,15.350455116798,0.5,1.,0.,0.,0.;                1177P   3222
102,2,1175,1177;                                                    1179P   3223
142,0,1167,1173,1179,1;                                             1181P   3224
126,4,2,1,0,0,0,0.,0.,0.,0.25,0.25,0.5,0.5,0.5,1.,                  1183P   3225
0.70710678118655,1.,0.70710678118655,1.,0.5,0.021993730910944,      1183P   3226
0.,0.043987461821889,0.021993730910945,0.,0.043987461821889,        1183P   3227
0.25,0.,0.043987461821889,0.47800626908906,0.,0.5,                  1183P   3228
0.47800626908906,0.,0.,0.5,0.,0.,1.;                                1183P   3229
126,4,2,1,0,0,0,0.5,0.5,0.5,0.75,0.75,1.,1.,1.,1.,                  1185P   3230
0.70710678118655,1.,0.70710678118655,1.,0.5,0.47800626908906,0.,    1185P   3231
0.95601253817811,0.47800626908906,0.,0.95601253817811,0.25,0.,      1185P   3232
0.95601253817811,0.021993730910944,0.,0.5,0.021993730910944,0.,     1185P   3233
0.5,1.,0.,0.,1.;                                                    1185P   3234
102,2,1183,1185;                                                    1187P   3235
126,4,2,0,0,0,0,0.,0.,0.,0.25,0.25,0.5,0.5,0.5,1.,                  1189P   3236
0.70710678118655,1.,0.70710678118655,1.,-42.000000563454,-14.,      1189P   3237
0.,-42.000000563454,-14.,-14.,-42.000000563454,0.,-14.,             1189P   3238
-42.000000563454,14.,-14.,-42.000000563454,14.,0.,0.,0.5,0.,0.,     1189P   3239
0.;                                                                 1189P   3240
126,4,2,0,0,0,0,0.5,0.5,0.5,0.75,0.75,1.,1.,1.,1.,                  1191P   3241
0.70710678118655,1.,0.70710678118655,1.,-42.000000563454,14.,0.,    1191P   3242
-42.000000563454,14.,14.,-42.000000563454,0.,14.,                   1191P   3243
-42.000000563454,-14.,14.,-42.000000563454,-14.,0.,0.5,1.,0.,0.,    1191P   3244
0.;                                                                 1191P   3245
102,2,1189,1191;                                                    1193P   3246
142,0,1167,1187,1193,1;                                             1195P   3247
144,1167,1,1,1181,1195,0,1,1165;                                    1197P   3248
406,1,13HExplicit Data;                                             1199P   3249
S      1G      3D   1200P   3249                                        T      1
