ZWSOFT                                                                  S      1
,,,28HVW_3D0 819 423 for 888.2.igs,4HZW3D,3H1.0,32,38,8,308,15,,1.0,2,  G      1
2HMM,7,1.4,13H260118.015321,1.0000000000000E-02,7.8400000000000E+01,    G      2
4HZW3D,6HZWSOFT,6,0;                                                    G      3
     124       1       1       1       1       0       0       000010000D      1
     124       0       0       1       0       0       0       0       0D      2
     406       2       1       0       1       0       0       000000101D      3
     406       0       0       1       3       0       0       0       0D      4
     314       3       1       1       1       0       0       000010000D      5
     314       0       0       1       0       0       0       0       0D      6
     406       4       1       0       1       0       0       000010001D      7
     406       0      -5       1      15       0       0       0       0D      8
     128       5       1       0       1       0       0       000010000D      9
     128       0      -5       4       1       0       0       0       0D     10
     126       9       1       0       1       0       0       000010000D     11
     126       0      -5       3       0       0       0       0       0D     12
     126      12       1       0       1       0       0       000010000D     13
     126       0      -5       3       0       0       0       0       0D     14
     102      15       1       0       1       0       0       000010000D     15
     102       0      -5       1       0       0       0       0       0D     16
     126      16       1       0       1       0       0       000010000D     17
     126       0      -5       5       0       0       0       0       0D     18
     126      21       1       0       1       0       0       000010000D     19
     126       0      -5       5       0       0       0       0       0D     20
     102      26       1       0       1       0       0       000010000D     21
     102       0      -5       1       0       0       0       0       0D     22
     142      27       1       1       1       0       0       000010000D     23
     142       1       0       1       0       0       0       0       0D     24
     126      28       1       0       1       0       0       000010000D     25
     126       0      -5       5       0       0       0       0       0D     26
     126      33       1       0       1       0       0       000010000D     27
     126       0      -5       5       0       0       0       0       0D     28
     102      38       1       0       1       0       0       000010000D     29
     102       0      -5       1       0       0       0       0       0D     30
     126      39       1       0       1       0       0       000010000D     31
     126       0      -5       3       0       0       0       0       0D     32
     126      42       1       0       1       0       0       000010000D     33
     126       0      -5       3       0       0       0       0       0D     34
     102      45       1       0       1       0       0       000010000D     35
     102       0      -5       1       0       0       0       0       0D     36
     142      46       1       1       1       0       0       000010000D     37
     142       1       0       1       0       0       0       0       0D     38
     144      47       1       0       1       0       1       000000000D     39
     144       0      -5       1       0       0       0       0       0D     40
     406      48       1       0       1       0       0       000010001D     41
     406       0      -5       1      15       0       0       0       0D     42
     128      49       1       0       1       0       0       000010000D     43
     128       0      -5      37       0       0       0       0       0D     44
     126      86       1       0       1       0       0       000010000D     45
     126       0      -5       3       1       0       0       0       0D     46
     126      89       1       0       1       0       0       000010000D     47
     126       0      -5       3       1       0       0       0       0D     48
     126      92       1       0       1       0       0       000010000D     49
     126       0      -5       3       1       0       0       0       0D     50
     126      95       1       0       1       0       0       000010000D     51
     126       0      -5       3       1       0       0       0       0D     52
     126      98       1       0       1       0       0       000010000D     53
     126       0      -5       3       1       0       0       0       0D     54
     102     101       1       0       1       0       0       000010000D     55
     102       0      -5       1       0       0       0       0       0D     56
     126     102       1       0       1       0       0       000010000D     57
     126       0      -5      10       0       0       0       0       0D     58
     126     112       1       0       1       0       0       000010000D     59
     126       0      -5      10       0       0       0       0       0D     60
     126     122       1       0       1       0       0       000010000D     61
     126       0      -5      15       0       0       0       0       0D     62
     126     137       1       0       1       0       0       000010000D     63
     126       0      -5       5       0       0       0       0       0D     64
     126     142       1       0       1       0       0       000010000D     65
     126       0      -5      10       0       0       0       0       0D     66
     102     152       1       0       1       0       0       000010000D     67
     102       0      -5       1       0       0       0       0       0D     68
     142     153       1       1       1       0       0       000010000D     69
     142       1       0       1       0       0       0       0       0D     70
     144     154       1       0       1       0       1       000000000D     71
     144       0      -5       1       0       0       0       0       0D     72
     406     155       1       0       1       0       0       000010001D     73
     406       0      -5       1      15       0       0       0       0D     74
     128     156       1       0       1       0       0       000010000D     75
     128       0      -5      36       0       0       0       0       0D     76
     126     192       1       0       1       0       0       000010000D     77
     126       0      -5       2       1       0       0       0       0D     78
     126     194       1       0       1       0       0       000010000D     79
     126       0      -5       2       1       0       0       0       0D     80
     126     196       1       0       1       0       0       000010000D     81
     126       0      -5       2       1       0       0       0       0D     82
     126     198       1       0       1       0       0       000010000D     83
     126       0      -5       2       1       0       0       0       0D     84
     126     200       1       0       1       0       0       000010000D     85
     126       0      -5       2       1       0       0       0       0D     86
     102     202       1       0       1       0       0       000010000D     87
     102       0      -5       1       0       0       0       0       0D     88
     126     203       1       0       1       0       0       000010000D     89
     126       0      -5      11       0       0       0       0       0D     90
     126     214       1       0       1       0       0       000010000D     91
     126       0      -5      10       0       0       0       0       0D     92
     126     224       1       0       1       0       0       000010000D     93
     126       0      -5       6       0       0       0       0       0D     94
     126     230       1       0       1       0       0       000010000D     95
     126       0      -5      14       0       0       0       0       0D     96
     126     244       1       0       1       0       0       000010000D     97
     126       0      -5       7       0       0       0       0       0D     98
     102     251       1       0       1       0       0       000010000D     99
     102       0      -5       1       0       0       0       0       0D    100
     142     252       1       1       1       0       0       000010000D    101
     142       1       0       1       0       0       0       0       0D    102
     144     253       1       0       1       0       1       000000000D    103
     144       0      -5       1       0       0       0       0       0D    104
     406     254       1       0       1       0       0       000010001D    105
     406       0      -5       1      15       0       0       0       0D    106
     128     255       1       0       1       0       0       000010000D    107
     128       0      -5      20       3       0       0       0       0D    108
     126     275       1       0       1       0       0       000010000D    109
     126       0      -5       3       1       0       0       0       0D    110
     126     278       1       0       1       0       0       000010000D    111
     126       0      -5       3       1       0       0       0       0D    112
     126     281       1       0       1       0       0       000010000D    113
     126       0      -5       2       1       0       0       0       0D    114
     126     283       1       0       1       0       0       000010000D    115
     126       0      -5       2       1       0       0       0       0D    116
     126     285       1       0       1       0       0       000010000D    117
     126       0      -5       2       1       0       0       0       0D    118
     126     287       1       0       1       0       0       000010000D    119
     126       0      -5       3       1       0       0       0       0D    120
     102     290       1       0       1       0       0       000010000D    121
     102       0      -5       1       0       0       0       0       0D    122
     126     291       1       0       1       0       0       000010000D    123
     126       0      -5       5       1       0       0       0       0D    124
     126     296       1       0       1       0       0       000010000D    125
     126       0      -5       9       0       0       0       0       0D    126
     126     305       1       0       1       0       0       000010000D    127
     126       0      -5       5       0       0       0       0       0D    128
     126     310       1       0       1       0       0       000010000D    129
     126       0      -5       4       1       0       0       0       0D    130
     126     314       1       0       1       0       0       000010000D    131
     126       0      -5       8       0       0       0       0       0D    132
     126     322       1       0       1       0       0       000010000D    133
     126       0      -5       9       0       0       0       0       0D    134
     102     331       1       0       1       0       0       000010000D    135
     102       0      -5       1       0       0       0       0       0D    136
     142     332       1       1       1       0       0       000010000D    137
     142       1       0       1       0       0       0       0       0D    138
     144     333       1       0       1       0       1       000000000D    139
     144       0      -5       1       0       0       0       0       0D    140
     406     334       1       0       1       0       0       000010001D    141
     406       0      -5       1      15       0       0       0       0D    142
     128     335       1       0       1       0       0       000010000D    143
     128       0      -5      20       3       0       0       0       0D    144
     126     355       1       0       1       0       0       000010000D    145
     126       0      -5       2       1       0       0       0       0D    146
     126     357       1       0       1       0       0       000010000D    147
     126       0      -5       2       1       0       0       0       0D    148
     126     359       1       0       1       0       0       000010000D    149
     126       0      -5       2       1       0       0       0       0D    150
     126     361       1       0       1       0       0       000010000D    151
     126       0      -5       3       1       0       0       0       0D    152
     126     364       1       0       1       0       0       000010000D    153
     126       0      -5       3       1       0       0       0       0D    154
     126     367       1       0       1       0       0       000010000D    155
     126       0      -5       3       1       0       0       0       0D    156
     102     370       1       0       1       0       0       000010000D    157
     102       0      -5       1       0       0       0       0       0D    158
     126     371       1       0       1       0       0       000010000D    159
     126       0      -5       8       0       0       0       0       0D    160
     126     379       1       0       1       0       0       000010000D    161
     126       0      -5       4       1       0       0       0       0D    162
     126     383       1       0       1       0       0       000010000D    163
     126       0      -5       8       0       0       0       0       0D    164
     126     391       1       0       1       0       0       000010000D    165
     126       0      -5       7       0       0       0       0       0D    166
     126     398       1       0       1       0       0       000010000D    167
     126       0      -5       5       1       0       0       0       0D    168
     126     403       1       0       1       0       0       000010000D    169
     126       0      -5       7       0       0       0       0       0D    170
     102     410       1       0       1       0       0       000010000D    171
     102       0      -5       1       0       0       0       0       0D    172
     142     411       1       1       1       0       0       000010000D    173
     142       1       0       1       0       0       0       0       0D    174
     144     412       1       0       1       0       1       000000000D    175
     144       0      -5       1       0       0       0       0       0D    176
     406     413       1       0       1       0       0       000010001D    177
     406       0      -5       1      15       0       0       0       0D    178
     128     414       1       0       1       0       0       000010000D    179
     128       0      -5      53       0       0       0       0       0D    180
     126     467       1       0       1       0       0       000010000D    181
     126       0      -5       3       1       0       0       0       0D    182
     126     470       1       0       1       0       0       000010000D    183
     126       0      -5       3       1       0       0       0       0D    184
     126     473       1       0       1       0       0       000010000D    185
     126       0      -5       3       1       0       0       0       0D    186
     126     476       1       0       1       0       0       000010000D    187
     126       0      -5       2       1       0       0       0       0D    188
     126     478       1       0       1       0       0       000010000D    189
     126       0      -5       2       1       0       0       0       0D    190
     102     480       1       0       1       0       0       000010000D    191
     102       0      -5       1       0       0       0       0       0D    192
     126     481       1       0       1       0       0       000010000D    193
     126       0      -5      11       0       0       0       0       0D    194
     126     492       1       0       1       0       0       000010000D    195
     126       0      -5      11       0       0       0       0       0D    196
     126     503       1       0       1       0       0       000010000D    197
     126       0      -5      11       0       0       0       0       0D    198
     126     514       1       0       1       0       0       000010000D    199
     126       0      -5       8       0       0       0       0       0D    200
     126     522       1       0       1       0       0       000010000D    201
     126       0      -5      16       0       0       0       0       0D    202
     102     538       1       0       1       0       0       000010000D    203
     102       0      -5       1       0       0       0       0       0D    204
     142     539       1       1       1       0       0       000010000D    205
     142       1       0       1       0       0       0       0       0D    206
     144     540       1       0       1       0       1       000000000D    207
     144       0      -5       1       0       0       0       0       0D    208
     406     541       1       0       1       0       0       000010001D    209
     406       0      -5       1      15       0       0       0       0D    210
     128     542       1       0       1       0       0       000010000D    211
     128       0      -5      53       0       0       0       0       0D    212
     126     595       1       0       1       0       0       000010000D    213
     126       0      -5       2       1       0       0       0       0D    214
     126     597       1       0       1       0       0       000010000D    215
     126       0      -5       2       1       0       0       0       0D    216
     126     599       1       0       1       0       0       000010000D    217
     126       0      -5       2       1       0       0       0       0D    218
     126     601       1       0       1       0       0       000010000D    219
     126       0      -5       3       1       0       0       0       0D    220
     126     604       1       0       1       0       0       000010000D    221
     126       0      -5       2       1       0       0       0       0D    222
     102     606       1       0       1       0       0       000010000D    223
     102       0      -5       1       0       0       0       0       0D    224
     126     607       1       0       1       0       0       000010000D    225
     126       0      -5      15       0       0       0       0       0D    226
     126     622       1       0       1       0       0       000010000D    227
     126       0      -5       8       0       0       0       0       0D    228
     126     630       1       0       1       0       0       000010000D    229
     126       0      -5      10       0       0       0       0       0D    230
     126     640       1       0       1       0       0       000010000D    231
     126       0      -5      10       0       0       0       0       0D    232
     126     650       1       0       1       0       0       000010000D    233
     126       0      -5       9       0       0       0       0       0D    234
     102     659       1       0       1       0       0       000010000D    235
     102       0      -5       1       0       0       0       0       0D    236
     142     660       1       1       1       0       0       000010000D    237
     142       1       0       1       0       0       0       0       0D    238
     144     661       1       0       1       0       1       000000000D    239
     144       0      -5       1       0       0       0       0       0D    240
     406     662       1       0       1       0       0       000010001D    241
     406       0      -5       1      15       0       0       0       0D    242
     128     663       1       0       1       0       0       000010000D    243
     128       0      -5      50       0       0       0       0       0D    244
     126     713       1       0       1       0       0       000010000D    245
     126       0      -5       2       1       0       0       0       0D    246
     126     715       1       0       1       0       0       000010000D    247
     126       0      -5       3       1       0       0       0       0D    248
     126     718       1       0       1       0       0       000010000D    249
     126       0      -5       2       1       0       0       0       0D    250
     126     720       1       0       1       0       0       000010000D    251
     126       0      -5       2       1       0       0       0       0D    252
     126     722       1       0       1       0       0       000010000D    253
     126       0      -5       2       1       0       0       0       0D    254
     102     724       1       0       1       0       0       000010000D    255
     102       0      -5       1       0       0       0       0       0D    256
     126     725       1       0       1       0       0       000010000D    257
     126       0      -5       9       0       0       0       0       0D    258
     126     734       1       0       1       0       0       000010000D    259
     126       0      -5       7       0       0       0       0       0D    260
     126     741       1       0       1       0       0       000010000D    261
     126       0      -5       5       0       0       0       0       0D    262
     126     746       1       0       1       0       0       000010000D    263
     126       0      -5       7       0       0       0       0       0D    264
     126     753       1       0       1       0       0       000010000D    265
     126       0      -5      16       0       0       0       0       0D    266
     102     769       1       0       1       0       0       000010000D    267
     102       0      -5       1       0       0       0       0       0D    268
     142     770       1       1       1       0       0       000010000D    269
     142       1       0       1       0       0       0       0       0D    270
     144     771       1       0       1       0       1       000000000D    271
     144       0      -5       1       0       0       0       0       0D    272
     406     772       1       0       1       0       0       000010001D    273
     406       0      -5       1      15       0       0       0       0D    274
     128     773       1       0       1       0       0       000010000D    275
     128       0      -5      50       0       0       0       0       0D    276
     126     823       1       0       1       0       0       000010000D    277
     126       0      -5       2       1       0       0       0       0D    278
     126     825       1       0       1       0       0       000010000D    279
     126       0      -5       2       1       0       0       0       0D    280
     126     827       1       0       1       0       0       000010000D    281
     126       0      -5       2       1       0       0       0       0D    282
     126     829       1       0       1       0       0       000010000D    283
     126       0      -5       3       1       0       0       0       0D    284
     126     832       1       0       1       0       0       000010000D    285
     126       0      -5       3       1       0       0       0       0D    286
     102     835       1       0       1       0       0       000010000D    287
     102       0      -5       1       0       0       0       0       0D    288
     126     836       1       0       1       0       0       000010000D    289
     126       0      -5      16       0       0       0       0       0D    290
     126     852       1       0       1       0       0       000010000D    291
     126       0      -5       8       0       0       0       0       0D    292
     126     860       1       0       1       0       0       000010000D    293
     126       0      -5       6       0       0       0       0       0D    294
     126     866       1       0       1       0       0       000010000D    295
     126       0      -5      11       0       0       0       0       0D    296
     126     877       1       0       1       0       0       000010000D    297
     126       0      -5      10       0       0       0       0       0D    298
     102     887       1       0       1       0       0       000010000D    299
     102       0      -5       1       0       0       0       0       0D    300
     142     888       1       1       1       0       0       000010000D    301
     142       1       0       1       0       0       0       0       0D    302
     144     889       1       0       1       0       1       000000000D    303
     144       0      -5       1       0       0       0       0       0D    304
     406     890       1       0       1       0       0       000010001D    305
     406       0      -5       1      15       0       0       0       0D    306
     128     891       1       0       1       0       0       000010000D    307
     128       0      -5      12       2       0       0       0       0D    308
     126     903       1       0       1       0       0       000010000D    309
     126       0      -5       2       1       0       0       0       0D    310
     126     905       1       0       1       0       0       000010000D    311
     126       0      -5       2       1       0       0       0       0D    312
     126     907       1       0       1       0       0       000010000D    313
     126       0      -5       2       1       0       0       0       0D    314
     126     909       1       0       1       0       0       000010000D    315
     126       0      -5       2       1       0       0       0       0D    316
     126     911       1       0       1       0       0       000010000D    317
     126       0      -5       2       1       0       0       0       0D    318
     126     913       1       0       1       0       0       000010000D    319
     126       0      -5       2       1       0       0       0       0D    320
     102     915       1       0       1       0       0       000010000D    321
     102       0      -5       1       0       0       0       0       0D    322
     126     916       1       0       1       0       0       000010000D    323
     126       0      -5       4       1       0       0       0       0D    324
     126     920       1       0       1       0       0       000010000D    325
     126       0      -5       8       0       0       0       0       0D    326
     126     928       1       0       1       0       0       000010000D    327
     126       0      -5       4       0       0       0       0       0D    328
     126     932       1       0       1       0       0       000010000D    329
     126       0      -5       3       1       0       0       0       0D    330
     126     935       1       0       1       0       0       000010000D    331
     126       0      -5       2       0       0       0       0       0D    332
     126     937       1       0       1       0       0       000010000D    333
     126       0      -5       3       0       0       0       0       0D    334
     102     940       1       0       1       0       0       000010000D    335
     102       0      -5       1       0       0       0       0       0D    336
     142     941       1       1       1       0       0       000010000D    337
     142       1       0       1       0       0       0       0       0D    338
     144     942       1       0       1       0       1       000000000D    339
     144       0      -5       1       0       0       0       0       0D    340
     406     943       1       0       1       0       0       000010001D    341
     406       0      -5       1      15       0       0       0       0D    342
     128     944       1       0       1       0       0       000010000D    343
     128       0      -5      12       2       0       0       0       0D    344
     126     956       1       0       1       0       0       000010000D    345
     126       0      -5       2       1       0       0       0       0D    346
     126     958       1       0       1       0       0       000010000D    347
     126       0      -5       2       1       0       0       0       0D    348
     126     960       1       0       1       0       0       000010000D    349
     126       0      -5       2       1       0       0       0       0D    350
     126     962       1       0       1       0       0       000010000D    351
     126       0      -5       2       1       0       0       0       0D    352
     126     964       1       0       1       0       0       000010000D    353
     126       0      -5       2       1       0       0       0       0D    354
     126     966       1       0       1       0       0       000010000D    355
     126       0      -5       3       1       0       0       0       0D    356
     102     969       1       0       1       0       0       000010000D    357
     102       0      -5       1       0       0       0       0       0D    358
     126     970       1       0       1       0       0       000010000D    359
     126       0      -5       6       0       0       0       0       0D    360
     126     976       1       0       1       0       0       000010000D    361
     126       0      -5       3       1       0       0       0       0D    362
     126     979       1       0       1       0       0       000010000D    363
     126       0      -5       6       0       0       0       0       0D    364
     126     985       1       0       1       0       0       000010000D    365
     126       0      -5       7       0       0       0       0       0D    366
     126     992       1       0       1       0       0       000010000D    367
     126       0      -5       4       1       0       0       0       0D    368
     126     996       1       0       1       0       0       000010000D    369
     126       0      -5       7       0       0       0       0       0D    370
     102    1003       1       0       1       0       0       000010000D    371
     102       0      -5       1       0       0       0       0       0D    372
     142    1004       1       1       1       0       0       000010000D    373
     142       1       0       1       0       0       0       0       0D    374
     144    1005       1       0       1       0       1       000000000D    375
     144       0      -5       1       0       0       0       0       0D    376
     406    1006       1       0       1       0       0       000010001D    377
     406       0      -5       1      15       0       0       0       0D    378
     128    1007       1       0       1       0       0       000010000D    379
     128       0      -5      50       0       0       0       0       0D    380
     126    1057       1       0       1       0       0       000010000D    381
     126       0      -5       2       1       0       0       0       0D    382
     126    1059       1       0       1       0       0       000010000D    383
     126       0      -5       2       1       0       0       0       0D    384
     126    1061       1       0       1       0       0       000010000D    385
     126       0      -5       2       1       0       0       0       0D    386
     126    1063       1       0       1       0       0       000010000D    387
     126       0      -5       3       1       0       0       0       0D    388
     126    1066       1       0       1       0       0       000010000D    389
     126       0      -5       3       1       0       0       0       0D    390
     102    1069       1       0       1       0       0       000010000D    391
     102       0      -5       1       0       0       0       0       0D    392
     126    1070       1       0       1       0       0       000010000D    393
     126       0      -5       8       0       0       0       0       0D    394
     126    1078       1       0       1       0       0       000010000D    395
     126       0      -5      14       0       0       0       0       0D    396
     126    1092       1       0       1       0       0       000010000D    397
     126       0      -5       7       0       0       0       0       0D    398
     126    1099       1       0       1       0       0       000010000D    399
     126       0      -5      10       0       0       0       0       0D    400
     126    1109       1       0       1       0       0       000010000D    401
     126       0      -5      11       0       0       0       0       0D    402
     102    1120       1       0       1       0       0       000010000D    403
     102       0      -5       1       0       0       0       0       0D    404
     142    1121       1       1       1       0       0       000010000D    405
     142       1       0       1       0       0       0       0       0D    406
     144    1122       1       0       1       0       1       000000000D    407
     144       0      -5       1       0       0       0       0       0D    408
     406    1123       1       0       1       0       0       000010001D    409
     406       0      -5       1      15       0       0       0       0D    410
     128    1124       1       0       1       0       0       000010000D    411
     128       0      -5      50       0       0       0       0       0D    412
     126    1174       1       0       1       0       0       000010000D    413
     126       0      -5       2       1       0       0       0       0D    414
     126    1176       1       0       1       0       0       000010000D    415
     126       0      -5       2       1       0       0       0       0D    416
     126    1178       1       0       1       0       0       000010000D    417
     126       0      -5       2       1       0       0       0       0D    418
     126    1180       1       0       1       0       0       000010000D    419
     126       0      -5       3       1       0       0       0       0D    420
     126    1183       1       0       1       0       0       000010000D    421
     126       0      -5       3       1       0       0       0       0D    422
     102    1186       1       0       1       0       0       000010000D    423
     102       0      -5       1       0       0       0       0       0D    424
     126    1187       1       0       1       0       0       000010000D    425
     126       0      -5       5       0       0       0       0       0D    426
     126    1192       1       0       1       0       0       000010000D    427
     126       0      -5       7       0       0       0       0       0D    428
     126    1199       1       0       1       0       0       000010000D    429
     126       0      -5      15       0       0       0       0       0D    430
     126    1214       1       0       1       0       0       000010000D    431
     126       0      -5       8       0       0       0       0       0D    432
     126    1222       1       0       1       0       0       000010000D    433
     126       0      -5       6       0       0       0       0       0D    434
     102    1228       1       0       1       0       0       000010000D    435
     102       0      -5       1       0       0       0       0       0D    436
     142    1229       1       1       1       0       0       000010000D    437
     142       1       0       1       0       0       0       0       0D    438
     144    1230       1       0       1       0       1       000000000D    439
     144       0      -5       1       0       0       0       0       0D    440
     406    1231       1       0       1       0       0       000010001D    441
     406       0      -5       1      15       0       0       0       0D    442
     128    1232       1       0       1       0       0       000010000D    443
     128       0      -5       3       1       0       0       0       0D    444
     126    1235       1       0       1       0       0       000010000D    445
     126       0      -5       3       0       0       0       0       0D    446
     126    1238       1       0       1       0       0       000010000D    447
     126       0      -5       3       0       0       0       0       0D    448
     102    1241       1       0       1       0       0       000010000D    449
     102       0      -5       1       0       0       0       0       0D    450
     126    1242       1       0       1       0       0       000010000D    451
     126       0      -5       3       0       0       0       0       0D    452
     126    1245       1       0       1       0       0       000010000D    453
     126       0      -5       4       0       0       0       0       0D    454
     102    1249       1       0       1       0       0       000010000D    455
     102       0      -5       1       0       0       0       0       0D    456
     142    1250       1       1       1       0       0       000010000D    457
     142       1       0       1       0       0       0       0       0D    458
     126    1251       1       0       1       0       0       000010000D    459
     126       0      -5       5       0       0       0       0       0D    460
     126    1256       1       0       1       0       0       000010000D    461
     126       0      -5       5       0       0       0       0       0D    462
     102    1261       1       0       1       0       0       000010000D    463
     102       0      -5       1       0       0       0       0       0D    464
     126    1262       1       0       1       0       0       000010000D    465
     126       0      -5       4       0       0       0       0       0D    466
     126    1266       1       0       1       0       0       000010000D    467
     126       0      -5       3       0       0       0       0       0D    468
     102    1269       1       0       1       0       0       000010000D    469
     102       0      -5       1       0       0       0       0       0D    470
     142    1270       1       1       1       0       0       000010000D    471
     142       1       0       1       0       0       0       0       0D    472
     144    1271       1       0       1       0       1       000000000D    473
     144       0      -5       1       0       0       0       0       0D    474
     406    1272       1       0       1       0       0       000010001D    475
     406       0      -5       1      15       0       0       0       0D    476
     128    1273       1       0       1       0       0       000010000D    477
     128       0      -5      50       0       0       0       0       0D    478
     126    1323       1       0       1       0       0       000010000D    479
     126       0      -5       3       1       0       0       0       0D    480
     126    1326       1       0       1       0       0       000010000D    481
     126       0      -5       3       1       0       0       0       0D    482
     126    1329       1       0       1       0       0       000010000D    483
     126       0      -5       2       1       0       0       0       0D    484
     126    1331       1       0       1       0       0       000010000D    485
     126       0      -5       2       1       0       0       0       0D    486
     126    1333       1       0       1       0       0       000010000D    487
     126       0      -5       2       1       0       0       0       0D    488
     102    1335       1       0       1       0       0       000010000D    489
     102       0      -5       1       0       0       0       0       0D    490
     126    1336       1       0       1       0       0       000010000D    491
     126       0      -5      10       0       0       0       0       0D    492
     126    1346       1       0       1       0       0       000010000D    493
     126       0      -5      10       0       0       0       0       0D    494
     126    1356       1       0       1       0       0       000010000D    495
     126       0      -5      15       0       0       0       0       0D    496
     126    1371       1       0       1       0       0       000010000D    497
     126       0      -5       8       0       0       0       0       0D    498
     126    1379       1       0       1       0       0       000010000D    499
     126       0      -5       6       0       0       0       0       0D    500
     102    1385       1       0       1       0       0       000010000D    501
     102       0      -5       1       0       0       0       0       0D    502
     142    1386       1       1       1       0       0       000010000D    503
     142       1       0       1       0       0       0       0       0D    504
     144    1387       1       0       1       0       1       000000000D    505
     144       0      -5       1       0       0       0       0       0D    506
     406    1388       1       0       1       0       0       000010001D    507
     406       0      -5       1      15       0       0       0       0D    508
     128    1389       1       0       1       0       0       000010000D    509
     128       0      -5      50       0       0       0       0       0D    510
     126    1439       1       0       1       0       0       000010000D    511
     126       0      -5       2       1       0       0       0       0D    512
     126    1441       1       0       1       0       0       000010000D    513
     126       0      -5       3       1       0       0       0       0D    514
     126    1444       1       0       1       0       0       000010000D    515
     126       0      -5       2       1       0       0       0       0D    516
     126    1446       1       0       1       0       0       000010000D    517
     126       0      -5       2       1       0       0       0       0D    518
     126    1448       1       0       1       0       0       000010000D    519
     126       0      -5       2       1       0       0       0       0D    520
     102    1450       1       0       1       0       0       000010000D    521
     102       0      -5       1       0       0       0       0       0D    522
     126    1451       1       0       1       0       0       000010000D    523
     126       0      -5      10       0       0       0       0       0D    524
     126    1461       1       0       1       0       0       000010000D    525
     126       0      -5      10       0       0       0       0       0D    526
     126    1471       1       0       1       0       0       000010000D    527
     126       0      -5       8       0       0       0       0       0D    528
     126    1479       1       0       1       0       0       000010000D    529
     126       0      -5      16       0       0       0       0       0D    530
     126    1495       1       0       1       0       0       000010000D    531
     126       0      -5      11       0       0       0       0       0D    532
     102    1506       1       0       1       0       0       000010000D    533
     102       0      -5       1       0       0       0       0       0D    534
     142    1507       1       1       1       0       0       000010000D    535
     142       1       0       1       0       0       0       0       0D    536
     144    1508       1       0       1       0       1       000000000D    537
     144       0      -5       1       0       0       0       0       0D    538
     406    1509       1       0       1       0       0       000010001D    539
     406       0      -5       1      15       0       0       0       0D    540
     128    1510       1       0       1       0       0       000010000D    541
     128       0      -5      10       2       0       0       0       0D    542
     126    1520       1       0       1       0       0       000010000D    543
     126       0      -5       2       1       0       0       0       0D    544
     126    1522       1       0       1       0       0       000010000D    545
     126       0      -5       2       1       0       0       0       0D    546
     126    1524       1       0       1       0       0       000010000D    547
     126       0      -5       2       1       0       0       0       0D    548
     126    1526       1       0       1       0       0       000010000D    549
     126       0      -5       2       1       0       0       0       0D    550
     126    1528       1       0       1       0       0       000010000D    551
     126       0      -5       2       1       0       0       0       0D    552
     126    1530       1       0       1       0       0       000010000D    553
     126       0      -5       2       1       0       0       0       0D    554
     102    1532       1       0       1       0       0       000010000D    555
     102       0      -5       1       0       0       0       0       0D    556
     126    1533       1       0       1       0       0       000010000D    557
     126       0      -5       4       1       0       0       0       0D    558
     126    1537       1       0       1       0       0       000010000D    559
     126       0      -5       7       0       0       0       0       0D    560
     126    1544       1       0       1       0       0       000010000D    561
     126       0      -5       4       0       0       0       0       0D    562
     126    1548       1       0       1       0       0       000010000D    563
     126       0      -5       2       1       0       0       0       0D    564
     126    1550       1       0       1       0       0       000010000D    565
     126       0      -5       2       0       0       0       0       0D    566
     126    1552       1       0       1       0       0       000010000D    567
     126       0      -5       2       0       0       0       0       0D    568
     102    1554       1       0       1       0       0       000010000D    569
     102       0      -5       1       0       0       0       0       0D    570
     142    1555       1       1       1       0       0       000010000D    571
     142       1       0       1       0       0       0       0       0D    572
     144    1556       1       0       1       0       1       000000000D    573
     144       0      -5       1       0       0       0       0       0D    574
     406    1557       1       0       1       0       0       000010001D    575
     406       0      -5       1      15       0       0       0       0D    576
     128    1558       1       0       1       0       0       000010000D    577
     128       0      -5      10       2       0       0       0       0D    578
     126    1568       1       0       1       0       0       000010000D    579
     126       0      -5       2       1       0       0       0       0D    580
     126    1570       1       0       1       0       0       000010000D    581
     126       0      -5       2       1       0       0       0       0D    582
     126    1572       1       0       1       0       0       000010000D    583
     126       0      -5       2       1       0       0       0       0D    584
     126    1574       1       0       1       0       0       000010000D    585
     126       0      -5       2       1       0       0       0       0D    586
     126    1576       1       0       1       0       0       000010000D    587
     126       0      -5       2       1       0       0       0       0D    588
     126    1578       1       0       1       0       0       000010000D    589
     126       0      -5       3       1       0       0       0       0D    590
     102    1581       1       0       1       0       0       000010000D    591
     102       0      -5       1       0       0       0       0       0D    592
     126    1582       1       0       1       0       0       000010000D    593
     126       0      -5       5       0       0       0       0       0D    594
     126    1587       1       0       1       0       0       000010000D    595
     126       0      -5       2       1       0       0       0       0D    596
     126    1589       1       0       1       0       0       000010000D    597
     126       0      -5       5       0       0       0       0       0D    598
     126    1594       1       0       1       0       0       000010000D    599
     126       0      -5       6       0       0       0       0       0D    600
     126    1600       1       0       1       0       0       000010000D    601
     126       0      -5       4       1       0       0       0       0D    602
     126    1604       1       0       1       0       0       000010000D    603
     126       0      -5       6       0       0       0       0       0D    604
     102    1610       1       0       1       0       0       000010000D    605
     102       0      -5       1       0       0       0       0       0D    606
     142    1611       1       1       1       0       0       000010000D    607
     142       1       0       1       0       0       0       0       0D    608
     144    1612       1       0       1       0       1       000000000D    609
     144       0      -5       1       0       0       0       0       0D    610
     406    1613       1       0       1       0       0       000010001D    611
     406       0      -5       1      15       0       0       0       0D    612
     128    1614       1       0       1       0       0       000010000D    613
     128       0      -5      46       0       0       0       0       0D    614
     126    1660       1       0       1       0       0       000010000D    615
     126       0      -5       3       1       0       0       0       0D    616
     126    1663       1       0       1       0       0       000010000D    617
     126       0      -5       3       1       0       0       0       0D    618
     126    1666       1       0       1       0       0       000010000D    619
     126       0      -5       2       1       0       0       0       0D    620
     126    1668       1       0       1       0       0       000010000D    621
     126       0      -5       2       1       0       0       0       0D    622
     126    1670       1       0       1       0       0       000010000D    623
     126       0      -5       2       1       0       0       0       0D    624
     102    1672       1       0       1       0       0       000010000D    625
     102       0      -5       1       0       0       0       0       0D    626
     126    1673       1       0       1       0       0       000010000D    627
     126       0      -5      10       0       0       0       0       0D    628
     126    1683       1       0       1       0       0       000010000D    629
     126       0      -5      10       0       0       0       0       0D    630
     126    1693       1       0       1       0       0       000010000D    631
     126       0      -5       5       0       0       0       0       0D    632
     126    1698       1       0       1       0       0       000010000D    633
     126       0      -5       8       0       0       0       0       0D    634
     126    1706       1       0       1       0       0       000010000D    635
     126       0      -5      15       0       0       0       0       0D    636
     102    1721       1       0       1       0       0       000010000D    637
     102       0      -5       1       0       0       0       0       0D    638
     142    1722       1       1       1       0       0       000010000D    639
     142       1       0       1       0       0       0       0       0D    640
     144    1723       1       0       1       0       1       000000000D    641
     144       0      -5       1       0       0       0       0       0D    642
     406    1724       1       0       1       0       0       000010001D    643
     406       0      -5       1      15       0       0       0       0D    644
     128    1725       1       0       1       0       0       000010000D    645
     128       0      -5      46       0       0       0       0       0D    646
     126    1771       1       0       1       0       0       000010000D    647
     126       0      -5       2       1       0       0       0       0D    648
     126    1773       1       0       1       0       0       000010000D    649
     126       0      -5       2       1       0       0       0       0D    650
     126    1775       1       0       1       0       0       000010000D    651
     126       0      -5       2       1       0       0       0       0D    652
     126    1777       1       0       1       0       0       000010000D    653
     126       0      -5       2       1       0       0       0       0D    654
     126    1779       1       0       1       0       0       000010000D    655
     126       0      -5       3       1       0       0       0       0D    656
     102    1782       1       0       1       0       0       000010000D    657
     102       0      -5       1       0       0       0       0       0D    658
     126    1783       1       0       1       0       0       000010000D    659
     126       0      -5      13       0       0       0       0       0D    660
     126    1796       1       0       1       0       0       000010000D    661
     126       0      -5       7       0       0       0       0       0D    662
     126    1803       1       0       1       0       0       000010000D    663
     126       0      -5       4       0       0       0       0       0D    664
     126    1807       1       0       1       0       0       000010000D    665
     126       0      -5       5       0       0       0       0       0D    666
     126    1812       1       0       1       0       0       000010000D    667
     126       0      -5       7       0       0       0       0       0D    668
     102    1819       1       0       1       0       0       000010000D    669
     102       0      -5       1       0       0       0       0       0D    670
     142    1820       1       1       1       0       0       000010000D    671
     142       1       0       1       0       0       0       0       0D    672
     144    1821       1       0       1       0       1       000000000D    673
     144       0      -5       1       0       0       0       0       0D    674
     406    1822       1       0       1       0       0       000010001D    675
     406       0      -5       1      15       0       0       0       0D    676
     128    1823       1       0       1       0       0       000010000D    677
     128       0      -5       3       1       0       0       0       0D    678
     126    1826       1       0       1       0       0       000010000D    679
     126       0      -5       3       0       0       0       0       0D    680
     126    1829       1       0       1       0       0       000010000D    681
     126       0      -5       3       0       0       0       0       0D    682
     102    1832       1       0       1       0       0       000010000D    683
     102       0      -5       1       0       0       0       0       0D    684
     126    1833       1       0       1       0       0       000010000D    685
     126       0      -5       3       0       0       0       0       0D    686
     126    1836       1       0       1       0       0       000010000D    687
     126       0      -5       3       0       0       0       0       0D    688
     102    1839       1       0       1       0       0       000010000D    689
     102       0      -5       1       0       0       0       0       0D    690
     142    1840       1       1       1       0       0       000010000D    691
     142       1       0       1       0       0       0       0       0D    692
     126    1841       1       0       1       0       0       000010000D    693
     126       0      -5       4       0       0       0       0       0D    694
     126    1845       1       0       1       0       0       000010000D    695
     126       0      -5       4       0       0       0       0       0D    696
     102    1849       1       0       1       0       0       000010000D    697
     102       0      -5       1       0       0       0       0       0D    698
     126    1850       1       0       1       0       0       000010000D    699
     126       0      -5       3       0       0       0       0       0D    700
     126    1853       1       0       1       0       0       000010000D    701
     126       0      -5       3       0       0       0       0       0D    702
     102    1856       1       0       1       0       0       000010000D    703
     102       0      -5       1       0       0       0       0       0D    704
     142    1857       1       1       1       0       0       000010000D    705
     142       1       0       1       0       0       0       0       0D    706
     144    1858       1       0       1       0       1       000000000D    707
     144       0      -5       1       0       0       0       0       0D    708
     406    1859       1       0       1       0       0       000010001D    709
     406       0      -5       1      15       0       0       0       0D    710
     128    1860       1       0       1       0       0       000010000D    711
     128       0      -5      49       0       0       0       0       0D    712
     126    1909       1       0       1       0       0       000010000D    713
     126       0      -5       2       1       0       0       0       0D    714
     126    1911       1       0       1       0       0       000010000D    715
     126       0      -5       3       1       0       0       0       0D    716
     126    1914       1       0       1       0       0       000010000D    717
     126       0      -5       2       1       0       0       0       0D    718
     126    1916       1       0       1       0       0       000010000D    719
     126       0      -5       2       1       0       0       0       0D    720
     126    1918       1       0       1       0       0       000010000D    721
     126       0      -5       2       1       0       0       0       0D    722
     102    1920       1       0       1       0       0       000010000D    723
     102       0      -5       1       0       0       0       0       0D    724
     126    1921       1       0       1       0       0       000010000D    725
     126       0      -5       8       0       0       0       0       0D    726
     126    1929       1       0       1       0       0       000010000D    727
     126       0      -5       7       0       0       0       0       0D    728
     126    1936       1       0       1       0       0       000010000D    729
     126       0      -5       4       0       0       0       0       0D    730
     126    1940       1       0       1       0       0       000010000D    731
     126       0      -5       7       0       0       0       0       0D    732
     126    1947       1       0       1       0       0       000010000D    733
     126       0      -5      12       0       0       0       0       0D    734
     102    1959       1       0       1       0       0       000010000D    735
     102       0      -5       1       0       0       0       0       0D    736
     142    1960       1       1       1       0       0       000010000D    737
     142       1       0       1       0       0       0       0       0D    738
     144    1961       1       0       1       0       1       000000000D    739
     144       0      -5       1       0       0       0       0       0D    740
     406    1962       1       0       1       0       0       000010001D    741
     406       0      -5       1      15       0       0       0       0D    742
     128    1963       1       0       1       0       0       000010000D    743
     128       0      -5      49       0       0       0       0       0D    744
     126    2012       1       0       1       0       0       000010000D    745
     126       0      -5       2       1       0       0       0       0D    746
     126    2014       1       0       1       0       0       000010000D    747
     126       0      -5       2       1       0       0       0       0D    748
     126    2016       1       0       1       0       0       000010000D    749
     126       0      -5       2       1       0       0       0       0D    750
     126    2018       1       0       1       0       0       000010000D    751
     126       0      -5       3       1       0       0       0       0D    752
     126    2021       1       0       1       0       0       000010000D    753
     126       0      -5       3       1       0       0       0       0D    754
     102    2024       1       0       1       0       0       000010000D    755
     102       0      -5       1       0       0       0       0       0D    756
     126    2025       1       0       1       0       0       000010000D    757
     126       0      -5      12       0       0       0       0       0D    758
     126    2037       1       0       1       0       0       000010000D    759
     126       0      -5       7       0       0       0       0       0D    760
     126    2044       1       0       1       0       0       000010000D    761
     126       0      -5       5       0       0       0       0       0D    762
     126    2049       1       0       1       0       0       000010000D    763
     126       0      -5      10       0       0       0       0       0D    764
     126    2059       1       0       1       0       0       000010000D    765
     126       0      -5       9       0       0       0       0       0D    766
     102    2068       1       0       1       0       0       000010000D    767
     102       0      -5       1       0       0       0       0       0D    768
     142    2069       1       1       1       0       0       000010000D    769
     142       1       0       1       0       0       0       0       0D    770
     144    2070       1       0       1       0       1       000000000D    771
     144       0      -5       1       0       0       0       0       0D    772
     406    2071       1       0       1       0       0       000010001D    773
     406       0      -5       1      15       0       0       0       0D    774
     128    2072       1       0       1       0       0       000010000D    775
     128       0      -5      12       2       0       0       0       0D    776
     126    2084       1       0       1       0       0       000010000D    777
     126       0      -5       2       1       0       0       0       0D    778
     126    2086       1       0       1       0       0       000010000D    779
     126       0      -5       2       1       0       0       0       0D    780
     126    2088       1       0       1       0       0       000010000D    781
     126       0      -5       2       1       0       0       0       0D    782
     126    2090       1       0       1       0       0       000010000D    783
     126       0      -5       2       1       0       0       0       0D    784
     126    2092       1       0       1       0       0       000010000D    785
     126       0      -5       2       1       0       0       0       0D    786
     126    2094       1       0       1       0       0       000010000D    787
     126       0      -5       2       1       0       0       0       0D    788
     102    2096       1       0       1       0       0       000010000D    789
     102       0      -5       1       0       0       0       0       0D    790
     126    2097       1       0       1       0       0       000010000D    791
     126       0      -5       4       1       0       0       0       0D    792
     126    2101       1       0       1       0       0       000010000D    793
     126       0      -5       7       0       0       0       0       0D    794
     126    2108       1       0       1       0       0       000010000D    795
     126       0      -5       4       0       0       0       0       0D    796
     126    2112       1       0       1       0       0       000010000D    797
     126       0      -5       2       1       0       0       0       0D    798
     126    2114       1       0       1       0       0       000010000D    799
     126       0      -5       3       0       0       0       0       0D    800
     126    2117       1       0       1       0       0       000010000D    801
     126       0      -5       3       0       0       0       0       0D    802
     102    2120       1       0       1       0       0       000010000D    803
     102       0      -5       1       0       0       0       0       0D    804
     142    2121       1       1       1       0       0       000010000D    805
     142       1       0       1       0       0       0       0       0D    806
     144    2122       1       0       1       0       1       000000000D    807
     144       0      -5       1       0       0       0       0       0D    808
     406    2123       1       0       1       0       0       000010001D    809
     406       0      -5       1      15       0       0       0       0D    810
     128    2124       1       0       1       0       0       000010000D    811
     128       0      -5      12       2       0       0       0       0D    812
     126    2136       1       0       1       0       0       000010000D    813
     126       0      -5       2       1       0       0       0       0D    814
     126    2138       1       0       1       0       0       000010000D    815
     126       0      -5       2       1       0       0       0       0D    816
     126    2140       1       0       1       0       0       000010000D    817
     126       0      -5       2       1       0       0       0       0D    818
     126    2142       1       0       1       0       0       000010000D    819
     126       0      -5       2       1       0       0       0       0D    820
     126    2144       1       0       1       0       0       000010000D    821
     126       0      -5       2       1       0       0       0       0D    822
     126    2146       1       0       1       0       0       000010000D    823
     126       0      -5       3       1       0       0       0       0D    824
     102    2149       1       0       1       0       0       000010000D    825
     102       0      -5       1       0       0       0       0       0D    826
     126    2150       1       0       1       0       0       000010000D    827
     126       0      -5       6       0       0       0       0       0D    828
     126    2156       1       0       1       0       0       000010000D    829
     126       0      -5       2       1       0       0       0       0D    830
     126    2158       1       0       1       0       0       000010000D    831
     126       0      -5       5       0       0       0       0       0D    832
     126    2163       1       0       1       0       0       000010000D    833
     126       0      -5       6       0       0       0       0       0D    834
     126    2169       1       0       1       0       0       000010000D    835
     126       0      -5       4       1       0       0       0       0D    836
     126    2173       1       0       1       0       0       000010000D    837
     126       0      -5       7       0       0       0       0       0D    838
     102    2180       1       0       1       0       0       000010000D    839
     102       0      -5       1       0       0       0       0       0D    840
     142    2181       1       1       1       0       0       000010000D    841
     142       1       0       1       0       0       0       0       0D    842
     144    2182       1       0       1       0       1       000000000D    843
     144       0      -5       1       0       0       0       0       0D    844
     406    2183       1       0       1       0       0       000010001D    845
     406       0      -5       1      15       0       0       0       0D    846
     128    2184       1       0       1       0       0       000010000D    847
     128       0      -5      48       0       0       0       0       0D    848
     126    2232       1       0       1       0       0       000010000D    849
     126       0      -5       2       1       0       0       0       0D    850
     126    2234       1       0       1       0       0       000010000D    851
     126       0      -5       2       1       0       0       0       0D    852
     126    2236       1       0       1       0       0       000010000D    853
     126       0      -5       2       1       0       0       0       0D    854
     126    2238       1       0       1       0       0       000010000D    855
     126       0      -5       3       1       0       0       0       0D    856
     126    2241       1       0       1       0       0       000010000D    857
     126       0      -5       3       1       0       0       0       0D    858
     102    2244       1       0       1       0       0       000010000D    859
     102       0      -5       1       0       0       0       0       0D    860
     126    2245       1       0       1       0       0       000010000D    861
     126       0      -5       8       0       0       0       0       0D    862
     126    2253       1       0       1       0       0       000010000D    863
     126       0      -5      15       0       0       0       0       0D    864
     126    2268       1       0       1       0       0       000010000D    865
     126       0      -5       8       0       0       0       0       0D    866
     126    2276       1       0       1       0       0       000010000D    867
     126       0      -5       9       0       0       0       0       0D    868
     126    2285       1       0       1       0       0       000010000D    869
     126       0      -5      10       0       0       0       0       0D    870
     102    2295       1       0       1       0       0       000010000D    871
     102       0      -5       1       0       0       0       0       0D    872
     142    2296       1       1       1       0       0       000010000D    873
     142       1       0       1       0       0       0       0       0D    874
     144    2297       1       0       1       0       1       000000000D    875
     144       0      -5       1       0       0       0       0       0D    876
     406    2298       1       0       1       0       0       000010001D    877
     406       0      -5       1      15       0       0       0       0D    878
     128    2299       1       0       1       0       0       000010000D    879
     128       0      -5      49       0       0       0       0       0D    880
     126    2348       1       0       1       0       0       000010000D    881
     126       0      -5       2       1       0       0       0       0D    882
     126    2350       1       0       1       0       0       000010000D    883
     126       0      -5       2       1       0       0       0       0D    884
     126    2352       1       0       1       0       0       000010000D    885
     126       0      -5       2       1       0       0       0       0D    886
     126    2354       1       0       1       0       0       000010000D    887
     126       0      -5       3       1       0       0       0       0D    888
     126    2357       1       0       1       0       0       000010000D    889
     126       0      -5       3       1       0       0       0       0D    890
     102    2360       1       0       1       0       0       000010000D    891
     102       0      -5       1       0       0       0       0       0D    892
     126    2361       1       0       1       0       0       000010000D    893
     126       0      -5       6       0       0       0       0       0D    894
     126    2367       1       0       1       0       0       000010000D    895
     126       0      -5       7       0       0       0       0       0D    896
     126    2374       1       0       1       0       0       000010000D    897
     126       0      -5      16       0       0       0       0       0D    898
     126    2390       1       0       1       0       0       000010000D    899
     126       0      -5       9       0       0       0       0       0D    900
     126    2399       1       0       1       0       0       000010000D    901
     126       0      -5       7       0       0       0       0       0D    902
     102    2406       1       0       1       0       0       000010000D    903
     102       0      -5       1       0       0       0       0       0D    904
     142    2407       1       1       1       0       0       000010000D    905
     142       1       0       1       0       0       0       0       0D    906
     144    2408       1       0       1       0       1       000000000D    907
     144       0      -5       1       0       0       0       0       0D    908
     406    2409       1       0       1       0       0       000010001D    909
     406       0      -5       1      15       0       0       0       0D    910
     128    2410       1       0       1       0       0       000010000D    911
     128       0      -5      53       0       0       0       0       0D    912
     126    2463       1       0       1       0       0       000010000D    913
     126       0      -5       3       1       0       0       0       0D    914
     126    2466       1       0       1       0       0       000010000D    915
     126       0      -5       3       1       0       0       0       0D    916
     126    2469       1       0       1       0       0       000010000D    917
     126       0      -5       2       1       0       0       0       0D    918
     126    2471       1       0       1       0       0       000010000D    919
     126       0      -5       2       1       0       0       0       0D    920
     126    2473       1       0       1       0       0       000010000D    921
     126       0      -5       2       1       0       0       0       0D    922
     102    2475       1       0       1       0       0       000010000D    923
     102       0      -5       1       0       0       0       0       0D    924
     126    2476       1       0       1       0       0       000010000D    925
     126       0      -5      11       0       0       0       0       0D    926
     126    2487       1       0       1       0       0       000010000D    927
     126       0      -5      11       0       0       0       0       0D    928
     126    2498       1       0       1       0       0       000010000D    929
     126       0      -5      16       0       0       0       0       0D    930
     126    2514       1       0       1       0       0       000010000D    931
     126       0      -5       9       0       0       0       0       0D    932
     126    2523       1       0       1       0       0       000010000D    933
     126       0      -5      10       0       0       0       0       0D    934
     102    2533       1       0       1       0       0       000010000D    935
     102       0      -5       1       0       0       0       0       0D    936
     142    2534       1       1       1       0       0       000010000D    937
     142       1       0       1       0       0       0       0       0D    938
     144    2535       1       0       1       0       1       000000000D    939
     144       0      -5       1       0       0       0       0       0D    940
     406    2536       1       0       1       0       0       000010001D    941
     406       0      -5       1      15       0       0       0       0D    942
     128    2537       1       0       1       0       0       000010000D    943
     128       0      -5      53       0       0       0       0       0D    944
     126    2590       1       0       1       0       0       000010000D    945
     126       0      -5       2       1       0       0       0       0D    946
     126    2592       1       0       1       0       0       000010000D    947
     126       0      -5       3       1       0       0       0       0D    948
     126    2595       1       0       1       0       0       000010000D    949
     126       0      -5       2       1       0       0       0       0D    950
     126    2597       1       0       1       0       0       000010000D    951
     126       0      -5       2       1       0       0       0       0D    952
     126    2599       1       0       1       0       0       000010000D    953
     126       0      -5       2       1       0       0       0       0D    954
     102    2601       1       0       1       0       0       000010000D    955
     102       0      -5       1       0       0       0       0       0D    956
     126    2602       1       0       1       0       0       000010000D    957
     126       0      -5       9       0       0       0       0       0D    958
     126    2611       1       0       1       0       0       000010000D    959
     126       0      -5      10       0       0       0       0       0D    960
     126    2621       1       0       1       0       0       000010000D    961
     126       0      -5       9       0       0       0       0       0D    962
     126    2630       1       0       1       0       0       000010000D    963
     126       0      -5      15       0       0       0       0       0D    964
     126    2645       1       0       1       0       0       000010000D    965
     126       0      -5       9       0       0       0       0       0D    966
     102    2654       1       0       1       0       0       000010000D    967
     102       0      -5       1       0       0       0       0       0D    968
     142    2655       1       1       1       0       0       000010000D    969
     142       1       0       1       0       0       0       0       0D    970
     144    2656       1       0       1       0       1       000000000D    971
     144       0      -5       1       0       0       0       0       0D    972
     406    2657       1       0       1       0       0       000010001D    973
     406       0      -5       1      15       0       0       0       0D    974
     128    2658       1       0       1       0       0       000010000D    975
     128       0      -5      20       3       0       0       0       0D    976
     126    2678       1       0       1       0       0       000010000D    977
     126       0      -5       3       1       0       0       0       0D    978
     126    2681       1       0       1       0       0       000010000D    979
     126       0      -5       3       1       0       0       0       0D    980
     126    2684       1       0       1       0       0       000010000D    981
     126       0      -5       2       1       0       0       0       0D    982
     126    2686       1       0       1       0       0       000010000D    983
     126       0      -5       2       1       0       0       0       0D    984
     126    2688       1       0       1       0       0       000010000D    985
     126       0      -5       2       1       0       0       0       0D    986
     126    2690       1       0       1       0       0       000010000D    987
     126       0      -5       3       1       0       0       0       0D    988
     102    2693       1       0       1       0       0       000010000D    989
     102       0      -5       1       0       0       0       0       0D    990
     126    2694       1       0       1       0       0       000010000D    991
     126       0      -5       5       1       0       0       0       0D    992
     126    2699       1       0       1       0       0       000010000D    993
     126       0      -5       9       0       0       0       0       0D    994
     126    2708       1       0       1       0       0       000010000D    995
     126       0      -5       5       0       0       0       0       0D    996
     126    2713       1       0       1       0       0       000010000D    997
     126       0      -5       4       1       0       0       0       0D    998
     126    2717       1       0       1       0       0       000010000D    999
     126       0      -5       8       0       0       0       0       0D   1000
     126    2725       1       0       1       0       0       000010000D   1001
     126       0      -5       9       0       0       0       0       0D   1002
     102    2734       1       0       1       0       0       000010000D   1003
     102       0      -5       1       0       0       0       0       0D   1004
     142    2735       1       1       1       0       0       000010000D   1005
     142       1       0       1       0       0       0       0       0D   1006
     144    2736       1       0       1       0       1       000000000D   1007
     144       0      -5       1       0       0       0       0       0D   1008
     406    2737       1       0       1       0       0       000010001D   1009
     406       0      -5       1      15       0       0       0       0D   1010
     128    2738       1       0       1       0       0       000010000D   1011
     128       0      -5      20       3       0       0       0       0D   1012
     126    2758       1       0       1       0       0       000010000D   1013
     126       0      -5       3       1       0       0       0       0D   1014
     126    2761       1       0       1       0       0       000010000D   1015
     126       0      -5       2       1       0       0       0       0D   1016
     126    2763       1       0       1       0       0       000010000D   1017
     126       0      -5       2       1       0       0       0       0D   1018
     126    2765       1       0       1       0       0       000010000D   1019
     126       0      -5       3       1       0       0       0       0D   1020
     126    2768       1       0       1       0       0       000010000D   1021
     126       0      -5       3       1       0       0       0       0D   1022
     126    2771       1       0       1       0       0       000010000D   1023
     126       0      -5       3       1       0       0       0       0D   1024
     102    2774       1       0       1       0       0       000010000D   1025
     102       0      -5       1       0       0       0       0       0D   1026
     126    2775       1       0       1       0       0       000010000D   1027
     126       0      -5       7       0       0       0       0       0D   1028
     126    2782       1       0       1       0       0       000010000D   1029
     126       0      -5       4       1       0       0       0       0D   1030
     126    2786       1       0       1       0       0       000010000D   1031
     126       0      -5       8       0       0       0       0       0D   1032
     126    2794       1       0       1       0       0       000010000D   1033
     126       0      -5       7       0       0       0       0       0D   1034
     126    2801       1       0       1       0       0       000010000D   1035
     126       0      -5       5       1       0       0       0       0D   1036
     126    2806       1       0       1       0       0       000010000D   1037
     126       0      -5       7       0       0       0       0       0D   1038
     102    2813       1       0       1       0       0       000010000D   1039
     102       0      -5       1       0       0       0       0       0D   1040
     142    2814       1       1       1       0       0       000010000D   1041
     142       1       0       1       0       0       0       0       0D   1042
     144    2815       1       0       1       0       1       000000000D   1043
     144       0      -5       1       0       0       0       0       0D   1044
     406    2816       1       0       1       0       0       000010001D   1045
     406       0      -5       1      15       0       0       0       0D   1046
     128    2817       1       0       1       0       0       000010000D   1047
     128       0      -5      36       0       0       0       0       0D   1048
     126    2853       1       0       1       0       0       000010000D   1049
     126       0      -5       3       1       0       0       0       0D   1050
     126    2856       1       0       1       0       0       000010000D   1051
     126       0      -5       3       1       0       0       0       0D   1052
     126    2859       1       0       1       0       0       000010000D   1053
     126       0      -5       3       1       0       0       0       0D   1054
     126    2862       1       0       1       0       0       000010000D   1055
     126       0      -5       3       1       0       0       0       0D   1056
     126    2865       1       0       1       0       0       000010000D   1057
     126       0      -5       3       1       0       0       0       0D   1058
     102    2868       1       0       1       0       0       000010000D   1059
     102       0      -5       1       0       0       0       0       0D   1060
     126    2869       1       0       1       0       0       000010000D   1061
     126       0      -5       7       0       0       0       0       0D   1062
     126    2876       1       0       1       0       0       000010000D   1063
     126       0      -5      10       0       0       0       0       0D   1064
     126    2886       1       0       1       0       0       000010000D   1065
     126       0      -5      10       0       0       0       0       0D   1066
     126    2896       1       0       1       0       0       000010000D   1067
     126       0      -5       6       0       0       0       0       0D   1068
     126    2902       1       0       1       0       0       000010000D   1069
     126       0      -5      15       0       0       0       0       0D   1070
     102    2917       1       0       1       0       0       000010000D   1071
     102       0      -5       1       0       0       0       0       0D   1072
     142    2918       1       1       1       0       0       000010000D   1073
     142       1       0       1       0       0       0       0       0D   1074
     144    2919       1       0       1       0       1       000000000D   1075
     144       0      -5       1       0       0       0       0       0D   1076
     406    2920       1       0       1       0       0       000010001D   1077
     406       0      -5       1      15       0       0       0       0D   1078
     128    2921       1       0       1       0       0       000010000D   1079
     128       0      -5      36       0       0       0       0       0D   1080
     126    2957       1       0       1       0       0       000010000D   1081
     126       0      -5       2       1       0       0       0       0D   1082
     126    2959       1       0       1       0       0       000010000D   1083
     126       0      -5       2       1       0       0       0       0D   1084
     126    2961       1       0       1       0       0       000010000D   1085
     126       0      -5       2       1       0       0       0       0D   1086
     126    2963       1       0       1       0       0       000010000D   1087
     126       0      -5       3       1       0       0       0       0D   1088
     126    2966       1       0       1       0       0       000010000D   1089
     126       0      -5       3       1       0       0       0       0D   1090
     102    2969       1       0       1       0       0       000010000D   1091
     102       0      -5       1       0       0       0       0       0D   1092
     126    2970       1       0       1       0       0       000010000D   1093
     126       0      -5      14       0       0       0       0       0D   1094
     126    2984       1       0       1       0       0       000010000D   1095
     126       0      -5       5       0       0       0       0       0D   1096
     126    2989       1       0       1       0       0       000010000D   1097
     126       0      -5      10       0       0       0       0       0D   1098
     126    2999       1       0       1       0       0       000010000D   1099
     126       0      -5       9       0       0       0       0       0D   1100
     126    3008       1       0       1       0       0       000010000D   1101
     126       0      -5       6       0       0       0       0       0D   1102
     102    3014       1       0       1       0       0       000010000D   1103
     102       0      -5       1       0       0       0       0       0D   1104
     142    3015       1       1       1       0       0       000010000D   1105
     142       1       0       1       0       0       0       0       0D   1106
     144    3016       1       0       1       0       1       000000000D   1107
     144       0      -5       1       0       0       0       0       0D   1108
     406    3017       1       0       1       0       0       000010001D   1109
     406       0      -5       1      15       0       0       0       0D   1110
     128    3018       1       0       1       0       0       000010000D   1111
     128       0      -5       5       1       0       0       0       0D   1112
     126    3023       1       0       1       0       0       000010000D   1113
     126       0      -5       4       0       0       0       0       0D   1114
     126    3027       1       0       1       0       0       000010000D   1115
     126       0      -5       4       0       0       0       0       0D   1116
     102    3031       1       0       1       0       0       000010000D   1117
     102       0      -5       1       0       0       0       0       0D   1118
     126    3032       1       0       1       0       0       000010000D   1119
     126       0      -5       5       0       0       0       0       0D   1120
     126    3037       1       0       1       0       0       000010000D   1121
     126       0      -5       5       0       0       0       0       0D   1122
     102    3042       1       0       1       0       0       000010000D   1123
     102       0      -5       1       0       0       0       0       0D   1124
     142    3043       1       1       1       0       0       000010000D   1125
     142       1       0       1       0       0       0       0       0D   1126
     126    3044       1       0       1       0       0       000010000D   1127
     126       0      -5       5       0       0       0       0       0D   1128
     126    3049       1       0       1       0       0       000010000D   1129
     126       0      -5       5       0       0       0       0       0D   1130
     102    3054       1       0       1       0       0       000010000D   1131
     102       0      -5       1       0       0       0       0       0D   1132
     126    3055       1       0       1       0       0       000010000D   1133
     126       0      -5       3       0       0       0       0       0D   1134
     126    3058       1       0       1       0       0       000010000D   1135
     126       0      -5       3       0       0       0       0       0D   1136
     102    3061       1       0       1       0       0       000010000D   1137
     102       0      -5       1       0       0       0       0       0D   1138
     142    3062       1       1       1       0       0       000010000D   1139
     142       1       0       1       0       0       0       0       0D   1140
     144    3063       1       0       1       0       1       000000000D   1141
     144       0      -5       1       0       0       0       0       0D   1142
     406    3064       1       0       1       0       0       000010001D   1143
     406       0      -5       1      15       0       0       0       0D   1144
     128    3065       1       0       1       0       0       000010000D   1145
     128       0      -5       9       2       0       0       0       0D   1146
     126    3074       1       0       1       0       0       000010000D   1147
     126       0      -5       2       1       0       0       0       0D   1148
     126    3076       1       0       1       0       0       000010000D   1149
     126       0      -5       2       1       0       0       0       0D   1150
     126    3078       1       0       1       0       0       000010000D   1151
     126       0      -5       2       1       0       0       0       0D   1152
     126    3080       1       0       1       0       0       000010000D   1153
     126       0      -5       2       1       0       0       0       0D   1154
     102    3082       1       0       1       0       0       000010000D   1155
     102       0      -5       1       0       0       0       0       0D   1156
     126    3083       1       0       1       0       0       000010000D   1157
     126       0      -5       2       1       0       0       0       0D   1158
     126    3085       1       0       1       0       0       000010000D   1159
     126       0      -5       3       0       0       0       0       0D   1160
     126    3088       1       0       1       0       0       000010000D   1161
     126       0      -5       2       1       0       0       0       0D   1162
     126    3090       1       0       1       0       0       000010000D   1163
     126       0      -5       3       0       0       0       0       0D   1164
     102    3093       1       0       1       0       0       000010000D   1165
     102       0      -5       1       0       0       0       0       0D   1166
     142    3094       1       1       1       0       0       000010000D   1167
     142       1       0       1       0       0       0       0       0D   1168
     144    3095       1       0       1       0       1       000000000D   1169
     144       0      -5       1       0       0       0       0       0D   1170
     406    3096       1       0       1       0       0       000010001D   1171
     406       0      -5       1      15       0       0       0       0D   1172
     128    3097       1       0       1       0       0       000010000D   1173
     128       0      -5       9       2       0       0       0       0D   1174
     126    3106       1       0       1       0       0       000010000D   1175
     126       0      -5       2       1       0       0       0       0D   1176
     126    3108       1       0       1       0       0       000010000D   1177
     126       0      -5       2       1       0       0       0       0D   1178
     126    3110       1       0       1       0       0       000010000D   1179
     126       0      -5       2       1       0       0       0       0D   1180
     126    3112       1       0       1       0       0       000010000D   1181
     126       0      -5       2       1       0       0       0       0D   1182
     102    3114       1       0       1       0       0       000010000D   1183
     102       0      -5       1       0       0       0       0       0D   1184
     126    3115       1       0       1       0       0       000010000D   1185
     126       0      -5       3       0       0       0       0       0D   1186
     126    3118       1       0       1       0       0       000010000D   1187
     126       0      -5       2       1       0       0       0       0D   1188
     126    3120       1       0       1       0       0       000010000D   1189
     126       0      -5       3       0       0       0       0       0D   1190
     126    3123       1       0       1       0       0       000010000D   1191
     126       0      -5       2       1       0       0       0       0D   1192
     102    3125       1       0       1       0       0       000010000D   1193
     102       0      -5       1       0       0       0       0       0D   1194
     142    3126       1       1       1       0       0       000010000D   1195
     142       1       0       1       0       0       0       0       0D   1196
     144    3127       1       0       1       0       1       000000000D   1197
     144       0      -5       1       0       0       0       0       0D   1198
     406    3128       1       1       1       0       0       000010001D   1199
     406       0       0       1      15       0       0       0       0D   1200
124,1.,0.,0.,0.,0.,1.,0.,0.,0.,0.,1.,0.;                               1P      1
406,2,0,9HLayer0000,0,0;                                               3P      2
314,62.745098039216,62.745098039216,62.745098039216;                   5P      3
406,1,2HF1;                                                            7P      4
128,1,1,1,1,0,0,1,0,0,0.,0.,1.,1.,0.,0.,1.,1.,1.,1.,1.,1.,-47.,        9P      5
-9.8260446998186,-9.8260446998186,-47.,-9.8260446998186,               9P      6
9.8260446998186,-47.,29.478134099456,-9.8260446998186,-47.,            9P      7
29.478134099456,9.8260446998186,0.,1.,0.,0.50508851745819,0,1,7;       9P      8
126,4,2,1,0,0,0,0.,0.,0.,0.25,0.25,0.5,0.5,0.5,1.,                    11P      9
0.70710678118655,1.,0.70710678118655,1.,1.,0.25,0.,1.,0.5,0.,         11P     10
0.5,0.5,0.,0.,0.5,0.,0.,0.25,0.,0.,0.5,0.,0.,1.;                      11P     11
126,4,2,1,0,0,0,0.5,0.5,0.5,0.75,0.75,1.,1.,1.,1.,                    13P     12
0.70710678118655,1.,0.70710678118655,1.,0.,0.25,0.,0.,0.,0.,0.5,      13P     13
0.,0.,1.,0.,0.,1.,0.25,0.,0.5,1.,0.,0.,1.;                            13P     14
102,2,11,13;                                                          15P     15
126,4,2,0,0,0,0,0.,0.,0.,0.25,0.25,0.5,0.5,0.5,1.,                    17P     16
0.70710678118655,1.,0.70710678118655,1.,-47.,0.,9.8260446998186,      17P     17
-47.,9.8260446998186,9.8260446998186,-47.,9.8260446998186,0.,         17P     18
-47.,9.8260446998186,-9.8260446998186,-47.,0.,-9.8260446998186,       17P     19
0.,0.5,0.,0.,0.;                                                      17P     20
126,4,2,0,0,0,0,0.5,0.5,0.5,0.75,0.75,1.,1.,1.,1.,                    19P     21
0.70710678118655,1.,0.70710678118655,1.,-47.,0.,                      19P     22
-9.8260446998186,-47.,-9.8260446998186,-9.8260446998186,-47.,         19P     23
-9.8260446998186,0.,-47.,-9.8260446998186,9.8260446998186,-47.,       19P     24
0.,9.8260446998186,0.5,1.,0.,0.,0.;                                   19P     25
102,2,17,19;                                                          21P     26
142,0,9,15,21,1;                                                      23P     27
126,4,2,1,0,0,0,0.,0.,0.,0.25,0.25,0.5,0.5,0.5,1.,                    25P     28
0.70710678118655,1.,0.70710678118655,1.,0.5,0.046459301672328,        25P     29
0.,0.092918603344656,0.046459301672328,0.,0.092918603344656,          25P     30
0.25,0.,0.092918603344656,0.45354069832767,0.,0.5,                    25P     31
0.45354069832767,0.,0.,0.5,0.,0.,1.;                                  25P     32
126,4,2,1,0,0,0,0.5,0.5,0.5,0.75,0.75,1.,1.,1.,1.,                    27P     33
0.70710678118655,1.,0.70710678118655,1.,0.5,0.45354069832767,0.,      27P     34
0.90708139665534,0.45354069832767,0.,0.90708139665534,0.25,0.,        27P     35
0.90708139665534,0.046459301672328,0.,0.5,0.046459301672328,0.,       27P     36
0.5,1.,0.,0.,1.;                                                      27P     37
102,2,25,27;                                                          29P     38
126,4,2,0,0,0,0,0.,0.,0.,0.25,0.25,0.5,0.5,0.5,1.,                    31P     39
0.70710678118655,1.,0.70710678118655,1.,-47.,-8.,0.,-47.,-8.,         31P     40
-8.,-47.,0.,-8.,-47.,8.,-8.,-47.,8.,0.,0.,0.5,0.,0.,0.;               31P     41
126,4,2,0,0,0,0,0.5,0.5,0.5,0.75,0.75,1.,1.,1.,1.,                    33P     42
0.70710678118655,1.,0.70710678118655,1.,-47.,8.,0.,-47.,8.,8.,        33P     43
-47.,0.,8.,-47.,-8.,8.,-47.,-8.,0.,0.5,1.,0.,0.,0.;                   33P     44
102,2,31,33;                                                          35P     45
142,0,9,29,35,1;                                                      37P     46
144,9,1,1,23,37,0,1,7;                                                39P     47
406,1,2HF2;                                                           41P     48
128,2,8,2,2,0,1,0,0,0,0.,0.,0.,0.45363500521441,                      43P     49
0.45363500521441,0.45363500521441,0.,0.,0.,18.852089399637,           43P     50
18.852089399637,37.704178799275,37.704178799275,56.556268198912,      43P     51
56.556268198912,75.408357598549,75.408357598549,75.408357598549,      43P     52
0.92866460449978,0.65190340612015,0.8038603701487,                    43P     53
0.65666503928972,0.46096531914617,0.56841511885927,                   43P     54
0.92866460449978,0.65190340612015,0.8038603701487,                    43P     55
0.65666503928972,0.46096531914617,0.56841511885927,                   43P     56
0.92866460449978,0.65190340612015,0.8038603701487,                    43P     57
0.65666503928972,0.46096531914617,0.56841511885927,                   43P     58
0.92866460449978,0.65190340612015,0.8038603701487,                    43P     59
0.65666503928972,0.46096531914617,0.56841511885927,                   43P     60
0.92866460449978,0.65190340612015,0.8038603701487,                    43P     61
-46.827724320307,0.,-10.024113783887,-47.000010331433,0.,             43P     62
-9.9999983971801,-46.999999999647,0.,-9.8260328218526,                43P     63
-46.827724320307,10.024113783887,-10.024113783887,                    43P     64
-47.000010331433,9.9999983971801,-9.9999983971801,                    43P     65
-46.999999999647,9.8260328218526,-9.8260328218526,                    43P     66
-46.827724320307,10.024113783887,0.,-47.000010331433,                 43P     67
9.9999983971801,0.,-46.999999999647,9.8260328218526,0.,               43P     68
-46.827724320307,10.024113783887,10.024113783887,                     43P     69
-47.000010331433,9.9999983971801,9.9999983971801,                     43P     70
-46.999999999647,9.8260328218526,9.8260328218526,                     43P     71
-46.827724320307,0.,10.024113783887,-47.000010331433,0.,              43P     72
9.9999983971801,-46.999999999647,0.,9.8260328218526,                  43P     73
-46.827724320307,-10.024113783887,10.024113783887,                    43P     74
-47.000010331433,-9.9999983971801,9.9999983971801,                    43P     75
-46.999999999647,-9.8260328218526,9.8260328218526,                    43P     76
-46.827724320307,-10.024113783887,0.,-47.000010331433,                43P     77
-9.9999983971801,0.,-46.999999999647,-9.8260328218526,0.,             43P     78
-46.827724320307,-10.024113783887,-10.024113783887,                   43P     79
-47.000010331433,-9.9999983971801,-9.9999983971801,                   43P     80
-46.999999999647,-9.8260328218526,-9.8260328218526,                   43P     81
-46.827724320307,0.,-10.024113783887,-47.000010331433,0.,             43P     82
-9.9999983971801,-46.999999999647,0.,-9.8260328218526,                43P     83
6.1785554658633E-07,0.45363500521441,37.704168680077,                 43P     84
75.408357598549,0,1,41;                                               43P     85
126,1,1,1,0,1,0,0.,0.,1.,1.,1.,1.,6.1785554658633E-07,                45P     86
56.556267374493,0.,6.8077404963493E-06,37.704178799276,0.,0.,1.,      45P     87
0.,0.,1.;                                                             45P     88
126,1,1,1,0,1,0,0.,0.,1.,1.,1.,1.,3.9572862830378E-06,                47P     89
37.704178799275,0.,0.45361590138409,37.704168680077,0.,0.,1.,0.,      47P     90
0.,1.;                                                                47P     91
126,1,1,1,0,1,0,0.,0.,1.,1.,1.,1.,0.45361590194982,                   49P     92
37.704178799688,0.,0.45363500521441,75.408357598549,0.,0.,1.,0.,      49P     93
0.,1.;                                                                49P     94
126,1,1,1,0,1,0,0.,0.,1.,1.,1.,1.,0.45363500521441,                   51P     95
75.408357598549,0.,6.1961363434504E-07,75.408357598549,0.,0.,1.,      51P     96
0.,0.,1.;                                                             51P     97
126,1,1,1,0,1,0,0.,0.,1.,1.,1.,1.,6.1961363434504E-07,                53P     98
75.408357598549,0.,3.6775074493053E-06,56.556267374494,0.,0.,1.,      53P     99
0.,0.,1.;                                                             53P    100
102,5,45,47,49,51,53;                                                 55P    101
126,7,3,0,0,1,0,0.,0.,0.,0.,0.16672838642323,0.50018515926969,        57P    102
0.50018515926969,0.8333950530899,1.,1.,1.,1.,1.,1.,1.,1.,1.,1.,       57P    103
1.,1.,-46.827724649754,-10.024113737773,6.1993960985609E-07,          57P    104
-46.827724853915,-10.024113654963,0.87690773439856,                   57P    105
-46.827725433108,-9.6789110837085,3.5076290451767,                    57P    106
-46.827725952343,-8.3251947226861,5.8510427078169,                    57P    107
-46.827726647419,-5.8519579212234,8.3242791924782,                    57P    108
-46.82772716714,-3.5065584413679,9.6791216228654,                     57P    109
-46.82772774617,-0.87663960753157,10.024113304328,                    57P    110
-46.82772795027,0.,10.024113275756,0.,1.,0.,0.,0.;                    57P    111
126,7,3,0,0,1,0,0.,0.,0.,0.,0.24869194120285,0.74607582360855,        59P    112
0.74607582360855,0.91535860786952,1.,1.,1.,1.,1.,1.,1.,1.,1.,1.,      59P    113
1.,1.,-46.827726430373,0.,10.024113488523,-46.851246426627,           59P    114
7.3994750416228E-07,10.020821069042,-46.920047079033,                 59P    115
2.7646203308382E-06,9.998375671905,-46.969737733361,                  59P    116
4.4719541520834E-06,9.9420122747067,-46.992540880491,                 59P    117
6.0308404933409E-06,9.8825223560139,-46.998527844999,                 59P    118
6.6370487873241E-06,9.8584000013955,-46.999999999811,                 59P    119
7.2512984528619E-06,9.8341335287321,-47.,7.458996283349E-06,          59P    120
9.8260447044995,0.,1.,0.,0.,0.;                                       59P    121
126,11,3,0,0,1,0,0.,0.,0.,0.,0.081372375971701,0.2441171279151,       61P    122
0.2441171279151,0.66725014393191,0.66725014393191,                    61P    123
0.98190919964635,0.98190919964635,0.99396973321545,1.,1.,1.,1.,       61P    124
1.,1.,1.,1.,1.,1.,1.,1.,1.,1.,1.,1.,-47.,-3.0504679764393E-10,        61P    125
9.8260447041505,-47.,-0.85963352472473,9.8260443365932,               61P    126
-46.999999999997,-3.4385339532826,9.4876198301419,                    61P    127
-46.999999999987,-5.7354187039264,8.1607036652405,                    61P    128
-46.999999999954,-10.100905161958,3.7952140207778,                    61P    129
-46.999999999907,-10.732985423104,-1.0679768280099,                   61P    130
-46.999999999792,-6.8504328100678,-7.7823214957993,                   61P    131
-46.999999999742,-3.8687150593386,-9.6179010545685,                   61P    132
-46.999999999658,-0.44328188880595,-9.8168461600147,                  61P    133
-46.999999999654,-0.25331918418339,-9.8241961780085,                  61P    134
-46.999999999649,-0.063329795849529,-9.8260328489285,                 61P    135
-46.999999999647,0.,-9.8260328218526,0.,1.,0.,0.,0.;                  61P    136
126,2,2,0,0,0,0,0.,0.,0.,0.45363438560078,0.45363438560078,           63P    137
0.45363438560078,0.8038603701487,0.65190361367602,                    63P    138
0.92866384845217,-46.999999999647,0.,-9.8260328218526,                63P    139
-47.000010331416,0.,-9.9999981041751,-46.827724650691,0.,             63P    140
-10.024113737641,0.,0.45363438560078,0.,0.,0.;                        63P    141
126,7,3,0,0,1,0,0.,0.,0.,0.,0.18720356815437,0.56161070446312,        65P    142
0.56161070446312,0.85387023482104,1.,1.,1.,1.,1.,1.,1.,1.,1.,1.,      65P    143
1.,1.,-46.827724650691,0.,-10.024113737641,-46.827724764083,          65P    144
-0.98588158082109,-10.024113721769,-46.827725083474,                  65P    145
-3.9435263162597,-9.5877827129708,-46.827725367734,                   65P    146
-6.4898417044871,-7.8882996733813,-46.827725711995,                   65P    147
-8.7135449804424,-5.1874140350723,-46.827725915065,                   65P    148
-9.7590781418081,-3.073468394352,-46.827726192817,                    65P    149
-10.024113569296,-0.76836662846913,-46.827726281192,                  65P    150
-10.024113509406,6.1993908814016E-07,0.,1.,0.,0.,0.;                  65P    151
102,5,57,59,61,63,65;                                                 67P    152
142,0,43,55,67,1;                                                     69P    153
144,43,1,0,69,0,1,41;                                                 71P    154
406,1,2HF3;                                                           73P    155
128,2,8,2,2,0,1,0,0,0,0.,0.,0.,0.45363500521441,                      75P    156
0.45363500521441,0.45363500521441,0.,0.,0.,18.852089399637,           75P    157
18.852089399637,37.704178799275,37.704178799275,56.556268198912,      75P    158
56.556268198912,75.408357598549,75.408357598549,75.408357598549,      75P    159
0.92866460449978,0.65190340612015,0.8038603701487,                    75P    160
0.65666503928972,0.46096531914617,0.56841511885927,                   75P    161
0.92866460449978,0.65190340612015,0.8038603701487,                    75P    162
0.65666503928972,0.46096531914617,0.56841511885927,                   75P    163
0.92866460449978,0.65190340612015,0.8038603701487,                    75P    164
0.65666503928972,0.46096531914617,0.56841511885927,                   75P    165
0.92866460449978,0.65190340612015,0.8038603701487,                    75P    166
0.65666503928972,0.46096531914617,0.56841511885927,                   75P    167
0.92866460449978,0.65190340612015,0.8038603701487,                    75P    168
-46.827724320307,0.,-10.024113783887,-47.000010331433,0.,             75P    169
-9.9999983971801,-46.999999999647,0.,-9.8260328218526,                75P    170
-46.827724320307,10.024113783887,-10.024113783887,                    75P    171
-47.000010331433,9.9999983971801,-9.9999983971801,                    75P    172
-46.999999999647,9.8260328218526,-9.8260328218526,                    75P    173
-46.827724320307,10.024113783887,0.,-47.000010331433,                 75P    174
9.9999983971801,0.,-46.999999999647,9.8260328218526,0.,               75P    175
-46.827724320307,10.024113783887,10.024113783887,                     75P    176
-47.000010331433,9.9999983971801,9.9999983971801,                     75P    177
-46.999999999647,9.8260328218526,9.8260328218526,                     75P    178
-46.827724320307,0.,10.024113783887,-47.000010331433,0.,              75P    179
9.9999983971801,-46.999999999647,0.,9.8260328218526,                  75P    180
-46.827724320307,-10.024113783887,10.024113783887,                    75P    181
-47.000010331433,-9.9999983971801,9.9999983971801,                    75P    182
-46.999999999647,-9.8260328218526,9.8260328218526,                    75P    183
-46.827724320307,-10.024113783887,0.,-47.000010331433,                75P    184
-9.9999983971801,0.,-46.999999999647,-9.8260328218526,0.,             75P    185
-46.827724320307,-10.024113783887,-10.024113783887,                   75P    186
-47.000010331433,-9.9999983971801,-9.9999983971801,                   75P    187
-46.999999999647,-9.8260328218526,-9.8260328218526,                   75P    188
-46.827724320307,0.,-10.024113783887,-47.000010331433,0.,             75P    189
-9.9999983971801,-46.999999999647,0.,-9.8260328218526,0.,             75P    190
0.45363500465289,0.,37.704178799688,0,1,73;                           75P    191
126,1,1,1,0,1,0,0.,0.,0.5,0.5,1.,1.,0.,37.704178799688,0.,            77P    192
6.7879837587631E-07,18.852089399844,0.,0.,0.5,0.,0.,1.;               77P    193
126,1,1,1,0,1,0,0.5,0.5,1.,1.,1.,1.,6.7879837587631E-07,              79P    194
18.852089399844,0.,1.3575966650164E-06,0.,0.,0.5,1.,0.,0.,1.;         79P    195
126,1,1,1,0,1,0,0.,0.,1.,1.,1.,1.,1.3575966650164E-06,0.,0.,          81P    196
0.45363500465289,0.,0.,0.,1.,0.,0.,1.;                                81P    197
126,1,1,1,0,1,0,0.,0.,1.,1.,1.,1.,0.45363500465289,0.,0.,             83P    198
0.45361590138409,37.704168680077,0.,0.,1.,0.,0.,1.;                   83P    199
126,1,1,1,0,1,0,0.,0.,1.,1.,1.,1.,0.45361590194965,                   85P    200
37.704178799688,0.,0.,37.704178799688,0.,0.,1.,0.,0.,1.;              85P    201
102,5,77,79,81,83,85;                                                 87P    202
126,7,3,0,0,1,0,0.,0.,0.,0.,0.18720356473439,0.56161069420316,        89P    203
0.56161069420316,0.85387023140105,1.,1.,1.,1.,1.,1.,1.,1.,1.,1.,      89P    204
1.,1.,-46.827724320307,-3.1119579658552E-10,10.024113783887,          89P    205
-46.827724345478,0.98588154702649,10.024113780394,                    89P    206
-46.827724425606,3.9435261874938,9.5877828368293,                     89P    207
-46.827724479478,6.489841533685,7.8882999574919,                      89P    208
-46.827724555898,8.7135449176687,5.1874144587743,                     89P    209
-46.827724606581,9.7590781484178,3.0734689503224,                     89P    210
-46.827724662631,10.024113735958,0.76836723746153,                    89P    211
-46.827724682249,10.024113733224,1.5559789750586E-10,0.,1.,0.,        89P    212
0.,0.;                                                                89P    213
126,7,3,0,0,1,0,0.,0.,0.,0.,0.18720356478994,0.56161069436981,        91P    214
0.56161069436981,0.8538702314566,1.,1.,1.,1.,1.,1.,1.,1.,1.,1.,       91P    215
1.,1.,-46.827724682249,10.024113733224,1.5559789750586E-10,           91P    216
-46.82772470742,10.024113729716,-0.98588154247889,                    91P    217
-46.827724787548,9.5877827880633,-3.9435261688298,                    91P    218
-46.82772484142,7.8882999163659,-6.4898415025873,                     91P    219
-46.82772491784,5.1874144307289,-8.7135448746137,                     91P    220
-46.827724968523,3.0734689335078,-9.7590780993368,                    91P    221
-46.827725024573,0.76836723314015,-10.024113685307,                   91P    222
-46.827725044191,0.,-10.024113682561,0.,1.,0.,0.,0.;                  91P    223
126,2,2,0,0,0,0,1.3575966650164E-06,1.3575966650164E-06,              93P    224
1.3575966650164E-06,0.45363500521441,0.45363500521441,                93P    225
0.45363500521441,0.92866294797325,0.65190386088282,                   93P    226
0.8038603701487,-46.827725044191,0.,-10.024113682561,                 93P    227
-47.000010331395,0.,-9.9999977551955,-46.999999999647,0.,             93P    228
-9.8260328218526,1.3575966650164E-06,0.45363500521441,0.,0.,0.;       93P    229
126,11,3,0,0,1,0,0.,0.,0.,0.,0.081372294774045,0.24411688432214,      95P    230
0.24411688432214,0.6672498147686,0.6672498147686,                     95P    231
0.98190912315728,0.98190912315728,0.99396970771909,1.,1.,1.,1.,       95P    232
1.,1.,1.,1.,1.,1.,1.,1.,1.,1.,1.,1.,-46.999999999647,0.,              95P    233
-9.8260328222019,-46.999999999669,0.85963250827722,                   95P    234
-9.8260331897269,-46.999999999728,3.4385301777974,                    95P    235
-9.4876111595025,-46.999999999774,5.7354132551047,                    95P    236
-8.1606984030983,-46.999999999874,10.100901152583,                    95P    237
-3.7952156330031,-46.99999999993,10.732985602848,                     95P    238
1.0679725418536,-46.999999999986,6.8504424309548,                     95P    239
7.7823219492141,-46.999999999998,3.8687258050261,9.617906057244,      95P    240
-47.,0.44329104573265,9.8168572703124,-47.,0.25332761906131,          95P    241
9.8242076404272,-47.,0.063337499557438,9.8260446293491,-47.,          95P    242
7.458996283349E-06,9.8260447044995,0.,1.,0.,0.,0.;                    95P    243
126,2,2,0,0,0,0,1.910326475818E-05,1.910326475818E-05,                97P    244
1.910326475818E-05,0.45363500521441,0.45363500521441,                 97P    245
0.45363500521441,0.80384757261772,0.65191506094966,                   97P    246
0.92866460448784,-47.,-3.049839475845E-10,9.8260447041506,            97P    247
-46.999999996232,-3.1038322336627E-10,9.999999843829,                 97P    248
-46.827724320307,-3.1113167962227E-10,10.024113783887,                97P    249
1.910326475818E-05,0.45363500521441,0.,0.,0.;                         97P    250
102,5,89,91,93,95,97;                                                 99P    251
142,0,75,87,99,1;                                                    101P    252
144,75,1,0,101,0,1,73;                                               103P    253
406,1,2HF4;                                                          105P    254
128,1,8,1,2,0,1,0,0,0,0.,0.,1.,1.,0.,0.,0.,0.25,0.25,0.5,0.5,        107P    255
0.75,0.75,1.,1.,1.,1.,1.,0.70710678118655,0.70710678118655,1.,       107P    256
1.,0.70710678118655,0.70710678118655,1.,1.,0.70710678118655,         107P    257
0.70710678118655,1.,1.,0.70710678118655,0.70710678118655,1.,1.,      107P    258
-75.441683782512,6.0189585823995,0.,-10.161054620263,                107P    259
15.156423524673,0.,-75.441683782512,6.0189585823995,                 107P    260
-6.0189585823995,-10.161054620263,15.156423524673,                   107P    261
-15.156423524673,-75.441683782512,0.,-6.0189585823995,               107P    262
-10.161054620263,0.,-15.156423524673,-75.441683782512,               107P    263
-6.0189585823995,-6.0189585823995,-10.161054620263,                  107P    264
-15.156423524673,-15.156423524673,-75.441683782512,                  107P    265
-6.0189585823995,0.,-10.161054620263,-15.156423524673,0.,            107P    266
-75.441683782512,-6.0189585823995,6.0189585823995,                   107P    267
-10.161054620263,-15.156423524673,15.156423524673,                   107P    268
-75.441683782512,0.,6.0189585823995,-10.161054620263,0.,             107P    269
15.156423524673,-75.441683782512,6.0189585823995,                    107P    270
6.0189585823995,-10.161054620263,15.156423524673,                    107P    271
15.156423524673,-75.441683782512,6.0189585823995,0.,                 107P    272
-10.161054620263,15.156423524673,0.,0.43832236111533,                107P    273
0.57142621006927,0.,0.50000000251442,0,1,105;                        107P    274
126,1,1,1,0,1,0,0.,0.,1.,1.,1.,1.,0.57142621006927,                  109P    275
0.49999999745017,0.,0.43832236111533,0.49999999745017,0.,0.,1.,      109P    276
0.,0.,1.;                                                            109P    277
126,1,1,1,0,1,0,0.,0.,0.5,0.5,1.,1.,0.43832236111533,                111P    278
0.49999999490035,0.,0.43832236111533,0.24999999745017,0.,0.,0.5,     111P    279
0.,0.,1.;                                                            111P    280
126,1,1,1,0,1,0,0.5,0.5,1.,1.,1.,1.,0.43832236111533,                113P    281
0.24999999745017,0.,0.43832236111533,0.,0.,0.5,1.,0.,0.,1.;          113P    282
126,1,1,1,0,1,0,0.,0.,1.,1.,1.,1.,0.43832236111533,0.,0.,            115P    283
0.57142620990127,0.,0.,0.,1.,0.,0.,1.;                               115P    284
126,1,1,1,0,1,0,0.,0.,0.5,0.5,1.,1.,0.57142620990127,0.,0.,          117P    285
0.57142620990127,0.25000000125721,0.,0.,0.5,0.,0.,1.;                117P    286
126,1,1,1,0,1,0,0.5,0.5,1.,1.,1.,1.,0.57142620990127,                119P    287
0.25000000125721,0.,0.57142620990127,0.50000000251442,0.,0.5,1.,     119P    288
0.,0.,1.;                                                            119P    289
102,6,109,111,113,115,117,119;                                       121P    290
126,1,1,0,0,0,0,0.42857378993073,0.42857378993073,                   123P    291
0.56167763888467,0.56167763888467,0.99999999402539,                  123P    292
0.99999999402539,-38.138621269391,-11.240345544004,                  123P    293
-1.6213065893781E-07,-46.82772427302,-10.024113790505,               123P    294
-1.4458774134299E-07,0.42857378993073,0.56167763888467,0.,0.,0.;     123P    295
126,4,2,0,0,0,0,0.50000000509965,0.50000000509965,                   125P    296
0.50000000509965,0.75,0.75,0.75000000254983,0.75000000254983,        125P    297
0.75000000254983,0.99999998805077,0.70710678716116,1.,               125P    298
0.99999999701269,0.99999999402539,-46.82772427302,                   125P    299
-10.024113790505,-2.891754697312E-07,-46.82772427302,                125P    300
-10.02411350133,-10.024113790505,-46.82772427302,0.,                 125P    301
-10.024113790505,-46.82772427302,7.2293870671493E-08,                125P    302
-10.024113790505,-46.82772427302,1.4458774072919E-07,                125P    303
-10.024113790505,0.50000000509965,0.75000000254983,0.,0.,0.;         125P    304
126,2,2,0,0,0,0,0.75000000254983,0.75000000254983,                   127P    305
0.75000000254983,1.,1.,1.,0.99999999402539,0.70710678417385,1.,      127P    306
-46.82772427302,1.4458774072919E-07,-10.024113790505,                127P    307
-46.82772427302,10.024113790505,-10.024113645918,                    127P    308
-46.82772427302,10.024113790505,0.,0.75000000254983,1.,0.,0.,0.;     127P    309
126,1,1,0,0,0,0,0.43832236111533,0.43832236111533,                   129P    310
0.57142620990127,0.57142620990127,1.,1.,-46.82772427302,             129P    311
10.024113790505,0.,-38.138621280358,11.240345542469,0.,              129P    312
0.43832236111533,0.57142620990127,0.,0.,0.;                          129P    313
126,4,2,0,0,0,0,0.,0.,0.,0.25,0.25,0.25000000125721,                 131P    314
0.25000000125721,0.25000000125721,1.,0.70710678118655,1.,            131P    315
0.99999999852709,0.99999999705417,-38.138621280358,                  131P    316
11.240345542469,0.,-38.138621280358,11.240345542469,                 131P    317
-11.240345542469,-38.138621280358,0.,-11.240345542469,               131P    318
-38.138621280358,-3.9969879682571E-08,-11.240345542469,              131P    319
-38.138621280358,-7.9939760053416E-08,-11.240345542469,0.,           131P    320
0.25000000125721,0.,0.,0.;                                           131P    321
126,4,2,0,0,0,0,0.25000000125721,0.25000000125721,                   133P    322
0.25000000125721,0.5,0.5,0.50000000251442,0.50000000251442,          133P    323
0.50000000251442,0.99999999705417,0.70710678265946,1.,               133P    324
0.99999999705417,0.99999999410834,-38.138621280358,                  133P    325
-7.9939760053416E-08,-11.240345542469,-38.138621280358,              133P    326
-11.240345542469,-11.240345462529,-38.138621280358,                  133P    327
-11.240345542469,0.,-38.138621280358,-11.240345542469,               133P    328
7.9939755953211E-08,-38.138621280358,-11.240345542469,               133P    329
1.5987951328297E-07,0.25000000125721,0.50000000251442,0.,0.,0.;      133P    330
102,6,123,125,127,129,131,133;                                       135P    331
142,0,107,121,135,1;                                                 137P    332
144,107,1,0,137,0,1,105;                                             139P    333
406,1,2HF5;                                                          141P    334
128,1,8,1,2,0,1,0,0,0,0.,0.,1.,1.,0.,0.,0.,0.25,0.25,0.5,0.5,        143P    335
0.75,0.75,1.,1.,1.,1.,1.,0.70710678118655,0.70710678118655,1.,       143P    336
1.,0.70710678118655,0.70710678118655,1.,1.,0.70710678118655,         143P    337
0.70710678118655,1.,1.,0.70710678118655,0.70710678118655,1.,1.,      143P    338
-75.441683782512,6.0189585823995,0.,-10.161054620263,                143P    339
15.156423524673,0.,-75.441683782512,6.0189585823995,                 143P    340
-6.0189585823995,-10.161054620263,15.156423524673,                   143P    341
-15.156423524673,-75.441683782512,0.,-6.0189585823995,               143P    342
-10.161054620263,0.,-15.156423524673,-75.441683782512,               143P    343
-6.0189585823995,-6.0189585823995,-10.161054620263,                  143P    344
-15.156423524673,-15.156423524673,-75.441683782512,                  143P    345
-6.0189585823995,0.,-10.161054620263,-15.156423524673,0.,            143P    346
-75.441683782512,-6.0189585823995,6.0189585823995,                   143P    347
-10.161054620263,-15.156423524673,15.156423524673,                   143P    348
-75.441683782512,0.,6.0189585823995,-10.161054620263,0.,             143P    349
15.156423524673,-75.441683782512,6.0189585823995,                    143P    350
6.0189585823995,-10.161054620263,15.156423524673,                    143P    351
15.156423524673,-75.441683782512,6.0189585823995,0.,                 143P    352
-10.161054620263,15.156423524673,0.,0.43832236012941,                143P    353
0.57142620274274,0.50000000821593,1.,0,1,141;                        143P    354
126,1,1,1,0,1,0,0.,0.,1.,1.,1.,1.,0.57142620274274,                  145P    355
0.74999998159637,0.,0.57142620274274,1.,0.,0.,1.,0.,0.,1.;           145P    356
126,1,1,1,0,1,0,0.,0.,1.,1.,1.,1.,0.57142620274274,1.,0.,            147P    357
0.43832236012941,1.,0.,0.,1.,0.,0.,1.;                               147P    358
126,1,1,1,0,1,0,0.,0.,1.,1.,1.,1.,0.43832236012941,1.,0.,            149P    359
0.43832236012941,0.74999999241994,0.,0.,1.,0.,0.,1.;                 149P    360
126,1,1,1,0,1,0,0.,0.,1.,1.,1.,1.,0.43832236013224,                  151P    361
0.74999999242039,0.,0.43832236013224,0.50000000869379,0.,0.,1.,      151P    362
0.,0.,1.;                                                            151P    363
126,1,1,1,0,1,0,0.,0.,1.,1.,1.,1.,0.43832236309771,                  153P    364
0.50000000821593,0.,0.57142620274274,0.50000000821593,0.,0.,1.,      153P    365
0.,0.,1.;                                                            153P    366
126,1,1,1,0,1,0,0.,0.,1.,1.,1.,1.,0.57142620274274,                  155P    367
0.50000001643155,0.,0.57142620274274,0.74999998159637,0.,0.,1.,      155P    368
0.,0.,1.;                                                            155P    369
102,6,145,147,149,151,153,155;                                       157P    370
126,4,2,0,0,0,0,0.74999998159637,0.74999998159637,                   159P    371
0.74999998159637,0.75,0.75,1.,1.,1.,0.99999995687761,                159P    372
0.9999999784388,1.,0.70710678118655,1.,-38.138621747671,             159P    373
-1.1701949351161E-06,11.240345477058,-38.138621747671,               159P    374
-5.8509746859044E-07,11.240345477058,-38.138621747671,0.,            159P    375
11.240345477058,-38.138621747671,11.240345477058,                    159P    376
11.240345477058,-38.138621747671,11.240345477058,0.,                 159P    377
0.74999998159637,1.,0.,0.,0.;                                        159P    378
126,1,1,0,0,0,0,0.42857379725726,0.42857379725726,                   161P    379
0.56167763987059,0.56167763987059,1.,1.,-38.138621747671,            161P    380
11.240345477058,0.,-46.827724337382,10.024113781497,0.,              161P    381
0.42857379725726,0.56167763987059,0.,0.,0.;                          161P    382
126,4,2,0,0,0,0,0.,0.,0.,0.25,0.25,0.25000000758006,                 163P    383
0.25000000758006,0.25000000758006,1.,0.70710678118655,1.,            163P    384
0.9999999911194,0.99999998223881,-46.827724337382,                   163P    385
10.024113781497,0.,-46.827724337382,10.024113781497,                 163P    386
10.024113781497,-46.827724337382,0.,10.024113781497,                 163P    387
-46.827724337382,-2.1491354720995E-07,10.024113781497,               163P    388
-46.827724337382,-4.2982709257851E-07,10.024113781497,0.,            163P    389
0.25000000758006,0.,0.,0.;                                           163P    390
126,2,2,0,0,0,0,0.25000000757961,0.25000000757961,                   165P    391
0.25000000757961,0.49999999130621,0.49999999130621,                  165P    392
0.49999999130621,0.99999998223988,0.70710680025202,                  165P    393
0.99999997962917,-46.827724337197,-4.2980118024278E-07,              165P    394
10.024113781522,-46.827724337197,-10.024113288541,                   165P    395
10.024113351721,-46.827724337197,-10.024113781522,                   165P    396
4.9298115740373E-07,0.25000000757961,0.49999999130621,0.,0.,0.;      165P    397
126,1,1,0,0,0,0,0.43832236309771,0.43832236309771,                   167P    398
0.57142620274274,0.57142620274274,0.99999998074887,                  167P    399
0.99999998074887,-46.82772414361,-10.024113808619,                   167P    400
4.6588404454153E-07,-38.138621747671,-11.240345477058,               167P    401
5.2241003173697E-07,0.43832236309771,0.57142620274274,0.,0.,0.;      167P    402
126,2,2,0,0,0,0,0.50000001643155,0.50000001643155,                   169P    403
0.50000001643155,0.74999998159637,0.74999998159637,                  169P    404
0.74999998159637,0.99999996149848,0.7071068219985,                   169P    405
0.99999995687761,-38.138621747671,-11.240345477058,                  169P    406
1.0448000898793E-06,-38.138621747671,-11.240344432258,               169P    407
11.240344306863,-38.138621747671,-1.1701949429158E-06,               169P    408
11.240345477058,0.50000001643155,0.74999998159637,0.,0.,0.;          169P    409
102,6,159,161,163,165,167,169;                                       171P    410
142,0,143,157,171,1;                                                 173P    411
144,143,1,0,173,0,1,141;                                             175P    412
406,1,2HF6;                                                          177P    413
128,4,8,2,2,0,1,0,0,0,0.,0.,0.,0.10283742899192,                     179P    414
0.10283742899192,0.27682741383249,0.27682741383249,                  179P    415
0.27682741383249,0.,0.,0.,0.25,0.25,0.5,0.5,0.75,0.75,1.,1.,1.,      179P    416
0.78666754423926,0.84574385651212,1.,0.73901502273914,               179P    417
0.75048267890169,0.55625795507095,0.59803121608658,                  179P    418
0.70710678118655,0.52256253397758,0.53067139141443,                  179P    419
0.78666754423926,0.84574385651212,1.,0.73901502273914,               179P    420
0.75048267890169,0.55625795507095,0.59803121608658,                  179P    421
0.70710678118655,0.52256253397758,0.53067139141443,                  179P    422
0.78666754423926,0.84574385651212,1.,0.73901502273914,               179P    423
0.75048267890169,0.55625795507095,0.59803121608658,                  179P    424
0.70710678118655,0.52256253397758,0.53067139141443,                  179P    425
0.78666754423926,0.84574385651212,1.,0.73901502273914,               179P    426
0.75048267890169,0.55625795507095,0.59803121608658,                  179P    427
0.70710678118655,0.52256253397758,0.53067139141443,                  179P    428
0.78666754423926,0.84574385651212,1.,0.73901502273914,               179P    429
0.75048267890169,-37.000000551785,0.,-10.249970263015,               179P    430
-36.999991157555,0.,-10.565880896861,-37.181470232014,0.,            179P    431
-10.824463328977,-37.532856819579,0.,-11.32514032822,                179P    432
-38.138628771692,0.,-11.240344493862,-37.000000551785,               179P    433
10.249970263015,-10.249970263015,-36.999991157555,                   179P    434
10.565880896861,-10.565880896861,-37.181470232014,                   179P    435
10.824463328977,-10.824463328977,-37.532856819579,                   179P    436
11.32514032822,-11.32514032822,-38.138628771692,11.240344493862,     179P    437
-11.240344493862,-37.000000551785,10.249970263015,0.,                179P    438
-36.999991157555,10.565880896861,0.,-37.181470232014,                179P    439
10.824463328977,0.,-37.532856819579,11.32514032822,0.,               179P    440
-38.138628771692,11.240344493862,0.,-37.000000551785,                179P    441
10.249970263015,10.249970263015,-36.999991157555,                    179P    442
10.565880896861,10.565880896861,-37.181470232014,                    179P    443
10.824463328977,10.824463328977,-37.532856819579,11.32514032822,     179P    444
11.32514032822,-38.138628771692,11.240344493862,11.240344493862,     179P    445
-37.000000551785,0.,10.249970263015,-36.999991157555,0.,             179P    446
10.565880896861,-37.181470232014,0.,10.824463328977,                 179P    447
-37.532856819579,0.,11.32514032822,-38.138628771692,0.,              179P    448
11.240344493862,-37.000000551785,-10.249970263015,                   179P    449
10.249970263015,-36.999991157555,-10.565880896861,                   179P    450
10.565880896861,-37.181470232014,-10.824463328977,                   179P    451
10.824463328977,-37.532856819579,-11.32514032822,11.32514032822,     179P    452
-38.138628771692,-11.240344493862,11.240344493862,                   179P    453
-37.000000551785,-10.249970263015,0.,-36.999991157555,               179P    454
-10.565880896861,0.,-37.181470232014,-10.824463328977,0.,            179P    455
-37.532856819579,-11.32514032822,0.,-38.138628771692,                179P    456
-11.240344493862,0.,-37.000000551785,-10.249970263015,               179P    457
-10.249970263015,-36.999991157555,-10.565880896861,                  179P    458
-10.565880896861,-37.181470232014,-10.824463328977,                  179P    459
-10.824463328977,-37.532856819579,-11.32514032822,                   179P    460
-11.32514032822,-38.138628771692,-11.240344493862,                   179P    461
-11.240344493862,-37.000000551785,0.,-10.249970263015,               179P    462
-36.999991157555,0.,-10.565880896861,-37.181470232014,0.,            179P    463
-10.824463328977,-37.532856819579,0.,-11.32514032822,                179P    464
-38.138628771692,0.,-11.240344493862,1.9982408572261E-07,            179P    465
0.27682741383249,0.5,1.,0,1,177;                                     179P    466
126,1,1,1,0,1,0,0.,0.,1.,1.,1.,1.,4.2521618653368E-06,               181P    467
0.50000000411912,0.,0.2768263537365,0.50000000411912,0.,0.,1.,       181P    468
0.,0.,1.;                                                            181P    469
126,1,1,1,0,1,0,0.,0.,1.,1.,1.,1.,0.2768263537365,                   183P    470
0.50000000823825,0.,0.27682650419171,0.75000001833317,0.,0.,1.,      183P    471
0.,0.,1.;                                                            183P    472
126,1,1,1,0,1,0,0.,0.,1.,1.,1.,1.,0.27682640267236,                  185P    473
0.75000001833317,0.,0.27682741383249,0.99999999999977,0.,0.,1.,      185P    474
0.,0.,1.;                                                            185P    475
126,1,1,1,0,1,0,0.,0.,1.,1.,1.,1.,0.27682741383249,1.,0.,            187P    476
1.9982408572261E-07,1.,0.,0.,1.,0.,0.,1.;                            187P    477
126,1,1,1,0,1,0,0.,0.,1.,1.,1.,1.,1.9982408572261E-07,1.,0.,         189P    478
4.5013297356733E-06,0.5,0.,0.,1.,0.,0.,1.;                           189P    479
102,5,181,183,185,187,189;                                           191P    480
126,4,2,0,0,0,0,4.2521618653368E-06,4.2521618653368E-06,             193P    481
4.2521618653368E-06,0.10283742899192,0.10283742899192,               193P    482
0.2768263537365,0.2768263537365,0.2768263537365,                     193P    483
0.78667242222976,0.84575022659199,0.99999999034829,                  193P    484
0.73901660575035,0.7504825319268,-37.000000551344,                   193P    485
-2.3883819133566E-07,10.24999834961,-37.000000029994,                193P    486
-2.4619895396681E-07,10.565893538852,-37.181470232014,               193P    487
-2.5222396122581E-07,10.824463328977,-37.532853922556,               193P    488
-2.6389028033849E-07,11.325136200366,-38.138621502721,               193P    489
-2.6191454822403E-07,11.240345511344,4.2521618653368E-06,            193P    490
0.2768263537365,0.,0.,0.;                                            193P    491
126,7,3,0,0,1,0,0.,0.,0.,0.,0.16670756602923,0.50012269808768,       195P    492
0.50012269808768,0.83337423269589,1.,1.,1.,1.,1.,1.,1.,1.,1.,1.,     195P    493
1.,1.,-38.138621502721,-5.2382911651257E-07,11.240345511344,         195P    494
-38.138621566569,-0.98379741407346,11.24034545656,                   195P    495
-38.138621747696,-3.9351880632293,10.852870243075,                   195P    496
-38.138621909841,-6.5604900217571,9.3357592099175,                   195P    497
-38.138622127204,-9.3350794700612,6.5611692299813,                   195P    498
-38.138622268733,-10.853326897396,3.9328694783411,                   195P    499
-38.138622470568,-11.240345477839,0.98321648438616,                  195P    500
-38.138622534378,-11.24034536694,-1.1657145775558E-06,0.,1.,0.,      195P    501
0.,0.;                                                               195P    502
126,7,3,0,0,1,0,0.,0.,0.,0.,0.16667585096902,0.50002755290705,       197P    503
0.50002755290705,0.83334251763568,1.,1.,1.,1.,1.,1.,1.,1.,1.,1.,     197P    504
1.,1.,-38.138621838269,-11.240345464376,-1.1657147217885E-06,        197P    505
-38.138622267292,-11.240345302316,-0.9836201363545,                  197P    506
-38.138623484381,-10.853009910724,-3.9344769844567,                  197P    507
-38.138624574669,-9.3352309169423,-6.5610177113926,                  197P    508
-38.138626035214,-6.5611692995151,-9.3350787026471,                  197P    509
-38.138627126225,-3.9328700088354,-10.853325900611,                  197P    510
-38.138628342845,-0.98321749631241,-11.240344553891,                 197P    511
-38.138628771692,-1.436578141998E-11,-11.240344493862,0.,1.,0.,      197P    512
0.,0.;                                                               197P    513
126,4,2,0,0,0,0,0.,0.,0.,0.17398998484057,0.17398998484057,          199P    514
0.2768272140084,0.2768272140084,0.2768272140084,                     199P    515
0.75048267890169,0.73901502273914,1.,0.84574415624825,               199P    516
0.78666777382276,-38.138628771692,0.,-11.240344493862,               199P    517
-37.532856819579,0.,-11.32514032822,-37.181470232014,0.,             199P    518
-10.824463328977,-36.999991574506,0.,-10.565881490957,               199P    519
-37.000000551747,0.,-10.249971582907,0.,0.2768272140084,0.,0.,       199P    520
0.;                                                                  199P    521
126,11,3,0,0,1,0,0.,0.,0.,0.,0.091555405174382,0.27466621552315,     201P    522
0.27466621552315,0.6923831719633,0.6923831719633,                    201P    523
0.97987777083718,0.97987777083718,0.99329259027906,1.,1.,1.,1.,      201P    524
1.,1.,1.,1.,1.,1.,1.,1.,1.,1.,1.,1.,-37.000000551747,0.,             201P    525
-10.249971582907,-37.000000551719,-1.0068630928472,                  201P    526
-10.249972569672,-37.000000551644,-4.0274528075773,                  201P    527
-9.8049029158778,-37.000000551587,-6.629140877433,                   201P    528
-8.0710763106662,-37.000000551474,-10.819144976932,                  201P    529
-2.9930154018854,-37.000000551414,-11.038259200522,                  201P    530
2.0260558938198,-37.000000551358,-6.6758094311434,                   201P    531
8.3898374968382,-37.000000551345,-3.8045805980133,                   201P    532
10.025488348475,-37.000000551343,-0.5144088986784,                   201P    533
10.238138391288,-37.000000551343,-0.2939698569988,                   201P    534
10.24762847504,-37.000000551343,-0.073492464830762,                  201P    535
10.249999923396,-37.000000551343,0.,10.249999995421,0.,1.,0.,0.,     201P    536
0.;                                                                  201P    537
102,5,193,195,197,199,201;                                           203P    538
142,0,179,191,203,1;                                                 205P    539
144,179,1,0,205,0,1,177;                                             207P    540
406,1,2HF7;                                                          209P    541
128,4,8,2,2,0,1,0,0,0,0.,0.,0.,0.10283742899192,                     211P    542
0.10283742899192,0.27682741383249,0.27682741383249,                  211P    543
0.27682741383249,0.,0.,0.,0.25,0.25,0.5,0.5,0.75,0.75,1.,1.,1.,      211P    544
0.78666754423926,0.84574385651212,1.,0.73901502273914,               211P    545
0.75048267890169,0.55625795507095,0.59803121608658,                  211P    546
0.70710678118655,0.52256253397758,0.53067139141443,                  211P    547
0.78666754423926,0.84574385651212,1.,0.73901502273914,               211P    548
0.75048267890169,0.55625795507095,0.59803121608658,                  211P    549
0.70710678118655,0.52256253397758,0.53067139141443,                  211P    550
0.78666754423926,0.84574385651212,1.,0.73901502273914,               211P    551
0.75048267890169,0.55625795507095,0.59803121608658,                  211P    552
0.70710678118655,0.52256253397758,0.53067139141443,                  211P    553
0.78666754423926,0.84574385651212,1.,0.73901502273914,               211P    554
0.75048267890169,0.55625795507095,0.59803121608658,                  211P    555
0.70710678118655,0.52256253397758,0.53067139141443,                  211P    556
0.78666754423926,0.84574385651212,1.,0.73901502273914,               211P    557
0.75048267890169,-37.000000551785,0.,-10.249970263015,               211P    558
-36.999991157555,0.,-10.565880896861,-37.181470232014,0.,            211P    559
-10.824463328977,-37.532856819579,0.,-11.32514032822,                211P    560
-38.138628771692,0.,-11.240344493862,-37.000000551785,               211P    561
10.249970263015,-10.249970263015,-36.999991157555,                   211P    562
10.565880896861,-10.565880896861,-37.181470232014,                   211P    563
10.824463328977,-10.824463328977,-37.532856819579,                   211P    564
11.32514032822,-11.32514032822,-38.138628771692,11.240344493862,     211P    565
-11.240344493862,-37.000000551785,10.249970263015,0.,                211P    566
-36.999991157555,10.565880896861,0.,-37.181470232014,                211P    567
10.824463328977,0.,-37.532856819579,11.32514032822,0.,               211P    568
-38.138628771692,11.240344493862,0.,-37.000000551785,                211P    569
10.249970263015,10.249970263015,-36.999991157555,                    211P    570
10.565880896861,10.565880896861,-37.181470232014,                    211P    571
10.824463328977,10.824463328977,-37.532856819579,11.32514032822,     211P    572
11.32514032822,-38.138628771692,11.240344493862,11.240344493862,     211P    573
-37.000000551785,0.,10.249970263015,-36.999991157555,0.,             211P    574
10.565880896861,-37.181470232014,0.,10.824463328977,                 211P    575
-37.532856819579,0.,11.32514032822,-38.138628771692,0.,              211P    576
11.240344493862,-37.000000551785,-10.249970263015,                   211P    577
10.249970263015,-36.999991157555,-10.565880896861,                   211P    578
10.565880896861,-37.181470232014,-10.824463328977,                   211P    579
10.824463328977,-37.532856819579,-11.32514032822,11.32514032822,     211P    580
-38.138628771692,-11.240344493862,11.240344493862,                   211P    581
-37.000000551785,-10.249970263015,0.,-36.999991157555,               211P    582
-10.565880896861,0.,-37.181470232014,-10.824463328977,0.,            211P    583
-37.532856819579,-11.32514032822,0.,-38.138628771692,                211P    584
-11.240344493862,0.,-37.000000551785,-10.249970263015,               211P    585
-10.249970263015,-36.999991157555,-10.565880896861,                  211P    586
-10.565880896861,-37.181470232014,-10.824463328977,                  211P    587
-10.824463328977,-37.532856819579,-11.32514032822,                   211P    588
-11.32514032822,-38.138628771692,-11.240344493862,                   211P    589
-11.240344493862,-37.000000551785,0.,-10.249970263015,               211P    590
-36.999991157555,0.,-10.565880896861,-37.181470232014,0.,            211P    591
-10.824463328977,-37.532856819579,0.,-11.32514032822,                211P    592
-38.138628771692,0.,-11.240344493862,0.,0.2768263211365,0.,          211P    593
0.50000000308914,0,1,209;                                            211P    594
126,1,1,1,0,1,0,0.,0.,1.,1.,1.,1.,4.5013939160565E-06,0.5,0.,0.,     213P    595
0.,0.,0.,1.,0.,0.,1.;                                                213P    596
126,1,1,1,0,1,0,0.,0.,1.,1.,1.,1.,0.,0.,0.,0.2768263211365,0.,       215P    597
0.,0.,1.,0.,0.,1.;                                                   215P    598
126,1,1,1,0,1,0,0.,0.,0.5,0.5,1.,1.,0.2768263211365,0.,0.,           217P    599
0.27682628996391,0.25000000154457,0.,0.,0.5,0.,0.,1.;                217P    600
126,1,1,1,0,1,0,0.5,0.5,1.,1.,1.,1.,0.27682628996391,                219P    601
0.25000000154457,0.,0.27682625879133,0.50000000308914,0.,0.5,1.,     219P    602
0.,0.,1.;                                                            219P    603
126,1,1,1,0,1,0,0.,0.,1.,1.,1.,1.,0.27682631965326,0.5,0.,           221P    604
4.5013939144467E-06,0.5,0.,0.,1.,0.,0.,1.;                           221P    605
102,5,213,215,217,219,221;                                           223P    606
126,11,3,0,0,1,0,0.,0.,0.,0.,0.083144147706827,0.24943244312048,     225P    607
0.24943244312048,0.68169004366303,0.68169004366303,                  225P    608
0.98359988526971,0.98359988526971,0.9945332950899,1.,1.,1.,1.,       225P    609
1.,1.,1.,1.,1.,1.,1.,1.,1.,1.,1.,1.,-37.000000551343,0.,             225P    610
10.249999995844,-37.000000551343,0.91600614097977,                   225P    611
10.249999056415,-37.000000551347,3.6640241861285,                    225P    612
9.8816250935463,-37.00000055136,6.0974528298265,8.439389060253,      225P    613
-37.000000551403,10.670478312481,3.710913095212,                     225P    614
-37.000000551464,11.193107063025,-1.5076280183968,                   225P    615
-37.00000055161,6.8643814680564,-8.30161051322,-37.000000551672,     225P    616
3.8465630361499,-10.061461811033,-37.000000551773,                   225P    617
0.41973057190839,-10.24207539296,-37.000000551778,                   225P    618
0.23985793053489,-10.24839188658,-37.000000551783,                   225P    619
0.059964482228984,-10.249970324513,-37.000000551785,0.,              225P    620
-10.249970263015,0.,1.,0.,0.,0.;                                     225P    621
126,4,2,0,0,0,0,0.,0.,0.,0.10283742899192,0.10283742899192,          227P    622
0.2768263211365,0.2768263211365,0.2768263211365,                     227P    623
0.78666754423926,0.84574385651212,1.,0.73901666178313,               227P    624
0.75048253487354,-37.000000551785,0.,-10.249970263015,               227P    625
-36.999991157555,0.,-10.565880896861,-37.181470232014,0.,            227P    626
-10.824463328977,-37.532853833468,0.,-11.325136073426,               227P    627
-38.138621279186,0.,-11.240345542633,0.,0.2768263211365,0.,0.,       227P    628
0.;                                                                  227P    629
126,7,3,0,0,1,0,0.,0.,0.,0.,0.16670756151369,0.50012268454107,       229P    630
0.50012268454107,0.83337422818036,1.,1.,1.,1.,1.,1.,1.,1.,1.,1.,     229P    631
1.,1.,-38.138621279186,0.,-11.240345542633,-38.138621265957,         229P    632
0.98379685116515,-11.240345544484,-38.13862122843,                   229P    633
3.9351874053899,-10.85287053101,-38.138621194835,                    229P    634
6.5604893731401,-9.3357597699127,-38.1386211498,9.335079043007,      229P    635
-6.5611700805584,-38.138621120477,10.853326691829,                   229P    636
-3.9328705041494,-38.138621078659,11.240345579291,                   229P    637
-0.98321755171549,-38.138621065439,11.240345572551,                  229P    638
9.8211445760592E-08,0.,1.,0.,0.,0.;                                  229P    639
126,7,3,0,0,1,0,0.,0.,0.,0.,0.16670756183161,0.50012268549482,       231P    640
0.50012268549482,0.83337422849827,1.,1.,1.,1.,1.,1.,1.,1.,1.,1.,     231P    641
1.,1.,-38.138621065439,11.240345572551,9.8211445760592E-08,          231P    642
-38.13862105221,11.240345565807,0.98379695388087,                    231P    643
-38.138621014683,10.852870524028,3.9351875182329,                    231P    644
-38.138620981088,9.3357597302386,6.5604894835346,                    231P    645
-38.138620936053,6.561170005123,9.3350791323585,-38.13862090673,     231P    646
3.9328704122141,10.853326756571,-38.138620864912,                    231P    647
0.98321745422768,11.240345617801,-38.138620851691,                   231P    648
-1.9642290834123E-07,11.24034560247,0.,1.,0.,0.,0.;                  231P    649
126,4,2,0,0,0,0,1.0941792339958E-06,1.0941792339958E-06,             233P    650
1.0941792339958E-06,0.17398998484057,0.17398998484057,               233P    651
0.27682291243858,0.27682291243858,0.27682291243858,                  233P    652
0.75048253467806,0.739016664008,1.,0.845750608603,                   233P    653
0.78667271619138,-38.138621269016,0.,11.240345544056,                233P    654
-37.532853829414,0.,11.325136067651,-37.181470232014,0.,             233P    655
10.824463328977,-37.00000055003,0.,10.565894279831,                  233P    656
-37.000000551343,0.,10.249999995844,1.0941792339958E-06,             233P    657
0.27682291243858,0.,0.,0.;                                           233P    658
102,5,225,227,229,231,233;                                           235P    659
142,0,211,223,235,1;                                                 237P    660
144,211,1,0,237,0,1,209;                                             239P    661
406,1,2HF8;                                                          241P    662
128,4,8,2,2,0,1,0,0,0,0.,0.,0.,0.23205532812675,                     243P    663
0.23205532812675,0.66512790543101,0.66512790543101,                  243P    664
0.66512790543101,0.,0.,0.,19.5,19.5,39.,39.,58.5,58.5,78.,78.,       243P    665
78.,0.80384515476095,0.86602279383913,1.,0.74996543091474,           243P    666
0.75000000478009,0.56840435995542,0.61237059018577,                  243P    667
0.70710678118655,0.5303056418553,0.53033008926994,                   243P    668
0.80384515476095,0.86602279383913,1.,0.74996543091474,               243P    669
0.75000000478009,0.56840435995542,0.61237059018577,                  243P    670
0.70710678118655,0.5303056418553,0.53033008926994,                   243P    671
0.80384515476095,0.86602279383913,1.,0.74996543091474,               243P    672
0.75000000478009,0.56840435995542,0.61237059018577,                  243P    673
0.70710678118655,0.5303056418553,0.53033008926994,                   243P    674
0.80384515476095,0.86602279383913,1.,0.74996543091474,               243P    675
0.75000000478009,0.56840435995542,0.61237059018577,                  243P    676
0.70710678118655,0.5303056418553,0.53033008926994,                   243P    677
0.80384515476095,0.86602279383913,1.,0.74996543091474,               243P    678
0.75000000478009,-37.000000551327,0.,-10.25000281183,                243P    679
-37.000001304772,0.,-10.183014006869,-36.966506902289,0.,            243P    680
-10.125,-36.89432481238,0.,-9.9999769528809,-36.749960634402,0.,     243P    681
-10.000000003187,-37.000000551327,-10.25000281183,                   243P    682
-10.25000281183,-37.000001304772,-10.183014006869,                   243P    683
-10.183014006869,-36.966506902289,-10.125,-10.125,                   243P    684
-36.89432481238,-9.9999769528809,-9.9999769528809,                   243P    685
-36.749960634402,-10.000000003187,-10.000000003187,                  243P    686
-37.000000551327,-10.25000281183,0.,-37.000001304772,                243P    687
-10.183014006869,0.,-36.966506902289,-10.125,0.,-36.89432481238,     243P    688
-9.9999769528809,0.,-36.749960634402,-10.000000003187,0.,            243P    689
-37.000000551327,-10.25000281183,10.25000281183,                     243P    690
-37.000001304772,-10.183014006869,10.183014006869,                   243P    691
-36.966506902289,-10.125,10.125,-36.89432481238,                     243P    692
-9.9999769528809,9.9999769528809,-36.749960634402,                   243P    693
-10.000000003187,10.000000003187,-37.000000551327,0.,                243P    694
10.25000281183,-37.000001304772,0.,10.183014006869,                  243P    695
-36.966506902289,0.,10.125,-36.89432481238,0.,9.9999769528809,       243P    696
-36.749960634402,0.,10.000000003187,-37.000000551327,                243P    697
10.25000281183,10.25000281183,-37.000001304772,10.183014006869,      243P    698
10.183014006869,-36.966506902289,10.125,10.125,-36.89432481238,      243P    699
9.9999769528809,9.9999769528809,-36.749960634402,                    243P    700
10.000000003187,10.000000003187,-37.000000551327,10.25000281183,     243P    701
0.,-37.000001304772,10.183014006869,0.,-36.966506902289,10.125,      243P    702
0.,-36.89432481238,9.9999769528809,0.,-36.749960634402,              243P    703
10.000000003187,0.,-37.000000551327,10.25000281183,                  243P    704
-10.25000281183,-37.000001304772,10.183014006869,                    243P    705
-10.183014006869,-36.966506902289,10.125,-10.125,                    243P    706
-36.89432481238,9.9999769528809,-9.9999769528809,                    243P    707
-36.749960634402,10.000000003187,-10.000000003187,                   243P    708
-37.000000551327,0.,-10.25000281183,-37.000001304772,0.,             243P    709
-10.183014006869,-36.966506902289,0.,-10.125,-36.89432481238,0.,     243P    710
-9.9999769528809,-36.749960634402,0.,-10.000000003187,0.,            243P    711
0.66506803001896,38.999998816559,78.,0,1,241;                        243P    712
126,1,1,1,0,1,0,0.,0.,1.,1.,1.,1.,0.,39.000000264475,0.,             245P    713
0.66506803001896,39.000000264475,0.,0.,1.,0.,0.,1.;                  245P    714
126,1,1,1,0,1,0,0.,0.,0.5,0.5,1.,1.,0.66506803001896,                247P    715
39.000000528949,0.,0.66506803001896,58.500000264475,0.,0.,0.5,       247P    716
0.,0.,1.;                                                            247P    717
126,1,1,1,0,1,0,0.5,0.5,1.,1.,1.,1.,0.66506803001896,                249P    718
58.500000264475,0.,0.66506803001896,78.,0.,0.5,1.,0.,0.,1.;          249P    719
126,1,1,1,0,1,0,0.,0.,1.,1.,1.,1.,0.66506803001896,78.,0.,           251P    720
4.2995871853968E-06,78.,0.,0.,1.,0.,0.,1.;                           251P    721
126,1,1,1,0,1,0,0.,0.,1.,1.,1.,1.,4.2995871853968E-06,78.,0.,        253P    722
4.1640452554947E-06,38.999998816559,0.,0.,1.,0.,0.,1.;               253P    723
102,5,245,247,249,251,253;                                           255P    724
126,4,2,0,0,0,0,0.,0.,0.,0.23205532812675,0.23205532812675,          257P    725
0.66506803001896,0.66506803001896,0.66506803001896,                  257P    726
0.80384514837448,0.86602278695867,0.9999999920551,                   257P    727
0.74999999404132,0.74999999404132,-37.000000551327,                  257P    728
1.9660219782513E-07,10.25000281183,-37.000001304772,                 257P    729
1.9531730585712E-07,10.183014006869,-36.966506902289,                257P    730
1.9420455677164E-07,10.125,-36.89433811864,1.91806969651E-07,        257P    731
10.,-36.750000551343,1.91806969651E-07,10.,0.,0.66506803001896,      257P    732
0.,0.,0.;                                                            257P    733
126,4,2,0,0,0,0,39.000000528949,39.000000528949,39.000000528949,     259P    734
58.5,58.5,58.500000264475,58.500000264475,58.500000264475,           259P    735
0.74999998808264,0.53033009184859,0.75,0.74999999702066,             259P    736
0.74999999404132,-36.750000551343,3.8361394475437E-07,10.,           259P    737
-36.750000551343,10.,9.9999996163861,-36.750000551343,10.,0.,        259P    738
-36.750000551343,10.,-9.5903484825502E-08,-36.750000551343,10.,      259P    739
-1.9180696903868E-07,39.000000528949,58.500000264475,0.,0.,0.;       259P    740
126,2,2,0,0,0,0,58.500000264475,58.500000264475,58.500000264475,     261P    741
78.,78.,78.,0.74999999404132,0.53033008886925,0.75,                  261P    742
-36.750000551343,10.,-1.9180696903868E-07,-36.750000551343,          261P    743
9.999999808193,-10.,-36.750000551343,0.,-10.,58.500000264475,        261P    744
78.,0.,0.,0.;                                                        261P    745
126,4,2,0,0,0,0,5.9875412043997E-05,5.9875412043997E-05,             263P    746
5.9875412043997E-05,0.43307257730426,0.43307257730426,               263P    747
0.66512360584382,0.66512360584382,0.66512360584382,0.75,0.75,1.,     263P    748
0.86602527620695,0.8038474588756,-36.750000551343,0.,-10.,           263P    749
-36.89433811864,0.,-10.,-36.966506902289,0.,-10.125,                 263P    750
-37.000000588171,0.,-10.183012765681,-37.000000551343,0.,            263P    751
-10.250000137446,5.9875412043997E-05,0.66512360584382,0.,0.,0.;      263P    752
126,11,3,0,0,1,0,0.,0.,0.,0.,0.083143961815514,0.24943188544654,     265P    753
0.24943188544654,0.68168951025322,0.68168951025322,                  265P    754
0.98359968133941,0.98359968133941,0.99453322711314,1.,1.,1.,1.,      265P    755
1.,1.,1.,1.,1.,1.,1.,1.,1.,1.,1.,1.,-37.000000551343,0.,             265P    756
-10.250000137446,-37.000000551343,0.91600632047382,                  265P    757
-10.250000140109,-37.000000551343,3.6640252829665,                   265P    758
-9.8816290202878,-37.000000551343,6.0974577400708,                   265P    759
-8.4393925779725,-37.000000551343,10.670490820335,                   265P    760
-3.7109179273548,-37.000000551343,11.193124148681,                   265P    761
1.5076294842714,-37.000000551343,6.8643993202223,                    265P    762
8.3016276449942,-37.000000551343,3.8465762520438,                    265P    763
10.061485659412,-37.000000551343,0.41973534581057,                   265P    764
10.24210476929,-37.000000551343,0.23986028461502,10.24842158191,     265P    765
-37.000000551343,0.059964411321114,10.250000226726,                  265P    766
-37.000000551343,-8.7973321988558E-07,10.250000221754,0.,1.,0.,      265P    767
0.,0.;                                                               265P    768
102,5,257,259,261,263,265;                                           267P    769
142,0,243,255,267,1;                                                 269P    770
144,243,1,0,269,0,1,241;                                             271P    771
406,1,2HF9;                                                          273P    772
128,4,8,2,2,0,1,0,0,0,0.,0.,0.,0.23205532812675,                     275P    773
0.23205532812675,0.66512790543101,0.66512790543101,                  275P    774
0.66512790543101,0.,0.,0.,19.5,19.5,39.,39.,58.5,58.5,78.,78.,       275P    775
78.,0.80384515476095,0.86602279383913,1.,0.74996543091474,           275P    776
0.75000000478009,0.56840435995542,0.61237059018577,                  275P    777
0.70710678118655,0.5303056418553,0.53033008926994,                   275P    778
0.80384515476095,0.86602279383913,1.,0.74996543091474,               275P    779
0.75000000478009,0.56840435995542,0.61237059018577,                  275P    780
0.70710678118655,0.5303056418553,0.53033008926994,                   275P    781
0.80384515476095,0.86602279383913,1.,0.74996543091474,               275P    782
0.75000000478009,0.56840435995542,0.61237059018577,                  275P    783
0.70710678118655,0.5303056418553,0.53033008926994,                   275P    784
0.80384515476095,0.86602279383913,1.,0.74996543091474,               275P    785
0.75000000478009,0.56840435995542,0.61237059018577,                  275P    786
0.70710678118655,0.5303056418553,0.53033008926994,                   275P    787
0.80384515476095,0.86602279383913,1.,0.74996543091474,               275P    788
0.75000000478009,-37.000000551327,0.,-10.25000281183,                275P    789
-37.000001304772,0.,-10.183014006869,-36.966506902289,0.,            275P    790
-10.125,-36.89432481238,0.,-9.9999769528809,-36.749960634402,0.,     275P    791
-10.000000003187,-37.000000551327,-10.25000281183,                   275P    792
-10.25000281183,-37.000001304772,-10.183014006869,                   275P    793
-10.183014006869,-36.966506902289,-10.125,-10.125,                   275P    794
-36.89432481238,-9.9999769528809,-9.9999769528809,                   275P    795
-36.749960634402,-10.000000003187,-10.000000003187,                  275P    796
-37.000000551327,-10.25000281183,0.,-37.000001304772,                275P    797
-10.183014006869,0.,-36.966506902289,-10.125,0.,-36.89432481238,     275P    798
-9.9999769528809,0.,-36.749960634402,-10.000000003187,0.,            275P    799
-37.000000551327,-10.25000281183,10.25000281183,                     275P    800
-37.000001304772,-10.183014006869,10.183014006869,                   275P    801
-36.966506902289,-10.125,10.125,-36.89432481238,                     275P    802
-9.9999769528809,9.9999769528809,-36.749960634402,                   275P    803
-10.000000003187,10.000000003187,-37.000000551327,0.,                275P    804
10.25000281183,-37.000001304772,0.,10.183014006869,                  275P    805
-36.966506902289,0.,10.125,-36.89432481238,0.,9.9999769528809,       275P    806
-36.749960634402,0.,10.000000003187,-37.000000551327,                275P    807
10.25000281183,10.25000281183,-37.000001304772,10.183014006869,      275P    808
10.183014006869,-36.966506902289,10.125,10.125,-36.89432481238,      275P    809
9.9999769528809,9.9999769528809,-36.749960634402,                    275P    810
10.000000003187,10.000000003187,-37.000000551327,10.25000281183,     275P    811
0.,-37.000001304772,10.183014006869,0.,-36.966506902289,10.125,      275P    812
0.,-36.89432481238,9.9999769528809,0.,-36.749960634402,              275P    813
10.000000003187,0.,-37.000000551327,10.25000281183,                  275P    814
-10.25000281183,-37.000001304772,10.183014006869,                    275P    815
-10.183014006869,-36.966506902289,10.125,-10.125,                    275P    816
-36.89432481238,9.9999769528809,-9.9999769528809,                    275P    817
-36.749960634402,10.000000003187,-10.000000003187,                   275P    818
-37.000000551327,0.,-10.25000281183,-37.000001304772,0.,             275P    819
-10.183014006869,-36.966506902289,0.,-10.125,-36.89432481238,0.,     275P    820
-9.9999769528809,-36.749960634402,0.,-10.000000003187,               275P    821
4.1640505838991E-06,0.66512790543101,0.,38.999998816579,0,1,273;     275P    822
126,1,1,1,0,1,0,0.,0.,1.,1.,1.,1.,4.1640507936203E-06,               277P    823
38.999998816559,0.,4.283620582024E-06,0.,0.,0.,1.,0.,0.,1.;          277P    824
126,1,1,1,0,1,0,0.,0.,1.,1.,1.,1.,4.283620582024E-06,0.,0.,          279P    825
0.66506803001901,0.,0.,0.,1.,0.,0.,1.;                               279P    826
126,1,1,1,0,1,0,0.,0.,1.,1.,1.,1.,0.66506803001901,0.,0.,            281P    827
0.66506803001901,19.500000703081,0.,0.,1.,0.,0.,1.;                  281P    828
126,1,1,1,0,1,0,0.,0.,1.,1.,1.,1.,0.66506803001907,                  283P    829
19.500000703081,0.,0.66512432260236,38.999998816579,0.,0.,1.,0.,     283P    830
0.,1.;                                                               283P    831
126,1,1,1,0,1,0,0.,0.,1.,1.,1.,1.,0.66512790543101,                  285P    832
38.999998816558,0.,4.1640505838991E-06,38.999998816558,0.,0.,1.,     285P    833
0.,0.,1.;                                                            285P    834
102,5,277,279,281,283,285;                                           287P    835
126,11,3,0,0,1,0,0.,0.,0.,0.,0.091555498870755,0.27466649661227,     289P    836
0.27466649661227,0.69238343965479,0.69238343965479,                  289P    837
0.97987779663157,0.97987779663157,0.99329259887719,1.,1.,1.,1.,      289P    838
1.,1.,1.,1.,1.,1.,1.,1.,1.,1.,1.,1.,-37.000000551343,                289P    839
-8.7973320932138E-07,10.25000022175,-37.000000551343,                289P    840
-1.006866294521,10.250000132751,-37.000000551343,                    289P    841
-4.0274624995429,9.8049266235863,-37.000000551343,                   289P    842
-6.6291552386378,8.0710941020011,-37.000000551343,                   289P    843
-10.819161714967,2.9930215221993,-37.000000551343,                   289P    844
-11.038273585475,-2.0260563605701,-37.000000551343,                  289P    845
-6.6758145994507,-8.3898416602854,-37.000000551343,                  289P    846
-3.8045829659514,-10.025491982389,-37.000000551343,                  289P    847
-0.51440901440629,-10.238139039505,-37.000000551343,                 289P    848
-0.2939699188344,-10.24762891396,-37.000000551343,                   289P    849
-0.07349247970708,-10.250000147566,-37.000000551343,0.,              289P    850
-10.250000147377,0.,1.,0.,0.,0.;                                     289P    851
126,4,2,0,0,0,0,4.283620582024E-06,4.283620582024E-06,               291P    852
4.283620582024E-06,0.23205532812675,0.23205532812675,                291P    853
0.66506803001901,0.66506803001901,0.66506803001901,                  291P    854
0.80384745031913,0.86602526698863,1.,0.74999999999997,0.75,          291P    855
-37.000000551343,0.,-10.250000147377,-37.000000590833,0.,            291P    856
-10.18301277029,-36.966506902289,0.,-10.125,-36.89433811864,0.,      291P    857
-10.,-36.750000551343,0.,-10.,4.283620582024E-06,                    291P    858
0.66506803001901,0.,0.,0.;                                           291P    859
126,4,2,0,0,0,0,0.,0.,0.,19.5,19.5,19.500000703081,                  293P    860
19.500000703081,19.500000703081,0.75,0.53033008588991,0.75,          293P    861
0.7499999920797,0.74999998415941,-36.750000551343,0.,-10.,           293P    862
-36.750000551343,-10.,-10.,-36.750000551343,-10.,0.,                 293P    863
-36.750000551343,-10.,2.5495046882377E-07,-36.750000551343,-10.,     293P    864
5.0990093581058E-07,0.,19.500000703081,0.,0.,0.;                     293P    865
126,7,3,0,0,1,0,0.,0.,0.,0.,0.16672957496456,0.50018872489367,       295P    866
0.50018872489367,0.83339624163122,1.,1.,1.,1.,1.,1.,1.,1.,1.,1.,     295P    867
1.,1.,-36.750000551343,-10.,5.0990093581058E-07,                     295P    868
-36.749998229912,-9.9999999553936,0.87480467869196,                  295P    869
-36.749991644151,-9.6556227714912,3.4992171675062,                   295P    870
-36.749985740283,-8.3051695127624,5.8369660611775,                   295P    871
-36.749977836997,-5.8378976717873,8.3042380036882,                   295P    872
-36.749971927443,-3.4981087899403,9.6558408458713,                   295P    873
-36.74996534365,-0.87452784859949,9.9999999274111,                   295P    874
-36.749963022954,-8.5826125694057E-07,10.000000002817,0.,1.,0.,      295P    875
0.,0.;                                                               295P    876
126,4,2,0,0,0,0,0.,0.,0.,0.43307257730426,0.43307257730426,          297P    877
0.66512374138042,0.66512374138042,0.66512374138042,                  297P    878
0.74999997811686,0.74996540425274,0.99999996444903,                  297P    879
0.86602516716682,0.8038473576643,-36.749960634402,                   297P    880
-8.5827646384169E-07,10.000000003187,-36.89432481238,                297P    881
-8.582744854882E-07,9.9999769528808,-36.966506902289,                297P    882
-8.6900491936279E-07,10.125,-37.000000610761,                        297P    883
-8.7398402185793E-07,10.183012804807,-37.000000551343,               297P    884
-8.7973339418972E-07,10.250000221751,0.,0.66512374138042,0.,0.,      297P    885
0.;                                                                  297P    886
102,5,289,291,293,295,297;                                           299P    887
142,0,275,287,299,1;                                                 301P    888
144,275,1,0,301,0,1,273;                                             303P    889
406,1,3HF10;                                                         305P    890
128,1,8,1,2,0,1,0,0,0,0.,0.,0.24088386557695,0.24088386557695,       307P    891
0.,0.,0.,0.25,0.25,0.5,0.5,0.75,0.75,1.,1.,1.,1.,1.,                 307P    892
0.70710678118655,0.70710678118655,1.,1.,0.70710678118655,            307P    893
0.70710678118655,1.,1.,0.70710678118655,0.70710678118655,1.,1.,      307P    894
0.70710678118655,0.70710678118655,1.,1.,-36.750000551343,10.,0.,     307P    895
-21.2,10.,0.,-36.750000551343,10.,-10.,-21.2,10.,-10.,               307P    896
-36.750000551343,0.,-10.,-21.2,0.,-10.,-36.750000551343,-10.,        307P    897
-10.,-21.2,-10.,-10.,-36.750000551343,-10.,0.,-21.2,-10.,0.,         307P    898
-36.750000551343,-10.,10.,-21.2,-10.,10.,-36.750000551343,0.,        307P    899
10.,-21.2,0.,10.,-36.750000551343,10.,10.,-21.2,10.,10.,             307P    900
-36.750000551343,10.,0.,-21.2,10.,0.,0.,0.24088386557695,0.,0.5,     307P    901
0,1,305;                                                             307P    902
126,1,1,1,0,1,0,0.,0.,1.,1.,1.,1.,0.24088386557695,                  309P    903
0.49999999660829,0.,0.,0.49999999660829,0.,0.,1.,0.,0.,1.;           309P    904
126,1,1,1,0,1,0,0.,0.,0.5,0.5,1.,1.,0.,0.4999999932186,0.,0.,        311P    905
0.2499999966093,0.,0.,0.5,0.,0.,1.;                                  311P    906
126,1,1,1,0,1,0,0.5,0.5,1.,1.,1.,1.,0.,0.2499999966093,0.,0.,0.,     313P    907
0.,0.5,1.,0.,0.,1.;                                                  313P    908
126,1,1,1,0,1,0,0.,0.,1.,1.,1.,1.,0.,0.,0.,0.24088386557695,0.,      315P    909
0.,0.,1.,0.,0.,1.;                                                   315P    910
126,1,1,1,0,1,0,0.,0.,0.5,0.5,1.,1.,0.24088386557695,0.,0.,          317P    911
0.24088386557695,0.25,0.,0.,0.5,0.,0.,1.;                            317P    912
126,1,1,1,0,1,0,0.5,0.5,1.,1.,1.,1.,0.24088386557695,0.25,0.,        319P    913
0.24088386557695,0.5,0.,0.5,1.,0.,0.,1.;                             319P    914
102,6,309,311,313,315,317,319;                                       321P    915
126,1,1,0,0,0,0,0.,0.,0.24088386557695,0.24088386557695,             323P    916
0.99999999205273,0.99999999205273,-21.2,-10.,                        323P    917
-1.9186395643906E-07,-36.750000551343,-10.,-1.9186395643906E-07,     323P    918
0.,0.24088386557695,0.,0.,0.;                                        323P    919
126,4,2,0,0,0,0,0.5000000067814,0.5000000067814,0.5000000067814,     325P    920
0.75,0.75,0.7500000033907,0.7500000033907,0.7500000033907,           325P    921
0.99999998411019,0.70710678913145,1.,0.99999999602755,               325P    922
0.9999999920551,-36.750000551343,-10.,-3.8361394958543E-07,          325P    923
-36.750000551343,-9.9999996163861,-10.,-36.750000551343,0.,-10.,     325P    924
-36.750000551343,9.5903484181362E-08,-10.,-36.750000551343,          325P    925
1.918069677504E-07,-10.,0.5000000067814,0.7500000033907,0.,0.,       325P    926
0.;                                                                  325P    927
126,2,2,0,0,0,0,0.7500000033907,0.7500000033907,0.7500000033907,     327P    928
1.,1.,1.,0.9999999920551,0.707106785159,1.,-36.750000551343,         327P    929
1.918069677504E-07,-10.,-36.750000551343,10.,-9.999999808193,        327P    930
-36.750000551343,10.,0.,0.7500000033907,1.,0.,0.,0.;                 327P    931
126,1,1,0,0,0,0,0.,0.,0.24088386557695,0.24088386557695,1.,1.,       329P    932
-36.750000551343,10.,0.,-21.2,10.,0.,0.,0.24088386557695,0.,0.,      329P    933
0.;                                                                  329P    934
126,2,2,0,0,0,0,0.,0.,0.,0.25,0.25,0.25,1.,0.70710678118655,1.,      331P    935
-21.2,10.,0.,-21.2,10.,-10.,-21.2,0.,-10.,0.,0.25,0.,0.,0.;          331P    936
126,2,2,0,0,0,0,0.25,0.25,0.25,0.5,0.5,0.5,1.,0.70710678118655,      333P    937
1.,-21.2,0.,-10.,-21.2,-10.,-10.,-21.2,-10.,0.,0.25,0.5,0.,0.,       333P    938
0.;                                                                  333P    939
102,6,323,325,327,329,331,333;                                       335P    940
142,0,307,321,335,1;                                                 337P    941
144,307,1,0,337,0,1,305;                                             339P    942
406,1,3HF11;                                                         341P    943
128,1,8,1,2,0,1,0,0,0,0.,0.,0.24088386557695,0.24088386557695,       343P    944
0.,0.,0.,0.25,0.25,0.5,0.5,0.75,0.75,1.,1.,1.,1.,1.,                 343P    945
0.70710678118655,0.70710678118655,1.,1.,0.70710678118655,            343P    946
0.70710678118655,1.,1.,0.70710678118655,0.70710678118655,1.,1.,      343P    947
0.70710678118655,0.70710678118655,1.,1.,-36.750000551343,10.,0.,     343P    948
-21.2,10.,0.,-36.750000551343,10.,-10.,-21.2,10.,-10.,               343P    949
-36.750000551343,0.,-10.,-21.2,0.,-10.,-36.750000551343,-10.,        343P    950
-10.,-21.2,-10.,-10.,-36.750000551343,-10.,0.,-21.2,-10.,0.,         343P    951
-36.750000551343,-10.,10.,-21.2,-10.,10.,-36.750000551343,0.,        343P    952
10.,-21.2,0.,10.,-36.750000551343,10.,10.,-21.2,10.,10.,             343P    953
-36.750000551343,10.,0.,-21.2,10.,0.,0.,0.24088386557695,            343P    954
0.50000001124152,1.,0,1,341;                                         343P    955
126,1,1,1,0,1,0,0.,0.,1.,1.,1.,1.,0.24088386557695,                  345P    956
0.74999997009298,0.,0.24088386557695,1.,0.,0.,1.,0.,0.,1.;           345P    957
126,1,1,1,0,1,0,0.,0.,1.,1.,1.,1.,0.24088386557695,1.,0.,0.,1.,      347P    958
0.,0.,1.,0.,0.,1.;                                                   347P    959
126,1,1,1,0,1,0,0.,0.,1.,1.,1.,1.,0.,1.,0.,0.,0.74999999098613,      349P    960
0.,0.,1.,0.,0.,1.;                                                   349P    961
126,1,1,1,0,1,0,0.,0.,1.,1.,1.,1.,0.,0.74999999098613,0.,0.,         351P    962
0.50000001124152,0.,0.,1.,0.,0.,1.;                                  351P    963
126,1,1,1,0,1,0,0.,0.,1.,1.,1.,1.,0.,0.50000001124152,0.,            353P    964
0.24088386557695,0.50000001124152,0.,0.,1.,0.,0.,1.;                 353P    965
126,1,1,1,0,1,0,0.,0.,1.,1.,1.,1.,0.24088386557695,                  355P    966
0.50000002247636,0.,0.24088386557695,0.74999997009298,0.,0.,1.,      355P    967
0.,0.,1.;                                                            355P    968
102,6,345,347,349,351,353,355;                                       357P    969
126,4,2,0,0,0,0,0.74999997009298,0.74999997009298,                   359P    970
0.74999997009298,0.75,0.75,1.,1.,1.,0.99999992992349,                359P    971
0.99999996496174,1.,0.70710678118655,1.,-21.2,                       359P    972
-1.6917967922482E-06,9.9999999999999,-21.2,-8.4589839704257E-07,     359P    973
10.,-21.2,0.,10.,-21.2,10.,10.,-21.2,10.,0.,0.74999997009298,1.,     359P    974
0.,0.,0.;                                                            359P    975
126,1,1,0,0,0,0,0.,0.,0.24088386557695,0.24088386557695,1.,1.,       361P    976
-21.2,10.,0.,-36.750000551343,10.,0.,0.,0.24088386557695,0.,0.,      361P    977
0.;                                                                  361P    978
126,4,2,0,0,0,0,0.,0.,0.,0.25,0.25,0.25000000901387,                 363P    979
0.25000000901387,0.25000000901387,1.,0.70710678118655,1.,            363P    980
0.9999999894396,0.9999999788792,-36.750000551343,10.,0.,             363P    981
-36.750000551343,10.,10.,-36.750000551343,0.,10.,                    363P    982
-36.750000551343,-2.5495065079347E-07,10.,-36.750000551343,          363P    983
-5.0990129974997E-07,10.,0.,0.25000000901387,0.,0.,0.;               363P    984
126,2,2,0,0,0,0,0.25000000901387,0.25000000901387,                   365P    985
0.25000000901387,0.49999998875848,0.49999998875848,                  365P    986
0.49999998875848,0.9999999788792,0.7071068049172,                    365P    987
0.99999997365949,-36.750000551343,-5.0990129974997E-07,10.,          365P    988
-36.750000551343,-9.9999993640838,9.9999994900987,                   365P    989
-36.750000551343,-10.,6.3591625531665E-07,0.25000000901387,          365P    990
0.49999998875848,0.,0.,0.;                                           365P    991
126,1,1,0,0,0,0,0.,0.,0.24088386557695,0.24088386557695,             367P    992
0.99999997365949,0.99999997365949,-36.750000551343,-10.,             367P    993
6.3591626097389E-07,-21.2,-10.,6.3591626097389E-07,0.,               367P    994
0.24088386557695,0.,0.,0.;                                           367P    995
126,2,2,0,0,0,0,0.50000002247636,0.50000002247636,                   369P    996
0.50000002247636,0.74999997009298,0.74999997009298,                  369P    997
0.74999997009298,0.99999994733462,0.70710684255749,                  369P    998
0.99999992992349,-21.2,-9.9999999999999,1.2714548196199E-06,         369P    999
-21.2,-9.9999987285455,9.9999983082036,-21.2,                        369P   1000
-1.6917967924454E-06,9.9999999999999,0.50000002247636,               369P   1001
0.74999997009298,0.,0.,0.;                                           369P   1002
102,6,359,361,363,365,367,369;                                       371P   1003
142,0,343,357,371,1;                                                 373P   1004
144,343,1,0,373,0,1,341;                                             375P   1005
406,1,3HF12;                                                         377P   1006
128,4,8,2,2,0,1,0,0,0,0.,0.,0.,0.34650067354688,                     379P   1007
0.34650067354688,0.53214493604833,0.53214493604833,                  379P   1008
0.53214493604833,0.,0.,0.,19.6,19.6,39.2,39.2,58.8,58.8,78.4,        379P   1009
78.4,78.4,0.75000001706756,0.74993467856666,1.,0.8660227938391,      379P   1010
0.80384515476092,0.5303300979585,0.53028389666144,                   379P   1011
0.70710678118655,0.61237059018575,0.5684043599554,                   379P   1012
0.75000001706756,0.74993467856666,1.,0.8660227938391,                379P   1013
0.80384515476092,0.5303300979585,0.53028389666144,                   379P   1014
0.70710678118655,0.61237059018575,0.5684043599554,                   379P   1015
0.75000001706756,0.74993467856666,1.,0.8660227938391,                379P   1016
0.80384515476092,0.5303300979585,0.53028389666144,                   379P   1017
0.70710678118655,0.61237059018575,0.5684043599554,                   379P   1018
0.75000001706756,0.74993467856666,1.,0.8660227938391,                379P   1019
0.80384515476092,0.5303300979585,0.53028389666144,                   379P   1020
0.70710678118655,0.61237059018575,0.5684043599554,                   379P   1021
0.75000001706756,0.74993467856666,1.,0.8660227938391,                379P   1022
0.80384515476092,-21.200060341354,0.,-10.000000009103,               379P   1023
-21.084550061699,0.,-9.9999651588677,-21.026794919243,0.,-10.1,      379P   1024
-20.999999397257,0.,-10.146411205495,-21.000000000013,0.,            379P   1025
-10.200002249464,-21.200060341354,-10.000000009103,                  379P   1026
-10.000000009103,-21.084550061699,-9.9999651588677,                  379P   1027
-9.9999651588677,-21.026794919243,-10.1,-10.1,-20.999999397257,      379P   1028
-10.146411205495,-10.146411205495,-21.000000000013,                  379P   1029
-10.200002249464,-10.200002249464,-21.200060341354,                  379P   1030
-10.000000009103,0.,-21.084550061699,-9.9999651588677,0.,            379P   1031
-21.026794919243,-10.1,0.,-20.999999397257,-10.146411205495,0.,      379P   1032
-21.000000000013,-10.200002249464,0.,-21.200060341354,               379P   1033
-10.000000009103,10.000000009103,-21.084550061699,                   379P   1034
-9.9999651588677,9.9999651588677,-21.026794919243,-10.1,10.1,        379P   1035
-20.999999397257,-10.146411205495,10.146411205495,                   379P   1036
-21.000000000013,-10.200002249464,10.200002249464,                   379P   1037
-21.200060341354,0.,10.000000009103,-21.084550061699,0.,             379P   1038
9.9999651588677,-21.026794919243,0.,10.1,-20.999999397257,0.,        379P   1039
10.146411205495,-21.000000000013,0.,10.200002249464,                 379P   1040
-21.200060341354,10.000000009103,10.000000009103,                    379P   1041
-21.084550061699,9.9999651588677,9.9999651588677,                    379P   1042
-21.026794919243,10.1,10.1,-20.999999397257,10.146411205495,         379P   1043
10.146411205495,-21.000000000013,10.200002249464,                    379P   1044
10.200002249464,-21.200060341354,10.000000009103,0.,                 379P   1045
-21.084550061699,9.9999651588677,0.,-21.026794919243,10.1,0.,        379P   1046
-20.999999397257,10.146411205495,0.,-21.000000000013,                379P   1047
10.200002249464,0.,-21.200060341354,10.000000009103,                 379P   1048
-10.000000009103,-21.084550061699,9.9999651588677,                   379P   1049
-9.9999651588677,-21.026794919243,10.1,-10.1,-20.999999397257,       379P   1050
10.146411205495,-10.146411205495,-21.000000000013,                   379P   1051
10.200002249464,-10.200002249464,-21.200060341354,0.,                379P   1052
-10.000000009103,-21.084550061699,0.,-9.9999651588677,               379P   1053
-21.026794919243,0.,-10.1,-20.999999397257,0.,-10.146411205495,      379P   1054
-21.000000000013,0.,-10.200002249464,0.,0.53214493604833,            379P   1055
39.199999118949,78.4,0,1,377;                                        379P   1056
126,1,1,1,0,1,0,0.,0.,1.,1.,1.,1.,4.2504869049775E-05,39.2,0.,       381P   1057
0.53214160480781,39.2,0.,0.,1.,0.,0.,1.;                             381P   1058
126,1,1,1,0,1,0,0.,0.,1.,1.,1.,1.,0.53214493604833,                  383P   1059
39.199999118949,0.,0.53214135278241,78.4,0.,0.,1.,0.,0.,1.;          383P   1060
126,1,1,1,0,1,0,0.,0.,1.,1.,1.,1.,0.53214135278241,78.4,0.,          385P   1061
9.0512033225076E-05,78.4,0.,0.,1.,0.,0.,1.;                          385P   1062
126,1,1,1,0,1,0,0.,0.,0.50000050108136,0.50000050108136,1.,1.,       387P   1063
9.0512033225076E-05,78.4,0.,4.5255971258646E-05,58.800000000089,     387P   1064
0.,0.,0.50000050108136,0.,0.,1.;                                     387P   1065
126,1,1,1,0,1,0,0.50000050108136,0.50000050108136,1.,1.,1.,1.,       389P   1066
4.5255971258646E-05,58.800000000089,0.,0.,39.200039284917,0.,        389P   1067
0.50000050108136,1.,0.,0.,1.;                                        389P   1068
102,5,381,383,385,387,389;                                           391P   1069
126,4,2,0,0,0,0,4.2504869049775E-05,4.2504869049775E-05,             393P   1070
4.2504869049775E-05,0.34650067354688,0.34650067354688,               393P   1071
0.53214160480781,0.53214160480781,0.53214160480781,                  393P   1072
0.75000000480143,0.74996535381364,1.,0.86602519795486,               393P   1073
0.80384738624186,-21.200032004776,0.,10.000000002561,                393P   1074
-21.084540614914,0.,9.9999815211803,-21.026794919243,0.,10.1,        393P   1075
-20.999999952466,0.,10.146410243846,-21.,0.,10.2000001774,           393P   1076
4.2504869049775E-05,0.53214160480781,0.,0.,0.;                       393P   1077
126,11,3,0,0,1,0,0.,0.,0.,0.,0.083188914943465,0.24956674483039,     395P   1078
0.24956674483039,0.68188900332578,0.68188900332578,                  395P   1079
0.98389946146842,0.98389946146842,0.99463315382281,1.,1.,1.,1.,      395P   1080
1.,1.,1.,1.,1.,1.,1.,1.,1.,1.,1.,1.,-21.000000000013,                395P   1081
-6.4842545990117E-07,10.200002249464,-21.000000000012,               395P   1082
0.912051222333,10.200002236982,-21.000000000009,3.6482068295863,     395P   1083
9.8330146444845,-21.000000000008,6.0707439913309,                    395P   1084
8.3962595946919,-21.000000000004,10.620657811713,                    395P   1085
3.6874907041091,-21.000000000002,11.137957264506,                    395P   1086
-1.5069135956399,-21.000000000001,6.8248887032616,                   395P   1087
-8.2665676061072,-21.,3.8192529166009,-10.016030252964,-21.,         395P   1088
0.41005324032669,-10.19242781321,-21.,0.234327334017,                395P   1089
-10.198485995514,-21.,0.058581833475009,-10.200000025164,-21.,       395P   1090
0.,-10.200000020639,0.,1.,0.,0.,0.;                                  395P   1091
126,4,2,0,0,0,0,3.5832659146529E-06,3.5832659146529E-06,             397P   1092
3.5832659146529E-06,0.18564426250145,0.18564426250145,               397P   1093
0.5320544240151,0.5320544240151,0.5320544240151,0.8038475550667,     397P   1094
0.86602537983852,1.,0.75000000000009,0.75,-21.,0.,                   397P   1095
-10.200000020639,-20.99999999447,0.,-10.146410171092,                397P   1096
-21.026794919243,0.,-10.1,-21.084529946162,0.,-10.,-21.2,0.,         397P   1097
-10.,3.5832659146529E-06,0.5320544240151,0.,0.,0.;                   397P   1098
126,7,3,0,0,1,0,0.,0.,0.,0.,0.16672957553899,0.50018872661696,       399P   1099
0.50018872661696,0.83339624220565,1.,1.,1.,1.,1.,1.,1.,1.,1.,1.,     399P   1100
1.,1.,-21.2,0.,-10.,-21.2000018663,0.87480424820898,-10.,            399P   1101
-21.20000716088,3.4992169928366,-9.6556228873704,                    399P   1102
-21.200011907257,5.8369661186267,-8.3051695055605,                   399P   1103
-21.200018261053,8.3042382260196,-5.837897398864,                    399P   1104
-21.200023012001,9.6558410880151,-3.4981082547524,                   399P   1105
-21.200028304999,10.000000001989,-0.87452706376446,                  399P   1106
-21.200030170708,10.000000002276,-6.437312143604E-11,0.,1.,0.,       399P   1107
0.,0.;                                                               399P   1108
126,7,3,0,0,1,0,0.,0.,0.,0.,0.18495306426862,0.55485919280585,       401P   1109
0.55485919280585,0.85161973093528,1.,1.,1.,1.,1.,1.,1.,1.,1.,1.,     401P   1110
1.,1.,-21.200030170708,10.000000002276,-6.437312143604E-11,          401P   1111
-21.200032243154,10.000000002595,0.97143307359934,                   401P   1112
-21.200038835755,9.5753430063276,3.8857322947291,                    401P   1113
-21.200043294084,7.9180843455164,6.4073588820299,                    401P   1114
-21.200049661441,5.2467828926246,8.6536143143796,                    401P   1115
-21.200053939022,3.114008970816,9.7272664264638,                     401P   1116
-21.200058680521,0.77852369518042,9.9999978018728,                   401P   1117
-21.200060341354,2.8345559051564E-05,10.000000009063,0.,1.,0.,       401P   1118
0.,0.;                                                               401P   1119
102,5,393,395,397,399,401;                                           403P   1120
142,0,379,391,403,1;                                                 405P   1121
144,379,1,0,405,0,1,377;                                             407P   1122
406,1,3HF13;                                                         409P   1123
128,4,8,2,2,0,1,0,0,0,0.,0.,0.,0.34650067354688,                     411P   1124
0.34650067354688,0.53214493604833,0.53214493604833,                  411P   1125
0.53214493604833,0.,0.,0.,19.6,19.6,39.2,39.2,58.8,58.8,78.4,        411P   1126
78.4,78.4,0.75000001706756,0.74993467856666,1.,0.8660227938391,      411P   1127
0.80384515476092,0.5303300979585,0.53028389666144,                   411P   1128
0.70710678118655,0.61237059018575,0.5684043599554,                   411P   1129
0.75000001706756,0.74993467856666,1.,0.8660227938391,                411P   1130
0.80384515476092,0.5303300979585,0.53028389666144,                   411P   1131
0.70710678118655,0.61237059018575,0.5684043599554,                   411P   1132
0.75000001706756,0.74993467856666,1.,0.8660227938391,                411P   1133
0.80384515476092,0.5303300979585,0.53028389666144,                   411P   1134
0.70710678118655,0.61237059018575,0.5684043599554,                   411P   1135
0.75000001706756,0.74993467856666,1.,0.8660227938391,                411P   1136
0.80384515476092,0.5303300979585,0.53028389666144,                   411P   1137
0.70710678118655,0.61237059018575,0.5684043599554,                   411P   1138
0.75000001706756,0.74993467856666,1.,0.8660227938391,                411P   1139
0.80384515476092,-21.200060341354,0.,-10.000000009103,               411P   1140
-21.084550061699,0.,-9.9999651588677,-21.026794919243,0.,-10.1,      411P   1141
-20.999999397257,0.,-10.146411205495,-21.000000000013,0.,            411P   1142
-10.200002249464,-21.200060341354,-10.000000009103,                  411P   1143
-10.000000009103,-21.084550061699,-9.9999651588677,                  411P   1144
-9.9999651588677,-21.026794919243,-10.1,-10.1,-20.999999397257,      411P   1145
-10.146411205495,-10.146411205495,-21.000000000013,                  411P   1146
-10.200002249464,-10.200002249464,-21.200060341354,                  411P   1147
-10.000000009103,0.,-21.084550061699,-9.9999651588677,0.,            411P   1148
-21.026794919243,-10.1,0.,-20.999999397257,-10.146411205495,0.,      411P   1149
-21.000000000013,-10.200002249464,0.,-21.200060341354,               411P   1150
-10.000000009103,10.000000009103,-21.084550061699,                   411P   1151
-9.9999651588677,9.9999651588677,-21.026794919243,-10.1,10.1,        411P   1152
-20.999999397257,-10.146411205495,10.146411205495,                   411P   1153
-21.000000000013,-10.200002249464,10.200002249464,                   411P   1154
-21.200060341354,0.,10.000000009103,-21.084550061699,0.,             411P   1155
9.9999651588677,-21.026794919243,0.,10.1,-20.999999397257,0.,        411P   1156
10.146411205495,-21.000000000013,0.,10.200002249464,                 411P   1157
-21.200060341354,10.000000009103,10.000000009103,                    411P   1158
-21.084550061699,9.9999651588677,9.9999651588677,                    411P   1159
-21.026794919243,10.1,10.1,-20.999999397257,10.146411205495,         411P   1160
10.146411205495,-21.000000000013,10.200002249464,                    411P   1161
10.200002249464,-21.200060341354,10.000000009103,0.,                 411P   1162
-21.084550061699,9.9999651588677,0.,-21.026794919243,10.1,0.,        411P   1163
-20.999999397257,10.146411205495,0.,-21.000000000013,                411P   1164
10.200002249464,0.,-21.200060341354,10.000000009103,                 411P   1165
-10.000000009103,-21.084550061699,9.9999651588677,                   411P   1166
-9.9999651588677,-21.026794919243,10.1,-10.1,-20.999999397257,       411P   1167
10.146411205495,-10.146411205495,-21.000000000013,                   411P   1168
10.200002249464,-10.200002249464,-21.200060341354,0.,                411P   1169
-10.000000009103,-21.084550061699,0.,-9.9999651588677,               411P   1170
-21.026794919243,0.,-10.1,-20.999999397257,0.,-10.146411205495,      411P   1171
-21.000000000013,0.,-10.200002249464,9.0512033098733E-05,            411P   1172
0.53214493604828,0.,39.199999118949,0,1,409;                         411P   1173
126,1,1,1,0,1,0,0.,0.,1.,1.,1.,1.,9.0512033103174E-05,               413P   1174
19.600002344711,0.,9.0512033103174E-05,0.,0.,0.,1.,0.,0.,1.;         413P   1175
126,1,1,1,0,1,0,0.,0.,1.,1.,1.,1.,9.0512033103174E-05,0.,0.,         415P   1176
0.53214135275853,0.,0.,0.,1.,0.,0.,1.;                               415P   1177
126,1,1,1,0,1,0,0.,0.,1.,1.,1.,1.,0.53214135275853,0.,0.,            417P   1178
0.53214493602444,39.199999118949,0.,0.,1.,0.,0.,1.;                  417P   1179
126,1,1,1,0,1,0,0.,0.,1.,1.,1.,1.,0.53214493604828,                  419P   1180
39.199999118949,0.,9.0512033098733E-05,39.199999118949,0.,0.,1.,     419P   1181
0.,0.,1.;                                                            419P   1182
126,1,1,1,0,1,0,0.,0.,1.,1.,1.,1.,9.0512033098733E-05,               421P   1183
39.199998237899,0.,9.0512033098733E-05,19.600002344711,0.,0.,1.,     421P   1184
0.,0.,1.;                                                            421P   1185
102,5,413,415,417,419,421;                                           423P   1186
126,4,2,0,0,0,0,58.799997655289,58.799997655289,58.799997655289,     425P   1187
58.8,58.8,78.4,78.4,78.4,0.74999994744262,0.74999997372131,0.75,     425P   1188
0.53033008588991,0.75,-21.2,-9.9999999999999,                        425P   1189
1.6917967969584E-06,-21.2,-10.,8.4589839939771E-07,-21.2,-10.,       425P   1190
0.,-21.2,-10.,-10.,-21.2,0.,-10.,58.799997655289,78.4,0.,0.,0.;      425P   1191
126,4,2,0,0,0,0,9.0512033103174E-05,9.0512033103174E-05,             427P   1192
9.0512033103174E-05,0.34650067354688,0.34650067354688,               427P   1193
0.53214135275853,0.53214135275853,0.53214135275853,0.75,0.75,1.,     427P   1194
0.86602537985576,0.80384755508269,-21.2,0.,-10.,                     427P   1195
-21.084529946162,0.,-10.,-21.026794919243,0.,-10.1,                  427P   1196
-20.999999994474,0.,-10.146410171085,-21.,0.,-10.200000020624,       427P   1197
9.0512033103174E-05,0.53214135275853,0.,0.,0.;                       427P   1198
126,11,3,0,0,1,0,0.,0.,0.,0.,0.091577731530802,0.27473319459241,     429P   1199
0.27473319459241,0.69288333095624,0.69288333095624,                  429P   1200
0.98011217995784,0.98011217995784,0.99337072665261,1.,1.,1.,1.,      429P   1201
1.,1.,1.,1.,1.,1.,1.,1.,1.,1.,1.,1.,-21.,0.,-10.200000020624,        429P   1202
-21.,-1.0022333706435,-10.200000098052,-21.,-4.0089335168096,        429P   1203
-9.7568510247436,-21.000000000001,-6.5983449544461,                  429P   1204
-8.0306042905413,-21.000000000002,-10.770172899386,                  429P   1205
-2.9721605116798,-21.000000000004,-10.984121752683,                  429P   1206
2.028825593335,-21.000000000008,-6.6321422924283,8.356703905556,     429P   1207
-21.000000000009,-3.7758274364634,9.9795947767257,                   429P   1208
-21.000000000012,-0.50596492531732,10.188471209332,                  429P   1209
-21.000000000012,-0.28914414576852,10.197696953,                     429P   1210
-21.000000000013,-0.07228652284239,10.200002239269,                  429P   1211
-21.000000000013,-6.484254651296E-07,10.200002249449,0.,1.,0.,       429P   1212
0.,0.;                                                               429P   1213
126,4,2,0,0,0,0,0.,0.,0.,0.18564426250145,0.18564426250145,          431P   1214
0.53205442401523,0.53205442401523,0.53205442401523,                  431P   1215
0.80384513359406,0.86602277103497,0.99999997366798,                  431P   1216
0.74999998025099,0.74999998025099,-21.000000000013,                  431P   1217
-6.4842550173613E-07,10.200002249464,-20.999999397257,               431P   1218
-6.4501865939199E-07,10.146411205495,-21.026794919243,               431P   1219
-6.4206824737508E-07,10.1,-21.084529946162,-6.3571113601493E-07,     431P   1220
10.,-21.2,-6.3571113601493E-07,10.,0.,0.53205442401523,0.,0.,0.;     431P   1221
126,2,2,0,0,0,0,39.200001762101,39.200001762101,39.200001762101,     433P   1222
58.799997655289,58.799997655289,58.799997655289,                     433P   1223
0.74999996050198,0.53033013191761,0.74999994744262,-21.2,            433P   1224
-1.2714222848672E-06,9.9999999999999,-21.2,-9.9999983082036,         433P   1225
9.999998728578,-21.2,-9.9999999999999,1.6917967971596E-06,           433P   1226
39.200001762101,58.799997655289,0.,0.,0.;                            433P   1227
102,5,425,427,429,431,433;                                           435P   1228
142,0,411,423,435,1;                                                 437P   1229
144,411,1,0,437,0,1,409;                                             439P   1230
406,1,3HF14;                                                         441P   1231
128,1,1,1,1,0,0,1,0,0,0.,0.,1.,1.,0.,0.,1.,1.,1.,1.,1.,1.,-21.,      443P   1232
-13.8,-13.8,-21.,-13.8,13.8,-21.,41.4,-13.8,-21.,41.4,13.8,0.,       443P   1233
1.,0.,0.5036231884058,0,1,441;                                       443P   1234
126,4,2,1,0,0,0,0.,0.,0.,0.25,0.25,0.5,0.5,0.5,1.,                   445P   1235
0.70710678118655,1.,0.70710678118655,1.,1.,0.25,0.,1.,0.5,0.,        445P   1236
0.5,0.5,0.,0.,0.5,0.,0.,0.25,0.,0.,0.5,0.,0.,1.;                     445P   1237
126,4,2,1,0,0,0,0.5,0.5,0.5,0.75,0.75,1.,1.,1.,1.,                   447P   1238
0.70710678118655,1.,0.70710678118655,1.,0.,0.25,0.,0.,0.,0.,0.5,     447P   1239
0.,0.,1.,0.,0.,1.,0.25,0.,0.5,1.,0.,0.,1.;                           447P   1240
102,2,445,447;                                                       449P   1241
126,4,2,0,0,0,0,0.,0.,0.,0.25,0.25,0.5,0.5,0.5,1.,                   451P   1242
0.70710678118655,1.,0.70710678118655,1.,-21.,0.,13.8,-21.,13.8,      451P   1243
13.8,-21.,13.8,0.,-21.,13.8,-13.8,-21.,0.,-13.8,0.,0.5,0.,0.,0.;     451P   1244
126,4,2,0,0,0,0,0.5,0.5,0.5,0.75,0.75,1.,1.,1.,1.,                   453P   1245
0.70710678118655,1.,0.70710678118655,1.,-21.,0.,-13.8,-21.,          453P   1246
-13.8,-13.8,-21.,-13.8,0.,-21.,-13.8,13.8,-21.,0.,13.8,0.5,1.,       453P   1247
0.,0.,0.;                                                            453P   1248
102,2,451,453;                                                       455P   1249
142,0,443,449,455,1;                                                 457P   1250
126,4,2,1,0,0,0,0.,0.,0.,0.25,0.25,0.5,0.5,0.5,1.,                   459P   1251
0.70710678118655,1.,0.70710678118655,1.,0.8695652173913,0.25,0.,     459P   1252
0.8695652173913,0.065217391304348,0.,0.5,0.065217391304348,0.,       459P   1253
0.1304347826087,0.065217391304348,0.,0.1304347826087,0.25,0.,0.,     459P   1254
0.5,0.,0.,1.;                                                        459P   1255
126,4,2,1,0,0,0,0.5,0.5,0.5,0.75,0.75,1.,1.,1.,1.,                   461P   1256
0.70710678118655,1.,0.70710678118655,1.,0.1304347826087,0.25,0.,     461P   1257
0.1304347826087,0.43478260869565,0.,0.5,0.43478260869565,0.,         461P   1258
0.8695652173913,0.43478260869565,0.,0.8695652173913,0.25,0.,0.5,     461P   1259
1.,0.,0.,1.;                                                         461P   1260
102,2,459,461;                                                       463P   1261
126,4,2,0,0,0,0,0.,0.,0.,0.25,0.25,0.5,0.5,0.5,1.,                   465P   1262
0.70710678118655,1.,0.70710678118655,1.,-21.,0.,10.2,-21.,-10.2,     465P   1263
10.2,-21.,-10.2,0.,-21.,-10.2,-10.2,-21.,0.,-10.2,0.,0.5,0.,0.,      465P   1264
0.;                                                                  465P   1265
126,4,2,0,0,0,0,0.5,0.5,0.5,0.75,0.75,1.,1.,1.,1.,                   467P   1266
0.70710678118655,1.,0.70710678118655,1.,-21.,0.,-10.2,-21.,10.2,     467P   1267
-10.2,-21.,10.2,0.,-21.,10.2,10.2,-21.,0.,10.2,0.5,1.,0.,0.,0.;      467P   1268
102,2,465,467;                                                       469P   1269
142,0,443,463,469,1;                                                 471P   1270
144,443,1,1,457,471,0,1,441;                                         473P   1271
406,1,3HF15;                                                         475P   1272
128,4,8,2,2,0,1,0,0,0,0.,0.,0.,0.049485428110276,                    477P   1273
0.049485428110276,0.25207596796108,0.25207596796108,                 477P   1274
0.25207596796108,0.,0.,0.,0.25,0.25,0.5,0.5,0.75,0.75,1.,1.,1.,      477P   1275
0.87358298402649,0.92577185783459,1.,0.69611419022379,               477P   1276
0.76161472198095,0.61771645193431,0.6546195585065,                   477P   1277
0.70710678118655,0.49222706438742,0.53854293456424,                  477P   1278
0.87358298402649,0.92577185783459,1.,0.69611419022379,               477P   1279
0.76161472198095,0.61771645193431,0.6546195585065,                   477P   1280
0.70710678118655,0.49222706438742,0.53854293456424,                  477P   1281
0.87358298402649,0.92577185783459,1.,0.69611419022379,               477P   1282
0.76161472198095,0.61771645193431,0.6546195585065,                   477P   1283
0.70710678118655,0.49222706438742,0.53854293456424,                  477P   1284
0.87358298402649,0.92577185783459,1.,0.69611419022379,               477P   1285
0.76161472198095,0.61771645193431,0.6546195585065,                   477P   1286
0.70710678118655,0.49222706438742,0.53854293456424,                  477P   1287
0.87358298402649,0.92577185783459,1.,0.69611419022379,               477P   1288
0.76161472198095,-20.799999485954,0.,-13.999999999999,               477P   1289
-20.827774560881,0.,-14.000000071388,-20.854498566226,0.,            477P   1290
-13.992431562586,-20.99999986424,0.,-13.951224122293,-21.,0.,        477P   1291
-13.800000179548,-20.799999485954,13.999999999999,                   477P   1292
-13.999999999999,-20.827774560881,14.000000071388,                   477P   1293
-14.000000071387,-20.854498566226,13.992431562586,                   477P   1294
-13.992431562586,-20.99999986424,13.951224122293,                    477P   1295
-13.951224122292,-21.,13.800000179548,-13.800000179547,              477P   1296
-20.799999485954,13.999999999999,0.,-20.827774560881,                477P   1297
14.000000071387,0.,-20.854498566226,13.992431562586,0.,              477P   1298
-20.99999986424,13.951224122292,0.,-21.,13.800000179547,0.,          477P   1299
-20.799999485954,13.999999999999,13.999999999999,                    477P   1300
-20.827774560881,14.000000071387,14.000000071388,                    477P   1301
-20.854498566226,13.992431562585,13.992431562586,                    477P   1302
-20.99999986424,13.951224122292,13.951224122293,-21.,                477P   1303
13.800000179547,13.800000179548,-20.799999485954,0.,                 477P   1304
13.999999999999,-20.827774560881,0.,14.000000071387,                 477P   1305
-20.854498566226,0.,13.992431562586,-20.99999986424,0.,              477P   1306
13.951224122292,-21.,0.,13.800000179548,-20.799999485954,-14.,       477P   1307
13.999999999999,-20.827774560881,-14.000000071388,                   477P   1308
14.000000071387,-20.854498566226,-13.992431562587,                   477P   1309
13.992431562586,-20.99999986424,-13.951224122293,                    477P   1310
13.951224122292,-21.,-13.800000179548,13.800000179547,               477P   1311
-20.799999485954,-14.,0.,-20.827774560881,-14.000000071388,0.,       477P   1312
-20.854498566226,-13.992431562586,0.,-20.99999986424,                477P   1313
-13.951224122293,0.,-21.,-13.800000179548,0.,-20.799999485954,       477P   1314
-13.999999999999,-14.,-20.827774560881,-14.000000071388,             477P   1315
-14.000000071388,-20.854498566226,-13.992431562586,                  477P   1316
-13.992431562586,-20.99999986424,-13.951224122293,                   477P   1317
-13.951224122293,-21.,-13.800000179548,-13.800000179548,             477P   1318
-20.799999485954,0.,-13.999999999999,-20.827774560881,0.,            477P   1319
-14.000000071388,-20.854498566226,0.,-13.992431562586,               477P   1320
-20.99999986424,0.,-13.951224122293,-21.,0.,-13.800000179548,        477P   1321
3.8814159536438E-07,0.2520759614753,0.50000000000001,1.,0,1,475;     477P   1322
126,1,1,1,0,1,0,0.,0.,1.,1.,1.,1.,4.3211005179566E-07,               479P   1323
0.74999998508013,0.,3.9399303586318E-07,0.50000000000001,0.,0.,      479P   1324
1.,0.,0.,1.;                                                         479P   1325
126,1,1,1,0,1,0,0.,0.,1.,1.,1.,1.,3.8814159536438E-07,               481P   1326
0.50000000000001,0.,0.2520670040114,0.50000000000001,0.,0.,1.,       481P   1327
0.,0.,1.;                                                            481P   1328
126,1,1,1,0,1,0,0.,0.,1.,1.,1.,1.,0.25205708731615,                  483P   1329
0.50000000009513,0.,0.2520759614753,1.,0.,0.,1.,0.,0.,1.;            483P   1330
126,1,1,1,0,1,0,0.,0.,1.,1.,1.,1.,0.2520759614753,1.,0.,             485P   1331
4.3210989469911E-07,1.,0.,0.,1.,0.,0.,1.;                            485P   1332
126,1,1,1,0,1,0,0.,0.,1.,1.,1.,1.,4.3210989469911E-07,1.,0.,         487P   1333
4.3211023537104E-07,0.74999998508013,0.,0.,1.,0.,0.,1.;              487P   1334
102,5,479,481,483,485,487;                                           489P   1335
126,7,3,0,0,1,0,0.,0.,0.,0.,0.16667378004384,0.50002134013153,       491P   1336
0.50002134013153,0.83334044671051,1.,1.,1.,1.,1.,1.,1.,1.,1.,1.,     491P   1337
1.,1.,-20.8,-14.,1.181593132222E-06,-20.799999997194,                491P   1338
-13.999999896609,1.2250189052437,-20.799999989235,                   491P   1339
-13.517641878961,4.9000720354846,-20.799999982104,                   491P   1340
-11.627019847572,8.1719701964695,-20.799999972552,                   491P   1341
-8.1721165029723,11.626873199448,-20.799999965417,                   491P   1342
-4.8986619424389,13.517919644114,-20.79999995746,                    491P   1343
-1.2246654856106,14.,-20.799999954655,-1.1050008415109E-12,14.,      491P   1344
0.,1.,0.,0.,0.;                                                      491P   1345
126,4,2,0,0,0,0,3.8814159536438E-07,3.8814159536438E-07,             493P   1346
3.8814159536438E-07,0.049485428110276,0.049485428110276,             493P   1347
0.2520670040114,0.2520670040114,0.2520670040114,                     493P   1348
0.87358380272026,0.92577244004697,0.99999999999999,                  493P   1349
0.6961276361483,0.76160892634786,-20.799999947694,                   493P   1350
-1.0698307704345E-12,14.,-20.827774787298,-1.0698382200317E-12,      493P   1351
14.000000007264,-20.854498566226,-1.0695943914075E-12,               493P   1352
13.992431562586,-20.999990616018,-1.0682669172343E-12,               493P   1353
13.951226741482,-20.999999999615,-1.0632521239905E-12,               493P   1354
13.800012410988,3.8814159536438E-07,0.2520670040114,0.,0.,0.;        493P   1355
126,11,3,0,0,1,0,0.,0.,0.,0.,0.081515823352272,0.24454747005682,     495P   1356
0.24454747005682,0.63919940617507,0.63919940617507,                  495P   1357
0.97849447462273,0.97849447462273,0.99283149154091,1.,1.,1.,1.,      495P   1358
1.,1.,1.,1.,1.,1.,1.,1.,1.,1.,1.,1.,-20.999999998317,                495P   1359
-7.4272760315262E-09,13.800025942572,-20.999999998421,               495P   1360
-1.2075737958673,13.80002514514,-20.9999999987,-4.8302948471799,     495P   1361
13.324512541542,-20.999999998917,-8.0552282527824,                   495P   1362
11.460948410454,-20.999999999369,-13.880211293152,                   495P   1363
5.6359588034198,-20.999999999624,-14.963737647909,                   495P   1364
-0.6137352618191,-20.999999999918,-10.355278334323,                  495P   1365
-10.403273434503,-20.999999999985,-5.9460781757217,                  495P   1366
-13.421995208763,-20.999999999999,-0.74037565006116,                 495P   1367
-13.78174943583,-21.,-0.42310784795113,-13.796351956113,-21.,        495P   1368
-0.10577696138597,-13.800000258191,-21.,0.,-13.800000188398,0.,      495P   1369
1.,0.,0.,0.;                                                         495P   1370
126,4,2,0,0,0,0,6.4857882398073E-09,6.4857882398073E-09,             497P   1371
6.4857882398073E-09,0.20259053985081,0.20259053985081,               497P   1372
0.25207553585119,0.25207553585119,0.25207553585119,                  497P   1373
0.76161471778705,0.69611419995247,1.,0.92577250599943,               497P   1374
0.87358389546128,-21.,0.,-13.800000188398,-20.999999857549,0.,       497P   1375
-13.951224124188,-20.854498566226,0.,-13.992431562586,               497P   1376
-20.827774812947,0.,-14.,-20.8,0.,-14.,6.4857882398073E-09,          497P   1377
0.25207553585119,0.,0.,0.;                                           497P   1378
126,4,2,0,0,0,0,0.,0.,0.,0.25,0.25,0.25000001491987,                 499P   1379
0.25000001491987,0.25000001491987,0.87358389546164,                  499P   1380
0.61771709641628,0.87358389546164,0.87358388019164,                  499P   1381
0.87358386492164,-20.8,0.,-14.,-20.8,-14.,-14.,-20.8,-14.,0.,        499P   1382
-20.8,-14.,5.9079639398787E-07,-20.8,-14.,1.1815931761846E-06,       499P   1383
0.,0.25000001491987,0.,0.,0.;                                        499P   1384
102,5,491,493,495,497,499;                                           501P   1385
142,0,477,489,501,1;                                                 503P   1386
144,477,1,0,503,0,1,475;                                             505P   1387
406,1,3HF16;                                                         507P   1388
128,4,8,2,2,0,1,0,0,0,0.,0.,0.,0.049485428110276,                    509P   1389
0.049485428110276,0.25207596796108,0.25207596796108,                 509P   1390
0.25207596796108,0.,0.,0.,0.25,0.25,0.5,0.5,0.75,0.75,1.,1.,1.,      509P   1391
0.87358298402649,0.92577185783459,1.,0.69611419022379,               509P   1392
0.76161472198095,0.61771645193431,0.6546195585065,                   509P   1393
0.70710678118655,0.49222706438742,0.53854293456424,                  509P   1394
0.87358298402649,0.92577185783459,1.,0.69611419022379,               509P   1395
0.76161472198095,0.61771645193431,0.6546195585065,                   509P   1396
0.70710678118655,0.49222706438742,0.53854293456424,                  509P   1397
0.87358298402649,0.92577185783459,1.,0.69611419022379,               509P   1398
0.76161472198095,0.61771645193431,0.6546195585065,                   509P   1399
0.70710678118655,0.49222706438742,0.53854293456424,                  509P   1400
0.87358298402649,0.92577185783459,1.,0.69611419022379,               509P   1401
0.76161472198095,0.61771645193431,0.6546195585065,                   509P   1402
0.70710678118655,0.49222706438742,0.53854293456424,                  509P   1403
0.87358298402649,0.92577185783459,1.,0.69611419022379,               509P   1404
0.76161472198095,-20.799999485954,0.,-13.999999999999,               509P   1405
-20.827774560881,0.,-14.000000071388,-20.854498566226,0.,            509P   1406
-13.992431562586,-20.99999986424,0.,-13.951224122293,-21.,0.,        509P   1407
-13.800000179548,-20.799999485954,13.999999999999,                   509P   1408
-13.999999999999,-20.827774560881,14.000000071388,                   509P   1409
-14.000000071387,-20.854498566226,13.992431562586,                   509P   1410
-13.992431562586,-20.99999986424,13.951224122293,                    509P   1411
-13.951224122292,-21.,13.800000179548,-13.800000179547,              509P   1412
-20.799999485954,13.999999999999,0.,-20.827774560881,                509P   1413
14.000000071387,0.,-20.854498566226,13.992431562586,0.,              509P   1414
-20.99999986424,13.951224122292,0.,-21.,13.800000179547,0.,          509P   1415
-20.799999485954,13.999999999999,13.999999999999,                    509P   1416
-20.827774560881,14.000000071387,14.000000071388,                    509P   1417
-20.854498566226,13.992431562585,13.992431562586,                    509P   1418
-20.99999986424,13.951224122292,13.951224122293,-21.,                509P   1419
13.800000179547,13.800000179548,-20.799999485954,0.,                 509P   1420
13.999999999999,-20.827774560881,0.,14.000000071387,                 509P   1421
-20.854498566226,0.,13.992431562586,-20.99999986424,0.,              509P   1422
13.951224122292,-21.,0.,13.800000179548,-20.799999485954,-14.,       509P   1423
13.999999999999,-20.827774560881,-14.000000071388,                   509P   1424
14.000000071387,-20.854498566226,-13.992431562587,                   509P   1425
13.992431562586,-20.99999986424,-13.951224122293,                    509P   1426
13.951224122292,-21.,-13.800000179548,13.800000179547,               509P   1427
-20.799999485954,-14.,0.,-20.827774560881,-14.000000071388,0.,       509P   1428
-20.854498566226,-13.992431562586,0.,-20.99999986424,                509P   1429
-13.951224122293,0.,-21.,-13.800000179548,0.,-20.799999485954,       509P   1430
-13.999999999999,-14.,-20.827774560881,-14.000000071388,             509P   1431
-14.000000071388,-20.854498566226,-13.992431562586,                  509P   1432
-13.992431562586,-20.99999986424,-13.951224122293,                   509P   1433
-13.951224122293,-21.,-13.800000179548,-13.800000179548,             509P   1434
-20.799999485954,0.,-13.999999999999,-20.827774560881,0.,            509P   1435
-14.000000071388,-20.854498566226,0.,-13.992431562586,               509P   1436
-20.99999986424,0.,-13.951224122293,-21.,0.,-13.800000179548,0.,     509P   1437
0.25207596796108,0.,0.50000000009513,0,1,507;                        509P   1438
126,1,1,1,0,1,0,0.,0.,0.5,0.5,1.,1.,0.,0.50000000009513,0.,          511P   1439
4.1167328435066E-07,0.25000000009514,0.,0.,0.5,0.,0.,1.;             511P   1440
126,1,1,1,0,1,0,0.5,0.5,1.,1.,1.,1.,4.1167328435066E-07,             513P   1441
0.25000000009514,0.,8.2334656870131E-07,9.5142403417462E-11,0.,      513P   1442
0.5,1.,0.,0.,1.;                                                     513P   1443
126,1,1,1,0,1,0,0.,0.,1.,1.,1.,1.,8.2334656870131E-07,0.,0.,         515P   1444
0.25207596796108,0.,0.,0.,1.,0.,0.,1.;                               515P   1445
126,1,1,1,0,1,0,0.,0.,1.,1.,1.,1.,0.25207596796108,0.,0.,            517P   1446
0.25205708880173,0.50000000009513,0.,0.,1.,0.,0.,1.;                 517P   1447
126,1,1,1,0,1,0,0.,0.,1.,1.,1.,1.,0.25205708731606,                  519P   1448
0.50000000009513,0.,0.,0.50000000009513,0.,0.,1.,0.,0.,1.;           519P   1449
102,5,511,513,515,517,519;                                           521P   1450
126,7,3,0,0,1,0,0.,0.,0.,0.,0.16667767954508,0.50003303863525,       523P   1451
0.50003303863525,0.83334434621175,1.,1.,1.,1.,1.,1.,1.,1.,1.,1.,     523P   1452
1.,1.,-20.799999485954,-7.5348859265529E-09,13.999999999999,         523P   1453
-20.799999516256,1.2250278711419,14.000000000659,                    523P   1454
-20.799999612102,4.9001115074317,13.517634297929,                    523P   1455
-20.799999679238,8.1718886647017,11.627101206342,                    523P   1456
-20.799999782398,11.626872900109,8.1721169752921,                    523P   1457
-20.799999859458,13.517919580131,4.8986622614025,                    523P   1458
-20.799999945396,13.99999999934,1.2246655710666,                     523P   1459
-20.799999975688,14.,7.534803741306E-09,0.,1.,0.,0.,0.;              523P   1460
126,7,3,0,0,1,0,0.,0.,0.,0.,0.16667767954502,0.50003303863505,       525P   1461
0.50003303863505,0.83334434621168,1.,1.,1.,1.,1.,1.,1.,1.,1.,1.,     525P   1462
1.,1.,-20.799999975688,14.,7.534803741306E-09,-20.80000000599,       525P   1463
14.000000000659,-1.225027871142,-20.800000101836,                    525P   1464
13.517634297929,-4.900111507432,-20.800000168972,                    525P   1465
11.627101206343,-8.1718886647015,-20.800000272131,                   525P   1466
8.1721169752903,-11.626872900111,-20.800000349191,                   525P   1467
4.8986622614026,-13.517919580131,-20.800000435129,                   525P   1468
1.2246655710667,-13.99999999934,-20.800000465422,                    525P   1469
7.5348939279454E-09,-13.999999999999,0.,1.,0.,0.,0.;                 525P   1470
126,4,2,0,0,0,0,8.2334656870131E-07,8.2334656870131E-07,             527P   1471
8.2334656870131E-07,0.049485428110276,0.049485428110276,             527P   1472
0.25207596796108,0.25207596796108,0.25207596796108,                  527P   1473
0.87358472068646,0.92577309285444,1.,0.69611419022379,               527P   1474
0.76161472198095,-20.800000465422,0.,-13.999999999999,               527P   1475
-20.827775041169,0.,-13.999999935365,-20.854498566226,0.,            527P   1476
-13.992431562586,-20.99999986424,0.,-13.951224122293,-21.,0.,        527P   1477
-13.800000179548,8.2334656870131E-07,0.25207596796108,0.,0.,0.;      527P   1478
126,11,3,0,0,1,0,0.,0.,0.,0.,0.08071854475106,0.24215563425318,      529P   1479
0.24215563425318,0.6402128493741,0.6402128493741,                    529P   1480
0.97845468396968,0.97845468396968,0.99281822798989,1.,1.,1.,1.,      529P   1481
1.,1.,1.,1.,1.,1.,1.,1.,1.,1.,1.,1.,-21.,0.,-13.800000179548,        529P   1482
-20.999999999999,1.1943351124646,-13.800000967793,                   529P   1483
-20.999999999983,4.7773407568463,-13.334860919837,                   529P   1484
-20.999999999937,7.9760526780554,-11.510890515516,                   529P   1485
-20.999999999784,13.864681733813,-5.7210849183806,                   529P   1486
-20.999999999581,14.986630765061,0.58651325618439,                   529P   1487
-20.999999999051,10.343684754255,10.409669408493,                    529P   1488
-20.999999998804,5.9425394398782,13.421016581935,                    529P   1489
-20.99999999838,0.74303230765474,13.78164295097,                     529P   1490
-20.999999998354,0.42462633387384,13.796350920533,                   529P   1491
-20.999999998327,0.10615657850386,13.800025870539,                   529P   1492
-20.999999998318,-7.4272413627287E-09,13.800025940545,0.,1.,0.,      529P   1493
0.,0.;                                                               529P   1494
126,4,2,0,0,0,0,1.8880645026198E-05,1.8880645026198E-05,             531P   1495
1.8880645026198E-05,0.20259053985081,0.20259053985081,               531P   1496
0.25207596796108,0.25207596796108,0.25207596796108,                  531P   1497
0.76160251623333,0.69614251103615,0.99999999977709,                  531P   1498
0.92577185762822,0.87358298383176,-20.999999998317,                  531P   1499
-7.427232696893E-09,13.800025942573,-20.999980385253,                531P   1500
-7.5086045344438E-09,13.951229638939,-20.854498566226,               531P   1501
-7.5307777380014E-09,13.992431562586,-20.827774560881,               531P   1502
-7.5348508023496E-09,14.000000071387,-20.799999485954,               531P   1503
-7.5348507564818E-09,13.999999999999,1.8880645026198E-05,            531P   1504
0.25207596796108,0.,0.,0.;                                           531P   1505
102,5,523,525,527,529,531;                                           533P   1506
142,0,509,521,533,1;                                                 535P   1507
144,509,1,0,535,0,1,507;                                             537P   1508
406,1,3HF17;                                                         539P   1509
128,1,8,1,2,0,1,0,0,0,0.,0.,0.36216054985699,0.36216054985699,       541P   1510
0.,0.,0.,0.25,0.25,0.5,0.5,0.75,0.75,1.,1.,1.,1.,1.,                 541P   1511
0.70710678118655,0.70710678118655,1.,1.,0.70710678118655,            541P   1512
0.70710678118655,1.,1.,0.70710678118655,0.70710678118655,1.,1.,      541P   1513
0.70710678118655,0.70710678118655,1.,1.,-20.8,14.,0.,20.8,14.,       541P   1514
0.,-20.8,14.,-14.,20.8,14.,-14.,-20.8,0.,-14.,20.8,0.,-14.,          541P   1515
-20.8,-14.,-14.,20.8,-14.,-14.,-20.8,-14.,0.,20.8,-14.,0.,-20.8,     541P   1516
-14.,14.,20.8,-14.,14.,-20.8,0.,14.,20.8,0.,14.,-20.8,14.,14.,       541P   1517
20.8,14.,14.,-20.8,14.,0.,20.8,14.,0.,0.,0.36216054985699,0.,        541P   1518
0.5,0,1,539;                                                         541P   1519
126,1,1,1,0,1,0,0.,0.,1.,1.,1.,1.,0.36216054985699,                  543P   1520
0.49999999150911,0.,0.,0.49999999150911,0.,0.,1.,0.,0.,1.;           543P   1521
126,1,1,1,0,1,0,0.,0.,0.5,0.5,1.,1.,0.,0.4999999832855,0.,0.,        545P   1522
0.24999999164275,0.,0.,0.5,0.,0.,1.;                                 545P   1523
126,1,1,1,0,1,0,0.5,0.5,1.,1.,1.,1.,0.,0.24999999164275,0.,0.,       547P   1524
0.,0.,0.5,1.,0.,0.,1.;                                               547P   1525
126,1,1,1,0,1,0,0.,0.,1.,1.,1.,1.,0.,0.,0.,0.36216054985699,0.,      549P   1526
0.,0.,1.,0.,0.,1.;                                                   549P   1527
126,1,1,1,0,1,0,0.,0.,0.5,0.5,1.,1.,0.36216054985699,0.,0.,          551P   1528
0.36216054985699,0.25,0.,0.,0.5,0.,0.,1.;                            551P   1529
126,1,1,1,0,1,0,0.5,0.5,1.,1.,1.,1.,0.36216054985699,0.25,0.,        553P   1530
0.36216054985699,0.5,0.,0.5,1.,0.,0.,1.;                             553P   1531
102,6,543,545,547,549,551,553;                                       555P   1532
126,1,1,0,0,0,0,0.,0.,0.36216054985699,0.36216054985699,             557P   1533
0.99999998010462,0.99999998010462,20.8,-14.,                         557P   1534
-6.7244389364886E-07,-20.8,-14.,-6.7244389364886E-07,0.,             557P   1535
0.36216054985699,0.,0.,0.;                                           557P   1536
126,4,2,0,0,0,0,0.5000000167145,0.5000000167145,0.5000000167145,     559P   1537
0.75,0.75,0.75000000835725,0.75000000835725,0.75000000835725,        559P   1538
0.99999996083549,0.7071068007688,1.,0.99999999020887,                559P   1539
0.99999998041774,-20.8,-14.,-1.3237210161731E-06,-20.8,              559P   1540
-13.999998676279,-14.,-20.8,0.,-14.,-20.8,3.3093025123172E-07,       559P   1541
-14.,-20.8,6.6186050160619E-07,-14.,0.5000000167145,                 559P   1542
0.75000000835725,0.,0.,0.;                                           559P   1543
126,2,2,0,0,0,0,0.75000000835725,0.75000000835725,                   561P   1544
0.75000000835725,1.,1.,1.,0.99999998041774,0.70710679097768,1.,      561P   1545
-20.8,6.6186050160619E-07,-14.,-20.8,14.,-13.99999933814,-20.8,      561P   1546
14.,0.,0.75000000835725,1.,0.,0.,0.;                                 561P   1547
126,1,1,0,0,0,0,0.,0.,0.36216054985699,0.36216054985699,1.,1.,       563P   1548
-20.8,14.,0.,20.8,14.,0.,0.,0.36216054985699,0.,0.,0.;               563P   1549
126,2,2,0,0,0,0,0.,0.,0.,0.25,0.25,0.25,1.,0.70710678118655,1.,      565P   1550
20.8,14.,0.,20.8,14.,-14.,20.8,0.,-14.,0.,0.25,0.,0.,0.;             565P   1551
126,2,2,0,0,0,0,0.25,0.25,0.25,0.5,0.5,0.5,1.,0.70710678118655,      567P   1552
1.,20.8,0.,-14.,20.8,-14.,-14.,20.8,-14.,0.,0.25,0.5,0.,0.,0.;       567P   1553
102,6,557,559,561,563,565,567;                                       569P   1554
142,0,541,555,569,1;                                                 571P   1555
144,541,1,0,571,0,1,539;                                             573P   1556
406,1,3HF18;                                                         575P   1557
128,1,8,1,2,0,1,0,0,0,0.,0.,0.36216054985699,0.36216054985699,       577P   1558
0.,0.,0.,0.25,0.25,0.5,0.5,0.75,0.75,1.,1.,1.,1.,1.,                 577P   1559
0.70710678118655,0.70710678118655,1.,1.,0.70710678118655,            577P   1560
0.70710678118655,1.,1.,0.70710678118655,0.70710678118655,1.,1.,      577P   1561
0.70710678118655,0.70710678118655,1.,1.,-20.8,14.,0.,20.8,14.,       577P   1562
0.,-20.8,14.,-14.,20.8,14.,-14.,-20.8,0.,-14.,20.8,0.,-14.,          577P   1563
-20.8,-14.,-14.,20.8,-14.,-14.,-20.8,-14.,0.,20.8,-14.,0.,-20.8,     577P   1564
-14.,14.,20.8,-14.,14.,-20.8,0.,14.,20.8,0.,14.,-20.8,14.,14.,       577P   1565
20.8,14.,14.,-20.8,14.,0.,20.8,14.,0.,0.,0.36216054985699,           577P   1566
0.50000001141788,1.,0,1,575;                                         577P   1567
126,1,1,1,0,1,0,0.,0.,1.,1.,1.,1.,0.36216054985699,                  579P   1568
0.74999997769618,0.,0.36216054985699,1.,0.,0.,1.,0.,0.,1.;           579P   1569
126,1,1,1,0,1,0,0.,0.,1.,1.,1.,1.,0.36216054985699,1.,0.,0.,1.,      581P   1570
0.,0.,1.,0.,0.,1.;                                                   581P   1571
126,1,1,1,0,1,0,0.,0.,1.,1.,1.,1.,0.,1.,0.,0.,0.74999998508013,      583P   1572
0.,0.,1.,0.,0.,1.;                                                   583P   1573
126,1,1,1,0,1,0,0.,0.,1.,1.,1.,1.,0.,0.74999998508013,0.,0.,         585P   1574
0.50000001141788,0.,0.,1.,0.,0.,1.;                                  585P   1575
126,1,1,1,0,1,0,0.,0.,1.,1.,1.,1.,0.,0.50000001141788,0.,            587P   1576
0.36216054985699,0.50000001141788,0.,0.,1.,0.,0.,1.;                 587P   1577
126,1,1,1,0,1,0,0.,0.,1.,1.,1.,1.,0.36216054985699,                  589P   1578
0.50000002247636,0.,0.36216054985699,0.74999997769618,0.,0.,1.,      589P   1579
0.,0.,1.;                                                            589P   1580
102,6,579,581,583,585,587,589;                                       591P   1581
126,4,2,0,0,0,0,0.74999997769618,0.74999997769618,                   593P   1582
0.74999997769618,0.75,0.75,1.,1.,1.,0.99999994773891,                593P   1583
0.99999997386945,1.,0.70710678118655,1.,20.8,                        593P   1584
-1.7663721321152E-06,14.,20.8,-8.8318606734349E-07,14.,20.8,0.,      593P   1585
14.,20.8,14.,14.,20.8,14.,0.,0.74999997769618,1.,0.,0.,0.;           593P   1586
126,1,1,0,0,0,0,0.,0.,0.36216054985699,0.36216054985699,1.,1.,       595P   1587
20.8,14.,0.,-20.8,14.,0.,0.,0.36216054985699,0.,0.,0.;               595P   1588
126,4,2,0,0,0,0,0.,0.,0.,0.25,0.25,0.25000001491987,                 597P   1589
0.25000001491987,0.25000001491987,1.,0.70710678118655,1.,            597P   1590
0.99999998252029,0.99999996504058,-20.8,14.,0.,-20.8,14.,14.,        597P   1591
-20.8,0.,14.,-20.8,-5.907965473705E-07,14.,-20.8,                    597P   1592
-1.1815930921692E-06,14.,0.,0.25000001491987,0.,0.,0.;               597P   1593
126,2,2,0,0,0,0,0.25000001491987,0.25000001491987,                   599P   1594
0.25000001491987,0.49999998858212,0.49999998858212,                  599P   1595
0.49999998858212,0.99999996504058,0.70710681204314,                  599P   1596
0.99999997324624,-20.8,-1.1815930921692E-06,14.,-20.8,               599P   1597
-13.99999909575,13.999998818407,-20.8,-14.,9.0425007686109E-07,      599P   1598
0.25000001491987,0.49999998858212,0.,0.,0.;                          599P   1599
126,1,1,0,0,0,0,0.,0.,0.36216054985699,0.36216054985699,             601P   1600
0.99999997324624,0.99999997324624,-20.8,-14.,                        601P   1601
9.0425007587301E-07,20.8,-14.,9.0425007587301E-07,0.,                601P   1602
0.36216054985699,0.,0.,0.;                                           601P   1603
126,2,2,0,0,0,0,0.50000002247636,0.50000002247636,                   603P   1604
0.50000002247636,0.74999997769618,0.74999997769618,                  603P   1605
0.74999997769618,0.99999994733462,0.70710683364978,                  603P   1606
0.99999994773891,20.8,-14.,1.7800367474679E-06,20.8,                 603P   1607
-13.999998219964,13.999998233628,20.8,-1.7663721315741E-06,14.,      603P   1608
0.50000002247636,0.74999997769618,0.,0.,0.;                          603P   1609
102,6,593,595,597,599,601,603;                                       605P   1610
142,0,577,591,605,1;                                                 607P   1611
144,577,1,0,607,0,1,575;                                             609P   1612
406,1,3HF19;                                                         611P   1613
128,4,8,2,2,0,1,0,0,0,0.,0.,0.,0.2026054593151,0.2026054593151,      613P   1614
0.2520733856176,0.2520733856176,0.2520733856176,0.,0.,0.,0.25,       613P   1615
0.25,0.5,0.5,0.75,0.75,1.,1.,1.,0.76162437135324,                    613P   1616
0.69609181102735,1.,0.92579811054625,0.87361990268652,               613P   1617
0.53854975770082,0.49221123990587,0.70710678118655,                  613P   1618
0.65463812197694,0.61774255736917,0.76162437135324,                  613P   1619
0.69609181102735,1.,0.92579811054625,0.87361990268652,               613P   1620
0.53854975770082,0.49221123990587,0.70710678118655,                  613P   1621
0.65463812197694,0.61774255736917,0.76162437135324,                  613P   1622
0.69609181102735,1.,0.92579811054625,0.87361990268652,               613P   1623
0.53854975770082,0.49221123990587,0.70710678118655,                  613P   1624
0.65463812197694,0.61774255736917,0.76162437135324,                  613P   1625
0.69609181102735,1.,0.92579811054625,0.87361990268652,               613P   1626
0.53854975770082,0.49221123990587,0.70710678118655,                  613P   1627
0.65463812197694,0.61774255736917,0.76162437135324,                  613P   1628
0.69609181102735,1.,0.92579811054625,0.87361990268652,21.,0.,        613P   1629
-13.800000180243,20.9999998637,0.,-13.951240121813,                  613P   1630
20.854478978031,0.,-13.992437109084,20.827764411887,0.,              613P   1631
-14.000000007264,20.799999947672,0.,-14.,21.,13.800000180243,        613P   1632
-13.800000180243,20.9999998637,13.951240121813,-13.951240121814,     613P   1633
20.854478978031,13.992437109084,-13.992437109085,                    613P   1634
20.827764411887,14.000000007264,-14.000000007265,                    613P   1635
20.799999947672,14.,-14.,21.,13.800000180243,0.,20.9999998637,       613P   1636
13.951240121814,0.,20.854478978031,13.992437109085,0.,               613P   1637
20.827764411887,14.000000007265,0.,20.799999947672,14.,0.,21.,       613P   1638
13.800000180244,13.800000180243,20.9999998637,13.951240121814,       613P   1639
13.951240121813,20.854478978031,13.992437109085,13.992437109084,     613P   1640
20.827764411887,14.000000007265,14.000000007264,20.799999947672,     613P   1641
14.000000000001,14.,21.,0.,13.800000180243,20.9999998637,0.,         613P   1642
13.951240121813,20.854478978031,0.,13.992437109084,                  613P   1643
20.827764411887,0.,14.000000007264,20.799999947672,0.,14.,21.,       613P   1644
-13.800000180242,13.800000180243,20.9999998637,-13.951240121813,     613P   1645
13.951240121814,20.854478978031,-13.992437109084,                    613P   1646
13.992437109085,20.827764411887,-14.000000007264,                    613P   1647
14.000000007265,20.799999947672,-13.999999999999,14.,21.,            613P   1648
-13.800000180243,0.,20.9999998637,-13.951240121813,0.,               613P   1649
20.854478978031,-13.992437109084,0.,20.827764411887,                 613P   1650
-14.000000007264,0.,20.799999947672,-14.,0.,21.,                     613P   1651
-13.800000180243,-13.800000180243,20.9999998637,                     613P   1652
-13.951240121813,-13.951240121813,20.854478978031,                   613P   1653
-13.992437109084,-13.992437109084,20.827764411887,                   613P   1654
-14.000000007264,-14.000000007264,20.799999947672,-14.,-14.,21.,     613P   1655
0.,-13.800000180243,20.9999998637,0.,-13.951240121813,               613P   1656
20.854478978031,0.,-13.992437109084,20.827764411887,0.,              613P   1657
-14.000000007264,20.799999947672,0.,-14.,4.6377099938155E-09,        613P   1658
0.25207336345324,0.50000000000001,1.,0,1,611;                        613P   1659
126,1,1,1,0,1,0,0.,0.,1.,1.,1.,1.,5.5395410347714E-07,               615P   1660
0.50000000745994,0.,0.25207334162899,0.50000000745994,0.,0.,1.,      615P   1661
0.,0.,1.;                                                            615P   1662
126,1,1,1,0,1,0,0.,0.,1.,1.,1.,1.,0.25207334162899,                  617P   1663
0.50000001491987,0.,0.25207336054889,0.75000002247315,0.,0.,1.,      617P   1664
0.,0.,1.;                                                            617P   1665
126,1,1,1,0,1,0,0.,0.,1.,1.,1.,1.,0.25207336345324,                  619P   1666
0.75000002247315,0.,0.25207336345324,1.,0.,0.,1.,0.,0.,1.;           619P   1667
126,1,1,1,0,1,0,0.,0.,1.,1.,1.,1.,0.25207336345324,1.,0.,            621P   1668
4.6377099938155E-09,1.,0.,0.,1.,0.,0.,1.;                            621P   1669
126,1,1,1,0,1,0,0.,0.,1.,1.,1.,1.,4.6377099938155E-09,1.,0.,         623P   1670
9.0120742790023E-06,0.50000000000001,0.,0.,1.,0.,0.,1.;              623P   1671
102,5,615,617,619,621,623;                                           625P   1672
126,4,2,0,0,0,0,5.5395410347714E-07,5.5395410347714E-07,             627P   1673
5.5395410347714E-07,0.2026054593151,0.2026054593151,                 627P   1674
0.25207334162899,0.25207334162899,0.25207334162899,                  627P   1675
0.76162399969108,0.696092629791,0.99999998252027,                    627P   1676
0.92579816034647,0.87361998021328,20.999999999998,                   627P   1677
-5.823566151912E-07,13.800000936109,20.999999292115,                 627P   1678
-5.8873888443031E-07,13.951240283629,20.854478978031,                627P   1679
-5.9047738188059E-07,13.992437109084,20.827764437547,                627P   1680
-5.9079653430141E-07,14.,20.8,-5.9079653428651E-07,14.,              627P   1681
5.5395410347714E-07,0.25207334162899,0.,0.,0.;                       627P   1682
126,7,3,0,0,1,0,0.,0.,0.,0.,0.16667768340448,0.50003305021345,       629P   1683
0.50003305021345,0.83334435007115,1.,1.,1.,1.,1.,1.,1.,1.,1.,1.,     629P   1684
1.,1.,20.8,-1.1815930930413E-06,14.,20.799999998607,                 629P   1685
-1.2250291223153,13.999999896608,20.799999994657,                    629P   1686
-4.9001129037706,13.517633832863,20.799999991117,                    629P   1687
-8.1718900260647,11.627100275292,20.799999986376,                    629P   1688
-11.626873924532,8.1721155206143,20.799999983289,                    629P   1689
-13.517920201721,4.8986605549359,20.799999978885,                    629P   1690
-14.000000155688,1.2246637885757,20.799999977493,-14.,               629P   1691
-1.7797824491484E-06,0.,1.,0.,0.,0.;                                 629P   1692
126,2,2,0,0,0,0,0.75000002247315,0.75000002247315,                   631P   1693
0.75000002247315,1.,1.,1.,0.873619903441,0.61774261343316,           631P   1694
0.87361994944397,20.799999974038,-14.,-1.7797824403559E-06,          631P   1695
20.799999974038,-13.999998220217,-14.,20.799999974038,0.,-14.,       631P   1696
0.75000002247315,1.,0.,0.,0.;                                        631P   1697
126,4,2,0,0,0,0,2.2164364010813E-08,2.2164364010813E-08,             633P   1698
2.2164364010813E-08,0.049467926302502,0.049467926302502,             633P   1699
0.25207338097989,0.25207338097989,0.25207338097989,                  633P   1700
0.87361994944397,0.92579814379279,1.,0.69609181798392,               633P   1701
0.76162436835312,20.799999974038,0.,-14.,20.827764424816,0.,         633P   1702
-14.000000003604,20.854478978031,0.,-13.992437109084,                633P   1703
20.999999858915,0.,-13.951240123168,21.,0.,-13.800000186571,         633P   1704
2.2164364010813E-08,0.25207338097989,0.,0.,0.;                       633P   1705
126,11,3,0,0,1,0,0.,0.,0.,0.,0.081515734323365,0.2445472029701,      635P   1706
0.2445472029701,0.63919902434003,0.63919902434003,                   635P   1707
0.97849440682887,0.97849440682887,0.99283146894296,1.,1.,1.,1.,      635P   1708
1.,1.,1.,1.,1.,1.,1.,1.,1.,1.,1.,1.,21.,0.,-13.800000186571,21.,     635P   1709
-1.2075719634763,-13.800000566814,20.999999999995,                   635P   1710
-4.8302880036348,-13.324491854026,20.999999999984,                   635P   1711
-8.055217948449,-11.460932906179,20.999999999948,                    635P   1712
-13.880200231708,-5.6359537540711,20.999999999901,                   635P   1713
-14.963730045199,0.61373542635672,20.999999999779,                   635P   1714
-10.355281326743,10.403275458937,20.999999999722,                    635P   1715
-5.9460816924671,13.422001026812,20.999999999625,                    635P   1716
-0.74037750479039,13.781760933827,20.999999999619,                   635P   1717
-0.42310891457786,13.796363818774,20.999999999613,                   635P   1718
-0.10577722893168,13.800012443887,20.999999999611,0.,                635P   1719
13.800012477195,0.,1.,0.,0.,0.;                                      635P   1720
102,5,627,629,631,633,635;                                           637P   1721
142,0,613,625,637,1;                                                 639P   1722
144,613,1,0,639,0,1,611;                                             641P   1723
406,1,3HF20;                                                         643P   1724
128,4,8,2,2,0,1,0,0,0,0.,0.,0.,0.2026054593151,0.2026054593151,      645P   1725
0.2520733856176,0.2520733856176,0.2520733856176,0.,0.,0.,0.25,       645P   1726
0.25,0.5,0.5,0.75,0.75,1.,1.,1.,0.76162437135324,                    645P   1727
0.69609181102735,1.,0.92579811054625,0.87361990268652,               645P   1728
0.53854975770082,0.49221123990587,0.70710678118655,                  645P   1729
0.65463812197694,0.61774255736917,0.76162437135324,                  645P   1730
0.69609181102735,1.,0.92579811054625,0.87361990268652,               645P   1731
0.53854975770082,0.49221123990587,0.70710678118655,                  645P   1732
0.65463812197694,0.61774255736917,0.76162437135324,                  645P   1733
0.69609181102735,1.,0.92579811054625,0.87361990268652,               645P   1734
0.53854975770082,0.49221123990587,0.70710678118655,                  645P   1735
0.65463812197694,0.61774255736917,0.76162437135324,                  645P   1736
0.69609181102735,1.,0.92579811054625,0.87361990268652,               645P   1737
0.53854975770082,0.49221123990587,0.70710678118655,                  645P   1738
0.65463812197694,0.61774255736917,0.76162437135324,                  645P   1739
0.69609181102735,1.,0.92579811054625,0.87361990268652,21.,0.,        645P   1740
-13.800000180243,20.9999998637,0.,-13.951240121813,                  645P   1741
20.854478978031,0.,-13.992437109084,20.827764411887,0.,              645P   1742
-14.000000007264,20.799999947672,0.,-14.,21.,13.800000180243,        645P   1743
-13.800000180243,20.9999998637,13.951240121813,-13.951240121814,     645P   1744
20.854478978031,13.992437109084,-13.992437109085,                    645P   1745
20.827764411887,14.000000007264,-14.000000007265,                    645P   1746
20.799999947672,14.,-14.,21.,13.800000180243,0.,20.9999998637,       645P   1747
13.951240121814,0.,20.854478978031,13.992437109085,0.,               645P   1748
20.827764411887,14.000000007265,0.,20.799999947672,14.,0.,21.,       645P   1749
13.800000180244,13.800000180243,20.9999998637,13.951240121814,       645P   1750
13.951240121813,20.854478978031,13.992437109085,13.992437109084,     645P   1751
20.827764411887,14.000000007265,14.000000007264,20.799999947672,     645P   1752
14.000000000001,14.,21.,0.,13.800000180243,20.9999998637,0.,         645P   1753
13.951240121813,20.854478978031,0.,13.992437109084,                  645P   1754
20.827764411887,0.,14.000000007264,20.799999947672,0.,14.,21.,       645P   1755
-13.800000180242,13.800000180243,20.9999998637,-13.951240121813,     645P   1756
13.951240121814,20.854478978031,-13.992437109084,                    645P   1757
13.992437109085,20.827764411887,-14.000000007264,                    645P   1758
14.000000007265,20.799999947672,-13.999999999999,14.,21.,            645P   1759
-13.800000180243,0.,20.9999998637,-13.951240121813,0.,               645P   1760
20.854478978031,-13.992437109084,0.,20.827764411887,                 645P   1761
-14.000000007264,0.,20.799999947672,-14.,0.,21.,                     645P   1762
-13.800000180243,-13.800000180243,20.9999998637,                     645P   1763
-13.951240121813,-13.951240121813,20.854478978031,                   645P   1764
-13.992437109084,-13.992437109084,20.827764411887,                   645P   1765
-14.000000007264,-14.000000007264,20.799999947672,-14.,-14.,21.,     645P   1766
0.,-13.800000180243,20.9999998637,0.,-13.951240121813,               645P   1767
20.854478978031,0.,-13.992437109084,20.827764411887,0.,              645P   1768
-14.000000007264,20.799999947672,0.,-14.,0.,0.2520733856176,0.,      645P   1769
0.50000000000001,0,1,643;                                            645P   1770
126,1,1,1,0,1,0,0.,0.,1.,1.,1.,1.,9.0124243977696E-06,               647P   1771
0.50000000000001,0.,0.,0.,0.,0.,1.,0.,0.,1.;                         647P   1772
126,1,1,1,0,1,0,0.,0.,1.,1.,1.,1.,0.,0.,0.,0.25207336362323,0.,      649P   1773
0.,0.,1.,0.,0.,1.;                                                   649P   1774
126,1,1,1,0,1,0,0.,0.,0.5,0.5,1.,1.,0.25207336362323,0.,0.,          651P   1775
0.25207336362323,0.25,0.,0.,0.5,0.,0.,1.;                            651P   1776
126,1,1,1,0,1,0,0.5,0.5,1.,1.,1.,1.,0.25207336362323,0.25,0.,        653P   1777
0.25207336362323,0.50000000000001,0.,0.5,1.,0.,0.,1.;                653P   1778
126,1,1,1,0,1,0,0.,0.,1.,1.,1.,1.,0.2520733856176,                   655P   1779
0.50000000000001,0.,9.012424474153E-06,0.50000000000001,0.,0.,       655P   1780
1.,0.,0.,1.;                                                         655P   1781
102,5,647,649,651,653,655;                                           657P   1782
126,11,3,0,0,1,0,0.,0.,0.,0.,0.080718660160718,0.24215598048215,     659P   1783
0.24215598048215,0.64021332840944,0.64021332840944,                  659P   1784
0.97845482252818,0.97845482252818,0.99281827417606,1.,1.,1.,1.,      659P   1785
1.,1.,1.,1.,1.,1.,1.,1.,1.,1.,1.,1.,20.999999999611,0.,              659P   1786
13.800012477673,20.999999999634,1.1943358224947,13.800012101387,     659P   1787
20.999999999705,4.7773431434316,13.33486848776,20.999999999747,      659P   1788
7.9760546298245,11.510895486705,20.999999999852,13.864680033874,     659P   1789
5.7210836017564,20.999999999911,14.986624071211,                     659P   1790
-0.58651454074175,20.99999999998,10.343669612786,                    659P   1791
-10.409659330438,20.999999999996,5.9425273141242,                    659P   1792
-13.420998955433,21.,0.74302737336562,-13.781618118964,21.,          659P   1793
0.42462351025083,-13.796325616762,21.,0.10615587727328,              659P   1794
-13.800000213688,21.,0.,-13.800000180243,0.,1.,0.,0.,0.;             659P   1795
126,4,2,0,0,0,0,0.,0.,0.,0.2026054593151,0.2026054593151,            661P   1796
0.25207336362323,0.25207336362323,0.25207336362323,                  661P   1797
0.76162437135324,0.69609181102735,1.,0.92579814353781,               661P   1798
0.87361994908536,21.,0.,-13.800000180243,20.9999998637,0.,           661P   1799
-13.951240121813,20.854478978031,0.,-13.992437109084,                661P   1800
20.827764424717,0.,-14.000000003632,20.799999973836,0.,-14.,0.,      661P   1801
0.25207336362323,0.,0.,0.;                                           661P   1802
126,2,2,0,0,0,0,0.,0.,0.,0.25,0.25,0.25,0.87361994908536,            663P   1803
0.6177425901781,0.87361994908536,20.799999973836,0.,-14.,            663P   1804
20.799999973836,14.,-14.,20.799999973836,14.,0.,0.,0.25,0.,0.,       663P   1805
0.;                                                                  663P   1806
126,2,2,0,0,0,0,0.25,0.25,0.25,0.50000000000001,                     665P   1807
0.50000000000001,0.50000000000001,0.87361994908536,                  665P   1808
0.6177425901781,0.87361994908536,20.799999973836,14.,0.,             665P   1809
20.799999973836,14.000000000001,14.,20.799999973836,0.,14.,0.25,     665P   1810
0.50000000000001,0.,0.,0.;                                           665P   1811
126,4,2,0,0,0,0,0.,0.,0.,0.049467926302502,0.049467926302502,        667P   1812
0.25206437319313,0.25206437319313,0.25206437319313,                  667P   1813
0.87361990268651,0.92579811054623,0.99999999999998,                  667P   1814
0.69610532966405,0.76161854196246,20.799999947672,0.,14.,            667P   1815
20.827764411887,0.,14.000000007264,20.854478978031,0.,               667P   1816
13.992437109084,20.999990564601,0.,13.95124275439,                   667P   1817
20.999999999611,0.,13.800012477673,0.,0.25206437319313,0.,0.,0.;     667P   1818
102,5,659,661,663,665,667;                                           669P   1819
142,0,645,657,669,1;                                                 671P   1820
144,645,1,0,671,0,1,643;                                             673P   1821
406,1,3HF21;                                                         675P   1822
128,1,1,1,1,0,0,1,0,0,0.,0.,1.,1.,0.,0.,1.,1.,1.,1.,1.,1.,21.,       677P   1823
-13.8,13.8,21.,-13.8,-13.8,21.,34.2,13.8,21.,34.2,-13.8,0.,1.,       677P   1824
0.,0.5786231884058,0,1,675;                                          677P   1825
126,4,2,1,0,0,0,0.,0.,0.,0.25,0.25,0.5,0.5,0.5,1.,                   679P   1826
0.70710678118655,1.,0.70710678118655,1.,0.,0.2875,0.,0.,0.,0.,       679P   1827
0.5,0.,0.,1.,0.,0.,1.,0.2875,0.,0.,0.5,0.,0.,1.;                     679P   1828
126,4,2,1,0,0,0,0.5,0.5,0.5,0.75,0.75,1.,1.,1.,1.,                   681P   1829
0.70710678118655,1.,0.70710678118655,1.,1.,0.2875,0.,1.,0.575,       681P   1830
0.,0.5,0.575,0.,0.,0.575,0.,0.,0.2875,0.,0.5,1.,0.,0.,1.;            681P   1831
102,2,679,681;                                                       683P   1832
126,4,2,0,0,0,0,0.,0.,0.,0.25,0.25,0.5,0.5,0.5,1.,                   685P   1833
0.70710678118655,1.,0.70710678118655,1.,21.,0.,13.8,21.,-13.8,       685P   1834
13.8,21.,-13.8,0.,21.,-13.8,-13.8,21.,0.,-13.8,0.,0.5,0.,0.,0.;      685P   1835
126,4,2,0,0,0,0,0.5,0.5,0.5,0.75,0.75,1.,1.,1.,1.,                   687P   1836
0.70710678118655,1.,0.70710678118655,1.,21.,0.,-13.8,21.,13.8,       687P   1837
-13.8,21.,13.8,0.,21.,13.8,13.8,21.,0.,13.8,0.5,1.,0.,0.,0.;         687P   1838
102,2,685,687;                                                       689P   1839
142,0,677,683,689,1;                                                 691P   1840
126,4,2,1,0,0,0,0.,0.,0.,0.25,0.25,0.5,0.5,0.5,1.,                   693P   1841
0.70710678118655,1.,0.70710678118655,1.,0.1304347826087,0.2875,      693P   1842
0.,0.1304347826087,0.5,0.,0.5,0.5,0.,0.8695652173913,0.5,0.,         693P   1843
0.8695652173913,0.2875,0.,0.,0.5,0.,0.,1.;                           693P   1844
126,4,2,1,0,0,0,0.5,0.5,0.5,0.75,0.75,1.,1.,1.,1.,                   695P   1845
0.70710678118655,1.,0.70710678118655,1.,0.8695652173913,0.2875,      695P   1846
0.,0.8695652173913,0.075,0.,0.5,0.075,0.,0.1304347826087,0.075,      695P   1847
0.,0.1304347826087,0.2875,0.,0.5,1.,0.,0.,1.;                        695P   1848
102,2,693,695;                                                       697P   1849
126,4,2,0,0,0,0,0.,0.,0.,0.25,0.25,0.5,0.5,0.5,1.,                   699P   1850
0.70710678118655,1.,0.70710678118655,1.,21.,0.,10.2,21.,10.2,        699P   1851
10.2,21.,10.2,0.,21.,10.2,-10.2,21.,0.,-10.2,0.,0.5,0.,0.,0.;        699P   1852
126,4,2,0,0,0,0,0.5,0.5,0.5,0.75,0.75,1.,1.,1.,1.,                   701P   1853
0.70710678118655,1.,0.70710678118655,1.,21.,0.,-10.2,21.,-10.2,      701P   1854
-10.2,21.,-10.2,0.,21.,-10.2,10.2,21.,0.,10.2,0.5,1.,0.,0.,0.;       701P   1855
102,2,699,701;                                                       703P   1856
142,0,677,697,703,1;                                                 705P   1857
144,677,1,1,691,705,0,1,675;                                         707P   1858
406,1,3HF22;                                                         709P   1859
128,4,8,2,2,0,1,0,0,0,0.,0.,0.,0.1856442625014,0.1856442625014,      711P   1860
0.53210232496042,0.53210232496042,0.53210232496042,0.,0.,0.,         711P   1861
19.6,19.6,39.2,39.2,58.8,58.8,78.4,78.4,78.4,0.80384515476095,       711P   1862
0.86602279383914,1.,0.74996543047046,0.75000000478021,               711P   1863
0.56840435995542,0.61237059018577,0.70710678118655,                  711P   1864
0.53030564154115,0.53033008927003,0.80384515476095,                  711P   1865
0.86602279383914,1.,0.74996543047046,0.75000000478021,               711P   1866
0.56840435995542,0.61237059018577,0.70710678118655,                  711P   1867
0.53030564154115,0.53033008927003,0.80384515476095,                  711P   1868
0.86602279383914,1.,0.74996543047046,0.75000000478021,               711P   1869
0.56840435995542,0.61237059018577,0.70710678118655,                  711P   1870
0.53030564154115,0.53033008927003,0.80384515476095,                  711P   1871
0.86602279383914,1.,0.74996543047046,0.75000000478021,               711P   1872
0.56840435995542,0.61237059018577,0.70710678118655,                  711P   1873
0.53030564154115,0.53033008927003,0.80384515476095,                  711P   1874
0.86602279383914,1.,0.74996543047046,0.75000000478021,               711P   1875
21.000000000013,0.,-10.200002249464,20.999999397257,0.,              711P   1876
-10.146411205495,21.026794919243,0.,-10.1,21.084540591307,0.,        711P   1877
-9.9999815620677,21.200031933963,0.,-10.000000002549,                711P   1878
21.000000000013,-10.200002249464,-10.200002249464,                   711P   1879
20.999999397257,-10.146411205495,-10.146411205495,                   711P   1880
21.026794919243,-10.1,-10.1,21.084540591307,-9.9999815620677,        711P   1881
-9.9999815620677,21.200031933963,-10.000000002549,                   711P   1882
-10.000000002549,21.000000000013,-10.200002249464,0.,                711P   1883
20.999999397257,-10.146411205495,0.,21.026794919243,-10.1,0.,        711P   1884
21.084540591307,-9.9999815620677,0.,21.200031933963,                 711P   1885
-10.000000002549,0.,21.000000000013,-10.200002249464,                711P   1886
10.200002249464,20.999999397257,-10.146411205495,                    711P   1887
10.146411205495,21.026794919243,-10.1,10.1,21.084540591307,          711P   1888
-9.9999815620677,9.9999815620677,21.200031933963,                    711P   1889
-10.000000002549,10.000000002549,21.000000000013,0.,                 711P   1890
10.200002249464,20.999999397257,0.,10.146411205495,                  711P   1891
21.026794919243,0.,10.1,21.084540591307,0.,9.9999815620677,          711P   1892
21.200031933963,0.,10.000000002549,21.000000000013,                  711P   1893
10.200002249464,10.200002249464,20.999999397257,10.146411205495,     711P   1894
10.146411205495,21.026794919243,10.1,10.1,21.084540591307,           711P   1895
9.9999815620677,9.9999815620677,21.200031933963,10.000000002549,     711P   1896
10.000000002549,21.000000000013,10.200002249464,0.,                  711P   1897
20.999999397257,10.146411205495,0.,21.026794919243,10.1,0.,          711P   1898
21.084540591307,9.9999815620677,0.,21.200031933963,                  711P   1899
10.000000002549,0.,21.000000000013,10.200002249464,                  711P   1900
-10.200002249464,20.999999397257,10.146411205495,                    711P   1901
-10.146411205495,21.026794919243,10.1,-10.1,21.084540591307,         711P   1902
9.9999815620677,-9.9999815620677,21.200031933963,                    711P   1903
10.000000002549,-10.000000002549,21.000000000013,0.,                 711P   1904
-10.200002249464,20.999999397257,0.,-10.146411205495,                711P   1905
21.026794919243,0.,-10.1,21.084540591307,0.,-9.9999815620677,        711P   1906
21.200031933963,0.,-10.000000002549,0.,0.53205442401518,             711P   1907
39.199999239391,78.4,0,1,709;                                        711P   1908
126,1,1,1,0,1,0,0.,0.,1.,1.,1.,1.,0.,39.200000265831,0.,             713P   1909
0.53205442401518,39.200000265831,0.,0.,1.,0.,0.,1.;                  713P   1910
126,1,1,1,0,1,0,0.,0.,0.5,0.5,1.,1.,0.53205442401518,                715P   1911
39.200000531662,0.,0.53205442401518,58.800000265831,0.,0.,0.5,       715P   1912
0.,0.,1.;                                                            715P   1913
126,1,1,1,0,1,0,0.5,0.5,1.,1.,1.,1.,0.53205442401518,                717P   1914
58.800000265831,0.,0.53205442401518,78.4,0.,0.5,1.,0.,0.,1.;         717P   1915
126,1,1,1,0,1,0,0.,0.,1.,1.,1.,1.,0.53205442401518,78.4,0.,          719P   1916
3.5832899081267E-06,78.4,0.,0.,1.,0.,0.,1.;                          719P   1917
126,1,1,1,0,1,0,0.,0.,1.,1.,1.,1.,3.5832899081267E-06,78.4,0.,       721P   1918
3.3312463972868E-06,39.199999239391,0.,0.,1.,0.,0.,1.;               721P   1919
102,5,713,715,717,719,721;                                           723P   1920
126,4,2,0,0,0,0,0.,0.,0.,0.1856442625014,0.1856442625014,            725P   1921
0.53205442401518,0.53205442401518,0.53205442401518,                  725P   1922
0.80384514837448,0.86602278695867,0.9999999920551,                   725P   1923
0.74999999404132,0.74999999404132,21.000000000013,                   725P   1924
1.9564315505975E-07,10.200002249464,20.999999397257,                 725P   1925
1.9461524147027E-07,10.146411205495,21.026794919243,                 725P   1926
1.9372504218883E-07,10.1,21.084529946162,1.9180697246419E-07,        725P   1927
10.,21.2,1.9180697246419E-07,10.,0.,0.53205442401518,0.,0.,0.;       725P   1928
126,4,2,0,0,0,0,39.200000531662,39.200000531662,39.200000531662,     727P   1929
58.8,58.8,58.800000265831,58.800000265831,58.800000265831,           727P   1930
0.74999998808264,0.53033009184859,0.75,0.74999999702066,             727P   1931
0.74999999404132,21.2,3.8361394522762E-07,10.,21.2,10.,              727P   1932
9.9999996163861,21.2,10.,0.,21.2,10.,-9.5903483668678E-08,21.2,      727P   1933
10.,-1.9180696672503E-07,39.200000531662,58.800000265831,0.,0.,      727P   1934
0.;                                                                  727P   1935
126,2,2,0,0,0,0,58.800000265831,58.800000265831,58.800000265831,     729P   1936
78.4,78.4,78.4,0.74999999404132,0.53033008886925,0.75,21.2,10.,      729P   1937
-1.9180696672503E-07,21.2,9.999999808193,-10.,21.2,0.,-10.,          729P   1938
58.800000265831,78.4,0.,0.,0.;                                       729P   1939
126,4,2,0,0,0,0,4.7900945243429E-05,4.7900945243429E-05,             731P   1940
4.7900945243429E-05,0.34645806245902,0.34645806245902,               731P   1941
0.53209874167051,0.53209874167051,0.53209874167051,0.75,0.75,1.,     731P   1942
0.86602537985588,0.8038475550828,21.2,0.,-10.,21.084529946162,       731P   1943
0.,-10.,21.026794919243,0.,-10.1,20.999999994474,0.,                 731P   1944
-10.146410171085,21.,0.,-10.200000020624,4.7900945243429E-05,        731P   1945
0.53209874167051,0.,0.,0.;                                           731P   1946
126,11,3,0,0,1,0,0.,0.,0.,0.,0.083188903740521,0.24956671122156,     733P   1947
0.24956671122156,0.68188897188891,0.68188897188891,                  733P   1948
0.98389946116765,0.98389946116765,0.99463315372255,1.,1.,1.,1.,      733P   1949
1.,1.,1.,1.,1.,1.,1.,1.,1.,1.,1.,1.,21.,0.,-10.200000020624,21.,     733P   1950
0.91205171776856,-10.20000002558,21.,3.6482068730685,                733P   1951
-9.8330125392387,21.,6.0707437693332,-8.396257529555,21.,            733P   1952
10.620656811908,-3.6874893122124,21.,11.13795604556,                 733P   1953
1.5069143839668,21.,6.8248878739375,8.2665678050715,21.,             733P   1954
3.8192521712157,10.016030341886,21.,0.41005263095954,                733P   1955
10.192427960754,21.,0.23432674597255,10.198486146189,21.,            733P   1956
0.058581266636208,10.200000180293,21.,-5.5978428530493E-07,          733P   1957
10.200000177397,0.,1.,0.,0.,0.;                                      733P   1958
102,5,725,727,729,731,733;                                           735P   1959
142,0,711,723,735,1;                                                 737P   1960
144,711,1,0,737,0,1,709;                                             739P   1961
406,1,3HF23;                                                         741P   1962
128,4,8,2,2,0,1,0,0,0,0.,0.,0.,0.1856442625014,0.1856442625014,      743P   1963
0.53210232496042,0.53210232496042,0.53210232496042,0.,0.,0.,         743P   1964
19.6,19.6,39.2,39.2,58.8,58.8,78.4,78.4,78.4,0.80384515476095,       743P   1965
0.86602279383914,1.,0.74996543047046,0.75000000478021,               743P   1966
0.56840435995542,0.61237059018577,0.70710678118655,                  743P   1967
0.53030564154115,0.53033008927003,0.80384515476095,                  743P   1968
0.86602279383914,1.,0.74996543047046,0.75000000478021,               743P   1969
0.56840435995542,0.61237059018577,0.70710678118655,                  743P   1970
0.53030564154115,0.53033008927003,0.80384515476095,                  743P   1971
0.86602279383914,1.,0.74996543047046,0.75000000478021,               743P   1972
0.56840435995542,0.61237059018577,0.70710678118655,                  743P   1973
0.53030564154115,0.53033008927003,0.80384515476095,                  743P   1974
0.86602279383914,1.,0.74996543047046,0.75000000478021,               743P   1975
0.56840435995542,0.61237059018577,0.70710678118655,                  743P   1976
0.53030564154115,0.53033008927003,0.80384515476095,                  743P   1977
0.86602279383914,1.,0.74996543047046,0.75000000478021,               743P   1978
21.000000000013,0.,-10.200002249464,20.999999397257,0.,              743P   1979
-10.146411205495,21.026794919243,0.,-10.1,21.084540591307,0.,        743P   1980
-9.9999815620677,21.200031933963,0.,-10.000000002549,                743P   1981
21.000000000013,-10.200002249464,-10.200002249464,                   743P   1982
20.999999397257,-10.146411205495,-10.146411205495,                   743P   1983
21.026794919243,-10.1,-10.1,21.084540591307,-9.9999815620677,        743P   1984
-9.9999815620677,21.200031933963,-10.000000002549,                   743P   1985
-10.000000002549,21.000000000013,-10.200002249464,0.,                743P   1986
20.999999397257,-10.146411205495,0.,21.026794919243,-10.1,0.,        743P   1987
21.084540591307,-9.9999815620677,0.,21.200031933963,                 743P   1988
-10.000000002549,0.,21.000000000013,-10.200002249464,                743P   1989
10.200002249464,20.999999397257,-10.146411205495,                    743P   1990
10.146411205495,21.026794919243,-10.1,10.1,21.084540591307,          743P   1991
-9.9999815620677,9.9999815620677,21.200031933963,                    743P   1992
-10.000000002549,10.000000002549,21.000000000013,0.,                 743P   1993
10.200002249464,20.999999397257,0.,10.146411205495,                  743P   1994
21.026794919243,0.,10.1,21.084540591307,0.,9.9999815620677,          743P   1995
21.200031933963,0.,10.000000002549,21.000000000013,                  743P   1996
10.200002249464,10.200002249464,20.999999397257,10.146411205495,     743P   1997
10.146411205495,21.026794919243,10.1,10.1,21.084540591307,           743P   1998
9.9999815620677,9.9999815620677,21.200031933963,10.000000002549,     743P   1999
10.000000002549,21.000000000013,10.200002249464,0.,                  743P   2000
20.999999397257,10.146411205495,0.,21.026794919243,10.1,0.,          743P   2001
21.084540591307,9.9999815620677,0.,21.200031933963,                  743P   2002
10.000000002549,0.,21.000000000013,10.200002249464,                  743P   2003
-10.200002249464,20.999999397257,10.146411205495,                    743P   2004
-10.146411205495,21.026794919243,10.1,-10.1,21.084540591307,         743P   2005
9.9999815620677,-9.9999815620677,21.200031933963,                    743P   2006
10.000000002549,-10.000000002549,21.000000000013,0.,                 743P   2007
-10.200002249464,20.999999397257,0.,-10.146411205495,                743P   2008
21.026794919243,0.,-10.1,21.084540591307,0.,-9.9999815620677,        743P   2009
21.200031933963,0.,-10.000000002549,3.3312404625896E-06,             743P   2010
0.53210232496042,0.,39.199999239404,0,1,741;                         743P   2011
126,1,1,1,0,1,0,0.,0.,1.,1.,1.,1.,3.3312405981478E-06,               745P   2012
39.199999239391,0.,3.5832840266092E-06,0.,0.,0.,1.,0.,0.,1.;         745P   2013
126,1,1,1,0,1,0,0.,0.,1.,1.,1.,1.,3.5832840266092E-06,0.,0.,         747P   2014
0.53205442401505,0.,0.,0.,1.,0.,0.,1.;                               747P   2015
126,1,1,1,0,1,0,0.,0.,1.,1.,1.,1.,0.53205442401505,0.,0.,            749P   2016
0.53205442401497,19.600000706688,0.,0.,1.,0.,0.,1.;                  749P   2017
126,1,1,1,0,1,0,0.,0.,1.,1.,1.,1.,0.53205442401488,                  751P   2018
19.600000706687,0.,0.53209949059919,39.199999239404,0.,0.,1.,0.,     751P   2019
0.,1.;                                                               751P   2020
126,1,1,1,0,1,0,0.,0.,1.,1.,1.,1.,0.53210232496042,                  753P   2021
39.199999239391,0.,3.3312404625896E-06,39.199999239391,0.,0.,1.,     753P   2022
0.,0.,1.;                                                            753P   2023
102,5,745,747,749,751,753;                                           755P   2024
126,11,3,0,0,1,0,0.,0.,0.,0.,0.091577741380161,0.27473322414048,     757P   2025
0.27473322414048,0.69288337609007,0.69288337609007,                  757P   2026
0.98011219432536,0.98011219432536,0.99337073144179,1.,1.,1.,1.,      757P   2027
1.,1.,1.,1.,1.,1.,1.,1.,1.,1.,1.,1.,21.,-5.5978428530513E-07,        757P   2028
10.2000001774,21.,-1.0022339329974,10.200000116951,21.,              757P   2029
-4.0089340259082,9.7568506497264,21.,-6.5983452496027,               757P   2030
8.030603583582,21.,-10.770172282758,2.9721594318915,21.,             757P   2031
-10.984120403884,-2.0288264183189,21.,-6.6321402490693,              757P   2032
-8.3567031907388,21.,-3.7758256914765,-9.9795932796461,21.,          757P   2033
-0.50596386863668,-10.188469070312,21.,-0.28914326338761,            757P   2034
-10.197694769622,21.,-0.072285815843775,-10.20000002102,21.,0.,      757P   2035
-10.200000020627,0.,1.,0.,0.,0.;                                     757P   2036
126,4,2,0,0,0,0,3.5832840266092E-06,3.5832840266092E-06,             759P   2037
3.5832840266092E-06,0.1856442625014,0.1856442625014,                 759P   2038
0.53205442401505,0.53205442401505,0.53205442401505,                  759P   2039
0.80384755507886,0.86602537985163,1.,0.75000000000009,0.75,21.,      759P   2040
0.,-10.200000020627,20.999999994473,0.,-10.146410171087,             759P   2041
21.026794919243,0.,-10.1,21.084529946162,0.,-10.,21.2,0.,-10.,       759P   2042
3.5832840266092E-06,0.53205442401505,0.,0.,0.;                       759P   2043
126,4,2,0,0,0,0,0.,0.,0.,19.6,19.6,19.600000706688,                  761P   2044
19.600000706688,19.600000706688,0.75,0.53033008588991,0.75,          761P   2045
0.74999999207969,0.74999998415938,21.2,0.,-10.,21.2,-10.,-10.,       761P   2046
21.2,-10.,0.,21.2,-10.,2.5495087714313E-07,21.2,-10.,                761P   2047
5.0990175244929E-07,0.,19.600000706688,0.,0.,0.;                     761P   2048
126,7,3,0,0,1,0,0.,0.,0.,0.,0.16672957551999,0.50018872655996,       763P   2049
0.50018872655996,0.83339624218665,1.,1.,1.,1.,1.,1.,1.,1.,1.,1.,     763P   2050
1.,1.,21.2,-10.,5.0990152686865E-07,21.200001858486,                 763P   2051
-9.9999999553936,0.87480469886395,21.200007130898,                   763P   2052
-9.6556227555903,3.499217248192,21.200011857404,-8.305169435318,     763P   2053
5.8369661832508,21.200018184597,-5.8378975009236,                    763P   2054
8.3042381295608,21.200022915654,-3.4981085485371,                    763P   2055
9.6558409425009,21.200028186492,-0.87452755348237,                   763P   2056
9.9999999539836,21.200030044389,-5.4879859289883E-07,                763P   2057
10.000000002257,0.,1.,0.,0.,0.;                                      763P   2058
126,4,2,0,0,0,0,0.,0.,0.,0.34645806245902,0.34645806245902,          765P   2059
0.53209899371996,0.53209899371996,0.53209899371996,                  765P   2060
0.74999998773093,0.74996541342197,0.99999997726763,                  765P   2061
0.86602517826805,0.8038473679685,21.200031933963,                    765P   2062
-5.4880800065279E-07,10.000000002549,21.084540591307,                765P   2063
-5.488069886244E-07,9.9999815620677,21.026794919243,                 765P   2064
-5.54296080518E-07,10.1,20.999999952466,-5.5684311183082E-07,        765P   2065
10.146410243846,21.,-5.5978417025901E-07,10.2000001774,0.,           765P   2066
0.53209899371996,0.,0.,0.;                                           765P   2067
102,5,757,759,761,763,765;                                           767P   2068
142,0,743,755,767,1;                                                 769P   2069
144,743,1,0,769,0,1,741;                                             771P   2070
406,1,3HF24;                                                         773P   2071
128,1,8,1,2,0,1,0,0,0,0.,0.,0.24088386557695,0.24088386557695,       775P   2072
0.,0.,0.,0.25,0.25,0.5,0.5,0.75,0.75,1.,1.,1.,1.,1.,                 775P   2073
0.70710678118655,0.70710678118655,1.,1.,0.70710678118655,            775P   2074
0.70710678118655,1.,1.,0.70710678118655,0.70710678118655,1.,1.,      775P   2075
0.70710678118655,0.70710678118655,1.,1.,21.2,10.,0.,                 775P   2076
36.750000551343,10.,0.,21.2,10.,-10.,36.750000551343,10.,-10.,       775P   2077
21.2,0.,-10.,36.750000551343,0.,-10.,21.2,-10.,-10.,                 775P   2078
36.750000551343,-10.,-10.,21.2,-10.,0.,36.750000551343,-10.,0.,      775P   2079
21.2,-10.,10.,36.750000551343,-10.,10.,21.2,0.,10.,                  775P   2080
36.750000551343,0.,10.,21.2,10.,10.,36.750000551343,10.,10.,         775P   2081
21.2,10.,0.,36.750000551343,10.,0.,0.,0.24088386557695,0.,0.5,0,     775P   2082
1,773;                                                               775P   2083
126,1,1,1,0,1,0,0.,0.,1.,1.,1.,1.,0.24088386557695,                  777P   2084
0.49999999660829,0.,0.,0.49999999660829,0.,0.,1.,0.,0.,1.;           777P   2085
126,1,1,1,0,1,0,0.,0.,0.5,0.5,1.,1.,0.,0.4999999932186,0.,0.,        779P   2086
0.2499999966093,0.,0.,0.5,0.,0.,1.;                                  779P   2087
126,1,1,1,0,1,0,0.5,0.5,1.,1.,1.,1.,0.,0.2499999966093,0.,0.,0.,     781P   2088
0.,0.5,1.,0.,0.,1.;                                                  781P   2089
126,1,1,1,0,1,0,0.,0.,1.,1.,1.,1.,0.,0.,0.,0.24088386557695,0.,      783P   2090
0.,0.,1.,0.,0.,1.;                                                   783P   2091
126,1,1,1,0,1,0,0.,0.,0.5,0.5,1.,1.,0.24088386557695,0.,0.,          785P   2092
0.24088386557695,0.25,0.,0.,0.5,0.,0.,1.;                            785P   2093
126,1,1,1,0,1,0,0.5,0.5,1.,1.,1.,1.,0.24088386557695,0.25,0.,        787P   2094
0.24088386557695,0.5,0.,0.5,1.,0.,0.,1.;                             787P   2095
102,6,777,779,781,783,785,787;                                       789P   2096
126,1,1,0,0,0,0,0.,0.,0.24088386557695,0.24088386557695,             791P   2097
0.99999999205273,0.99999999205273,36.750000551343,-10.,              791P   2098
-1.9186395643906E-07,21.2,-10.,-1.9186395643906E-07,0.,              791P   2099
0.24088386557695,0.,0.,0.;                                           791P   2100
126,4,2,0,0,0,0,0.5000000067814,0.5000000067814,0.5000000067814,     793P   2101
0.75,0.75,0.7500000033907,0.7500000033907,0.7500000033907,           793P   2102
0.99999998411019,0.70710678913145,1.,0.99999999602755,               793P   2103
0.9999999920551,21.2,-10.,-3.8361394958543E-07,21.2,                 793P   2104
-9.9999996163861,-10.,21.2,0.,-10.,21.2,9.5903484181362E-08,         793P   2105
-10.,21.2,1.918069677504E-07,-10.,0.5000000067814,                   793P   2106
0.7500000033907,0.,0.,0.;                                            793P   2107
126,2,2,0,0,0,0,0.7500000033907,0.7500000033907,0.7500000033907,     795P   2108
1.,1.,1.,0.9999999920551,0.707106785159,1.,21.2,                     795P   2109
1.918069677504E-07,-10.,21.2,10.,-9.999999808193,21.2,10.,0.,        795P   2110
0.7500000033907,1.,0.,0.,0.;                                         795P   2111
126,1,1,0,0,0,0,0.,0.,0.24088386557695,0.24088386557695,1.,1.,       797P   2112
21.2,10.,0.,36.750000551343,10.,0.,0.,0.24088386557695,0.,0.,0.;     797P   2113
126,2,2,0,0,0,0,0.,0.,0.,0.25,0.25,0.25,1.,0.70710678118655,1.,      799P   2114
36.750000551343,10.,0.,36.750000551343,10.,-10.,36.750000551343,     799P   2115
0.,-10.,0.,0.25,0.,0.,0.;                                            799P   2116
126,2,2,0,0,0,0,0.25,0.25,0.25,0.5,0.5,0.5,1.,0.70710678118655,      801P   2117
1.,36.750000551343,0.,-10.,36.750000551343,-10.,-10.,                801P   2118
36.750000551343,-10.,0.,0.25,0.5,0.,0.,0.;                           801P   2119
102,6,791,793,795,797,799,801;                                       803P   2120
142,0,775,789,803,1;                                                 805P   2121
144,775,1,0,805,0,1,773;                                             807P   2122
406,1,3HF25;                                                         809P   2123
128,1,8,1,2,0,1,0,0,0,0.,0.,0.24088386557695,0.24088386557695,       811P   2124
0.,0.,0.,0.25,0.25,0.5,0.5,0.75,0.75,1.,1.,1.,1.,1.,                 811P   2125
0.70710678118655,0.70710678118655,1.,1.,0.70710678118655,            811P   2126
0.70710678118655,1.,1.,0.70710678118655,0.70710678118655,1.,1.,      811P   2127
0.70710678118655,0.70710678118655,1.,1.,21.2,10.,0.,                 811P   2128
36.750000551343,10.,0.,21.2,10.,-10.,36.750000551343,10.,-10.,       811P   2129
21.2,0.,-10.,36.750000551343,0.,-10.,21.2,-10.,-10.,                 811P   2130
36.750000551343,-10.,-10.,21.2,-10.,0.,36.750000551343,-10.,0.,      811P   2131
21.2,-10.,10.,36.750000551343,-10.,10.,21.2,0.,10.,                  811P   2132
36.750000551343,0.,10.,21.2,10.,10.,36.750000551343,10.,10.,         811P   2133
21.2,10.,0.,36.750000551343,10.,0.,0.,0.24088386557695,              811P   2134
0.50000001124152,1.,0,1,809;                                         811P   2135
126,1,1,1,0,1,0,0.,0.,1.,1.,1.,1.,0.24088386557695,                  813P   2136
0.74999997009298,0.,0.24088386557695,1.,0.,0.,1.,0.,0.,1.;           813P   2137
126,1,1,1,0,1,0,0.,0.,1.,1.,1.,1.,0.24088386557695,1.,0.,0.,1.,      815P   2138
0.,0.,1.,0.,0.,1.;                                                   815P   2139
126,1,1,1,0,1,0,0.,0.,1.,1.,1.,1.,0.,1.,0.,0.,0.74999999098613,      817P   2140
0.,0.,1.,0.,0.,1.;                                                   817P   2141
126,1,1,1,0,1,0,0.,0.,1.,1.,1.,1.,0.,0.74999999098613,0.,0.,         819P   2142
0.50000001124152,0.,0.,1.,0.,0.,1.;                                  819P   2143
126,1,1,1,0,1,0,0.,0.,1.,1.,1.,1.,0.,0.50000001124152,0.,            821P   2144
0.24088386557695,0.50000001124152,0.,0.,1.,0.,0.,1.;                 821P   2145
126,1,1,1,0,1,0,0.,0.,1.,1.,1.,1.,0.24088386557695,                  823P   2146
0.50000002247636,0.,0.24088386557695,0.74999997009298,0.,0.,1.,      823P   2147
0.,0.,1.;                                                            823P   2148
102,6,813,815,817,819,821,823;                                       825P   2149
126,4,2,0,0,0,0,0.74999997009298,0.74999997009298,                   827P   2150
0.74999997009298,0.75,0.75,1.,1.,1.,0.99999992992349,                827P   2151
0.99999996496174,1.,0.70710678118655,1.,36.750000551343,             827P   2152
-1.6917967922482E-06,9.9999999999999,36.750000551343,                827P   2153
-8.4589839704257E-07,10.,36.750000551343,0.,10.,36.750000551343,     827P   2154
10.,10.,36.750000551343,10.,0.,0.74999997009298,1.,0.,0.,0.;         827P   2155
126,1,1,0,0,0,0,0.,0.,0.24088386557695,0.24088386557695,1.,1.,       829P   2156
36.750000551343,10.,0.,21.2,10.,0.,0.,0.24088386557695,0.,0.,0.;     829P   2157
126,4,2,0,0,0,0,0.,0.,0.,0.25,0.25,0.25000000901387,                 831P   2158
0.25000000901387,0.25000000901387,1.,0.70710678118655,1.,            831P   2159
0.9999999894396,0.9999999788792,21.2,10.,0.,21.2,10.,10.,21.2,       831P   2160
0.,10.,21.2,-2.5495065079347E-07,10.,21.2,-5.0990129974997E-07,      831P   2161
10.,0.,0.25000000901387,0.,0.,0.;                                    831P   2162
126,2,2,0,0,0,0,0.25000000901387,0.25000000901387,                   833P   2163
0.25000000901387,0.49999998875848,0.49999998875848,                  833P   2164
0.49999998875848,0.9999999788792,0.7071068049172,                    833P   2165
0.99999997365949,21.2,-5.0990129974997E-07,10.,21.2,                 833P   2166
-9.9999993640838,9.9999994900987,21.2,-10.,6.3591625531665E-07,      833P   2167
0.25000000901387,0.49999998875848,0.,0.,0.;                          833P   2168
126,1,1,0,0,0,0,0.,0.,0.24088386557695,0.24088386557695,             835P   2169
0.99999997365949,0.99999997365949,21.2,-10.,6.3591626097389E-07,     835P   2170
36.750000551343,-10.,6.3591626097389E-07,0.,0.24088386557695,0.,     835P   2171
0.,0.;                                                               835P   2172
126,2,2,0,0,0,0,0.50000002247636,0.50000002247636,                   837P   2173
0.50000002247636,0.74999997009298,0.74999997009298,                  837P   2174
0.74999997009298,0.99999994733462,0.70710684255749,                  837P   2175
0.99999992992349,36.750000551343,-9.9999999999999,                   837P   2176
1.2714548196199E-06,36.750000551343,-9.9999987285455,                837P   2177
9.9999983082036,36.750000551343,-1.6917967924454E-06,                837P   2178
9.9999999999999,0.50000002247636,0.74999997009298,0.,0.,0.;          837P   2179
102,6,827,829,831,833,835,837;                                       839P   2180
142,0,811,825,839,1;                                                 841P   2181
144,811,1,0,841,0,1,809;                                             843P   2182
406,1,3HF26;                                                         845P   2183
128,4,8,2,2,0,1,0,0,0,0.,0.,0.,0.43312586305837,                     847P   2184
0.43312586305837,0.66518119118559,0.66518119118559,                  847P   2185
0.66518119118559,0.,0.,0.,19.5,19.5,39.,39.,58.5,58.5,78.,78.,       847P   2186
78.,0.75000001707393,0.74993466637026,1.,0.86602279383886,           847P   2187
0.8038451547607,0.530330097963,0.53028388803728,                     847P   2188
0.70710678118655,0.61237059018558,0.56840435995524,                  847P   2189
0.75000001707393,0.74993466637026,1.,0.86602279383886,               847P   2190
0.8038451547607,0.530330097963,0.53028388803728,                     847P   2191
0.70710678118655,0.61237059018558,0.56840435995524,                  847P   2192
0.75000001707393,0.74993466637026,1.,0.86602279383886,               847P   2193
0.8038451547607,0.530330097963,0.53028388803728,                     847P   2194
0.70710678118655,0.61237059018558,0.56840435995524,                  847P   2195
0.75000001707393,0.74993466637026,1.,0.86602279383886,               847P   2196
0.8038451547607,0.530330097963,0.53028388803728,                     847P   2197
0.70710678118655,0.61237059018558,0.56840435995524,                  847P   2198
0.75000001707393,0.74993466637026,1.,0.86602279383886,               847P   2199
0.8038451547607,36.749925110567,0.,-10.000000011383,                 847P   2200
36.894312969524,0.,-9.9999564404523,36.966506902289,0.,-10.125,      847P   2201
37.000001304772,0.,-10.183014006869,37.000000551327,0.,              847P   2202
-10.25000281183,36.749925110567,-10.000000011383,                    847P   2203
-10.000000011383,36.894312969524,-9.9999564404523,                   847P   2204
-9.9999564404523,36.966506902289,-10.125,-10.125,                    847P   2205
37.000001304772,-10.183014006869,-10.183014006869,                   847P   2206
37.000000551327,-10.25000281183,-10.25000281183,36.749925110567,     847P   2207
-10.000000011383,0.,36.894312969524,-9.9999564404523,0.,             847P   2208
36.966506902289,-10.125,0.,37.000001304772,-10.183014006869,0.,      847P   2209
37.000000551327,-10.25000281183,0.,36.749925110567,                  847P   2210
-10.000000011383,10.000000011383,36.894312969524,                    847P   2211
-9.9999564404523,9.9999564404523,36.966506902289,-10.125,10.125,     847P   2212
37.000001304772,-10.183014006869,10.183014006869,                    847P   2213
37.000000551327,-10.25000281183,10.25000281183,36.749925110567,      847P   2214
0.,10.000000011383,36.894312969524,0.,9.9999564404523,               847P   2215
36.966506902289,0.,10.125,37.000001304772,0.,10.183014006869,        847P   2216
37.000000551327,0.,10.25000281183,36.749925110567,                   847P   2217
10.000000011383,10.000000011383,36.894312969524,9.9999564404523,     847P   2218
9.9999564404523,36.966506902289,10.125,10.125,37.000001304772,       847P   2219
10.183014006869,10.183014006869,37.000000551327,10.25000281183,      847P   2220
10.25000281183,36.749925110567,10.000000011383,0.,                   847P   2221
36.894312969524,9.9999564404523,0.,36.966506902289,10.125,0.,        847P   2222
37.000001304772,10.183014006869,0.,37.000000551327,                  847P   2223
10.25000281183,0.,36.749925110567,10.000000011383,                   847P   2224
-10.000000011383,36.894312969524,9.9999564404523,                    847P   2225
-9.9999564404523,36.966506902289,10.125,-10.125,37.000001304772,     847P   2226
10.183014006869,-10.183014006869,37.000000551327,10.25000281183,     847P   2227
-10.25000281183,36.749925110567,0.,-10.000000011383,                 847P   2228
36.894312969524,0.,-9.9999564404523,36.966506902289,0.,-10.125,      847P   2229
37.000001304772,0.,-10.183014006869,37.000000551327,0.,              847P   2230
-10.25000281183,0.,0.66518119118559,38.99999912345,78.,0,1,845;      847P   2231
126,1,1,1,0,1,0,0.,0.,1.,1.,1.,1.,5.3152211092033E-05,39.,0.,        849P   2232
0.66517702713454,39.,0.,0.,1.,0.,0.,1.;                              849P   2233
126,1,1,1,0,1,0,0.,0.,1.,1.,1.,1.,0.66518119118559,                  851P   2234
38.99999912345,0.,0.66517689159956,78.,0.,0.,1.,0.,0.,1.;            851P   2235
126,1,1,1,0,1,0,0.,0.,1.,1.,1.,1.,0.66517689159956,78.,0.,           853P   2236
0.00011316116600635,78.,0.,0.,1.,0.,0.,1.;                           853P   2237
126,1,1,1,0,1,0,0.,0.,0.50000062660077,0.50000062660077,1.,1.,       855P   2238
0.00011316116600635,78.,0.,5.65805120963E-05,58.500000000139,0.,     855P   2239
0.,0.50000062660077,0.,0.,1.;                                        855P   2240
126,1,1,1,0,1,0,0.50000062660077,0.50000062660077,1.,1.,1.,1.,       857P   2241
5.65805120963E-05,58.500000000139,0.,0.,39.000048875076,0.,          857P   2242
0.50000062660077,1.,0.,0.,1.;                                        857P   2243
102,5,849,851,853,855,857;                                           859P   2244
126,4,2,0,0,0,0,5.3152211092033E-05,5.3152211092033E-05,             861P   2245
5.3152211092033E-05,0.43312586305837,0.43312586305837,               861P   2246
0.66517702713454,0.66517702713454,0.66517702713454,                  861P   2247
0.75000000480143,0.74996535381364,1.,0.86602519795486,               861P   2248
0.80384738624186,36.749960545373,0.,10.000000003201,                 861P   2249
36.894324782701,0.,9.9999769014754,36.966506902289,0.,10.125,        861P   2250
37.000000610761,0.,10.183012804807,37.000000551343,0.,               861P   2251
10.250000221751,5.3152211092033E-05,0.66517702713454,0.,0.,0.;       861P   2252
126,11,3,0,0,1,0,0.,0.,0.,0.,0.083143975166425,0.24943192549927,     863P   2253
0.24943192549927,0.68168954681869,0.68168954681869,                  863P   2254
0.98359968171811,0.98359968171811,0.99453322723937,1.,1.,1.,1.,      863P   2255
1.,1.,1.,1.,1.,1.,1.,1.,1.,1.,1.,1.,37.000000551327,                 863P   2256
-6.5160023224697E-07,10.25000281183,37.000000551328,                 863P   2257
0.91600584675199,10.250002785562,37.000000551331,                    863P   2258
3.6640253312449,9.8816315183586,37.000000551333,6.0974580822429,     863P   2259
8.4393950239787,37.000000551337,10.670492047434,3.7109195846454,     863P   2260
37.00000055134,11.193125651636,-1.5076284982949,37.000000551342,     863P   2261
6.8644004651437,-8.3016273788045,37.000000551343,                    863P   2262
3.8465773380536,-10.061485568109,37.000000551343,                    863P   2263
0.41973628303463,-10.242104686375,37.000000551343,                   863P   2264
0.23986119717901,-10.248421499337,37.000000551343,                   863P   2265
0.059965299258346,-10.250000142978,37.000000551343,0.,               863P   2266
-10.250000137447,0.,1.,0.,0.,0.;                                     863P   2267
126,4,2,0,0,0,0,4.2995860354278E-06,4.2995860354278E-06,             865P   2268
4.2995860354278E-06,0.23205532812722,0.23205532812722,               865P   2269
0.66506803001959,0.66506803001959,0.66506803001959,                  865P   2270
0.80384745887473,0.86602527620602,1.,0.74999999999991,0.75,          865P   2271
37.000000551343,0.,-10.250000137447,37.000000588172,0.,              865P   2272
-10.183012765681,36.966506902289,0.,-10.125,36.89433811864,0.,       865P   2273
-9.9999999999999,36.750000551343,0.,-10.,4.2995860354278E-06,        865P   2274
0.66506803001959,0.,0.,0.;                                           865P   2275
126,7,3,0,0,1,0,0.,0.,0.,0.,0.16672957553632,0.50018872660897,       867P   2276
0.50018872660897,0.83339624220299,1.,1.,1.,1.,1.,1.,1.,1.,1.,1.,     867P   2277
1.,1.,36.750000551343,0.,-10.,36.749998218032,0.87480424821093,      867P   2278
-10.,36.74999159857,3.4992169928447,-9.6556228873885,                867P   2279
36.749985664489,5.8369661186653,-8.3051695056333,                    867P   2280
36.749977720759,8.3042382261919,-5.8378973989833,                    867P   2281
36.749971780964,9.65584108832,-3.4981082548678,36.749965163479,      867P   2282
10.000000002485,-0.87452706382765,36.749962830907,                   867P   2283
10.000000002846,-1.0062051093115E-10,0.,1.,0.,0.,0.;                 867P   2284
126,7,3,0,0,1,0,0.,0.,0.,0.,0.18495308721096,0.55485926163287,       869P   2285
0.55485926163287,0.85161975387762,1.,1.,1.,1.,1.,1.,1.,1.,1.,1.,     869P   2286
1.,1.,36.749962830907,10.000000002846,-1.0062051093115E-10,          869P   2287
36.749960239865,10.000000003246,0.97143275143994,                    869P   2288
36.749951997576,9.5753432889165,3.8857310062355,36.749946423624,     869P   2289
7.9180857010047,6.4073570178104,36.749938462944,5.2467860956614,     869P   2290
8.6536122053933,36.749933114972,3.1140139864548,9.7272645484964,     869P   2291
36.749927186995,0.77853032290007,9.9999972512344,                    869P   2292
36.749925110567,3.5446075257662E-05,10.00000001132,0.,1.,0.,0.,      869P   2293
0.;                                                                  869P   2294
102,5,861,863,865,867,869;                                           871P   2295
142,0,847,859,871,1;                                                 873P   2296
144,847,1,0,873,0,1,845;                                             875P   2297
406,1,3HF27;                                                         877P   2298
128,4,8,2,2,0,1,0,0,0,0.,0.,0.,0.43312586305837,                     879P   2299
0.43312586305837,0.66518119118559,0.66518119118559,                  879P   2300
0.66518119118559,0.,0.,0.,19.5,19.5,39.,39.,58.5,58.5,78.,78.,       879P   2301
78.,0.75000001707393,0.74993466637026,1.,0.86602279383886,           879P   2302
0.8038451547607,0.530330097963,0.53028388803728,                     879P   2303
0.70710678118655,0.61237059018558,0.56840435995524,                  879P   2304
0.75000001707393,0.74993466637026,1.,0.86602279383886,               879P   2305
0.8038451547607,0.530330097963,0.53028388803728,                     879P   2306
0.70710678118655,0.61237059018558,0.56840435995524,                  879P   2307
0.75000001707393,0.74993466637026,1.,0.86602279383886,               879P   2308
0.8038451547607,0.530330097963,0.53028388803728,                     879P   2309
0.70710678118655,0.61237059018558,0.56840435995524,                  879P   2310
0.75000001707393,0.74993466637026,1.,0.86602279383886,               879P   2311
0.8038451547607,0.530330097963,0.53028388803728,                     879P   2312
0.70710678118655,0.61237059018558,0.56840435995524,                  879P   2313
0.75000001707393,0.74993466637026,1.,0.86602279383886,               879P   2314
0.8038451547607,36.749925110567,0.,-10.000000011383,                 879P   2315
36.894312969524,0.,-9.9999564404523,36.966506902289,0.,-10.125,      879P   2316
37.000001304772,0.,-10.183014006869,37.000000551327,0.,              879P   2317
-10.25000281183,36.749925110567,-10.000000011383,                    879P   2318
-10.000000011383,36.894312969524,-9.9999564404523,                   879P   2319
-9.9999564404523,36.966506902289,-10.125,-10.125,                    879P   2320
37.000001304772,-10.183014006869,-10.183014006869,                   879P   2321
37.000000551327,-10.25000281183,-10.25000281183,36.749925110567,     879P   2322
-10.000000011383,0.,36.894312969524,-9.9999564404523,0.,             879P   2323
36.966506902289,-10.125,0.,37.000001304772,-10.183014006869,0.,      879P   2324
37.000000551327,-10.25000281183,0.,36.749925110567,                  879P   2325
-10.000000011383,10.000000011383,36.894312969524,                    879P   2326
-9.9999564404523,9.9999564404523,36.966506902289,-10.125,10.125,     879P   2327
37.000001304772,-10.183014006869,10.183014006869,                    879P   2328
37.000000551327,-10.25000281183,10.25000281183,36.749925110567,      879P   2329
0.,10.000000011383,36.894312969524,0.,9.9999564404523,               879P   2330
36.966506902289,0.,10.125,37.000001304772,0.,10.183014006869,        879P   2331
37.000000551327,0.,10.25000281183,36.749925110567,                   879P   2332
10.000000011383,10.000000011383,36.894312969524,9.9999564404523,     879P   2333
9.9999564404523,36.966506902289,10.125,10.125,37.000001304772,       879P   2334
10.183014006869,10.183014006869,37.000000551327,10.25000281183,      879P   2335
10.25000281183,36.749925110567,10.000000011383,0.,                   879P   2336
36.894312969524,9.9999564404523,0.,36.966506902289,10.125,0.,        879P   2337
37.000001304772,10.183014006869,0.,37.000000551327,                  879P   2338
10.25000281183,0.,36.749925110567,10.000000011383,                   879P   2339
-10.000000011383,36.894312969524,9.9999564404523,                    879P   2340
-9.9999564404523,36.966506902289,10.125,-10.125,37.000001304772,     879P   2341
10.183014006869,-10.183014006869,37.000000551327,10.25000281183,     879P   2342
-10.25000281183,36.749925110567,0.,-10.000000011383,                 879P   2343
36.894312969524,0.,-9.9999564404523,36.966506902289,0.,-10.125,      879P   2344
37.000001304772,0.,-10.183014006869,37.000000551327,0.,              879P   2345
-10.25000281183,0.00011316116615667,0.66518119118512,0.,             879P   2346
38.99999912345,0,1,877;                                              879P   2347
126,1,1,1,0,1,0,0.,0.,1.,1.,1.,1.,0.00011316116615667,               881P   2348
19.500002332748,0.,0.00011316116615667,0.,0.,0.,1.,0.,0.,1.;         881P   2349
126,1,1,1,0,1,0,0.,0.,1.,1.,1.,1.,0.00011316116615667,0.,0.,         883P   2350
0.66517690757009,0.,0.,0.,1.,0.,0.,1.;                               883P   2351
126,1,1,1,0,1,0,0.,0.,1.,1.,1.,1.,0.66517690757009,0.,0.,            885P   2352
0.6651811911686,38.99999912345,0.,0.,1.,0.,0.,1.;                    885P   2353
126,1,1,1,0,1,0,0.,0.,1.,1.,1.,1.,0.66518119118512,                  887P   2354
38.99999912345,0.,0.00011316116616089,38.99999912345,0.,0.,1.,       887P   2355
0.,0.,1.;                                                            887P   2356
126,1,1,1,0,1,0,0.,0.,1.,1.,1.,1.,0.00011316116616089,               889P   2357
38.999998246899,0.,0.00011316116616089,19.500002332748,0.,0.,1.,     889P   2358
0.,0.,1.;                                                            889P   2359
102,5,881,883,885,887,889;                                           891P   2360
126,4,2,0,0,0,0,58.499997667252,58.499997667252,58.499997667252,     893P   2361
58.5,58.5,78.,78.,78.,0.74999994744262,0.74999997372131,0.75,        893P   2362
0.53033008588991,0.75,36.750000551343,-9.9999999999999,              893P   2363
1.6917967953883E-06,36.750000551343,-10.,8.4589839861266E-07,        893P   2364
36.750000551343,-10.,0.,36.750000551343,-10.,-10.,                   893P   2365
36.750000551343,0.,-10.,58.499997667252,78.,0.,0.,0.;                893P   2366
126,4,2,0,0,0,0,0.00011316116615667,0.00011316116615667,             895P   2367
0.00011316116615667,0.43312586305837,0.43312586305837,               895P   2368
0.66517690757009,0.66517690757009,0.66517690757009,0.75,0.75,1.,     895P   2369
0.86602526698543,0.80384745031616,36.750000551343,0.,-10.,           895P   2370
36.89433811864,0.,-10.,36.966506902289,0.,-10.125,                   895P   2371
37.000000590833,0.,-10.183012770292,37.000000551343,0.,              895P   2372
-10.25000014738,0.00011316116615667,0.66517690757009,0.,0.,0.;       895P   2373
126,11,3,0,0,1,0,0.,0.,0.,0.,0.091555487150279,0.27466646145084,     897P   2374
0.27466646145084,0.69238338495173,0.69238338495173,                  897P   2375
0.97987777890012,0.97987777890012,0.99329259296671,1.,1.,1.,1.,      897P   2376
1.,1.,1.,1.,1.,1.,1.,1.,1.,1.,1.,1.,37.000000551343,0.,              897P   2377
-10.25000014738,37.000000551343,-1.0068654277499,                    897P   2378
-10.250000239916,37.000000551343,-4.0274617519037,                   897P   2379
-9.8049272432525,37.000000551342,-6.6291548135963,                   897P   2380
-8.0710951260537,37.00000055134,-10.819162497136,                    897P   2381
-2.9930229672897,37.000000551338,-11.038275283474,                   897P   2382
2.0260552927841,37.000000551333,-6.6758170723372,                    897P   2383
8.3898425377632,37.000000551331,-3.8045850199542,                    897P   2384
10.025493814543,37.000000551328,-0.51441017968315,                   897P   2385
10.238141602387,37.000000551327,-0.29397086471295,                   897P   2386
10.247631527898,37.000000551327,-0.073493204970578,                  897P   2387
10.250002800393,37.000000551327,-6.516002322463E-07,                 897P   2388
10.250002811819,0.,1.,0.,0.,0.;                                      897P   2389
126,4,2,0,0,0,0,0.,0.,0.,0.23205532812722,0.23205532812722,          899P   2390
0.66506803001943,0.66506803001943,0.66506803001943,                  899P   2391
0.80384513359396,0.86602277103487,0.99999997366814,                  899P   2392
0.74999998025111,0.74999998025111,37.000000551327,                   899P   2393
-6.5160020055525E-07,10.25000281183,37.000001304772,                 899P   2394
-6.4734167306518E-07,10.183014006869,36.966506902289,                899P   2395
-6.4365368007584E-07,10.125,36.89433811864,-6.357073383465E-07,      899P   2396
10.,36.750000551343,-6.357073383465E-07,10.,0.,0.66506803001943,     899P   2397
0.,0.,0.;                                                            899P   2398
126,2,2,0,0,0,0,39.000001753101,39.000001753101,39.000001753101,     901P   2399
58.499997667252,58.499997667252,58.499997667252,                     901P   2400
0.74999996050221,0.53033013191749,0.74999994744262,                  901P   2401
36.750000551343,-1.2714146895039E-06,9.9999999999999,                901P   2402
36.750000551343,-9.9999983082036,9.9999987285856,                    901P   2403
36.750000551343,-9.9999999999999,1.6917967955904E-06,                901P   2404
39.000001753101,58.499997667252,0.,0.,0.;                            901P   2405
102,5,893,895,897,899,901;                                           903P   2406
142,0,879,891,903,1;                                                 905P   2407
144,879,1,0,905,0,1,877;                                             907P   2408
406,1,3HF28;                                                         909P   2409
128,4,8,2,2,0,1,0,0,0,0.,0.,0.,0.17398937941839,                     911P   2410
0.17398937941839,0.27682776847794,0.27682776847794,                  911P   2411
0.27682776847794,0.,0.,0.,0.25,0.25,0.5,0.5,0.75,0.75,1.,1.,1.,      911P   2412
0.7504825990984,0.73901593087242,1.,0.84574241641067,                911P   2413
0.78666644120062,0.53067133498498,0.52256317612478,                  911P   2414
0.70710678118655,0.59803019778108,0.55625717510484,                  911P   2415
0.7504825990984,0.73901593087242,1.,0.84574241641067,                911P   2416
0.78666644120062,0.53067133498498,0.52256317612478,                  911P   2417
0.70710678118655,0.59803019778108,0.55625717510484,                  911P   2418
0.7504825990984,0.73901593087242,1.,0.84574241641067,                911P   2419
0.78666644120062,0.53067133498498,0.52256317612478,                  911P   2420
0.70710678118655,0.59803019778108,0.55625717510484,                  911P   2421
0.7504825990984,0.73901593087242,1.,0.84574241641067,                911P   2422
0.78666644120062,0.53067133498498,0.52256317612478,                  911P   2423
0.70710678118655,0.59803019778108,0.55625717510484,                  911P   2424
0.7504825990984,0.73901593087242,1.,0.84574241641067,                911P   2425
0.78666644120062,38.138630900689,0.,-11.240344195843,                911P   2426
37.532861983128,0.,-11.325140933196,37.181473875015,0.,              911P   2427
-10.824468519712,36.999991157462,0.,-10.565884384093,                911P   2428
37.000000551785,0.,-10.249970263047,38.138630900689,                 911P   2429
11.240344195843,-11.240344195843,37.532861983128,                    911P   2430
11.325140933196,-11.325140933196,37.181473875015,                    911P   2431
10.824468519712,-10.824468519712,36.999991157462,                    911P   2432
10.565884384093,-10.565884384093,37.000000551785,                    911P   2433
10.249970263047,-10.249970263047,38.138630900689,                    911P   2434
11.240344195843,0.,37.532861983128,11.325140933196,0.,               911P   2435
37.181473875015,10.824468519712,0.,36.999991157462,                  911P   2436
10.565884384093,0.,37.000000551785,10.249970263047,0.,               911P   2437
38.138630900689,11.240344195843,11.240344195843,37.532861983128,     911P   2438
11.325140933196,11.325140933196,37.181473875015,10.824468519712,     911P   2439
10.824468519712,36.999991157462,10.565884384093,10.565884384093,     911P   2440
37.000000551785,10.249970263047,10.249970263047,38.138630900689,     911P   2441
0.,11.240344195843,37.532861983128,0.,11.325140933196,               911P   2442
37.181473875015,0.,10.824468519712,36.999991157462,0.,               911P   2443
10.565884384093,37.000000551785,0.,10.249970263047,                  911P   2444
38.138630900689,-11.240344195843,11.240344195843,                    911P   2445
37.532861983128,-11.325140933196,11.325140933196,                    911P   2446
37.181473875015,-10.824468519712,10.824468519712,                    911P   2447
36.999991157462,-10.565884384093,10.565884384093,                    911P   2448
37.000000551785,-10.249970263047,10.249970263047,                    911P   2449
38.138630900689,-11.240344195843,0.,37.532861983128,                 911P   2450
-11.325140933196,0.,37.181473875015,-10.824468519712,0.,             911P   2451
36.999991157462,-10.565884384093,0.,37.000000551785,                 911P   2452
-10.249970263047,0.,38.138630900689,-11.240344195843,                911P   2453
-11.240344195843,37.532861983128,-11.325140933196,                   911P   2454
-11.325140933196,37.181473875015,-10.824468519712,                   911P   2455
-10.824468519712,36.999991157462,-10.565884384093,                   911P   2456
-10.565884384093,37.000000551785,-10.249970263047,                   911P   2457
-10.249970263047,38.138630900689,0.,-11.240344195843,                911P   2458
37.532861983128,0.,-11.325140933196,37.181473875015,0.,              911P   2459
-10.824468519712,36.999991157462,0.,-10.565884384093,                911P   2460
37.000000551785,0.,-10.249970263047,1.2649265804798E-06,             911P   2461
0.2768275685252,0.4999999999997,1.,0,1,909;                          911P   2462
126,1,1,1,0,1,0,0.,0.,1.,1.,1.,1.,1.3706569541583E-06,               913P   2463
0.7499999917775,0.,1.295887230468E-06,0.49999999999971,0.,0.,1.,     913P   2464
0.,0.,1.;                                                            913P   2465
126,1,1,1,0,1,0,0.,0.,1.,1.,1.,1.,1.4046689000846E-06,               915P   2466
0.4999999999997,0.,0.27682326709522,0.4999999999997,0.,0.,1.,0.,     915P   2467
0.,1.;                                                               915P   2468
126,1,1,1,0,1,0,0.,0.,1.,1.,1.,1.,0.27682328219272,0.5,0.,           917P   2469
0.2768275685252,1.,0.,0.,1.,0.,0.,1.;                                917P   2470
126,1,1,1,0,1,0,0.,0.,1.,1.,1.,1.,0.2768275685252,1.,0.,             919P   2471
1.3705849364887E-06,1.,0.,0.,1.,0.,0.,1.;                            919P   2472
126,1,1,1,0,1,0,0.,0.,1.,1.,1.,1.,1.3705849364887E-06,1.,0.,         921P   2473
1.2649265804798E-06,0.7499999917775,0.,0.,1.,0.,0.,1.;               921P   2474
102,5,913,915,917,919,921;                                           923P   2475
126,7,3,0,0,1,0,0.,0.,0.,0.,0.18062278347334,0.54186835042003,       925P   2476
0.54186835042003,0.84728945014001,1.,1.,1.,1.,1.,1.,1.,1.,1.,1.,     925P   2477
1.,1.,38.138621502232,-11.240345511412,5.228278959407E-07,           925P   2478
38.138621536616,-11.240345457012,1.0660914044185,                    925P   2479
38.138621633689,-10.785334908197,4.2643640259721,                    925P   2480
38.138621720321,-9.0080412231656,7.0513942096828,                    925P   2481
38.138621828467,-6.0569479892635,9.6379899527857,                    925P   2482
38.138621903046,-3.6033096235298,10.915470647417,                    925P   2483
38.138621985867,-0.90082740550165,11.240345443718,                   925P   2484
38.138622014921,1.8676824850597E-11,11.24034543965,0.,1.,0.,0.,      925P   2485
0.;                                                                  925P   2486
126,4,2,0,0,0,0,1.4046689000846E-06,1.4046689000846E-06,             927P   2487
1.4046689000846E-06,0.17398937941839,0.17398937941839,               927P   2488
0.27682326709522,0.27682326709522,0.27682326709522,                  927P   2489
0.75048241396891,0.73901803787628,1.0000000000007,                   927P   2490
0.84574916848534,0.78667161306263,38.138621269015,                   927P   2491
1.8888605605437E-11,11.240345544056,37.532858144437,                 927P   2492
1.9031169465908E-11,11.325135463668,37.181473875015,                 927P   2493
1.8189359346647E-11,10.824468519712,37.00000055003,                  927P   2494
1.7754604308808E-11,10.565897767016,37.000000551343,                 927P   2495
1.7223460913715E-11,10.249999995845,1.4046689000846E-06,             927P   2496
0.27682326709522,0.,0.,0.;                                           927P   2497
126,11,3,0,0,1,0,0.,0.,0.,0.,0.091555601233348,0.27466680370004,     929P   2498
0.27466680370004,0.69238399084841,0.69238399084841,                  929P   2499
0.97987795033925,0.97987795033925,0.99329265011308,1.,1.,1.,1.,      929P   2500
1.,1.,1.,1.,1.,1.,1.,1.,1.,1.,1.,1.,37.000000551343,0.,              929P   2501
10.249999896122,37.000000551343,-1.0068650786264,                    929P   2502
10.249998912843,37.000000551348,-4.0274598798587,                    929P   2503
9.8049231834575,37.000000551362,-6.6291505312325,                    929P   2504
8.0710895221746,37.000000551406,-10.819149955743,                    929P   2505
2.9930169612218,37.000000551462,-11.038257068164,                    929P   2506
-2.026057505815,37.00000055159,-6.6757950376544,                     929P   2507
-8.3898264899927,37.000000551646,-3.8045691413769,                   929P   2508
-10.025469135588,37.000000551733,-0.5144044579057,                   929P   2509
-10.238111150114,37.000000551739,-0.29396731038791,                  929P   2510
-10.247600671257,37.000000551745,-0.07349182701806,                  929P   2511
-10.249971655562,37.000000551747,0.,-10.249971583791,0.,1.,0.,       929P   2512
0.,0.;                                                               929P   2513
126,4,2,0,0,0,0,1.9995274169737E-07,1.9995274169737E-07,             931P   2514
1.9995274169737E-07,0.10283838905955,0.10283838905955,               931P   2515
0.27682639789301,0.27682639789301,0.27682639789301,                  931P   2516
0.78666667092848,0.84574271633978,1.,0.73901798674982,               931P   2517
0.75048241846011,37.000000551747,0.,-10.249971583791,                931P   2518
36.999991574686,0.,-10.565884978571,37.181473875015,0.,              931P   2519
-10.824468519712,37.532858237581,0.,-11.325135596385,                931P   2520
38.138621502726,0.,-11.240345511343,1.9995274169737E-07,             931P   2521
0.27682639789301,0.,0.,0.;                                           931P   2522
126,7,3,0,0,1,0,0.,0.,0.,0.,0.16670756365513,0.5001226909654,        933P   2523
0.5001226909654,0.8333742303218,1.,1.,1.,1.,1.,1.,1.,1.,1.,1.,       933P   2524
1.,1.,38.138621502726,0.,-11.240345511343,38.138621547564,           933P   2525
-0.98379687332629,-11.240345505067,38.138621674762,                  933P   2526
-3.9351874908333,-10.852870450001,38.13862178863,                    933P   2527
-6.5604894898179,-9.3357595971061,38.138621941274,                   933P   2528
-9.3350791053441,-6.5611698001653,38.138622040664,                   933P   2529
-10.853326699871,-3.9328701284814,38.138622182404,                   933P   2530
-11.24034546194,-0.98321713488196,38.138622227215,                   933P   2531
-11.240345409935,5.2282765120262E-07,0.,1.,0.,0.,0.;                 933P   2532
102,5,925,927,929,931,933;                                           935P   2533
142,0,911,923,935,1;                                                 937P   2534
144,911,1,0,937,0,1,909;                                             939P   2535
406,1,3HF29;                                                         941P   2536
128,4,8,2,2,0,1,0,0,0,0.,0.,0.,0.17398937941839,                     943P   2537
0.17398937941839,0.27682776847794,0.27682776847794,                  943P   2538
0.27682776847794,0.,0.,0.,0.25,0.25,0.5,0.5,0.75,0.75,1.,1.,1.,      943P   2539
0.7504825990984,0.73901593087242,1.,0.84574241641067,                943P   2540
0.78666644120062,0.53067133498498,0.52256317612478,                  943P   2541
0.70710678118655,0.59803019778108,0.55625717510484,                  943P   2542
0.7504825990984,0.73901593087242,1.,0.84574241641067,                943P   2543
0.78666644120062,0.53067133498498,0.52256317612478,                  943P   2544
0.70710678118655,0.59803019778108,0.55625717510484,                  943P   2545
0.7504825990984,0.73901593087242,1.,0.84574241641067,                943P   2546
0.78666644120062,0.53067133498498,0.52256317612478,                  943P   2547
0.70710678118655,0.59803019778108,0.55625717510484,                  943P   2548
0.7504825990984,0.73901593087242,1.,0.84574241641067,                943P   2549
0.78666644120062,0.53067133498498,0.52256317612478,                  943P   2550
0.70710678118655,0.59803019778108,0.55625717510484,                  943P   2551
0.7504825990984,0.73901593087242,1.,0.84574241641067,                943P   2552
0.78666644120062,38.138630900689,0.,-11.240344195843,                943P   2553
37.532861983128,0.,-11.325140933196,37.181473875015,0.,              943P   2554
-10.824468519712,36.999991157462,0.,-10.565884384093,                943P   2555
37.000000551785,0.,-10.249970263047,38.138630900689,                 943P   2556
11.240344195843,-11.240344195843,37.532861983128,                    943P   2557
11.325140933196,-11.325140933196,37.181473875015,                    943P   2558
10.824468519712,-10.824468519712,36.999991157462,                    943P   2559
10.565884384093,-10.565884384093,37.000000551785,                    943P   2560
10.249970263047,-10.249970263047,38.138630900689,                    943P   2561
11.240344195843,0.,37.532861983128,11.325140933196,0.,               943P   2562
37.181473875015,10.824468519712,0.,36.999991157462,                  943P   2563
10.565884384093,0.,37.000000551785,10.249970263047,0.,               943P   2564
38.138630900689,11.240344195843,11.240344195843,37.532861983128,     943P   2565
11.325140933196,11.325140933196,37.181473875015,10.824468519712,     943P   2566
10.824468519712,36.999991157462,10.565884384093,10.565884384093,     943P   2567
37.000000551785,10.249970263047,10.249970263047,38.138630900689,     943P   2568
0.,11.240344195843,37.532861983128,0.,11.325140933196,               943P   2569
37.181473875015,0.,10.824468519712,36.999991157462,0.,               943P   2570
10.565884384093,37.000000551785,0.,10.249970263047,                  943P   2571
38.138630900689,-11.240344195843,11.240344195843,                    943P   2572
37.532861983128,-11.325140933196,11.325140933196,                    943P   2573
37.181473875015,-10.824468519712,10.824468519712,                    943P   2574
36.999991157462,-10.565884384093,10.565884384093,                    943P   2575
37.000000551785,-10.249970263047,10.249970263047,                    943P   2576
38.138630900689,-11.240344195843,0.,37.532861983128,                 943P   2577
-11.325140933196,0.,37.181473875015,-10.824468519712,0.,             943P   2578
36.999991157462,-10.565884384093,0.,37.000000551785,                 943P   2579
-10.249970263047,0.,38.138630900689,-11.240344195843,                943P   2580
-11.240344195843,37.532861983128,-11.325140933196,                   943P   2581
-11.325140933196,37.181473875015,-10.824468519712,                   943P   2582
-10.824468519712,36.999991157462,-10.565884384093,                   943P   2583
-10.565884384093,37.000000551785,-10.249970263047,                   943P   2584
-10.249970263047,38.138630900689,0.,-11.240344195843,                943P   2585
37.532861983128,0.,-11.325140933196,37.181473875015,0.,              943P   2586
-10.824468519712,36.999991157462,0.,-10.565884384093,                943P   2587
37.000000551785,0.,-10.249970263047,0.,0.27682776847794,0.,0.5,      943P   2588
0,1,941;                                                             943P   2589
126,1,1,1,0,1,0,0.,0.,0.5,0.5,1.,1.,0.,0.5,0.,                       945P   2590
1.1459118243184E-06,0.2500000087476,0.,0.,0.5,0.,0.,1.;              945P   2591
126,1,1,1,0,1,0,0.5,0.5,1.,1.,1.,1.,1.1459118243184E-06,             947P   2592
0.2500000087476,0.,2.2918236427527E-06,1.7495202634337E-08,0.,       947P   2593
0.5,1.,0.,0.,1.;                                                     947P   2594
126,1,1,1,0,1,0,0.,0.,1.,1.,1.,1.,2.2918236427527E-06,0.,0.,         949P   2595
0.27682776847794,0.,0.,0.,1.,0.,0.,1.;                               949P   2596
126,1,1,1,0,1,0,0.,0.,1.,1.,1.,1.,0.27682776847794,0.,0.,            951P   2597
0.27682328226075,0.5,0.,0.,1.,0.,0.,1.;                              951P   2598
126,1,1,1,0,1,0,0.,0.,1.,1.,1.,1.,0.27682328219273,0.5,0.,0.,        953P   2599
0.5,0.,0.,1.,0.,0.,1.;                                               953P   2600
102,5,945,947,949,951,953;                                           955P   2601
126,7,3,0,0,1,0,0.,0.,0.,0.,0.18062277137604,0.54186831412812,       957P   2602
0.54186831412812,0.84728943804271,1.,1.,1.,1.,1.,1.,1.,1.,1.,1.,     957P   2603
1.,1.,38.138630900688,0.,11.240344195843,38.138630373728,            957P   2604
1.0660907788215,11.240344269608,38.138628699686,4.2643631467692,     957P   2605
10.785334151948,38.13862755829,7.0513934114406,9.0080407363112,      957P   2606
38.138625900856,9.6379891837647,6.0569481352744,38.138624757863,     957P   2607
10.915470090085,3.6033100025439,38.138623488561,11.240345188803,     957P   2608
0.9008279274365,38.138623043288,11.240345295706,                     957P   2609
5.5621620716305E-07,0.,1.,0.,0.,0.;                                  957P   2610
126,7,3,0,0,1,0,0.,0.,0.,0.,0.18062276589405,0.54186829768215,       959P   2611
0.54186829768215,0.84728943256072,1.,1.,1.,1.,1.,1.,1.,1.,1.,1.,     959P   2612
1.,1.,38.138623043288,11.240345295706,5.5621620716305E-07,           959P   2613
38.138622516326,11.240345422221,-1.0660902945309,                    959P   2614
38.138620842282,10.785335445937,-4.2643629007692,                    959P   2615
38.138619700885,9.0080420994146,-7.0513934665994,                    959P   2616
38.138618043448,6.0569494040287,-9.6379897139548,                    959P   2617
38.138616900454,3.603311024681,-10.915470956467,38.13861563115,      959P   2618
0.90082860415171,-11.240346244031,38.138615185877,                   959P   2619
1.1124325045804E-06,-11.240346395507,0.,1.,0.,0.,0.;                 959P   2620
126,4,2,0,0,0,0,2.2918236427527E-06,2.2918236427527E-06,             961P   2621
2.2918236427527E-06,0.17398937941839,0.17398937941839,               961P   2622
0.27682776847794,0.27682776847794,0.27682776847794,                  961P   2623
0.75048229706308,0.73901936860788,1.,0.84574241641067,               961P   2624
0.78666644120062,38.138615185877,0.,-11.240346395507,                961P   2625
37.532855720023,0.,-11.325132009263,37.181473875015,0.,              961P   2626
-10.824468519712,36.999991157462,0.,-10.565884384093,                961P   2627
37.000000551785,0.,-10.249970263047,2.2918236427527E-06,             961P   2628
0.27682776847794,0.,0.,0.;                                           961P   2629
126,11,3,0,0,1,0,0.,0.,0.,0.,0.083143882595121,0.24943164778536,     963P   2630
0.24943164778536,0.68168919410115,0.68168919410115,                  963P   2631
0.98359966450246,0.98359966450246,0.99453322150082,1.,1.,1.,1.,      963P   2632
1.,1.,1.,1.,1.,1.,1.,1.,1.,1.,1.,1.,37.000000551785,0.,              963P   2633
-10.249970263047,37.000000551757,0.91600415151308,                   963P   2634
-10.249971199318,37.000000551682,3.6640169825731,                    963P   2635
-9.8816033956451,37.000000551624,6.0974447067528,                    963P   2636
-8.4393719889385,37.000000551497,10.670472905573,                    963P   2637
-3.7109093429193,37.000000551428,11.19310797581,1.5076293257133,     963P   2638
37.00000055136,6.8643944525558,8.3016225726023,37.000000551345,      963P   2639
3.8465744839789,10.061481382382,37.000000551343,                     963P   2640
0.41973596238749,10.242103991898,37.000000551343,                    963P   2641
0.23986101718117,10.248420991972,37.000000551343,                    963P   2642
0.059965254698648,10.249999834381,37.000000551343,0.,                963P   2643
10.249999895673,0.,1.,0.,0.,0.;                                      963P   2644
126,4,2,0,0,0,0,4.4862852159877E-06,4.4862852159877E-06,             965P   2645
4.4862852159877E-06,0.10283838905955,0.10283838905955,               965P   2646
0.27682776847794,0.27682776847794,0.27682776847794,                  965P   2647
0.7866715957152,0.84574914583849,1.,0.73901593087242,                965P   2648
0.7504825990984,37.000000551343,0.,10.249999896122,                  965P   2649
37.000000518528,0.,10.56589772213,37.181473875015,0.,                965P   2650
10.824468519712,37.532861983128,0.,11.325140933196,                  965P   2651
38.138630900689,0.,11.240344195843,4.4862852159877E-06,              965P   2652
0.27682776847794,0.,0.,0.;                                           965P   2653
102,5,957,959,961,963,965;                                           967P   2654
142,0,943,955,967,1;                                                 969P   2655
144,943,1,0,969,0,1,941;                                             971P   2656
406,1,3HF30;                                                         973P   2657
128,1,8,1,2,0,1,0,0,0,0.,0.,1.,1.,0.,0.,0.,0.25,0.25,0.5,0.5,        975P   2658
0.75,0.75,1.,1.,1.,1.,1.,0.70710678118655,0.70710678118655,1.,       975P   2659
1.,0.70710678118655,0.70710678118655,1.,1.,0.70710678118655,         975P   2660
0.70710678118655,1.,1.,0.70710678118655,0.70710678118655,1.,1.,      975P   2661
75.441683782512,6.0189585823995,0.,10.161054620263,                  975P   2662
15.156423524673,0.,75.441683782512,6.0189585823995,                  975P   2663
6.0189585823995,10.161054620263,15.156423524673,15.156423524673,     975P   2664
75.441683782512,0.,6.0189585823995,10.161054620263,0.,               975P   2665
15.156423524673,75.441683782512,-6.0189585823995,                    975P   2666
6.0189585823995,10.161054620263,-15.156423524673,                    975P   2667
15.156423524673,75.441683782512,-6.0189585823995,0.,                 975P   2668
10.161054620263,-15.156423524673,0.,75.441683782512,                 975P   2669
-6.0189585823995,-6.0189585823995,10.161054620263,                   975P   2670
-15.156423524673,-15.156423524673,75.441683782512,0.,                975P   2671
-6.0189585823995,10.161054620263,0.,-15.156423524673,                975P   2672
75.441683782512,6.0189585823995,-6.0189585823995,                    975P   2673
10.161054620263,15.156423524673,-15.156423524673,                    975P   2674
75.441683782512,6.0189585823995,0.,10.161054620263,                  975P   2675
15.156423524673,0.,0.43832236303223,0.57142620690632,                975P   2676
0.49999999741419,1.,0,1,973;                                         975P   2677
126,1,1,1,0,1,0,0.,0.,1.,1.,1.,1.,0.43832236309771,                  977P   2678
0.50000000360797,0.,0.57142620690632,0.50000000360797,0.,0.,1.,      977P   2679
0.,0.,1.;                                                            977P   2680
126,1,1,1,0,1,0,0.,0.,0.5,0.5,1.,1.,0.57142620690632,                979P   2681
0.5000000072158,0.,0.57142620690632,0.7500000036079,0.,0.,0.5,       979P   2682
0.,0.,1.;                                                            979P   2683
126,1,1,1,0,1,0,0.5,0.5,1.,1.,1.,1.,0.57142620690632,                981P   2684
0.7500000036079,0.,0.57142620690632,1.,0.,0.5,1.,0.,0.,1.;           981P   2685
126,1,1,1,0,1,0,0.,0.,1.,1.,1.,1.,0.57142620690632,1.,0.,            983P   2686
0.43832236303223,1.,0.,0.,1.,0.,0.,1.;                               983P   2687
126,1,1,1,0,1,0,0.,0.,0.5,0.5,1.,1.,0.43832236303223,1.,0.,          985P   2688
0.43832236303223,0.74999999870709,0.,0.,0.5,0.,0.,1.;                985P   2689
126,1,1,1,0,1,0,0.5,0.5,1.,1.,1.,1.,0.43832236303223,                987P   2690
0.74999999870709,0.,0.43832236303223,0.49999999741419,0.,0.5,1.,     987P   2691
0.,0.,1.;                                                            987P   2692
102,6,977,979,981,983,985,987;                                       989P   2693
126,1,1,0,0,0,0,0.43832236309771,0.43832236309771,                   991P   2694
0.57142620690632,0.57142620690632,0.999999991546,0.999999991546,     991P   2695
46.827724143609,-10.024113808619,-2.045897502878E-07,                991P   2696
38.13862147587,-11.240345515102,-2.2941274670146E-07,                991P   2697
0.43832236309771,0.57142620690632,0.,0.,0.;                          991P   2698
126,4,2,0,0,0,0,0.5000000072158,0.5000000072158,0.5000000072158,     993P   2699
0.75,0.75,0.7500000036079,0.7500000036079,0.7500000036079,           993P   2700
0.99999998309233,0.70710678964038,1.,0.99999999577308,               993P   2701
0.99999999154616,38.13862147587,-11.240345515102,                    993P   2702
-4.5881671488403E-07,38.13862147587,-11.240345056286,                993P   2703
-11.240345515102,38.13862147587,0.,-11.240345515102,                 993P   2704
38.13862147587,1.1470418004516E-07,-11.240345515102,                 993P   2705
38.13862147587,2.2940836215513E-07,-11.240345515102,                 993P   2706
0.5000000072158,0.7500000036079,0.,0.,0.;                            993P   2707
126,2,2,0,0,0,0,0.7500000036079,0.7500000036079,0.7500000036079,     995P   2708
1.,1.,1.,0.99999999154616,0.70710678541347,1.,38.13862147587,        995P   2709
2.2940836215513E-07,-11.240345515102,38.13862147587,                 995P   2710
11.240345515102,-11.240345285694,38.13862147587,11.240345515102,     995P   2711
0.,0.7500000036079,1.,0.,0.,0.;                                      995P   2712
126,1,1,0,0,0,0,0.42857379309368,0.42857379309368,                   997P   2713
0.56167763696777,0.56167763696777,1.,1.,38.13862147587,              997P   2714
11.240345515102,0.,46.827724147884,10.024113808021,0.,               997P   2715
0.42857379309368,0.56167763696777,0.,0.,0.;                          997P   2716
126,4,2,0,0,0,0,0.,0.,0.,0.25,0.25,0.25000000129291,                 999P   2717
0.25000000129291,0.25000000129291,1.,0.70710678118655,1.,            999P   2718
0.99999999848527,0.99999999697053,46.827724147884,                   999P   2719
10.024113808021,0.,46.827724147884,10.024113808021,                  999P   2720
-10.024113808021,46.827724147884,0.,-10.024113808021,                999P   2721
46.827724147884,-3.6657087578471E-08,-10.024113808021,               999P   2722
46.827724147884,-7.3314173315543E-08,-10.024113808021,0.,            999P   2723
0.25000000129291,0.,0.,0.;                                           999P   2724
126,4,2,0,0,0,0,0.25000000129291,0.25000000129291,                  1001P   2725
0.25000000129291,0.5,0.5,0.50000000258581,0.50000000258581,         1001P   2726
0.50000000258581,0.99999999697053,0.70710678270128,1.,              1001P   2727
0.99999999697053,0.99999999394107,46.827724147884,                  1001P   2728
-7.3314173315543E-08,-10.024113808021,46.827724147884,              1001P   2729
-10.024113808021,-10.024113734707,46.827724147884,                  1001P   2730
-10.024113808021,0.,46.827724147884,-10.024113808021,               1001P   2731
7.3314169665037E-08,46.827724147884,-10.024113808021,               1001P   2732
1.4662833810247E-07,0.25000000129291,0.50000000258581,0.,0.,0.;     1001P   2733
102,6,991,993,995,997,999,1001;                                     1003P   2734
142,0,975,989,1003,1;                                               1005P   2735
144,975,1,0,1005,0,1,973;                                           1007P   2736
406,1,3HF31;                                                        1009P   2737
128,1,8,1,2,0,1,0,0,0,0.,0.,1.,1.,0.,0.,0.,0.25,0.25,0.5,0.5,       1011P   2738
0.75,0.75,1.,1.,1.,1.,1.,0.70710678118655,0.70710678118655,1.,      1011P   2739
1.,0.70710678118655,0.70710678118655,1.,1.,0.70710678118655,        1011P   2740
0.70710678118655,1.,1.,0.70710678118655,0.70710678118655,1.,1.,     1011P   2741
75.441683782512,6.0189585823995,0.,10.161054620263,                 1011P   2742
15.156423524673,0.,75.441683782512,6.0189585823995,                 1011P   2743
6.0189585823995,10.161054620263,15.156423524673,15.156423524673,    1011P   2744
75.441683782512,0.,6.0189585823995,10.161054620263,0.,              1011P   2745
15.156423524673,75.441683782512,-6.0189585823995,                   1011P   2746
6.0189585823995,10.161054620263,-15.156423524673,                   1011P   2747
15.156423524673,75.441683782512,-6.0189585823995,0.,                1011P   2748
10.161054620263,-15.156423524673,0.,75.441683782512,                1011P   2749
-6.0189585823995,-6.0189585823995,10.161054620263,                  1011P   2750
-15.156423524673,-15.156423524673,75.441683782512,0.,               1011P   2751
-6.0189585823995,10.161054620263,0.,-15.156423524673,               1011P   2752
75.441683782512,6.0189585823995,-6.0189585823995,                   1011P   2753
10.161054620263,15.156423524673,-15.156423524673,                   1011P   2754
75.441683782512,6.0189585823995,0.,10.161054620263,                 1011P   2755
15.156423524673,0.,0.43832235656388,0.57142621006927,0.,            1011P   2756
0.49999999178417,0,1,1009;                                          1011P   2757
126,1,1,1,0,1,0,0.,0.,1.,1.,1.,1.,0.43832235656388,                 1013P   2758
0.25000002306176,0.,0.43832235656388,5.7456210043294E-10,0.,0.,     1013P   2759
1.,0.,0.,1.;                                                        1013P   2760
126,1,1,1,0,1,0,0.,0.,1.,1.,1.,1.,0.43832235656388,0.,0.,           1015P   2761
0.57142620677248,0.,0.,0.,1.,0.,0.,1.;                              1015P   2762
126,1,1,1,0,1,0,0.,0.,1.,1.,1.,1.,0.57142620677248,0.,0.,           1017P   2763
0.57142620677248,0.25000000750987,0.,0.,1.,0.,0.,1.;                1017P   2764
126,1,1,1,0,1,0,0.,0.,1.,1.,1.,1.,0.57142620677531,                 1019P   2765
0.25000000750946,0.,0.57142620677531,0.49999999131081,0.,0.,1.,     1019P   2766
0.,0.,1.;                                                           1019P   2767
126,1,1,1,0,1,0,0.,0.,1.,1.,1.,1.,0.57142621006927,                 1021P   2768
0.49999999178417,0.,0.43832235656388,0.49999999178417,0.,0.,1.,     1021P   2769
0.,0.,1.;                                                           1021P   2770
126,1,1,1,0,1,0,0.,0.,1.,1.,1.,1.,0.43832235656388,                 1023P   2771
0.49999998356834,0.,0.43832235656388,0.25000002306176,0.,0.,1.,     1023P   2772
0.,0.,1.;                                                           1023P   2773
102,6,1013,1015,1017,1019,1021,1023;                                1025P   2774
126,4,2,0,0,0,0,0.74999997693824,0.74999997693824,                  1027P   2775
0.74999997693824,0.75,0.75,1.,1.,1.,0.99999994596295,               1027P   2776
0.99999997298147,1.,0.70710678118655,1.,46.827724570142,            1027P   2777
-1.3077158325507E-06,10.024113748917,46.827724570142,               1027P   2778
-6.5385791596846E-07,10.024113748917,46.827724570142,0.,            1027P   2779
10.024113748917,46.827724570142,10.024113748917,10.024113748917,    1027P   2780
46.827724570142,10.024113748917,0.,0.74999997693824,1.,0.,0.,0.;    1027P   2781
126,1,1,0,0,0,0,0.43832235656388,0.43832235656388,                  1029P   2782
0.57142620677248,0.57142620677248,1.,1.,46.827724570142,            1029P   2783
10.024113748917,0.,38.138621484607,11.240345513879,0.,              1029P   2784
0.43832235656388,0.57142620677248,0.,0.,0.;                         1029P   2785
126,4,2,0,0,0,0,0.,0.,0.,0.25,0.25,0.25000000750987,                1031P   2786
0.25000000750987,0.25000000750987,1.,0.70710678118655,1.,           1031P   2787
0.99999999120164,0.99999998240329,38.138621484607,                  1031P   2788
11.240345513879,0.,38.138621484607,11.240345513879,                 1031P   2789
11.240345513879,38.138621484607,0.,11.240345513879,                 1031P   2790
38.138621484607,-2.387574483746E-07,11.240345513879,                1031P   2791
38.138621484607,-4.7751489743747E-07,11.240345513879,0.,            1031P   2792
0.25000000750987,0.,0.,0.;                                          1031P   2793
126,2,2,0,0,0,0,0.25000000750946,0.25000000750946,                  1033P   2794
0.25000000750946,0.49999999131081,0.49999999131081,                 1033P   2795
0.49999999131081,0.99999998240424,0.70710680016445,                 1033P   2796
0.99999997963996,38.138621484422,-4.774890107918E-07,               1033P   2797
11.240345513905,38.138621484422,-11.240344961403,                   1033P   2798
11.240345036416,38.138621484422,-11.240345513905,                   1033P   2799
5.5250229882375E-07,0.25000000750946,0.49999999131081,0.,0.,0.;     1033P   2800
126,1,1,0,0,0,0,0.42857378993073,0.42857378993073,                  1035P   2801
0.56167764343612,0.56167764343612,0.99999998074911,                 1035P   2802
0.99999998074911,38.138621269391,-11.240345544004,                  1035P   2803
5.2240367712455E-07,46.827724570142,-10.024113748917,               1035P   2804
4.6587837196361E-07,0.42857378993073,0.56167764343612,0.,0.,0.;     1035P   2805
126,2,2,0,0,0,0,0.50000001643166,0.50000001643166,                  1037P   2806
0.50000001643166,0.74999997693824,0.74999997693824,                 1037P   2807
0.74999997693824,0.99999996149822,0.70710682745597,                 1037P   2808
0.99999994596295,46.827724570142,-10.024113748917,                  1037P   2809
9.3175672019061E-07,46.827724570142,-10.02411281716,                1037P   2810
10.024112441201,46.827724570142,-1.3077158331622E-06,               1037P   2811
10.024113748917,0.50000001643166,0.74999997693824,0.,0.,0.;         1037P   2812
102,6,1027,1029,1031,1033,1035,1037;                                1039P   2813
142,0,1011,1025,1039,1;                                             1041P   2814
144,1011,1,0,1041,0,1,1009;                                         1043P   2815
406,1,3HF32;                                                        1045P   2816
128,2,8,2,2,0,1,0,0,0,0.,0.,0.,0.45363713807162,                    1047P   2817
0.45363713807162,0.45363713807162,0.,0.,0.,18.852089399637,         1047P   2818
18.852089399637,37.704178799275,37.704178799275,56.556268198912,    1047P   2819
56.556268198912,75.408357598549,75.408357598549,75.408357598549,    1047P   2820
0.80386037014898,0.65190269166347,0.92866720700683,                 1047P   2821
0.56841511885947,0.46096481394901,0.6566668795401,                  1047P   2822
0.80386037014898,0.65190269166347,0.92866720700683,                 1047P   2823
0.56841511885947,0.46096481394901,0.6566668795401,                  1047P   2824
0.80386037014898,0.65190269166347,0.92866720700683,                 1047P   2825
0.56841511885947,0.46096481394901,0.6566668795401,                  1047P   2826
0.80386037014898,0.65190269166347,0.92866720700683,                 1047P   2827
0.56841511885947,0.46096481394901,0.6566668795401,                  1047P   2828
0.80386037014898,0.65190269166347,0.92866720700683,                 1047P   2829
46.999999999647,0.,-9.8260328218524,47.000010331493,0.,             1047P   2830
-9.9999994057738,46.827723183049,0.,-10.024113943069,               1047P   2831
46.999999999647,9.8260328218524,-9.8260328218524,                   1047P   2832
47.000010331493,9.9999994057738,-9.9999994057738,                   1047P   2833
46.827723183049,10.024113943069,-10.024113943069,                   1047P   2834
46.999999999647,9.8260328218524,0.,47.000010331493,                 1047P   2835
9.9999994057738,0.,46.827723183049,10.024113943069,0.,              1047P   2836
46.999999999647,9.8260328218524,9.8260328218524,47.000010331493,    1047P   2837
9.9999994057738,9.9999994057738,46.827723183049,10.024113943069,    1047P   2838
10.024113943069,46.999999999647,0.,9.8260328218524,                 1047P   2839
47.000010331493,0.,9.9999994057738,46.827723183049,0.,              1047P   2840
10.024113943069,46.999999999647,-9.8260328218524,                   1047P   2841
9.8260328218524,47.000010331493,-9.9999994057738,                   1047P   2842
9.9999994057738,46.827723183049,-10.024113943069,                   1047P   2843
10.024113943069,46.999999999647,-9.8260328218524,0.,                1047P   2844
47.000010331493,-9.9999994057738,0.,46.827723183049,                1047P   2845
-10.024113943069,0.,46.999999999647,-9.8260328218524,               1047P   2846
-9.8260328218524,47.000010331493,-9.9999994057738,                  1047P   2847
-9.9999994057738,46.827723183049,-10.024113943069,                  1047P   2848
-10.024113943069,46.999999999647,0.,-9.8260328218524,               1047P   2849
47.000010331493,0.,-9.9999994057738,46.827723183049,0.,             1047P   2850
-10.024113943069,5.6171467477384E-10,0.4536343856013,               1047P   2851
37.704179212343,75.408357598549,0,1,1045;                           1047P   2852
126,1,1,1,0,1,0,0.,0.,1.,1.,1.,1.,2.1111365984705E-05,              1049P   2853
37.704179212343,0.,0.4536343856013,37.704179212343,0.,0.,1.,0.,     1049P   2854
0.,1.;                                                              1049P   2855
126,1,1,1,0,1,0,0.,0.,1.,1.,1.,1.,0.4536343856013,                  1051P   2856
37.704179625411,0.,0.45363052470435,56.556269863555,0.,0.,1.,0.,    1051P   2857
0.,1.;                                                              1051P   2858
126,1,1,1,0,1,0,0.,0.,1.,1.,1.,1.,0.45363352940767,                 1053P   2859
56.556269863556,0.,0.4536308572539,75.408357598549,0.,0.,1.,0.,     1053P   2860
0.,1.;                                                              1053P   2861
126,1,1,1,0,1,0,0.,0.,1.,1.,1.,1.,0.4536308572539,                  1055P   2862
75.408357598549,0.,5.6171467477384E-10,75.408357598549,0.,0.,1.,    1055P   2863
0.,0.,1.;                                                           1055P   2864
126,1,1,1,0,1,0,0.,0.,1.,1.,1.,1.,5.6171467477384E-10,              1057P   2865
75.408357598549,0.,1.9127206921876E-05,37.704188899737,0.,0.,1.,    1057P   2866
0.,0.,1.;                                                           1057P   2867
102,5,1049,1051,1053,1055,1057;                                     1059P   2868
126,2,2,0,0,0,0,2.1111365984705E-05,2.1111365984705E-05,            1061P   2869
2.1111365984705E-05,0.4536343856013,0.4536343856013,                1061P   2870
0.4536343856013,0.80384621714655,0.65191648525475,                  1061P   2871
0.92866383653275,46.999999999996,-3.0447793278871E-07,              1061P   2872
9.8260459532073,46.999998909838,-3.0986820659382E-07,               1061P   2873
9.9999997029069,46.827724650691,-3.1061542388571E-07,               1061P   2874
10.024113737641,2.1111365984705E-05,0.4536343856013,0.,0.,0.;       1061P   2875
126,7,3,0,0,1,0,0.,0.,0.,0.,0.18720357156666,0.56161071469997,      1063P   2876
0.56161071469997,0.85387023823332,1.,1.,1.,1.,1.,1.,1.,1.,1.,1.,    1063P   2877
1.,1.,46.827724650691,-6.2123085298582E-07,10.024113737641,         1063P   2878
46.82772479386,-0.98588221460093,10.024113656503,                   1063P   2879
46.827725197122,-3.9435269588008,9.5877824415601,                   1063P   2880
46.827725556029,-6.4898422568297,7.8882991916551,                   1063P   2881
46.827725990694,-8.7135453091141,5.1874133944803,                   1063P   2882
46.827726247091,-9.7590782990818,3.0734677130148,46.82772659778,    1063P   2883
-10.024113561039,0.76836597980932,46.827726709362,                  1063P   2884
-10.024113449469,-1.2517644385528E-06,0.,1.,0.,0.,0.;               1063P   2885
126,7,3,0,0,1,0,0.,0.,0.,0.,0.16672838647959,0.50018515943878,      1065P   2886
0.50018515943878,0.83339505314626,1.,1.,1.,1.,1.,1.,1.,1.,1.,1.,    1065P   2887
1.,1.,46.827725107222,-10.024113673738,-1.2517652733637E-06,        1065P   2888
46.827725195358,-10.024113551897,-0.87690833737418,                 1065P   2889
46.827725445394,-9.6789108814094,-3.5076295462371,                  1065P   2890
46.827725669546,-8.3251944936011,-5.8510430842367,                  1065P   2891
46.827725969607,-5.8519577228091,-8.3242794337917,                  1065P   2892
46.827726193969,-3.5065583148928,-9.6791217895562,                  1065P   2893
46.827726443934,-0.87663957750997,-10.024113486625,                 1065P   2894
46.827726532043,0.,-10.024113474291,0.,1.,0.,0.,0.;                 1065P   2895
126,2,2,0,0,0,0,6.2808177121454E-06,6.2808177121454E-06,            1067P   2896
6.2808177121454E-06,0.45363713807162,0.45363713807162,              1067P   2897
0.45363713807162,0.92865954322147,0.65190479558839,                 1067P   2898
0.80386037014898,46.827726532043,0.,-10.024113474291,               1067P   2899
47.000010331317,0.,-9.9999964356821,46.999999999647,0.,             1067P   2900
-9.8260328218524,6.2808177121454E-06,0.45363713807162,0.,0.,0.;     1067P   2901
126,11,3,0,0,1,0,0.,0.,0.,0.,0.081372294731061,0.24411688419318,    1069P   2902
0.24411688419318,0.66724981441814,0.66724981441814,                 1069P   2903
0.98190912307314,0.98190912307314,0.99396970769105,1.,1.,1.,1.,     1069P   2904
1.,1.,1.,1.,1.,1.,1.,1.,1.,1.,1.,1.,46.999999999647,0.,             1069P   2905
-9.8260328222018,46.999999999669,-0.85963250888853,                 1069P   2906
-9.8260331901764,46.999999999728,-3.4385301804197,                  1069P   2907
-9.4876111607466,46.999999999774,-5.7354132596401,                  1069P   2908
-8.1606984036187,46.999999999874,-10.100901160355,                  1069P   2909
-3.7952156305916,46.99999999993,-10.732985610515,                   1069P   2910
1.0679725478576,46.999999999986,-6.8504424340224,                   1069P   2911
7.7823219635552,46.999999999998,-3.8687258010871,                   1069P   2912
9.6179060738768,47.,-0.44329103448425,9.8168572851533,47.,          1069P   2913
-0.25332760671236,9.8242076551728,47.,-0.063337486112418,           1069P   2914
9.8260446439451,47.,-7.4451864483231E-06,9.8260447190397,0.,1.,     1069P   2915
0.,0.,0.;                                                           1069P   2916
102,5,1061,1063,1065,1067,1069;                                     1071P   2917
142,0,1047,1059,1071,1;                                             1073P   2918
144,1047,1,0,1073,0,1,1045;                                         1075P   2919
406,1,3HF33;                                                        1077P   2920
128,2,8,2,2,0,1,0,0,0,0.,0.,0.,0.45363713807162,                    1079P   2921
0.45363713807162,0.45363713807162,0.,0.,0.,18.852089399637,         1079P   2922
18.852089399637,37.704178799275,37.704178799275,56.556268198912,    1079P   2923
56.556268198912,75.408357598549,75.408357598549,75.408357598549,    1079P   2924
0.80386037014898,0.65190269166347,0.92866720700683,                 1079P   2925
0.56841511885947,0.46096481394901,0.6566668795401,                  1079P   2926
0.80386037014898,0.65190269166347,0.92866720700683,                 1079P   2927
0.56841511885947,0.46096481394901,0.6566668795401,                  1079P   2928
0.80386037014898,0.65190269166347,0.92866720700683,                 1079P   2929
0.56841511885947,0.46096481394901,0.6566668795401,                  1079P   2930
0.80386037014898,0.65190269166347,0.92866720700683,                 1079P   2931
0.56841511885947,0.46096481394901,0.6566668795401,                  1079P   2932
0.80386037014898,0.65190269166347,0.92866720700683,                 1079P   2933
46.999999999647,0.,-9.8260328218524,47.000010331493,0.,             1079P   2934
-9.9999994057738,46.827723183049,0.,-10.024113943069,               1079P   2935
46.999999999647,9.8260328218524,-9.8260328218524,                   1079P   2936
47.000010331493,9.9999994057738,-9.9999994057738,                   1079P   2937
46.827723183049,10.024113943069,-10.024113943069,                   1079P   2938
46.999999999647,9.8260328218524,0.,47.000010331493,                 1079P   2939
9.9999994057738,0.,46.827723183049,10.024113943069,0.,              1079P   2940
46.999999999647,9.8260328218524,9.8260328218524,47.000010331493,    1079P   2941
9.9999994057738,9.9999994057738,46.827723183049,10.024113943069,    1079P   2942
10.024113943069,46.999999999647,0.,9.8260328218524,                 1079P   2943
47.000010331493,0.,9.9999994057738,46.827723183049,0.,              1079P   2944
10.024113943069,46.999999999647,-9.8260328218524,                   1079P   2945
9.8260328218524,47.000010331493,-9.9999994057738,                   1079P   2946
9.9999994057738,46.827723183049,-10.024113943069,                   1079P   2947
10.024113943069,46.999999999647,-9.8260328218524,0.,                1079P   2948
47.000010331493,-9.9999994057738,0.,46.827723183049,                1079P   2949
-10.024113943069,0.,46.999999999647,-9.8260328218524,               1079P   2950
-9.8260328218524,47.000010331493,-9.9999994057738,                  1079P   2951
-9.9999994057738,46.827723183049,-10.024113943069,                  1079P   2952
-10.024113943069,46.999999999647,0.,-9.8260328218524,               1079P   2953
47.000010331493,0.,-9.9999994057738,46.827723183049,0.,             1079P   2954
-10.024113943069,0.,0.45363713807162,0.,37.704179286298,0,1,        1079P   2955
1077;                                                               1079P   2956
126,1,1,1,0,1,0,0.,0.,1.,1.,1.,1.,1.9126641014333E-05,              1081P   2957
37.704178799274,0.,0.,0.,0.,0.,1.,0.,0.,1.;                         1081P   2958
126,1,1,1,0,1,0,0.,0.,1.,1.,1.,1.,0.,0.,0.,0.4536352539015,0.,      1083P   2959
0.,0.,1.,0.,0.,1.;                                                  1083P   2960
126,1,1,1,0,1,0,0.,0.,0.5,0.5,1.,1.,0.4536352539015,0.,0.,          1085P   2961
0.45363619598656,18.852089643149,0.,0.,0.5,0.,0.,1.;                1085P   2962
126,1,1,1,0,1,0,0.5,0.5,1.,1.,1.,1.,0.45363619598656,               1087P   2963
18.852089643149,0.,0.45363713807162,37.704179286298,0.,0.5,1.,      1087P   2964
0.,0.,1.;                                                           1087P   2965
126,1,1,1,0,1,0,0.,0.,1.,1.,1.,1.,0.45363527504861,                 1089P   2966
37.704178799275,0.,1.9126640984135E-05,37.704178799275,0.,0.,1.,    1089P   2967
0.,0.,1.;                                                           1089P   2968
102,5,1081,1083,1085,1087,1089;                                     1091P   2969
126,11,3,0,0,1,0,0.,0.,0.,0.,0.081372409703146,0.24411722910944,    1093P   2970
0.24411722910944,0.66725018304688,0.66725018304688,                 1093P   2971
0.98190920205936,0.98190920205936,0.99396973401979,1.,1.,1.,1.,     1093P   2972
1.,1.,1.,1.,1.,1.,1.,1.,1.,1.,1.,1.,47.,0.,9.8260447186905,47.,     1093P   2973
0.85963355487298,9.8260443507102,46.999999999997,                   1093P   2974
3.4385340746235,9.4876196995735,46.999999999987,5.7354180463471,    1093P   2975
8.1607043392592,46.999999999954,10.100905129208,3.7952140663055,    1093P   2976
46.999999999907,10.732985418261,-1.0679767066496,                   1093P   2977
46.999999999793,6.8504329094399,-7.7823214370998,                   1093P   2978
46.999999999742,3.8687151157301,-9.6179010532312,                   1093P   2979
46.999999999658,0.44328188893144,-9.8168461602395,                  1093P   2980
46.999999999654,0.25331918425334,-9.8241961781394,                  1093P   2981
46.999999999649,0.063329795866781,-9.8260328489614,                 1093P   2982
46.999999999647,0.,-9.8260328218524,0.,1.,0.,0.,0.;                 1093P   2983
126,2,2,0,0,0,0,0.,0.,0.,0.4536352539015,0.4536352539015,           1095P   2984
0.4536352539015,0.80386037014898,0.65190332281576,                  1095P   2985
0.92866490794572,46.999999999647,0.,-9.8260328218524,               1095P   2986
47.00001033144,0.,-9.9999985147799,46.827724187705,0.,              1095P   2987
-10.024113802447,0.,0.4536352539015,0.,0.,0.;                       1095P   2988
126,7,3,0,0,1,0,0.,0.,0.,0.,0.18720356316073,0.56161068948219,      1097P   2989
0.56161068948219,0.8538702298274,1.,1.,1.,1.,1.,1.,1.,1.,1.,1.,     1097P   2990
1.,1.,46.827724187705,0.,-10.024113802447,46.827724152771,          1097P   2991
0.98588156395645,-10.024113807337,46.827724054372,                  1097P   2992
3.9435262579899,-9.5877828747671,46.827723966797,                   1097P   2993
6.4898416558289,-7.8882999541778,46.827723860736,                   1097P   2994
8.7135450773363,-5.1874143928418,46.827723798174,                   1097P   2995
9.7590783091927,-3.0734688407284,46.827723712603,                   1097P   2996
10.024113882984,-0.76836707196484,46.827723685377,                  1097P   2997
10.024113872759,1.8311400401458E-07,0.,1.,0.,0.,0.;                 1097P   2998
126,7,3,0,0,1,0,0.,0.,0.,0.,0.18720356381904,0.56161069145712,      1099P   2999
0.56161069145712,0.8538702304857,1.,1.,1.,1.,1.,1.,1.,1.,1.,1.,     1099P   3000
1.,1.,46.827723685377,10.024113872759,1.8311400401458E-07,          1099P   3001
46.827723650443,10.024113859639,0.98588175748892,                   1099P   3002
46.827723552044,9.5877828668789,3.9435264748071,46.827723464469,    1099P   3003
7.8882998760598,6.4898418656299,46.827723358408,5.1874142483094,    1099P   3004
8.7135452449365,46.827723295846,3.0734686700568,9.7590784361952,    1099P   3005
46.827723210276,0.76836689075106,10.02411396733,46.827723183049,    1099P   3006
-3.6622799595421E-07,10.024113943069,0.,1.,0.,0.,0.;                1099P   3007
126,2,2,0,0,0,0,1.863023006532E-06,1.863023006532E-06,              1101P   3008
1.863023006532E-06,0.45361801143063,0.45361801143063,               1101P   3009
0.45361801143063,0.9286649337493,0.65191498484238,                  1101P   3010
0.80384755696924,46.827724176429,0.,10.024113804025,                1101P   3011
46.999999983586,0.,9.9999999731925,47.,0.,9.8260447186905,          1101P   3012
1.863023006532E-06,0.45361801143063,0.,0.,0.;                       1101P   3013
102,5,1093,1095,1097,1099,1101;                                     1103P   3014
142,0,1079,1091,1103,1;                                             1105P   3015
144,1079,1,0,1105,0,1,1077;                                         1107P   3016
406,1,3HF34;                                                        1109P   3017
128,1,1,1,1,0,0,1,0,0,0.,0.,1.,1.,0.,0.,1.,1.,1.,1.,1.,1.,47.,      1111P   3018
-9.8260446998186,9.8260446998186,47.,-9.8260446998186,              1111P   3019
-9.8260446998186,47.,25.826044699819,9.8260446998186,47.,           1111P   3020
25.826044699819,-9.8260446998186,0.,1.,0.,0.55630696581755,0,1,     1111P   3021
1109;                                                               1111P   3022
126,4,2,1,0,0,0,0.,0.,0.,0.25,0.25,0.5,0.5,0.5,1.,                  1113P   3023
0.70710678118655,1.,0.70710678118655,1.,0.,0.27560922417968,0.,     1113P   3024
0.,0.,0.,0.5,0.,0.,1.,0.,0.,1.,0.27560922417968,0.,0.,0.5,0.,0.,    1113P   3025
1.;                                                                 1113P   3026
126,4,2,1,0,0,0,0.5,0.5,0.5,0.75,0.75,1.,1.,1.,1.,                  1115P   3027
0.70710678118655,1.,0.70710678118655,1.,1.,0.27560922417968,0.,     1115P   3028
1.,0.55121844835936,0.,0.5,0.55121844835936,0.,0.,                  1115P   3029
0.55121844835936,0.,0.,0.27560922417968,0.,0.5,1.,0.,0.,1.;         1115P   3030
102,2,1113,1115;                                                    1117P   3031
126,4,2,0,0,0,0,0.,0.,0.,0.25,0.25,0.5,0.5,0.5,1.,                  1119P   3032
0.70710678118655,1.,0.70710678118655,1.,47.,0.,9.8260446998186,     1119P   3033
47.,-9.8260446998186,9.8260446998186,47.,-9.8260446998186,0.,       1119P   3034
47.,-9.8260446998186,-9.8260446998186,47.,0.,-9.8260446998186,      1119P   3035
0.,0.5,0.,0.,0.;                                                    1119P   3036
126,4,2,0,0,0,0,0.5,0.5,0.5,0.75,0.75,1.,1.,1.,1.,                  1121P   3037
0.70710678118655,1.,0.70710678118655,1.,47.,0.,-9.8260446998186,    1121P   3038
47.,9.8260446998186,-9.8260446998186,47.,9.8260446998186,0.,47.,    1121P   3039
9.8260446998186,9.8260446998186,47.,0.,9.8260446998186,0.5,1.,      1121P   3040
0.,0.,0.;                                                           1121P   3041
102,2,1119,1121;                                                    1123P   3042
142,0,1111,1117,1123,1;                                             1125P   3043
126,4,2,1,0,0,0,0.,0.,0.,0.25,0.25,0.5,0.5,0.5,1.,                  1127P   3044
0.70710678118655,1.,0.70710678118655,1.,0.5,0.05121844835936,0.,    1127P   3045
0.092918603344656,0.05121844835936,0.,0.092918603344656,            1127P   3046
0.27560922417968,0.,0.092918603344656,0.5,0.,0.5,0.5,0.,0.,0.5,     1127P   3047
0.,0.,1.;                                                           1127P   3048
126,4,2,1,0,0,0,0.5,0.5,0.5,0.75,0.75,1.,1.,1.,1.,                  1129P   3049
0.70710678118655,1.,0.70710678118655,1.,0.5,0.5,0.,                 1129P   3050
0.90708139665534,0.5,0.,0.90708139665534,0.27560922417968,0.,       1129P   3051
0.90708139665534,0.05121844835936,0.,0.5,0.05121844835936,0.,       1129P   3052
0.5,1.,0.,0.,1.;                                                    1129P   3053
102,2,1127,1129;                                                    1131P   3054
126,4,2,0,0,0,0,0.,0.,0.,0.25,0.25,0.5,0.5,0.5,1.,                  1133P   3055
0.70710678118655,1.,0.70710678118655,1.,47.,-8.,0.,47.,-8.,8.,      1133P   3056
47.,0.,8.,47.,8.,8.,47.,8.,0.,0.,0.5,0.,0.,0.;                      1133P   3057
126,4,2,0,0,0,0,0.5,0.5,0.5,0.75,0.75,1.,1.,1.,1.,                  1135P   3058
0.70710678118655,1.,0.70710678118655,1.,47.,8.,0.,47.,8.,-8.,       1135P   3059
47.,0.,-8.,47.,-8.,-8.,47.,-8.,0.,0.5,1.,0.,0.,0.;                  1135P   3060
102,2,1133,1135;                                                    1137P   3061
142,0,1111,1131,1137,1;                                             1139P   3062
144,1111,1,1,1125,1139,0,1,1109;                                    1141P   3063
406,1,3HF35;                                                        1143P   3064
128,1,8,1,2,0,1,0,0,0,0.,0.,0.48611442222317,0.48611442222317,      1145P   3065
0.,0.,0.,0.25,0.25,0.5,0.5,0.75,0.75,1.,1.,1.,1.,1.,                1145P   3066
0.70710678118655,0.70710678118655,1.,1.,0.70710678118655,           1145P   3067
0.70710678118655,1.,1.,0.70710678118655,0.70710678118655,1.,1.,     1145P   3068
0.70710678118655,0.70710678118655,1.,1.,-47.,8.,0.,47.,8.,0.,       1145P   3069
-47.,8.,8.,47.,8.,8.,-47.,0.,8.,47.,0.,8.,-47.,-8.,8.,47.,-8.,      1145P   3070
8.,-47.,-8.,0.,47.,-8.,0.,-47.,-8.,-8.,47.,-8.,-8.,-47.,0.,-8.,     1145P   3071
47.,0.,-8.,-47.,8.,-8.,47.,8.,-8.,-47.,8.,0.,47.,8.,0.,0.,          1145P   3072
0.48611442222317,0.,0.5,0,1,1143;                                   1145P   3073
126,1,1,1,0,1,0,0.,0.,1.,1.,1.,1.,0.48611442222317,0.5,0.,0.,       1147P   3074
0.5,0.,0.,1.,0.,0.,1.;                                              1147P   3075
126,1,1,1,0,1,0,0.,0.,1.,1.,1.,1.,0.,0.5,0.,0.,0.,0.,0.,1.,0.,      1149P   3076
0.,1.;                                                              1149P   3077
126,1,1,1,0,1,0,0.,0.,1.,1.,1.,1.,0.,0.,0.,0.48611442222317,0.,     1151P   3078
0.,0.,1.,0.,0.,1.;                                                  1151P   3079
126,1,1,1,0,1,0,0.,0.,1.,1.,1.,1.,0.48611442222317,0.,0.,           1153P   3080
0.48611442222317,0.5,0.,0.,1.,0.,0.,1.;                             1153P   3081
102,4,1147,1149,1151,1153;                                          1155P   3082
126,1,1,0,0,0,0,0.,0.,0.48611442222317,0.48611442222317,1.,1.,      1157P   3083
47.,-8.,0.,-47.,-8.,0.,0.,0.48611442222317,0.,0.,0.;                1157P   3084
126,4,2,0,0,0,0,0.5,0.5,0.5,0.75,0.75,1.,1.,1.,1.,                  1159P   3085
0.70710678118655,1.,0.70710678118655,1.,-47.,-8.,0.,-47.,-8.,8.,    1159P   3086
-47.,0.,8.,-47.,8.,8.,-47.,8.,0.,0.5,1.,0.,0.,0.;                   1159P   3087
126,1,1,0,0,0,0,0.,0.,0.48611442222317,0.48611442222317,1.,1.,      1161P   3088
-47.,8.,0.,47.,8.,0.,0.,0.48611442222317,0.,0.,0.;                  1161P   3089
126,4,2,0,0,0,0,0.,0.,0.,0.25,0.25,0.5,0.5,0.5,1.,                  1163P   3090
0.70710678118655,1.,0.70710678118655,1.,47.,8.,0.,47.,8.,8.,47.,    1163P   3091
0.,8.,47.,-8.,8.,47.,-8.,0.,0.,0.5,0.,0.,0.;                        1163P   3092
102,4,1157,1159,1161,1163;                                          1165P   3093
142,0,1145,1155,1165,1;                                             1167P   3094
144,1145,1,0,1167,0,1,1143;                                         1169P   3095
406,1,3HF36;                                                        1171P   3096
128,1,8,1,2,0,1,0,0,0,0.,0.,0.48611442222317,0.48611442222317,      1173P   3097
0.,0.,0.,0.25,0.25,0.5,0.5,0.75,0.75,1.,1.,1.,1.,1.,                1173P   3098
0.70710678118655,0.70710678118655,1.,1.,0.70710678118655,           1173P   3099
0.70710678118655,1.,1.,0.70710678118655,0.70710678118655,1.,1.,     1173P   3100
0.70710678118655,0.70710678118655,1.,1.,-47.,8.,0.,47.,8.,0.,       1173P   3101
-47.,8.,8.,47.,8.,8.,-47.,0.,8.,47.,0.,8.,-47.,-8.,8.,47.,-8.,      1173P   3102
8.,-47.,-8.,0.,47.,-8.,0.,-47.,-8.,-8.,47.,-8.,-8.,-47.,0.,-8.,     1173P   3103
47.,0.,-8.,-47.,8.,-8.,47.,8.,-8.,-47.,8.,0.,47.,8.,0.,0.,          1173P   3104
0.48611442222317,0.5,1.,0,1,1171;                                   1173P   3105
126,1,1,1,0,1,0,0.,0.,1.,1.,1.,1.,0.48611442222317,0.5,0.,          1175P   3106
0.48611442222317,1.,0.,0.,1.,0.,0.,1.;                              1175P   3107
126,1,1,1,0,1,0,0.,0.,1.,1.,1.,1.,0.48611442222317,1.,0.,0.,1.,     1177P   3108
0.,0.,1.,0.,0.,1.;                                                  1177P   3109
126,1,1,1,0,1,0,0.,0.,1.,1.,1.,1.,0.,1.,0.,0.,0.5,0.,0.,1.,0.,      1179P   3110
0.,1.;                                                              1179P   3111
126,1,1,1,0,1,0,0.,0.,1.,1.,1.,1.,0.,0.5,0.,0.48611442222317,       1181P   3112
0.5,0.,0.,1.,0.,0.,1.;                                              1181P   3113
102,4,1175,1177,1179,1181;                                          1183P   3114
126,4,2,0,0,0,0,0.5,0.5,0.5,0.75,0.75,1.,1.,1.,1.,                  1185P   3115
0.70710678118655,1.,0.70710678118655,1.,47.,-8.,0.,47.,-8.,-8.,     1185P   3116
47.,0.,-8.,47.,8.,-8.,47.,8.,0.,0.5,1.,0.,0.,0.;                    1185P   3117
126,1,1,0,0,0,0,0.,0.,0.48611442222317,0.48611442222317,1.,1.,      1187P   3118
47.,8.,0.,-47.,8.,0.,0.,0.48611442222317,0.,0.,0.;                  1187P   3119
126,4,2,0,0,0,0,0.,0.,0.,0.25,0.25,0.5,0.5,0.5,1.,                  1189P   3120
0.70710678118655,1.,0.70710678118655,1.,-47.,8.,0.,-47.,8.,-8.,     1189P   3121
-47.,0.,-8.,-47.,-8.,-8.,-47.,-8.,0.,0.,0.5,0.,0.,0.;               1189P   3122
126,1,1,0,0,0,0,0.,0.,0.48611442222317,0.48611442222317,1.,1.,      1191P   3123
-47.,-8.,0.,47.,-8.,0.,0.,0.48611442222317,0.,0.,0.;                1191P   3124
102,4,1185,1187,1189,1191;                                          1193P   3125
142,0,1173,1183,1193,1;                                             1195P   3126
144,1173,1,0,1195,0,1,1171;                                         1197P   3127
406,1,13HExplicit Data;                                             1199P   3128
S      1G      3D   1200P   3128                                        T      1
